epoch,phase,bucket_acc,bucket_ce,bucket_distance_l1,bucket_entropy,bucket_expectation_l1,bucket_index_l1,bucket_prior_kl,calorie_from_map_l1,calorie_mae,calorie_map,calorie_map_l1,calorie_mse,calorie_rmse,loss,lr,scheduler_metric,segmentation,segmentation_dice,time_sec,total_calories,volume,volume_mae
1,train,0.500369623784096,0.6190769875882774,0.4264590414941951,0.6086800620760969,2.468564344349728,0.426459042936243,0.088851228386404,0.6943463534917883,127.0320367915656,0.194435934626287,0.1944359385518617,32659.945064421623,164.38753868431172,0.6376745097765617,0.0001,,0.7180227893655018,0.6371999751496059,70.17028737068176,0.2532009431912053,0.0437585476545556,0.0437585478798756
1,val,0.4625000002838316,0.659158685377666,0.3926253616809845,0.4644428264527094,1.3843094876834323,0.3926253645193009,0.2424067705869674,0.4317906789836429,84.80481665475028,0.2643295469738188,0.2643295512312934,14352.034900483632,115.20503525506882,0.4254828949769338,0.0001,115.20503525506882,0.6853963874635243,0.6366129801386878,7.445961236953735,0.1332572198339871,0.081007053454717,0.0810070523903483
2,train,0.4995967742576394,0.8497007902591459,0.4179216845221417,0.3645131137742791,0.7833530548759686,0.4179216830800938,0.3874187117582687,0.4962026931906259,95.17863788399644,0.2677688798116099,0.2677688866212804,22649.71151503696,132.1193913695633,0.5818785370801033,0.0001,,0.6129068126601558,0.7710070238318495,61.83041310310364,0.1675109603512351,0.0642230677548595,0.0642230671940631
2,val,0.4625000002838316,0.9389734324954804,0.4459611418701353,0.3370344354992821,0.5893571972846985,0.4459611347743443,0.4921166343348367,0.4724221243744805,87.91337167649041,0.2600796336219424,0.2600796485231036,15883.915294828868,120.35564368111748,0.546947408806194,0.0001,120.35564368111748,0.5548640007064456,0.79758049760546,7.314362525939941,0.1448052011075474,0.0581666296791462,0.0581666305661201
3,train,0.5002016130314079,0.9450356809682744,0.4251089105682988,0.3052486296622984,0.5431357569271519,0.4251089140933047,0.4769021865501198,0.4207363342565874,89.62529010157431,0.2513068653242562,0.2513068710924476,20699.030429635,124.35215818753808,0.6565161294407315,0.0001,,0.5056107927073714,0.8250776375493696,62.11359190940857,0.1498347700883945,0.0581825152039527,0.0581825151839243
3,val,0.4625000002838316,1.0517343282699585,0.455474099942616,0.2819523818436123,0.4620053399176824,0.4554741013617742,0.6016120328789666,0.4391357430389949,79.45320165724982,0.194807992095039,0.1948079913854599,14694.452683221729,115.94152105422248,0.6570347298275341,0.0001,115.94152105422248,0.4758309423923492,0.853922290461404,7.370462656021118,0.1342657549040658,0.068267839650313,0.0682678400051026
4,train,0.5004032257423606,0.9436914891965928,0.4225051117840633,0.2972119557921604,0.515806564400273,0.4225051147482728,0.4868390895426273,0.4076618378361066,86.39523116491173,0.2386613698095403,0.2386613762987557,19548.97083175824,120.11559361283496,0.7588610888330222,0.0001,,0.4654205635350237,0.8469685469904253,61.29350662231445,0.1416197033619047,0.0602618644554768,0.060261864735875
4,val,0.4625000002838316,0.9100573715709503,0.4350447697298867,0.3288384463105883,0.5738220129694257,0.4350447725682032,0.4839660894303095,0.3852729463861102,76.97217686971028,0.2494912005606152,0.2494912076564062,12609.03667922247,106.21553729829334,0.7389834981976133,0.0001,106.21553729829334,0.520758391845794,0.8276240854036241,7.260936975479126,0.1164595756147589,0.0651025365860689,0.0651025353443054
5,train,0.4995967742576394,0.9606017236427594,0.4255007690479678,0.2898686538620662,0.4876934262693569,0.4255007674456924,0.5085724798902389,0.3821383999880924,84.183532263643,0.2541365527337597,0.2541365584218374,19056.593168525287,118.8341314664451,0.8624296690879848,0.0001,,0.4512944420178731,0.8483259732364327,61.42155432701111,0.1375294862194888,0.0605534854074639,0.0605534853073217
5,val,0.4625000002838316,0.930110045841762,0.4275793057112467,0.3149637721833728,0.5642800160816738,0.4275793050016676,0.4863257117214657,0.489825937009993,78.94309888567243,0.2944171755086808,0.2944171868619464,12212.990827287946,106.20610573178246,0.898915801265023,0.0001,106.20610573178246,0.5246571117923373,0.8391518990198771,7.361566543579102,0.1158055922105198,0.0786316811683632,0.078631682055337
6,train,0.5002016130314079,0.9558175095627384,0.4232931503204889,0.2876996067102237,0.477357503307122,0.4232931494392374,0.5054072372374996,0.3607965795904077,80.44967218624649,0.2557721586637599,0.2557721635506999,17809.10051374538,112.84976245510964,0.8389922294151101,0.0001,,0.4350784629262904,0.8593625666633729,61.86043334007263,0.1268476908826219,0.0591676894935869,0.059167689814042
6,val,0.4625000002838316,1.0058664679527285,0.4388331799280076,0.28872330841564,0.4585486678850083,0.4388331799280076,0.5488120558716002,0.3378506082864034,71.44347635904948,0.2643334752037412,0.2643334837186904,11455.611281622025,101.42106137956893,0.824666543079145,0.0001,101.42106137956893,0.4444399206411271,0.8626035707337516,7.367310047149658,0.1076663944515444,0.0691739329624743,0.0691739320755004
7,train,0.5004032257423606,0.9537397070277122,0.4218690178246908,0.2842179406234013,0.458130856835714,0.4218690176644633,0.5073353016088086,0.3457867632149368,78.21617177737656,0.2525265504435826,0.2525265554106363,17336.448515204975,110.1122991295271,0.8195848789680686,0.0001,,0.4242141032090751,0.86252587456857,61.83406615257263,0.1210318448682946,0.0605642272620111,0.0605642274222386
7,val,0.4625000002838316,0.9418605849856422,0.4310695897965204,0.3118700079974674,0.5495001035077232,0.431069586958204,0.4972135452997117,0.3839687548932575,79.70856893630256,0.2702489878450121,0.2702489935216449,13090.11095610119,110.90479714529856,0.8683358138257807,0.0001,110.90479714529856,0.4678747611386435,0.8393311330250331,7.349196195602417,0.1254165257726396,0.061942931974218,0.0619429326837971
8,train,0.5002016130314079,0.9520875281223686,0.4212654535808871,0.2826931209814164,0.443339993716568,0.4212654542217972,0.505978820545058,0.3296103988603879,75.27934539958994,0.2445553756689512,0.244555380636005,16169.035049274404,106.49465007166708,0.7998214591633189,0.0001,,0.402323103720142,0.8692385964496161,61.27702474594116,0.1139411972935802,0.0620070776992267,0.0620070779195395
8,val,0.4625000002838316,0.8389754891395569,0.4287889422405334,0.3698798872175671,0.7056145469347636,0.4287889443692707,0.4195033517621812,0.4040800567184175,106.63387334914437,0.2679817839747384,0.267981781846001,18807.61214192708,135.0881133306594,0.9523971113291654,0.0001,135.0881133306594,0.4496462671529679,0.8526918263662429,7.1727614402771,0.1835331207229977,0.0539082093607811,0.053908210247755
9,train,0.4997983871288197,0.9589281815995452,0.4215396279769559,0.2809019994831854,0.4346660041520672,0.4215396281371834,0.5168286759045816,0.3209485313104045,74.01786236096454,0.2514940281548807,0.2514940342435273,15826.728566815777,104.15358875643824,0.7912160533847231,0.0001,,0.4003125871381452,0.8700228618678226,61.14764165878296,0.1093409426099751,0.0591809614811853,0.059180961781612
9,val,0.4625000002838316,0.9610888163248698,0.4380280418055398,0.3006648180030641,0.4594358333519527,0.4380280403863816,0.5328910953941799,0.306001814348357,64.4097735995338,0.235206290369942,0.2352062917891003,9650.004202706474,92.02574557349796,0.7797323367812417,0.0001,92.02574557349796,0.3970352780251276,0.8708895331337339,7.234885215759277,0.0905684993735381,0.0625738178690274,0.062573816627264
10,train,0.5002016130314079,0.9532471134137082,0.4195977871616681,0.2790845376189037,0.4306958343393059,0.4195977862003029,0.5114866077138852,0.3247755832409346,72.11550089108047,0.2447947621826202,0.2447947667491051,15707.15780016171,103.22067359185988,0.7868908263216114,0.0001,,0.386334748998765,0.8726995135507276,61.07179760932922,0.1075592443487176,0.0620031112865094,0.0620031116470213
10,val,0.4625000002838316,0.987813895656949,0.4447654443127768,0.2952481465680258,0.4338993756544022,0.4447654514085679,0.556201771611259,0.3250068851879665,67.07317225138347,0.2663839558760325,0.2663839615526653,10729.991292317707,97.28015463692802,0.7974927562655825,0.0001,97.28015463692802,0.4143103162447611,0.8688018690972101,7.344621896743774,0.0987322584149383,0.0645186406161103,0.0645186420352686
11,train,0.5006048387737685,0.9531608706199994,0.41952901918401,0.2799321490750518,0.421508469488672,0.4195290200652615,0.5143997536631681,0.3059756670107124,70.7917101562664,0.2518402703346745,0.2518402744204767,15035.05318820092,100.59446277413316,0.7720086661653487,0.0001,,0.3760884202295734,0.8804700268853095,61.94825911521912,0.1027163840549927,0.0630875114071112,0.0630875117475948
11,val,0.4625000002838316,1.0713904358091808,0.4477037077858334,0.2628579487403233,0.3654715610401971,0.447703712043308,0.614473066159657,0.3123004294577099,69.25408772059849,0.2508071143002737,0.2508071249439603,10701.892833891368,98.64250110444569,0.7959129463542591,0.0001,98.64250110444569,0.3648950131166549,0.8845944007237753,7.257952451705933,0.0997040997303667,0.0644356778689793,0.0644356773367949
12,train,0.5002016130314079,0.952036564709038,0.4192029911503997,0.2764861137476018,0.4047021482900906,0.419202990669717,0.5126645554618169,0.2869147550995632,67.9442540035453,0.2533954986000574,0.2533955029262009,13934.697413946991,96.58389513979677,0.7503840372618601,0.0001,,0.3637549060006295,0.8842154869469263,60.97081470489502,0.0946847228733922,0.0630836029166495,0.0630836028165073
12,val,0.4625000002838316,1.1207877425920396,0.456430306037267,0.2478294762827101,0.3544539241563706,0.4564303088755834,0.6588226358095804,0.4250817831073488,80.38045283726284,0.2471968730290731,0.2471968737386521,14803.599597749257,113.94647216796876,0.8840827483119387,0.0001,113.94647216796876,0.3578726010663168,0.8927899144944691,7.225459575653076,0.1326010229864291,0.0743652715214661,0.07436527240844
13,train,0.4997983871288197,0.9507592453431056,0.4186911575736538,0.2763957390060989,0.404799757625467,0.4186911578139951,0.5128820344845775,0.2996568023677795,67.15127973659064,0.2517659157835027,0.2517659208306702,14022.587957566784,95.86766394748484,0.753085085679385,0.0001,,0.3560031365643265,0.888408927827753,60.80039954185486,0.0940195032926176,0.0606740012724873,0.0606740008118332
13,val,0.4654761907600221,0.9938681920369468,0.4404764941760472,0.2866404872565042,0.4046556275515329,0.4404764970143636,0.5584549584559032,0.2979115098714828,61.38117399669829,0.276899842988877,0.2768998500846681,8850.48474702381,86.86687378656296,0.75837302496939,0.0001,86.86687378656296,0.3803998359612056,0.8810118351663861,7.259916067123413,0.0809128300419875,0.0644539575136843,0.0644539578684738
14,train,0.4997983871288197,0.960504108378964,0.4200759594158459,0.2757799764794688,0.3990983958205869,0.4200759594158459,0.5181436641241914,0.2973027888645408,66.60307888318134,0.2552438433612546,0.25524384985047,13625.809267761886,94.83208795773086,0.7520812520274409,0.0001,,0.3511660091018164,0.8884224609662128,60.845364809036255,0.0930027858484336,0.0582762143464498,0.0582762141461654
14,val,0.4625000002838316,1.0682402764047896,0.4472458433537256,0.2619131895757857,0.3504437499103092,0.4472458419345674,0.6130180578856241,0.2955166576873688,64.72675196329753,0.2704023690450759,0.2704023733025505,9540.806640625,92.12314133417038,0.772624364043727,0.0001,92.12314133417038,0.3513157367706299,0.8916446736880711,7.345730304718018,0.0901170760570537,0.0708831346460751,0.0708831344686803
15,train,0.5002016130314079,0.9509213539541408,0.4180385698714564,0.2736797919997605,0.3836443476298803,0.4180385690703186,0.5170037826142644,0.2691582281102416,62.54169808664629,0.2539225707771957,0.2539225766255009,12676.5421890751,88.99903004143827,0.7230169215587654,0.0001,,0.3398957919049006,0.893326126119142,60.973264932632446,0.0826467154747856,0.0601181174798678,0.0601181173596971
15,val,0.4625000002838316,1.023240225655692,0.4414194453330267,0.2775757220529374,0.3773711635952904,0.4414194467521849,0.5749644225551969,0.2869136709542501,59.76524280366444,0.2957707075845627,0.2957707132611956,8407.562116350446,85.79139001028878,0.7511051907683863,0.0001,85.79139001028878,0.3673909973530542,0.8889004559743972,7.461145401000977,0.0785893337535006,0.0829898095911457,0.0829898097685405
16,train,0.500369623784096,0.9506308279370748,0.4175409031731467,0.2720614863179063,0.3727927003656664,0.4175409032132036,0.5174289702848401,0.2611418885569418,60.41304869292885,0.2525655849966952,0.2525655922069344,12392.31613388882,87.12582836356215,0.7117107328341064,0.0001,,0.3339118431973201,0.8938623134807874,60.8125741481781,0.0783445731716691,0.0579228658950136,0.0579228655545301
16,val,0.4625000002838316,1.020338861715226,0.4571482170195806,0.3144555425360089,0.4658789790811993,0.4571482226962134,0.5469627642915362,0.4392017466681344,79.52379317510696,0.2575739146698089,0.2575739146698089,12185.586890811011,105.94139734903972,0.8738802274068197,0.0001,105.94139734903972,0.3632125301020486,0.8945893560137067,7.31553316116333,0.1171864796252477,0.0303960050500574,0.0303960048726626
17,train,0.4995967742576394,0.9566869291887488,0.4183282055040841,0.2709391229255225,0.3761100843548774,0.4183282043023776,0.520044556067836,0.266548244903485,60.87529730027722,0.2581501194546299,0.258150125703504,12347.435980684011,86.7076786410424,0.7155783191273108,0.0001,,0.3268963154605639,0.8974292791017922,61.01355767250061,0.0781885717584881,0.0590852576317966,0.0590852579722801
17,val,0.4625000002838316,1.2351249711854118,0.4662469398407709,0.218265094927379,0.3231186001073746,0.4662469341641381,0.7449937377657209,0.3806905384574617,84.53242220197406,0.2540527738275982,0.2540527780850728,15069.379580543156,117.26133401053292,0.9030992193655534,0.0001,117.26133401053292,0.3210716673306056,0.8993157886323475,7.258710861206055,0.1402028391049021,0.0761802762392021,0.0761802758844125
18,train,0.4997647850103275,0.9576262748369606,0.4186654258319127,0.2697668558647556,0.3593292744249426,0.4186654265529366,0.5250332667141833,0.255079882640031,58.27861586950159,0.262504978205568,0.2625049856561486,11732.691792149695,83.62907104082005,0.7004646454595957,0.0001,,0.3218624699179844,0.897994456752654,60.992363929748535,0.0727437534519741,0.0588911115642516,0.0588911113839957
18,val,0.4625000002838316,1.036325281574613,0.4499173987479437,0.2777787872723171,0.3530434746117818,0.4499174044245765,0.595712382878576,0.2588111474400475,58.62882759457543,0.2689736797696068,0.2689736818983441,7894.650367373511,82.47191329229446,0.7339466521234224,0.0001,82.47191329229446,0.3254301051298777,0.8996370349611554,7.129807949066162,0.0735867972530069,0.058492647750037,0.0584926468630631
19,train,0.5001680107526881,0.9580055979951736,0.4185186908930861,0.2717551812529564,0.3732130173393475,0.4185186892106969,0.5234207404396867,0.262210455913377,59.34021581629271,0.2619679180044,0.2619679246538429,11879.436634350848,84.59843574031707,0.7105505614569693,0.0001,,0.319052297742136,0.8992555471517707,61.100223779678345,0.0749955522347121,0.0580542513760187,0.0580542515863173
19,val,0.4654761907600221,0.9531063522611346,0.4329548478126526,0.3050522016627447,0.4500344949109213,0.4329548478126526,0.5136349485034034,0.2519767454692295,56.781832740420384,0.2776413701829456,0.277641373021262,6718.598679315476,78.98202260335286,0.7266557903000803,0.0001,78.98202260335286,0.3445771180448078,0.8922132764543805,7.277003288269043,0.0674440034088634,0.0577432325198536,0.0577432334068275
20,train,0.4999663978815079,0.955840667249054,0.4179883518766972,0.2694819893247338,0.3597421416992782,0.4179883514761284,0.5244055566207696,0.2458986980860592,56.88175809511574,0.2653164815518163,0.265316487960918,11319.477263748004,81.31778748830159,0.693817363523875,0.0001,,0.3162113432922671,0.8990895299501317,61.01832365989685,0.0696726472076949,0.0553333086552478,0.0553333088855749
20,val,0.4625000002838316,1.0437650623775665,0.4464537515526726,0.2722261469988596,0.3445018813723609,0.4464537515526726,0.5984889850729987,0.2740866825694129,59.427972702752974,0.2757068673769633,0.2757068758919125,9086.26381138393,88.66074244181316,0.7463604168458419,0.0001,88.66074244181316,0.3307661612828572,0.8994671390170142,7.324089527130127,0.0832240633400423,0.0746568466226259,0.0746568453808625
21,train,0.500369623784096,0.9535875176229784,0.4176425640621493,0.2685206258489239,0.3473187173886966,0.4176425643024906,0.526402704978502,0.2330838253581395,54.83383799111972,0.2670759387234205,0.2670759435302468,10650.828529275874,77.9948167903449,0.6784321596325448,0.0001,,0.3049133769286576,0.9044064126347984,60.87255120277405,0.0639073198601122,0.0553419688135706,0.0553419687935421
21,val,0.4625000002838316,1.0650978627659025,0.4532527852626073,0.2653795182704925,0.3048356374104817,0.4532527909392402,0.6263489439373925,0.2775621861219406,54.44986379714239,0.2663238963910511,0.2663239049060004,6915.224051339285,78.35594013759068,0.7252971128983932,0.0001,78.35594013759068,0.3137743217604501,0.9024602259908404,7.409450531005859,0.065116083781634,0.0608102571041811,0.0608102549754437
22,train,0.5005376345367842,0.9601515674142428,0.4181147019869538,0.2657442434981305,0.3342973798994095,0.4181147003846784,0.5289035218777836,0.2284765690565109,53.10048808846423,0.2651849179178155,0.2651849244871447,10207.240092944074,75.57053746459304,0.6709039486618555,0.0001,,0.2974620075315557,0.9067096783909746,60.03362154960632,0.0608770481400912,0.0550151358769145,0.055015136217398
22,val,0.4625000002838316,1.0436337476684934,0.4438999820323217,0.2729668120543162,0.3524149088632493,0.4438999877089545,0.587091768071765,0.2996517852658317,58.33420635405041,0.3047744447276705,0.3047744589192526,7023.122628348215,81.59697196597145,0.7432017221595302,0.0001,81.59697196597145,0.3165873970304216,0.9023259424027944,7.100967645645142,0.070225157021057,0.0716326281073547,0.0716326275751704
23,train,0.5005376344166135,0.9552691695831156,0.4177713427011684,0.2667790326059505,0.3348340704556434,0.4177713438227612,0.5279750410988125,0.231117283424703,51.87800734530213,0.2715122230270857,0.2715122259111814,9966.905059814451,73.0235187776627,0.6658646707984334,0.0001,,0.2987329583334666,0.9051924892651138,60.989691734313965,0.0569264976187579,0.0555615944447376,0.0555615944547518
23,val,0.4625000002838316,1.0235438233330136,0.4415061800252823,0.276376411318779,0.3552291719686417,0.441506184282757,0.5768589675426483,0.2571428687799544,56.11526452927362,0.3085535764694214,0.308553580726896,6572.60173688616,77.35257357642764,0.7157696734775196,0.0001,77.35257357642764,0.316996530407951,0.9046015171777636,7.285157918930054,0.0641509953531481,0.0759866354720933,0.0759866354720933
24,train,0.5003360215053764,0.95806475384261,0.4182219397156469,0.2656901889751034,0.3285558509730523,0.418221940036102,0.5292161579734536,0.2217614104750976,51.06425959064114,0.2726418771730956,0.272641882620832,9753.528182819326,71.92082004136937,0.6608576161692841,0.0001,,0.2930174096617647,0.9078433705914404,60.62373399734497,0.0560184030503194,0.0550902727290347,0.0550902732597884
24,val,0.4654761907600221,0.9254039100238256,0.4304979926063901,0.3100859849225907,0.4591215636048998,0.4304979954447065,0.5012259561391104,0.288808755221821,62.43853432791574,0.2865367843991234,0.286536781560807,7510.141153971354,84.2580090477353,0.739741795352011,0.0001,84.2580090477353,0.3197548871948605,0.9000586526734489,7.448148727416992,0.0763991155794688,0.0467181280255317,0.0467181281142291
25,train,0.5003024193868842,0.9544222015206532,0.4168331822560679,0.2649228943772213,0.3243532574144743,0.416833183618002,0.5276712285735274,0.2211279700039535,48.65709703712053,0.2783579819945879,0.2783579895252822,9278.573413151567,68.8025963178245,0.6535914821255489,0.0001,,0.2946597388995591,0.9070292602303208,60.607431173324585,0.0519068276569727,0.0548654872803918,0.0548654874205909
25,val,0.4639880955219269,1.0371609926223757,0.4499278224649883,0.2748831907908122,0.3388066859472365,0.4499278196266719,0.5998489367110389,0.2585824245498294,57.66085742768787,0.2895234127839406,0.2895234170414152,6968.363467261905,78.76868366059803,0.7204339128552061,0.0001,78.76868366059803,0.2903970707030523,0.9081995004699344,7.392640590667725,0.0657967645674943,0.0537599433390867,0.0537599428069023
26,train,0.5003024193868842,0.9559477067762806,0.4174391848425711,0.2655057221330622,0.3279483363192568,0.4174391854033675,0.5272584041200017,0.2240416514537026,50.5608455493886,0.2800765002286562,0.2800765045547998,9654.14915548345,71.57937460048224,0.6585017264090002,0.0001,,0.2866537961908566,0.9088024737373476,61.09969568252564,0.0543484987630959,0.0557653205268966,0.0557653205168824
26,val,0.4729166669504983,0.9238671773955937,0.426254859992436,0.3089584332136881,0.5031930562995729,0.4262548571541196,0.4920020656926291,0.2668161335445586,61.366686412266326,0.2871558907486143,0.2871558935869308,7978.803972516741,85.48673066638764,0.7494488300699176,0.0001,85.48673066638764,0.3094522413753328,0.903094470500946,7.294806480407715,0.0786571180714028,0.057090739231734,0.0570907383447601
27,train,0.5008736560421605,0.9571463579452166,0.4171824528164761,0.2643288422015405,0.3248054250594108,0.4171824523357935,0.5295430476306587,0.2112372093383343,50.10245024773382,0.2774052283456248,0.2774052339535887,9626.666018250167,70.88756116231282,0.6529732669242705,0.0001,,0.2798330179786169,0.9114935225056064,60.620248317718506,0.0541864336388165,0.0549112130657479,0.0549112130957906
27,val,0.4625000002838316,1.068477315562112,0.4576506472769238,0.2707882544824055,0.3335067090534028,0.4576506501152402,0.6317506375766936,0.2708177694252559,61.418843223935085,0.2752524940740494,0.2752524919453121,9028.262381417411,89.46007701328823,0.752478751630494,0.0001,89.46007701328823,0.2846553041821434,0.9109489350091844,7.310590982437134,0.0833757124131634,0.0463480752493654,0.0463480754267601
28,train,0.5008736560421605,0.966782090164,0.4181856456943738,0.2621890047705301,0.3076018542852453,0.4181856468159665,0.5385197967451106,0.2005922976200298,46.987578176683,0.2796829892422563,0.2796829926070346,8866.484277540638,66.0832210971463,0.640570094047572,0.0001,,0.279421279026616,0.9108925410496292,60.644593238830566,0.0479148884894706,0.055242517882938,0.0552425177327247
28,val,0.4654761907600221,1.0667325712385631,0.442026837950661,0.261082200776963,0.3474844907011304,0.442026837950661,0.6027656502666927,0.2595478860395295,60.59907840547108,0.3220399958746774,0.322040000132152,8101.236752464658,86.30544971284412,0.7412703145634044,0.0001,86.30544971284412,0.2894444877193087,0.9099656088011604,7.169068098068237,0.0781316908874682,0.0791351772135212,0.0791351784552846
29,train,0.5013440860215054,0.9594965394466154,0.416869246190594,0.2616147612852434,0.3074977163986493,0.4168692461104803,0.5344262048602104,0.2068730605946433,46.46403868480395,0.2817972012424982,0.2817972054084142,8680.820704306325,65.30911854774722,0.637783842415922,0.0001,,0.2756882814630385,0.9133981905316794,61.55340933799744,0.0460879543135243,0.0540070196373328,0.0540070195371905
29,val,0.4625000002838316,1.0567867642357236,0.4483842466558729,0.2641038497289021,0.3191405187050501,0.4483842395600818,0.6182116851920173,0.2676912737744195,58.55189459664481,0.2997093782538459,0.299709392445428,7861.935465494792,83.3575940813337,0.7291964306975856,0.0001,83.3575940813337,0.2826802517686571,0.9137973047438122,7.373875379562378,0.0747190869989849,0.0652359064136232,0.0652359071232023
30,train,0.5008400537634409,0.9628590390246402,0.4176232174679797,0.2603089069166491,0.2883310499050284,0.417623216666842,0.5394227749077223,0.1743073617258379,41.52807390561668,0.2802962534209733,0.2802962615925778,7781.576280163181,58.27010283931609,0.6122747911347284,5e-05,,0.2710400721238505,0.914480367014485,61.0333743095398,0.0374843095759711,0.0519337230211784,0.0519337229510789
30,val,0.4639880955219269,1.037762769630977,0.4473835144724165,0.2699064640771775,0.3177516148203895,0.4473835173107329,0.6058247756390345,0.2229017966559955,50.91848827543713,0.2817992780889783,0.2817992880230858,5670.178972516741,71.96521922520229,0.6886943650968147,5e-05,71.96521922520229,0.2794733984129769,0.9119259686697097,7.242759227752685,0.055921031561281,0.0550089043875535,0.0550089033231848
30,val_periodic_epoch_30,0.4639880955219269,1.037762769630977,0.4473835144724165,0.2699064640771775,0.3177516148203895,0.4473835173107329,0.6058247756390345,0.2229017966559955,50.91848827543713,0.2817992780889783,0.2817992880230858,5670.178972516741,71.96521922520229,0.6886943650968147,5e-05,,0.2794733984129769,0.9119259686697097,7.306028842926025,0.055921031561281,0.0550089043875535,0.0550089033231848
31,train,0.5004704301395724,0.9650553862253824,0.4177990889036527,0.2574636553243924,0.2778812187813943,0.4177990913070658,0.5450331202598029,0.1664917124134879,40.46018603540236,0.2788682136163917,0.2788682177823077,7583.023105744392,56.82300074382495,0.6051287698023247,5e-05,,0.2667757585164039,0.916429945217666,61.29889869689941,0.0361901383286201,0.0528358118508451,0.0528358119610016
31,val,0.4639880955219269,1.0541884076027643,0.4466391021297091,0.2635935970715114,0.319310371364866,0.4466391049680255,0.6141377566825776,0.2377640832038152,54.28242265610468,0.2972092287881033,0.2972092302072616,6574.330891927083,77.85240191505069,0.7064061067321084,5e-05,77.85240191505069,0.2812219985893794,0.9127699846313112,7.241295576095581,0.0639972721359559,0.0616681194376377,0.0616681201472168
32,train,0.5020497313109777,0.9650088148091428,0.417057307016465,0.2557863006668706,0.2634914283470441,0.417057307016465,0.5438050944157826,0.1580908946212261,37.16767260848835,0.2795840774172096,0.2795840836660836,7077.97104045909,52.39162958821943,0.5918449661145708,5e-05,,0.2629952387463662,0.9183351256514108,61.04579210281372,0.0308735847613343,0.0525958451732832,0.0525958451933117
32,val,0.4625000002838316,1.1066106841677712,0.4577751514457521,0.2486860922404698,0.2730209337813513,0.4577751542840685,0.6705618429751623,0.224522709491707,50.82796696254185,0.2808139494487217,0.2808139522870381,6531.412458147322,75.12385504586356,0.7043156085592328,5e-05,75.12385504586356,0.2675673890681493,0.9170099042710804,7.5138466358184814,0.0616431265537227,0.0540698543190956,0.0540698544964903
33,train,0.5015456990529132,0.9678581055774484,0.4177580728966703,0.2559025005627704,0.2636111607394552,0.4177580717750775,0.5454626886915135,0.1563279908751287,37.07209987025107,0.2788975560857403,0.2788975624948419,7041.561083065566,52.09805793146933,0.5921890985283386,5e-05,,0.2619563017481117,0.917761250529238,61.35724210739136,0.0308472510547407,0.0539430022059429,0.0539430020457153
33,val,0.4639880955219269,1.0448610044661022,0.4508762686025528,0.2693883180618286,0.3125069120100566,0.4508762700217111,0.6167987464439302,0.2191752883650007,49.73146238781157,0.2724315162215914,0.2724315190599078,6088.852800641741,73.34656415666852,0.6886146050510984,5e-05,73.34656415666852,0.2684755651723771,0.9172341312680926,7.096584320068359,0.0571293130162216,0.0523915246483825,0.0523915241161982
34,train,0.5015120967741935,0.9664536703337904,0.4175053774829834,0.2547201887574247,0.2603214766469694,0.4175053781238935,0.5482952558705884,0.1501415083885833,36.860391483511975,0.274646706158115,0.2746467114456238,7052.43929676343,51.47519144447901,0.5878078757713138,5e-05,,0.2575739771127701,0.919486782884085,61.23580002784729,0.0302902354147805,0.0527134405909687,0.0527134406410398
34,val,0.4654761907600221,1.0453580107007707,0.4468703284150078,0.2658679102148328,0.3147939280385062,0.4468703355107988,0.612742250873929,0.222688646188804,50.54825383140927,0.2780407965183258,0.2780408043236959,6415.502017066592,75.03485670543853,0.6927330902128509,5e-05,75.03485670543853,0.2678912764503842,0.9169168841271174,7.122601747512817,0.0609050378025997,0.0610373261429014,0.0610373254333223
35,train,0.5017809140425856,0.9682098133589632,0.417184026651485,0.2554347088900945,0.2684650365062939,0.4171840256901197,0.5480887927114964,0.1512512459309511,38.02150662227344,0.2757952804526975,0.2757952833367932,7068.733847013084,53.05414917648479,0.5939551004054971,5e-05,,0.2557794845072172,0.9195586055196742,61.76430106163025,0.0324087973824271,0.0527351605455561,0.0527351607358263
35,val,0.4625000002838316,1.049868018854232,0.4519184174991789,0.267562272293227,0.3057923125369208,0.4519184217566535,0.6238404633033843,0.2266572621606645,52.204455057779946,0.2732180307308833,0.2732180385362534,7065.982538132441,78.51770982288178,0.6998083092949607,5e-05,78.51770982288178,0.2653851849692208,0.9174396906580244,7.311371326446533,0.0658045731307495,0.0492440715786956,0.0492440721108799
36,train,0.5012432795058015,0.9713368552025928,0.4175021188553943,0.2522067187293883,0.2509642478919798,0.4175021206178972,0.5499067529234835,0.1459604855827106,34.86145209240657,0.2768826760271544,0.2768826851601241,6785.953320903162,49.11075186473067,0.5821994023893016,5e-05,,0.2540023942147532,0.9206343668122444,61.4577751159668,0.0278027664296709,0.052663671744046,0.0526636716939749
36,val,0.4669642859981173,1.0307466103917076,0.4461930848303295,0.2697412428401765,0.3141917628901345,0.4461930848303295,0.6051992121196929,0.2233214467054321,49.86452974591936,0.2797732651233673,0.2797732679616837,5773.942789713542,71.96544374738421,0.6835415807637302,5e-05,71.96544374738421,0.2644944630918048,0.9175429940223694,7.338951587677002,0.0563783681995811,0.0458293230760665,0.0458293228986717
37,train,0.5015456990529132,0.964852733637697,0.4170361279800374,0.254190298738659,0.2560715787513282,0.4170361273391272,0.5489289086832795,0.14658386736948,35.26415334722047,0.2760522267831269,0.2760522317501806,6827.777172293714,49.7683553080405,0.5822147663594898,5e-05,,0.2528723596084502,0.9207702048363224,61.72504210472107,0.0282503897449382,0.0527898499001097,0.0527898502005364
37,val,0.4639880955219269,1.0139535580362593,0.445036130292075,0.2767827815952755,0.3308251968451908,0.4450361359687078,0.591609592239062,0.2120081597850436,48.910898571922665,0.2711810412861052,0.2711810483818963,5890.711495535715,72.79197656540643,0.6806157491423867,5e-05,72.79197656540643,0.2613158311162676,0.9184241323244005,7.383533477783203,0.0566505995534715,0.0517284602281593,0.0517284611151332
38,train,0.5017137098056014,0.9698249668844284,0.4175734088946414,0.2507867986156094,0.2369709822839947,0.4175734096156653,0.5538584587554778,0.1286925976915705,31.6862844446654,0.2744469073831394,0.2744469120297381,6192.510650962911,44.49950967809205,0.5661521573460062,2.5e-05,,0.2497447173121155,0.921797816150932,62.0001118183136,0.0232988944795403,0.0530627005262881,0.0530627002458899
38,val,0.4639880955219269,1.069820761680603,0.450966192143304,0.257197441089721,0.2822875699826649,0.4509662020774114,0.637995761065256,0.2164964345949036,48.65998086475191,0.2764249394337336,0.2764249472391037,5796.726306733631,72.05566660563152,0.684075978308013,2.5e-05,72.05566660563152,0.258218147215389,0.9194424521355402,7.22821831703186,0.0559829825180627,0.0566612567220415,0.0566612563672519
39,train,0.5013440860215054,0.973623584515305,0.4180773086445306,0.250105146358731,0.2366997618027912,0.4180773078433929,0.5558727011084557,0.1261290937902466,31.43830831589237,0.2728903433007578,0.272890349870087,6270.555454377205,44.55319892719228,0.566707085599803,2.5e-05,,0.2481879277895855,0.9223699053769472,61.09207940101624,0.0237117467137674,0.0515962178187985,0.0515962175283861
39,val,0.4639880955219269,1.088122206074851,0.453073752777917,0.2499532075155349,0.2736489886329287,0.4530737570353916,0.6562031706174215,0.2123499494932946,48.50778979346866,0.2831458846728007,0.2831458931877499,6000.632004510789,72.49518530709403,0.6870195179274587,2.5e-05,72.49518530709403,0.2521846585330509,0.9217739502588908,7.368554353713989,0.056986200224076,0.0597679693074453,0.0597679710813931
40,train,0.5023185484191423,0.969611352009158,0.4175259758948639,0.2514567643564234,0.2345478688516924,0.4175259776573668,0.5548416387730388,0.1208778406863892,30.3742575030173,0.2728566219729761,0.2728566291832154,5988.280190088416,42.849946329670566,0.5608215778363674,2.5e-05,,0.2464508680246209,0.9230132404194084,61.76340079307556,0.0219192547518359,0.0508140854096861,0.0508140852094017
40,val,0.4639880955219269,1.056212604045868,0.4491802468186333,0.260257995554379,0.2886756310860316,0.449180238303684,0.6278247421696073,0.2095485751827558,47.060364405314125,0.2715593030055364,0.2715592980384826,5625.737403506324,70.41203962053571,0.6766697265885093,2.5e-05,70.41203962053571,0.2552551854224432,0.9206828276316324,7.375896692276001,0.0538802236495983,0.0527250229247978,0.0527250238117717
41,train,0.5016465054083896,0.9758379129312372,0.4182750130853345,0.249441634182648,0.2294112863319535,0.4182750116432867,0.5586882354591483,0.1181730392278843,30.65518242825744,0.2726574094705684,0.2726574142773946,6068.134115403698,42.90983793812413,0.5599038549946614,2.5e-05,,0.2443831526143576,0.9236067466197476,62.563005447387695,0.0219454393591932,0.0512733019948486,0.0512733022752468
41,val,0.4639880955219269,1.0850333174069722,0.4535395048913501,0.2516211037124906,0.2741679769186746,0.4535395006338755,0.6546659058048612,0.2295322567224502,48.0831660316104,0.2714224691901888,0.2714224741572425,5914.087663922991,72.1691282363165,0.6919485673759923,2.5e-05,72.1691282363165,0.2464665387357984,0.9246744399979,7.498470783233643,0.05688111781187,0.0521737473706404,0.0521737471932456
42,train,0.5018481182795699,0.9762864487786448,0.4182299279397534,0.2491533876426758,0.2261738476734007,0.4182299271386157,0.560349180333076,0.1162328593713301,29.14982006114016,0.2700554523416745,0.2700554585905485,5909.034900624265,41.37618600168536,0.5569714044882392,2.5e-05,,0.241023884825809,0.9252998197591432,61.62005400657654,0.0205461471016088,0.0512477433489215,0.0512477432788219
42,val,0.4654761907600221,1.052007345926194,0.4481549007552011,0.2613666781357356,0.2930117873918442,0.4481549035935175,0.6221210339239666,0.2088381907060033,46.71404847644624,0.2724580587375731,0.2724580658333642,5570.218215215774,70.39904839651925,0.6753881136576335,2.5e-05,70.39904839651925,0.2474922275259381,0.9242787588210332,7.301541090011597,0.0539677477486076,0.0533258856407233,0.0533258858181181
43,train,0.5012768817845211,0.976574775672728,0.4185446564869214,0.2489927155516481,0.2250939529509313,0.4185446572880591,0.5591987188785307,0.1118396030718921,28.76669869884368,0.2691673328799586,0.2691673378470123,5878.785638214439,40.28662914358159,0.5539280671864648,2.5e-05,,0.2408785917746123,0.924695146340196,62.56565260887146,0.0198366343912478,0.0512411608410778,0.0512411610413623
43,val,0.4654761907600221,1.04116838318961,0.4445648250125703,0.2647215716895603,0.3042876245010467,0.4445648264317285,0.6074992985952468,0.2044707472835268,47.57531765529088,0.2787916355189823,0.2787916369381405,5105.244390578497,68.24577640351795,0.6702745025808161,2.5e-05,68.24577640351795,0.2498366108962467,0.9227002745582944,7.327055931091309,0.0507241388161977,0.0612002467470509,0.0612002462148666
44,train,0.5014448925372093,0.976743745227014,0.4186475504470128,0.2497551354669755,0.2255325371860176,0.418647550366899,0.5624201437558538,0.1129947037746508,29.231682387731407,0.2699978386843076,0.2699978442922715,5802.9394296625605,41.22786967985092,0.5558788030235856,2.5e-05,,0.2406701197226842,0.924902319908142,62.09565877914429,0.0208370996080839,0.0512784716763323,0.0512784716763323
44,val,0.4639880955219269,1.0792689607256936,0.4521628547282446,0.2537795035612015,0.2804197853519803,0.4521628589857192,0.646883853844234,0.2057635138432184,46.481991994948615,0.2842870503664017,0.2842870603005091,5748.137834821428,70.77363277616955,0.6818815664811568,2.5e-05,70.77363277616955,0.2472401857376098,0.924323686531612,7.258673191070557,0.0552138464436644,0.0568682499939487,0.0568682512357121
45,train,0.5016465054083896,0.9799336440140202,0.4189128993499663,0.2477279786941825,0.2181048299115832,0.4189128990295113,0.5638991507791704,0.1116933385010368,27.908696830913584,0.2705990362872359,0.2705990418951998,5648.056723810011,39.40411891732165,0.552228761401642,2.5e-05,,0.2398487080329208,0.925460982386784,61.73878574371338,0.0190360232041047,0.0521852785060482,0.0521852785961762
45,val,0.4639880955219269,1.073058857804253,0.4495328068733215,0.2558932091508593,0.279078585760934,0.4495328082924797,0.6358919285592579,0.1927569664659954,46.48403503781273,0.2977175563573837,0.2977175591957001,5568.761904761905,70.14474450974237,0.6726440819826993,2.5e-05,70.14474450974237,0.2476421481087094,0.9252199729283652,7.266273021697998,0.0539314826684338,0.0697889093841825,0.0697889086746034
46,train,0.502755376279995,0.9699180807157228,0.4171903085724641,0.2506843327033904,0.2337947952090412,0.4171903102949101,0.5555362601273803,0.1132617250926071,29.60566193570373,0.2689545136946504,0.2689545181810215,5987.5464513635125,41.53406726673085,0.5569619752943316,2.5e-05,,0.2391416956820795,0.9254452948288252,61.6940541267395,0.0209860019022799,0.0513550402015768,0.0513550407223163
46,val,0.4654761907600221,1.0532788066636949,0.4488231482959929,0.2591580407960074,0.2867679666905176,0.4488231525534675,0.6286643111989612,0.1997802725860051,45.51889374142601,0.2716745641969499,0.271674571292741,5453.268150692895,69.12634622483026,0.6690867293964733,2.5e-05,69.12634622483026,0.247896562729563,0.9227215817996434,7.3769142627716064,0.0524469119097505,0.0528765191279706,0.052876520369734
47,train,0.5022513440219305,0.979083762534203,0.4182022821198227,0.2476662244367343,0.222912210250093,0.4182022797965234,0.5635089061112815,0.1079969033999468,28.57719643910725,0.2709682631877161,0.270968267033177,5870.475364192839,40.19260149104621,0.5533030655448284,2.5e-05,,0.2377951030609428,0.9254064444572696,62.14378905296326,0.0198928947380233,0.0506327976122178,0.0506327976923315
47,val,0.4654761907600221,1.0576801470347814,0.4475978868348257,0.2583808948596318,0.2909798969825108,0.4475978854156676,0.6257380240020298,0.2041980439708346,46.17247563316708,0.2746837593260265,0.2746837685505549,5592.959827241443,70.1904479435512,0.6744459401477467,2.5e-05,70.1904479435512,0.2438459077051707,0.92499174674352,7.364073514938354,0.0540905554024946,0.0539213067718914,0.0539213074814705
48,train,0.5020497313109777,0.9777836677848653,0.4183738090658701,0.2475169501317444,0.219298206269741,0.4183738089056425,0.562791471119209,0.1101601673189991,27.21188424735941,0.2710576539718977,0.2710576590991789,5743.156675277218,39.16901192613828,0.5516503044049748,2.5e-05,,0.2360057423031458,0.9264089324141062,60.32533025741577,0.0191307915875347,0.0513090598146601,0.0513090596644468
48,val,0.4639880955219269,1.0407288131259738,0.4487660967168353,0.2660915589048749,0.3021680741083054,0.4487660981359936,0.6172614970377513,0.2003586891861189,45.22751544770741,0.2700994745606467,0.2700994795277005,5531.426577613467,69.91303888956706,0.671787996003122,2.5e-05,69.91303888956706,0.2439744990496408,0.9255846994263786,7.320587158203125,0.0531823587204728,0.0505545041745617,0.0505545045293512
49,train,0.5015120967741935,0.975612771767442,0.418243270327327,0.248274329048331,0.2176917860264419,0.4182432696864169,0.5622736571196426,0.1059547521334181,27.36914899785032,0.2705732720193042,0.2705732774670406,5609.467782297442,38.29422348801808,0.5480649574437125,2.5e-05,,0.2363818344730202,0.926384747989716,61.43598866462708,0.0184792037327243,0.0506354158003163,0.0506354159605439
49,val,0.4669642859981173,1.0434165824027288,0.4468750499543689,0.263530331708136,0.2885447846991675,0.4468750456968943,0.6152422250736327,0.1956353035001527,44.59094937642416,0.2712410000108537,0.271241002139591,4743.651512509301,65.6791007632301,0.6595109365203163,2.5e-05,65.6791007632301,0.2454190772204172,0.9248842738923572,7.397454738616943,0.0473735703244095,0.0506749726122333,0.050674972080049
50,train,0.5017137098056014,0.9777033340225938,0.4184591951229239,0.2478866352028744,0.2217827108438297,0.4184591941615587,0.5628392744048308,0.1049541978425877,28.71173673547724,0.2675996336244767,0.2675996400335783,5771.640138523553,39.82481596546789,0.551304854407455,2.5e-05,,0.234708843852884,0.9271678722673848,61.24961972236633,0.0198011928768728,0.0508131604561562,0.050813160676469
50,val,0.4639880955219269,1.085656867140815,0.4518369819436754,0.2505669884738468,0.2736704867510569,0.451836979105359,0.650497066123145,0.2100370561792737,45.6908381325858,0.2765420575936635,0.2765420646894546,5956.230311802456,71.44932565234956,0.6826349182562395,2.5e-05,71.44932565234956,0.2395237528142474,0.9274273145766484,7.248177051544189,0.0555261660455947,0.0579042326481569,0.0579042331803412
51,train,0.5015120967741935,0.9869746634716628,0.420524853291691,0.2473691031336784,0.2189814581345486,0.4205248524104395,0.5690864760789179,0.1700306386957245,28.91716549986152,0.2669412926320106,0.2669412956763339,5755.214130934849,41.34225308510565,5758.9024658203125,2.5e-05,,0.2325620387670814,0.9285600169371532,61.59997844696045,5755.21379803073,0.0503032032240142,0.0503032031839573
51,val,0.4625000002838316,1.0580335571652366,0.450019067242032,0.2630772831894102,0.2939174466189884,0.4500190629845574,0.6237615325621196,0.2386328020975703,46.07391103108724,0.2683520820878801,0.2683520842166174,5662.096557617188,71.30224482218425,5634.734339488637,2.5e-05,71.30224482218425,0.2425517624332791,0.9266775193668548,7.240248203277588,5662.096464611235,0.0497210219147659,0.0497210219147659
52,train,0.5013104839030132,0.9868805140897792,0.4206797160128111,0.2486190970546455,0.2204307590521151,0.4206797144105357,0.5666012069390666,0.1594096550778035,27.94625226400232,0.2676004791452038,0.2676004873168084,5791.004803073021,39.93542994222334,5799.821101230403,2.5e-05,,0.2353494650413913,0.9271834108137316,63.300180196762085,5791.004770258422,0.0516772187284884,0.0516772186784173
52,val,0.4625000002838316,1.022873342037201,0.4448659888335636,0.276225039646739,0.3287067682970138,0.4448659930910383,0.5889376607679185,0.2261338074292455,47.780548004877,0.2716410436800548,0.2716410486471085,5217.133940197173,69.52113741920108,5204.432898319129,2.5e-05,69.52113741920108,0.249963363011678,0.9232420552344548,7.453419923782349,5217.133957635789,0.0623877570033073,0.0623877566485177
53,train,0.502116935547962,0.9817020002231804,0.4195384033905562,0.2508538366165212,0.2302102628414349,0.4195384025093048,0.5623402166911351,0.1570141205303771,29.88451589563841,0.2667474612112968,0.2667474679408534,6007.625179659935,42.17975939473799,6018.302224967777,2.5e-05,,0.2392922518073871,0.9252540232032858,62.0560839176178,6007.625199840915,0.0513144964151965,0.0513144963250685
53,val,0.4639880955219269,1.044479787349701,0.4483050817535037,0.2663878074714115,0.2954350504137221,0.4483050845918201,0.6143218945889246,0.2333493715240842,42.39759336199079,0.2730629571846553,0.2730629649900254,4974.728038969494,66.21363930475144,4944.366062973485,2.5e-05,66.21363930475144,0.2476828162159238,0.9241872543380374,7.213545322418213,4974.728038969494,0.053953287324735,0.0539532857281821
54,train,0.5018817205582896,0.974040693012617,0.418246365002086,0.2522585633941876,0.2298377047302902,0.4182463651623136,0.5548271998682971,0.149079145222742,25.84052743193924,0.2663090467773458,0.2663090528659923,5476.257007393786,37.38384350909982,5484.2725154375785,2.5e-05,,0.2401802008671145,0.9252972160616229,61.20555400848389,5476.257011823756,0.0517306986955865,0.051730698625487
54,val,0.4639880955219269,1.045748247986748,0.4485104098206475,0.2663399562949226,0.2980913952702567,0.448510406982331,0.6156807485080901,0.2358959444931575,45.128235771542506,0.2724339905239287,0.2724340011676152,5259.5570882161455,68.24704397292365,5249.721203243371,2.5e-05,68.24704397292365,0.2523743545725232,0.9219212532043456,7.325119495391846,5259.55695452009,0.0568455835538251,0.0568455837312198
55,train,0.501108871031833,0.9735918354283096,0.4188741839701129,0.2541174101092482,0.2317171150477983,0.4188741850917057,0.5515325363044457,0.1432756887728809,25.53639468326364,0.2669523537799876,0.2669523584265862,5584.104088649955,36.95817358263077,5594.258651497067,2.5e-05,,0.2430141562575935,0.9241758620226256,61.30237126350403,5584.103752546413,0.0527270732808016,0.0527270735411714
55,val,0.4639880955219269,1.060678740342458,0.4504291471980867,0.2619171547038214,0.2866723778701964,0.4504291415214538,0.6277854861248107,0.2324069802250181,43.76934696379162,0.2814083298047383,0.2814083354813712,5357.191941034226,68.41471027192615,5350.359212239583,2.5e-05,68.41471027192615,0.254007311803954,0.92129305430821,7.393341302871704,5357.192092168899,0.0627604206757886,0.0627604201436042
56,train,0.5020497313109777,0.9701947646756326,0.4182503426908165,0.2552490120613447,0.2316148245046215,0.4182503416493375,0.5473538855871847,0.1325263090591917,23.288283630083967,0.2668140666779651,0.2668140713245638,5326.163365764002,34.202041056848344,5335.95782096683,1.25e-05,,0.2442468992804968,0.9235390389478336,61.61602115631104,5326.163370111937,0.0527209684513108,0.0527209682610406
56,val,0.4639880955219269,1.026118624778021,0.4477136858872005,0.2737306377717426,0.3130649193411782,0.4477136873063587,0.601820190747579,0.2260351393904004,42.24990109034947,0.2692374345802125,0.2692374423855826,5021.753429594494,66.37415150233677,4992.527968158144,1.25e-05,66.37415150233677,0.2530737043846221,0.9218189829871768,7.351588010787964,5021.753391810826,0.0568185182554381,0.056818517545859
57,train,0.501108871031833,0.9689916101514652,0.4186080823982915,0.2559931848638801,0.233789437200113,0.4186080831193154,0.550822429759528,0.1318289836448046,22.59331541676675,0.2659579962491989,0.2659580026583005,5172.472869052682,32.92885890058292,5180.661318671743,1.25e-05,,0.2455421789519248,0.9232228891823882,61.50309228897095,5172.4728563370245,0.0528236502601254,0.0528236501399547
57,val,0.4639880955219269,1.036383134978158,0.447242660181863,0.2707117015407199,0.3065447331894012,0.4472426686968122,0.6058591164293743,0.2243092095568066,41.842971710931685,0.2798124963328952,0.2798125027191071,4951.601143973215,65.82525226048061,4910.844809422349,1.25e-05,65.82525226048061,0.2544553109577724,0.921694829350426,7.212266206741333,4951.601062593006,0.0644941370756853,0.0644941365435009
58,train,0.5013776882201113,0.9685616240065584,0.4187025325272673,0.2571607944305225,0.2343583694228562,0.4187025346102253,0.549448629140213,0.127378528016389,22.40903895388368,0.2660233245421481,0.2660233317523874,5210.31693062731,32.68990764310283,5199.959715728246,1.25e-05,,0.2461030705160992,0.9231067126797092,61.13349604606629,5210.316926853631,0.0523799874128833,0.0523799873027269
58,val,0.4639880955219269,1.0361852560724532,0.4491837606543586,0.2715251772176651,0.3022544674930118,0.4491837592352004,0.6089845810617719,0.2281621882603282,42.76230230785552,0.2659693771884555,0.2659693871225629,5128.1527913411455,67.21499888102214,5099.789506392045,1.25e-05,67.21499888102214,0.2534142101094836,0.922351394380842,7.44964599609375,5128.152558826265,0.053191086366063,0.0531910877852212
59,train,0.5018817205582896,0.9601940153747476,0.4174850255411158,0.2594853404869315,0.2444012887695784,0.4174850274638463,0.5419184358049465,0.1290476646434555,21.75450744423815,0.2654487918461523,0.2654487979347988,5130.045151331092,31.934783320273123,5139.182357346249,1.25e-05,,0.2460558394430786,0.9234667516523792,61.74015498161316,5130.045494243663,0.0528910719859664,0.0528910722363219
59,val,0.4639880955219269,1.037261466185252,0.4493299878778912,0.2702691228616805,0.3030072386775698,0.449329993554524,0.6116644427889869,0.2318371105052176,41.88569077991304,0.2688335769233249,0.2688335811807996,5185.434488932292,67.07131467546735,5165.926526988636,1.25e-05,67.07131467546735,0.2522631323053723,0.922374393258776,7.405728340148926,5185.434416271392,0.0538382794530618,0.0538382798078514
60,train,0.5011424731503251,0.9641056852315062,0.4178597265353767,0.2575016401467784,0.2405593617949434,0.4178597277370832,0.5467839481369141,0.1235915077549796,21.97159315950127,0.2650768184053,0.2650768239331502,5025.286815684329,31.936454285857497,5035.319936671402,1.25e-05,,0.2456795564422043,0.9235284696984036,61.3620548248291,5025.287148424374,0.0526201024511328,0.0526201022208057
60,val,0.4639880955219269,1.0441451356524514,0.4507358641851516,0.2691621723629179,0.2971330795969282,0.4507358684426262,0.6170785625775655,0.2349969212497983,42.306252888270784,0.2654021013350713,0.2654021027542296,5168.832452683222,67.10446957179478,5145.817847419507,1.25e-05,67.10446957179478,0.2513117023876735,0.9230326243809291,7.174721956253052,5168.832516624814,0.050574750949939,0.0505747516595182
60,val_periodic_epoch_60,0.4639880955219269,1.0441451356524514,0.4507358641851516,0.2691621723629179,0.2971330795969282,0.4507358684426262,0.6170785625775655,0.2349969212497983,42.306252888270784,0.2654021013350713,0.2654021027542296,5168.832452683222,67.10446957179478,5145.817847419507,1.25e-05,,0.2513117023876735,0.9230326243809291,7.477627754211426,5168.832516624814,0.050574750949939,0.0505747516595182
61,train,0.5021841397849462,0.963492561412114,0.417610523601373,0.2577300188682412,0.238649677685512,0.417610524642852,0.5452525570828427,0.1293483609233492,20.71548975667645,0.2654167668473336,0.2654167731763214,4857.636997571555,30.719966383390528,4866.885530763363,1.25e-05,,0.2459939854439868,0.9236243658809252,61.313913345336914,4857.636996566608,0.0523961508266067,0.0523961507765355
61,val,0.4639880955219269,1.0232477017811366,0.4454581567219325,0.2760057208083925,0.3247534561724889,0.4454581581410907,0.5920126643918809,0.2142277097418194,41.860440299624486,0.2770144811698368,0.2770144776219413,4937.637805757068,66.32947122483026,4907.921629379734,1.25e-05,66.32947122483026,0.2555596629778544,0.9223669597080776,7.283155918121338,4937.637945265997,0.0607800040216673,0.0607800040216673
62,train,0.5013104839030132,0.9666731363983564,0.4179962304651096,0.2559305435066582,0.2333285536977552,0.4179962293435169,0.5475519673638446,0.1272325344103318,20.46169547111757,0.2661637726329988,0.2661637790421003,4740.569703953241,30.28357326343496,4749.968916428691,1.25e-05,,0.2447688359246459,0.9241754319719088,61.507192611694336,4740.570044732863,0.0528358769633116,0.0528358767029418
62,val,0.4639880955219269,1.0531808308192665,0.4508681027662186,0.2654802607638495,0.2927402229536147,0.4508681084428514,0.6234044986111777,0.2301467827388218,42.42505809238979,0.2726521513291767,0.2726521570058096,5390.548929850261,68.18710626874652,5375.103018465909,1.25e-05,68.18710626874652,0.2523536121561414,0.923249275911422,7.203371524810791,5390.548912411645,0.0539244917177018,0.0539244908307279
63,train,0.5016129032898975,0.96458054838642,0.4178058590780022,0.257455277907592,0.2374424998077654,0.417805858437092,0.5451704351011143,0.1249362421572528,20.61065169303648,0.2660223088597738,0.2660223141472826,4869.805799012544,30.35891462654196,4874.3297795664985,1.25e-05,,0.2462668593532295,0.9236703950871704,61.42509150505066,4869.805121965306,0.052867278777143,0.0528672791076123
63,val,0.4639880955219269,1.044497969604674,0.447791120835713,0.2710758724382945,0.309390583208629,0.4477911222548711,0.605165815779141,0.2115738881485802,41.68721208118257,0.2907755509728477,0.2907755516824268,5078.771048409598,67.01372927711124,5061.410316051137,1.25e-05,67.01372927711124,0.2560855292138599,0.9220869484401883,7.329712390899658,5078.771065848215,0.0666499739246709,0.0666499741020656
64,train,0.5017137098056014,0.9632923170443504,0.4175260561288044,0.2579720436885793,0.2376466586544949,0.4175260546066427,0.5434271784559372,0.1204273904603655,19.589758406403245,0.2652814992332971,0.265281504841261,4687.962405050955,28.92344936760523,4696.872462149983,6.25e-06,,0.24650653427647,0.9235272926668968,61.67871737480164,4687.962404968918,0.0523793523910866,0.0523793519805035
64,val,0.4639880955219269,1.0243955141022092,0.4473886674358731,0.2749703036887305,0.3173271942706335,0.4473886731125059,0.5993592355932508,0.2144284670551618,41.57528504871187,0.2719552375021435,0.2719552460170927,5148.245954241072,67.06954156784784,5136.605575284091,6.25e-06,67.06954156784784,0.2540826087906247,0.9224447295779272,7.120176553726196,5148.24603562128,0.0523935923618929,0.0523935921844982
65,train,0.5022177420636659,0.9598275201935922,0.4168370404551106,0.2590747957908979,0.2423573871774058,0.4168370408556794,0.5404943899121336,0.1197003262137533,19.136062140105874,0.265325538413499,0.2653255450629418,4760.345459148448,28.593336976984496,4769.678423188591,6.25e-06,,0.2467809270626755,0.9235896708503846,61.05098557472229,4760.345455046623,0.0528742096597148,0.0528742094193735
65,val,0.4639880955219269,1.0386077506201608,0.4476871121497381,0.2713093573138827,0.3085810563394001,0.4476871135688963,0.6053157917090825,0.2209638800649415,41.00649497622536,0.2816300569545655,0.2816300612120401,5039.2001226516,66.40242331368583,5027.552278645833,6.25e-06,66.40242331368583,0.2579281890676135,0.9210458142416816,7.3241868019104,5039.200026739211,0.0635079406201839,0.0635079409749735
66,train,0.5013440860215054,0.960823888740232,0.4170892696867707,0.2584457799632062,0.2405538574582146,0.4170892702475671,0.5400891287192222,0.1220043610821488,19.09419704509038,0.2657278745725591,0.2657278790589302,4532.003694841938,28.3849909587573,4539.667941705467,6.25e-06,,0.2470326270627719,0.9229921849184138,61.49995374679565,4532.004363890617,0.052375587895112,0.0523755877549129
66,val,0.4625000002838316,1.034225006898244,0.4489250637236096,0.2712948130709784,0.3061375532831464,0.4489250580469767,0.6093075069643202,0.2295415561114038,41.07019551595052,0.2686819505123865,0.2686819583177566,5143.629975818452,66.78947158086868,5121.068823982007,6.25e-06,66.78947158086868,0.2525849831955774,0.9223102671759468,7.535896062850952,5143.630077543713,0.0518496673376787,0.0518496671602839
67,train,0.5016465054083896,0.957974400090915,0.4169431949655215,0.2597038370947684,0.2440868235563719,0.4169431966479107,0.5407635246713957,0.1228410893730739,19.304374881969984,0.2653577806808615,0.2653577846064362,4877.591324098648,28.727651473014586,4881.649538516677,6.25e-06,,0.2471011228939538,0.9231836683647608,61.5823380947113,4877.5909845495735,0.0526349116817757,0.0526349111109651
67,val,0.4639880955219269,1.0313988327980042,0.4480332448368981,0.2734239186559404,0.3112084645600546,0.4480332490943727,0.6029213446946371,0.2199757634883835,40.88324655805315,0.2742829578263419,0.2742829642125538,5079.003240676153,66.35986500694638,5066.569279711174,6.25e-06,66.35986500694638,0.2557406851223537,0.921520661740076,7.175138235092163,5079.003324962798,0.0545099356344768,0.0545099347475029
68,train,0.5010752688332271,0.9590561941105832,0.4176352471914342,0.2608471999085077,0.2470250270299373,0.4176352487937096,0.542342569638965,0.1211207713330945,19.01952116463774,0.2653558094815541,0.2653558153298593,4631.1527448264505,27.9514518501938,4639.496169828164,6.25e-06,,0.247411372280249,0.92314144936941,60.93383502960205,4631.152739822223,0.0522884057874801,0.0522884061980632
68,val,0.4639880955219269,1.0274212956428528,0.4488844644455683,0.2744680565027964,0.311516244496618,0.4488844658647264,0.6038551607302257,0.2253689581439608,41.18686775934128,0.2682709842920303,0.2682709899686631,5223.3737386067705,66.81849243527367,5211.428515625,6.25e-06,66.81849243527367,0.2552007067771185,0.9216206613041106,7.186383724212647,5223.3736572265625,0.050170941189641,0.050170939593088
69,train,0.5007728495264566,0.9584942461662396,0.4174059853758863,0.260805132007727,0.2455394242399482,0.4174059852156588,0.5410446115238692,0.1199195879882061,19.30449888270388,0.265332890454159,0.2653328944598475,4844.724156328427,28.28492927551269,4848.385540792035,6.25e-06,,0.2479323744773864,0.9229642024604224,61.19788956642151,4844.723818297027,0.0521167043436278,0.0521167041633718
69,val,0.4639880955219269,1.0218706528345745,0.4462257424990336,0.275856749642463,0.3218085567156474,0.4462257439181918,0.5945491365024022,0.2150215432047844,40.59448859805153,0.2746476758094061,0.2746476836147762,5004.318981352307,65.88839431036087,4975.439139441288,6.25e-06,65.88839431036087,0.2579633252961295,0.9212771341914222,7.288886785507202,5004.318841843378,0.0593396565389065,0.0593396565389065
70,train,0.5016801075268817,0.9568792370057876,0.4167261199765308,0.2600157925839065,0.2463203649367055,0.4167261193356206,0.5398608043950092,0.1204144829703915,18.865657201377296,0.2657661471636064,0.2657661527715703,4775.537777521277,27.856135086346697,4784.985896892098,6.25e-06,,0.2477204149128288,0.9231591984148948,61.53803610801697,4775.537778054514,0.0524006354151874,0.0524006354652585
70,val,0.4639880955219269,1.0212129553159075,0.4471229300612495,0.2751457634426298,0.3179449552581423,0.4471229258037749,0.5982476558004107,0.2145108527370861,40.95605141775949,0.2707581087237313,0.270758113690785,5017.6592523484005,66.15824127197266,4991.963917495265,6.25e-06,66.15824127197266,0.2540499929870878,0.9219163485935756,7.282302618026733,5017.659330822173,0.0499598320041384,0.0499598317380462
71,train,0.5009744623976369,0.958505874840162,0.417138992618489,0.2598453310708846,0.2440237378080686,0.4171389930991716,0.5399281592859376,0.118893910980513,17.878221860495948,0.2661521261738193,0.2661521329033759,4667.352994898314,26.603644637651342,4676.745133206659,6.25e-06,,0.2474845106242805,0.9231538182945662,61.47800636291504,4667.353336457283,0.0522899691876704,0.0522899690274429
71,val,0.4639880955219269,1.0186287732351391,0.446084962004707,0.2757004229795365,0.319563980613436,0.4460849591663905,0.5946122493062701,0.2154771096649624,40.91573642549061,0.268205090647652,0.2682050956147058,4993.491077241443,66.11828576950799,4982.335327888258,6.25e-06,66.11828576950799,0.2554154750846681,0.9212390581766764,7.41222620010376,4993.491135370164,0.0519056447914668,0.051905644614072
72,train,0.5017137098056014,0.9523870908124472,0.4159701597946946,0.2608816115766443,0.2493461319195327,0.4159701579520779,0.5346825530211772,0.1183008040071174,17.765581928273683,0.2659763948571297,0.2659764014264589,4630.256730766707,26.13764113251881,4637.765204782197,3.125e-06,,0.2482238512045593,0.922770175882565,61.05311417579651,4630.256726254699,0.0528050066342437,0.0528050068245139
72,val,0.4639880955219269,1.0292091227713085,0.4481764151936486,0.2732380586011069,0.3103838470720109,0.4481764137744903,0.6040607839822769,0.2210028270880381,40.56481942676363,0.2703054973057338,0.2703055079494204,5079.561805361793,66.39181164332798,5063.806235203599,3.125e-06,66.39181164332798,0.2561986574104854,0.9209237552824474,7.234232664108276,5079.561819893973,0.054022676355782,0.0540226768879663
73,train,0.5019153225165541,0.9522718433090436,0.4160358526052967,0.2615109720537739,0.2516178678601019,0.416035855970075,0.5354253431401585,0.1173462020733984,17.43693334312849,0.2655325577624382,0.2655325626493782,4499.881518702353,26.23367440828713,4508.583595003584,3.125e-06,,0.2486318023775213,0.922702568833546,61.39169383049011,4499.881860835578,0.0526817838250789,0.052681783694894
73,val,0.4639880955219269,1.0173955474581038,0.4459427169391087,0.2776931588138853,0.3249319302184241,0.4459427226157415,0.5912568377596992,0.2134512705462319,40.853875568934846,0.2739506697370892,0.2739506747041429,4966.9751383463545,65.81777808779762,4942.519998816288,3.125e-06,65.81777808779762,0.2579746217954726,0.920728325843811,7.378247022628784,4966.975004650298,0.0564720226185662,0.0564720226185662
74,train,0.5012768817845211,0.9548477653854636,0.4167031422257423,0.2612644622242578,0.2505603981434658,0.4167031434274489,0.5351064717096667,0.1179545441221806,17.890824705041865,0.265324715484855,0.265324719650771,4702.038931364654,26.64437702650665,4709.019779171927,3.125e-06,,0.2484445072790627,0.9229830269531536,60.96564865112305,4702.0385943176925,0.0524092425381945,0.0524092429087206
74,val,0.4625000002838316,1.0189488132794695,0.4471682012081146,0.2774215177411124,0.3217107795533679,0.4471681955314818,0.5946242560942968,0.2165325574931644,40.62090673900786,0.2696591927891686,0.2696591963370641,5038.810128348215,66.1207830338251,5018.341548295454,3.125e-06,66.1207830338251,0.2564455611365182,0.9214405587741308,7.309627294540405,5038.810105096726,0.0523354892752,0.0523354899847791
75,train,0.5013104839030132,0.9533495446366648,0.4164147011695369,0.2614721398680441,0.2518247885088767,0.4164147018905609,0.5357996794965959,0.1180338728171522,17.15707535897532,0.2653452419145133,0.2653452497656627,4625.440101541499,25.92644589947116,4634.687235031385,3.125e-06,,0.2483255747825868,0.9229748739350226,60.90208387374878,4625.43976654545,0.0525048919202339,0.052504891880177
75,val,0.4625000002838316,1.030660629272461,0.4487483998139699,0.2728283639465059,0.3065630829050427,0.4487484040714445,0.6065139195748738,0.2225632550460951,40.47491981869652,0.2649453530708949,0.264945360876265,5095.063752673921,66.6817394438244,5084.88447265625,3.125e-06,66.6817394438244,0.2555519562392008,0.9214810388428823,7.355794429779053,5095.063738141741,0.0519185958518868,0.0519185965614659
76,train,0.5014784946557014,0.9527767199662424,0.4163520641384586,0.2619257493204968,0.2522419280903313,0.4163520653401651,0.5350877057400442,0.1158480135303351,17.3775316797277,0.2653307269016902,0.2653307299460134,4531.767397562663,25.93204645956716,4540.033914420902,3.125e-06,,0.2485474530727632,0.9228031394943116,60.88828659057617,4531.767734609624,0.0525217776096636,0.0525217777899196
76,val,0.4625000002838316,1.027220680600121,0.4472855428854624,0.2746505254790896,0.3143469364870162,0.4472855443046206,0.5993527628126598,0.2169218439431417,40.90789549691336,0.2821389607020786,0.2821389713457652,5021.717221214658,66.11985124860492,4997.076151160038,3.125e-06,66.11985124860492,0.256250452427637,0.9221153798557464,7.239968538284302,5021.717360723586,0.0581059792921656,0.0581059800017447
77,train,0.5009408602791448,0.9519156131052202,0.4165498968414081,0.2627047691293942,0.2544906624863224,0.416549895799929,0.5350383217296293,0.1187638968870204,17.11753357097667,0.2653664738260289,0.2653664824783161,4572.512788300874,25.866557413531886,4578.749889931213,3.125e-06,,0.2480627370457495,0.923288481850778,61.62609910964966,4572.512785224504,0.0526503417741066,0.0526503416839786
77,val,0.4639880955219269,1.012890949135735,0.4449418683846791,0.279510423541069,0.3326634239582788,0.4449418726421538,0.5856057362897056,0.2133277821398916,41.08111953735352,0.2736871363151641,0.2736871370247432,4952.479570661272,65.86009625026158,4929.5126953125,3.125e-06,65.86009625026158,0.259402606458891,0.9208388725916544,7.399072647094727,4952.479567754836,0.0595043879889306,0.0595043879889306
78,train,0.5011760752688172,0.950151204421956,0.4159918092591788,0.2626936316329946,0.2561898871615369,0.4159918085381549,0.5317790656480738,0.1175661065004846,17.663925283698624,0.2649864302046837,0.2649864356524201,4652.495868559807,26.18235124054776,4660.595077812632,3.125e-06,,0.248802757952162,0.9228183611105848,61.4588098526001,4652.495869913409,0.0525286763165426,0.052528676016116
78,val,0.4625000002838316,1.0167040342376346,0.4464405760878608,0.2778455189296177,0.3250733344327836,0.446440570411228,0.5922905107339224,0.2162668988818214,40.69881230308896,0.2717257844550269,0.2717257943891343,5037.599760509673,66.17694854736328,5025.279441879735,3.125e-06,66.17694854736328,0.2564824166752043,0.9216702041171846,7.528929471969604,5037.599789574033,0.0550724127817721,0.0550724133139564
79,train,0.5015120967741935,0.9507050592732684,0.4160739287573804,0.2625860466912229,0.2560448680193193,0.4160739294784043,0.533332528205969,0.1177075550320648,16.698563198889456,0.2651225435797886,0.2651225504695728,4573.501404054703,25.48641325325094,4582.67508509986,3.125e-06,,0.2485781041204288,0.9227753570002896,61.02985954284668,4573.501401839718,0.0526921775252107,0.0526921777254951
79,val,0.4639880955219269,1.0145384073257446,0.4451273608775365,0.2791143095209485,0.3312242527802785,0.4451273608775365,0.5869356564113072,0.2153609299233981,41.176188514346165,0.2762662633543923,0.2762662697406042,5074.672206333706,66.52277864728656,5062.407362689394,3.125e-06,66.52277864728656,0.2593549475783393,0.9206834123248144,7.385509252548218,5074.672258649553,0.0601128416047209,0.0601128405403523
80,train,0.5015120967741935,0.9499347589669688,0.416002291745396,0.2630462273154207,0.2559176472726688,0.4160022895823242,0.5322652171536159,0.1156720208624998,16.646384313542356,0.265246961385973,0.2652469650712064,4356.517771772159,25.00462455134238,4363.8494333800245,1.5625e-06,,0.2488888067904339,0.922847471570456,61.47364115715027,4356.517780837193,0.0526017281577311,0.0526017285182431
80,val,0.4639880955219269,1.0235007064683097,0.4462555249532063,0.275543769910222,0.3204419421298163,0.4462555235340482,0.5952092636199224,0.2160611333591597,41.17599896022252,0.2765154561826161,0.2765154590209325,5102.442161923364,66.62799317496163,5091.126598011364,1.5625e-06,66.62799317496163,0.258743826122511,0.9207645200547718,7.1537251472473145,5102.442135765439,0.0604158813754717,0.0604158822624456
81,train,0.5015793010111778,0.94836536690753,0.4154571866796863,0.2630753433832558,0.2586360359063712,0.4154571872004258,0.530494038376116,0.1172558875774504,16.40615853955669,0.2651387815193463,0.2651387874477653,4495.9983503075055,24.587895008825488,4503.562522030198,1.5625e-06,,0.248689773582643,0.9228575562918058,60.89158272743225,4495.998347456737,0.0525181481754908,0.0525181484258463
81,val,0.4625000002838316,1.0093904818807329,0.4458546056633904,0.2805395899783997,0.3316820888292222,0.4458546127591814,0.5866268262976692,0.219456275658948,40.51517186846052,0.2671312476907457,0.2671312533673786,5098.921976725261,66.31546401977539,5077.33886126894,1.5625e-06,66.31546401977539,0.2579021609964825,0.9209434929348174,7.493798017501831,5098.922130766369,0.0528822834825231,0.0528822829503388
82,train,0.5013104839030132,0.9511956420316492,0.4162359881785608,0.2628438386224931,0.2576824800782306,0.4162359896206086,0.5323294142401347,0.1195523894682366,17.543223678424795,0.2654148032588343,0.2654148082258881,6938.319741074757,26.70857664846605,4534.896797565499,1.5625e-06,,0.2488889896901704,0.9227719781219318,61.61997222900391,6938.3204094261255,0.0523369046508945,0.0523369048311505
82,val,0.4625000002838316,1.0323233831496466,0.4480422352041517,0.2730343320540019,0.3114849243845258,0.4480422422999427,0.6038310144628797,0.2174441037433488,40.79593831016904,0.2808220897402082,0.2808220897402082,5173.272553943452,66.92389333815802,5156.263512073863,1.5625e-06,66.92389333815802,0.2562224737235478,0.9222222396305628,7.396131753921509,5173.272612072173,0.0581135536943163,0.0581135522751581
83,train,0.5011424731503251,0.9507624170472544,0.4161429289047436,0.2628168699241454,0.2562722676704007,0.4161429303467914,0.5316971427490634,0.1177310026100566,17.355547197403446,0.2655400389464952,0.2655400436732076,4486.442407915669,26.15035947676628,4494.95334684327,1.5625e-06,,0.2491111676859599,0.9226448753828644,60.74343848228455,4486.442415380991,0.0525083918504977,0.0525083919205973
83,val,0.4639880955219269,1.0186010968117487,0.4469024751867567,0.2776002011128834,0.3232385714848836,0.4469024766059148,0.5938587359019688,0.2151375423584665,40.35081427437918,0.2728974897237051,0.272897496109917,5035.456104096912,66.0957776024228,5013.484342447917,1.5625e-06,66.0957776024228,0.2570505071254003,0.9213840507325672,7.312906980514526,5035.456153506324,0.0548586719447658,0.0548586715899762
84,train,0.5011424731503251,0.9502703803841784,0.4163495827746648,0.263165386293524,0.2555583421421307,0.4163495843769401,0.5343557998377789,0.1174434743300881,16.478436698195754,0.2649948897380982,0.2649948948653795,4502.1752386195685,24.946585024556807,4510.2612045339465,1.5625e-06,,0.2491533156203967,0.9227301529658738,61.22920107841492,4502.174897142636,0.0522275341534486,0.0522275343136761
84,val,0.4639880955219269,1.0147300646418618,0.4460823493344443,0.2790873263563428,0.3278632192384629,0.4460823535919189,0.589387181259337,0.2178283032207262,40.43457994006929,0.2746060171297618,0.2746060235159738,4973.237662179129,65.84780811128162,4946.617959872159,1.5625e-06,65.84780811128162,0.257929415220306,0.9212445105825152,6.972001791000366,4973.237758091518,0.0566145566602548,0.0566145559506756
85,train,0.5020497313109777,0.9469557327608908,0.4152579157743403,0.2629705469614716,0.258098368683169,0.4152579151334301,0.5308219094270019,0.1181737302892631,16.645916605508457,0.2655155366306664,0.2655155410369237,4330.204102875084,24.872947636471,4338.903360149756,1.5625e-06,,0.2491634495316013,0.9225821110510056,61.28176069259644,4330.20376775598,0.0527577612008298,0.0527577610806592
85,val,0.4625000002838316,1.0119229498363675,0.4466187102454049,0.2792085785241354,0.3259100090889704,0.4466187130837213,0.5909582709982282,0.2194956356570834,40.30190776643299,0.2661893793514797,0.2661893793514797,4997.424984886533,65.97050857543945,4976.516716974432,1.5625e-06,65.97050857543945,0.256263514359792,0.921188737664904,7.3207688331604,4997.424880254836,0.0501734607276462,0.0501734612598305
86,train,0.5016801075268817,0.9503888015144616,0.415930742698331,0.2621055146859538,0.2554651162316722,0.415930742698331,0.5335483758520054,0.1175156939894922,17.454706412489696,0.2654121342685915,0.2654121371526872,4462.863722688408,25.984860163862987,4471.492705456255,1.5625e-06,,0.2494663032953457,0.922565237488798,61.40361928939819,4462.863393886115,0.052580320867159,0.0525803207169457
86,val,0.4639880955219269,1.0247012830915905,0.4450558665252867,0.2760589335645948,0.3239039580027262,0.4450558665252867,0.5912106732527415,0.208965686460336,41.46353648957752,0.2945981742370696,0.2945981827520189,4941.432012648809,65.95433771042596,4916.013636363637,1.5625e-06,65.95433771042596,0.2597757719811939,0.920686804112934,7.107759475708008,4941.431919642857,0.0654340237379074,0.0654340233831178
87,train,0.501108871031833,0.9475562008478308,0.4157440242587879,0.2633113220173825,0.2592068667052895,0.4157440252201531,0.5313105229488624,0.1155986053849099,16.544560993871382,0.2652245158309577,0.2652245206377839,4506.882359658518,24.98858114468154,4515.853639061925,1.5625e-06,,0.2494198462014557,0.9225551941061532,61.25231552124024,4506.881687000234,0.0524601891276336,0.0524601891576763
87,val,0.4639880955219269,1.0185311010905675,0.4460405778317224,0.2757343302170436,0.3177305538029897,0.4460405707359314,0.5945661607242766,0.2166957635255087,40.52267683120001,0.270739150189218,0.2707391615424837,5035.573335193452,66.07354191371373,5016.865420809659,1.5625e-06,66.07354191371373,0.2562775895709083,0.9215881938026064,7.269203186035156,5035.573323567708,0.0535051137918517,0.0535051132596674
88,train,0.5023185484191423,0.94752139934609,0.4153004488156688,0.2635967179491956,0.2605762568212325,0.415300448735555,0.532162306289519,0.1145490613836114,16.957858485560262,0.2651715547807755,0.2651715607091944,4414.476900408345,25.561304241098384,4422.558845494332,1e-06,,0.2498652924613286,0.92234109422212,61.527015924453735,4414.476561351489,0.052332605705947,0.0523326059663167
88,val,0.4639880955219269,1.0115624439148676,0.4450199930440812,0.280338996223041,0.3345509781723931,0.445019998720714,0.5845298412300292,0.2101820547665868,40.73417109534854,0.2830915585869834,0.2830915642636163,5005.399809337798,66.07972753615607,4983.809931344697,1e-06,66.07972753615607,0.2585801453817458,0.9212949361119952,7.225065469741821,5005.399896530878,0.0588063695246265,0.0588063700568108
89,train,0.5015456990529132,0.9480144995194608,0.4155133497170222,0.2629294671839283,0.2569579229720177,0.4155133495567947,0.5309299353149629,0.1136786795111112,16.40458449753382,0.2653939818502754,0.2653939877786944,4377.998841726651,24.744718725963303,4386.798606014573,1e-06,,0.2494392256422709,0.92249696998186,61.765387773513794,4377.99917979907,0.0520025818979227,0.0520025815574392
89,val,0.4625000002838316,1.0213480194409688,0.4467760168370746,0.2758229715483529,0.3185063302516937,0.4467760097412836,0.596336095106034,0.2161643178690047,40.49290502639044,0.2749665798175902,0.2749665869133813,5061.371924990699,66.23970903669085,5049.556273674242,1e-06,66.23970903669085,0.256411014568238,0.9217788662229266,7.309451580047607,5061.371959867932,0.0545259238708586,0.0545259236934639
90,train,0.5018481182795699,0.9466118243753268,0.4153585370670082,0.2635591928997347,0.2600701345551398,0.4153585378681459,0.5269870918284181,0.1144969840684244,16.041469566283688,0.2655842819361276,0.2655842870634089,4516.933902207241,24.399988810221355,4525.677966842908,1e-06,,0.2490274531226004,0.9226375507411136,61.170976638793945,4516.933904299172,0.0526161444203187,0.052616144390276
90,val,0.4639880955219269,1.0226940966787792,0.4460884417806353,0.2753503833498273,0.3191654270603543,0.4460884460381099,0.5951509546665918,0.2119186360921178,40.54123061043875,0.2761105029355912,0.2761105107409613,4960.1417236328125,65.7991342090425,4939.8310546875,1e-06,65.7991342090425,0.2579140996649152,0.9210280719257536,7.224416971206665,4960.141712007068,0.0582587318051429,0.0582587326921167
90,val_periodic_epoch_90,0.4639880955219269,1.0226940966787792,0.4460884417806353,0.2753503833498273,0.3191654270603543,0.4460884460381099,0.5951509546665918,0.2119186360921178,40.54123061043875,0.2761105029355912,0.2761105107409613,4960.1417236328125,65.7991342090425,4939.8310546875,1e-06,,0.2579140996649152,0.9210280719257536,7.267705917358398,4960.141712007068,0.0582587318051429,0.0582587326921167
91,train,0.5015120967741935,0.9477134733110346,0.415557900663986,0.2634982170276744,0.2602157290744525,0.4155579009043273,0.532435319676835,0.1143400676508424,16.168849452849358,0.2652743754367674,0.2652743800833661,4485.64133010372,24.70678085921913,4493.284639773385,1e-06,,0.249555308812408,0.9224544696269495,61.29790282249451,4485.6420052231,0.0523371797215233,0.0523371798216655
91,val,0.4639880955219269,1.013388684817723,0.44574988030252,0.2787303363993054,0.3270544927744638,0.4457498774642036,0.5892105024485361,0.2130298163919221,40.499699456351145,0.2721422371410188,0.2721422371410188,4966.444771902902,65.88482266380673,4948.484324692235,1e-06,65.88482266380673,0.2581230678728649,0.9211925466855369,7.390578031539917,4966.444806780134,0.0557535283622287,0.055753526588281
92,train,0.5013104839030132,0.9475390409590096,0.4157954552160796,0.2639684301390442,0.2611979786106335,0.4157954579399478,0.5331539979945588,0.1148568090572152,16.883883471130044,0.2648438699944045,0.264843874000093,4608.074673396285,25.26147233286212,4616.729174969092,1e-06,,0.249857452928379,0.9225156762266672,61.46843457221985,4608.074668145949,0.052148620638075,0.0521486206080323
92,val,0.4639880955219269,1.0069903617813474,0.4450887555167788,0.2800135286081405,0.3310700229236057,0.4450887555167788,0.5857576905261903,0.2104298153093882,40.20922579084124,0.2675674039693105,0.267567413903418,4935.037338983445,65.63621339343842,4917.333673650568,1e-06,65.63621339343842,0.2583028489635104,0.9210753696305412,7.297345638275146,4935.037292480469,0.0516573957034519,0.0516573967678206
93,train,0.5012768817845211,0.9488055715637822,0.415914440467473,0.2634664793168345,0.2572550409102953,0.4159144397865059,0.5336033587634403,0.1145590148185209,16.123540637313678,0.2654826481656361,0.2654826516105282,4333.623414849722,24.22997477234051,4342.134484328967,1e-06,,0.2495510545308872,0.922596457184002,61.43649458885193,4333.623409107167,0.0524436720817159,0.0524436717011755
93,val,0.4639880955219269,1.009266007514227,0.4442291245574042,0.2804360325847353,0.335559701635724,0.4442291273957207,0.5824549623898098,0.2144275878866513,40.55027235121954,0.2773021154460452,0.2773021260897318,4948.537533714658,65.77463022867839,4928.752192826704,1e-06,65.77463022867839,0.2604964489028567,0.9203899417604718,7.405613422393799,4948.5374755859375,0.0604095416409628,0.0604095409313837
94,train,0.5013440860215054,0.9458610125446832,0.4153488848799018,0.264149001128571,0.2625149510079814,0.4153488823162612,0.5296200385257122,0.1139231997151528,15.902053915044313,0.2655003615604934,0.265500366207092,4573.0852389592,23.915221024585023,4581.24974315913,1e-06,,0.249787795127079,0.9224818060475012,61.35629987716675,4573.085575349869,0.0525537056307638,0.0525537056307638
94,val,0.4625000002838316,1.0170036270504903,0.4462754627068837,0.2776945644900912,0.3231826041425977,0.4462754627068837,0.5921033095745813,0.2169773042911575,40.24003909883045,0.2697211908442633,0.2697212000687917,4975.518200102307,65.77764347621373,4958.378497869318,1e-06,65.77764347621373,0.2576043811582383,0.9212194085121156,7.2611565589904785,4975.518136160715,0.0558069696029027,0.0558069697802975
95,train,0.5009744623976369,0.9486436177325503,0.4159975357113346,0.2636401124538914,0.2592880298854202,0.4159975347499693,0.5325775563877116,0.1132384866516115,16.325840626993486,0.2653523944718863,0.265352399118485,4451.22335620593,24.5323139903366,4459.34066848498,1e-06,,0.249708096506775,0.9226061849183934,61.43455529212952,4451.223357026295,0.0520011584064172,0.0520011583363176
95,val,0.4639880955219269,1.006330064364842,0.444981513988404,0.2807625837269283,0.3339444427263169,0.4449815111500876,0.5840486813159216,0.2131441817397163,40.42594537280855,0.2700302827925909,0.2700302842117491,4958.023501441592,65.79990078154064,4935.346516927083,1e-06,65.79990078154064,0.2582689821720123,0.9208982388178508,7.429407835006714,4958.023518880208,0.0527261307551747,0.0527261318195433
96,train,0.5006048387737685,0.9473172001620774,0.415893158524908,0.2642931794767739,0.2606775049240358,0.4158931579641116,0.5293771903761613,0.1155213481716571,16.415060381735525,0.2650751030893736,0.2650751099791578,4451.692384412212,24.49558293434881,4458.794191425978,1e-06,,0.2497944613137553,0.92262299278731,61.29979228973389,4451.693058916318,0.0525613503570678,0.0525613498914065
96,val,0.4639880955219269,1.0108951585633414,0.4435506604966663,0.2816021399838583,0.3425138280505225,0.4435506619158245,0.5785635184674036,0.2114010268733615,40.84542229062035,0.2863569323505674,0.2863569437038331,4982.352975027902,65.99346288045247,4957.836348839962,1e-06,65.99346288045247,0.2628835418394634,0.9200775424639384,7.333144187927246,4982.3530040922615,0.066872179685604,0.0668721802177883
97,train,0.5018817205582896,0.94645761562291,0.415441491270578,0.2637822884385303,0.2599931951331836,0.4154414896683026,0.5316960648984037,0.1154567557036556,16.325836817423504,0.2650766699544845,0.2650766778056339,4428.549473752258,24.524117782551755,4436.061351470434,1e-06,,0.2496609400997879,0.922601899472616,61.72807502746582,4428.5494675995205,0.0523891500748133,0.0523891497844009
97,val,0.4639880955219269,1.0136487427211942,0.4458290352707817,0.2779029238791692,0.3244143830878394,0.4458290395282563,0.5905869184505372,0.2150459342769214,40.479773748488654,0.2706202332462583,0.2706202375037329,4935.077014741443,65.61486144292923,4910.647688802083,1e-06,65.61486144292923,0.2567459309384936,0.921257870537894,7.319925785064697,4935.077078683035,0.0518756854747022,0.0518756849425179
98,train,0.5005712365751626,0.9473278831730608,0.4157806864028336,0.2642280013971431,0.2620006073867121,0.4157806873641988,0.5310242294223719,0.1140318572801608,16.296783078101374,0.2653320817056522,0.2653320861920233,4461.844194473759,24.717827761045065,4470.018345482823,1e-06,,0.2498872372251685,0.9224841152468036,61.26603436470032,4461.844191766554,0.0525137907474912,0.052513790467093
98,val,0.4639880955219269,1.0113339225451152,0.4444566354865119,0.2795506446134476,0.3325719854661396,0.4444566397439866,0.5842298411187672,0.2130055168554896,40.80098878769648,0.2754398208288919,0.2754398293438412,4929.753505161831,65.61339169456845,4906.212201112689,1e-06,65.61339169456845,0.2610510708320708,0.9200424608730134,7.301003932952881,4929.753481910342,0.0605323818467912,0.0605323825563703
99,train,0.5008064516449487,0.9472391672672764,0.4156779966527416,0.263707171044042,0.2611176642358944,0.4156779981749032,0.5306874101841321,0.113952185738311,16.676329256385884,0.2654106588132919,0.2654106666644414,4505.56942080426,25.31222085029848,4514.576408000908,1e-06,,0.2496504089043986,0.922549602165017,61.24320888519287,4505.569418548256,0.0525819481881235,0.0525819486087208
99,val,0.4639880955219269,1.0151741788500832,0.4451284011205037,0.2786460561411721,0.3295659642843973,0.4451283954438709,0.5874694301968529,0.2127179095432871,40.72264171781994,0.2826448742832456,0.2826448806694576,5002.853242420015,66.07817377362933,4986.436242305871,1e-06,66.07817377362933,0.2588256029855637,0.920807923589434,7.188528060913086,5002.853280203683,0.0601483168346541,0.0601483178990227
100,train,0.5018145161610778,0.9453956857323648,0.4149410598060136,0.2637508919322363,0.2624966542246521,0.4149410608474926,0.5278821091458041,0.1122743926982405,16.427620646774127,0.2655117567828906,0.2655117607885791,4225.969553424466,24.43033717780985,4233.751096351701,1e-06,,0.2498183211171498,0.9224760070923836,61.073763608932495,4225.969557936473,0.0523331471949174,0.0523331469645904
100,val,0.4625000002838316,1.009484677087693,0.4459380067530132,0.2807213621480124,0.3325643709727696,0.4459380110104878,0.5864149736506599,0.2108006789570763,40.30653117951893,0.274398263721239,0.2743982651403972,5020.6495361328125,66.07642600649879,4998.277231297348,1e-06,66.07642600649879,0.258745130328905,0.920771715186891,7.300095558166504,5020.6496988932295,0.0524193373996587,0.0524193385527247
101,train,0.5015120967741935,0.9456530388004036,0.4152946326360908,0.2642937376294085,0.2631367174207523,0.4152946327963183,0.5276436023814703,0.1130073054903938,16.451962835045272,0.2654065094006959,0.2654065142075221,4515.679215667068,24.839608361644128,4522.9344841645625,1e-06,,0.2500901566718214,0.9222946801493244,60.88581013679504,4515.679548202023,0.0522875506531006,0.0522875509334988
101,val,0.4639880955219269,1.017280252206893,0.4461572823070344,0.2777051336708523,0.3253681680985859,0.4461572851453508,0.5916059442928859,0.2140147065122922,40.77649543398903,0.2752473538830167,0.2752473645267032,5111.131969633557,66.57701810201009,5091.765648674243,1e-06,66.57701810201009,0.2575765663669223,0.9213423842475528,7.173741102218628,5111.132048107329,0.0555590245695341,0.0555590245695341
102,train,0.5017137098056014,0.94660116700075,0.4155181966802125,0.264052514988248,0.2601082468385337,0.4155181961194161,0.5295181392982442,0.1105714534078874,16.183080957781883,0.2655177714042766,0.265517778213947,4443.273637874152,24.32286468116186,4452.227290020567,1e-06,,0.250062080160264,0.9225240852884068,60.54557776451111,4443.273637340915,0.0520317186451246,0.0520317187352526
102,val,0.4625000002838316,1.011518921170916,0.4466177281879243,0.2791026319776262,0.325767566050802,0.4466177338645571,0.5910256171510333,0.2133217223343395,40.32372311183384,0.2673916291622888,0.2673916298718679,5008.620317731585,65.84579976399739,4984.723618016098,1e-06,65.84579976399739,0.2564354638258616,0.9211992593038648,7.323862552642822,5008.620396205357,0.0477543534444911,0.0477543533557937
103,train,0.5009744623976369,0.949430650600823,0.4159347715797604,0.2630125953144924,0.2579535517080497,0.4159347714996466,0.5313539518223654,0.113277432799179,16.57369117326634,0.2658860963839357,0.2658861015112169,4449.986351874567,24.932608819776966,4458.0790154145625,1e-06,,0.249506026826879,0.9226585110669496,60.44355511665344,4449.985675032421,0.0523107561873652,0.0523107560671946
103,val,0.4639880955219269,1.0310125407718478,0.4466113362993513,0.2740330618052256,0.3166591276725133,0.446611334880193,0.5982846539644968,0.2142620565635817,40.98277428036644,0.2859160694338026,0.285916072272119,5100.80562046596,66.669128599621,5087.195732717803,1e-06,66.669128599621,0.2596219359409241,0.9205144161269778,7.168428421020508,5100.805730910528,0.0631982277901399,0.0631982276127452
104,train,0.5011424731503251,0.9450544908802996,0.4155378504305757,0.2649469413263823,0.2640296009279066,0.4155378515521685,0.5270313858104649,0.1115630877915249,16.400182367652974,0.2652814534082207,0.2652814590962984,4323.356426772251,24.74451070703486,4331.030474093145,1e-06,,0.2503393910104228,0.9223692019780476,60.56587076187134,4323.356771817771,0.0521670695574533,0.0521670698078088
104,val,0.4639880955219269,1.0038980728104,0.4435979454290299,0.2832292389302027,0.3450836894058046,0.4435979468481881,0.5763102571169535,0.2073417281111081,41.235899970644994,0.2786547676438377,0.2786547740300496,5007.589617047991,66.24989845639183,4991.907066761363,1e-06,66.24989845639183,0.2613845077298936,0.9202727022625152,7.167350769042969,5007.58952985491,0.0606973868395601,0.0606973873717444
105,train,0.5009744623976369,0.9433637206913322,0.4151793914616749,0.2653774700818523,0.2671266541846336,0.4151793913815611,0.528221370472062,0.1111471614530009,15.981175135540706,0.2653089471722162,0.265308952459725,4251.903284093385,24.448114323359665,4260.086416492398,1e-06,,0.2502720171725878,0.9226341116172012,60.99488949775696,4251.903620853219,0.052559164763298,0.0525591650737389
105,val,0.4639880955219269,1.0181125572749548,0.4448595089571817,0.2782869317701885,0.3301410419600351,0.4448595075380234,0.5870986921446664,0.2094737858999343,41.23550269717262,0.2838345240978968,0.2838345290649505,5068.759934198289,66.47604115804036,5051.142885890152,1e-06,66.47604115804036,0.2610410962785993,0.9206481746264866,7.140999794006348,5068.760006859189,0.0635015859845138,0.0635015870488825
106,train,0.5015120967741935,0.94564272703663,0.4153810774767271,0.264474057702608,0.2631611961030191,0.4153810773164995,0.5310600602658846,0.1115250143432809,16.152223240944647,0.2653754835007011,0.2653754881472998,4448.193154365786,24.456389052893527,4456.039061513573,1e-06,,0.2504686736451682,0.922337567934426,60.92016935348511,4448.193163553874,0.0523362018628626,0.0523362017326778
106,val,0.4625000002838316,1.0142637264160883,0.4448984634308588,0.2791984868901117,0.331421007712682,0.444898464850017,0.5860546451239359,0.210429993768533,40.817709514072966,0.2822571034942354,0.2822571155570802,5000.751185825893,66.02290035429455,4979.860606060606,1e-06,66.02290035429455,0.259938440152577,0.9205663629940578,7.186580181121826,5000.751116071428,0.0613536153520856,0.0613536151746908
107,train,0.5016129032898975,0.94648620157793,0.4153066079222386,0.2640037537422231,0.2621283971013561,0.4153066079222386,0.5277780702197423,0.1136924891622476,16.019990921020508,0.2656837132989719,0.2656837189069358,4284.897907872354,24.4046477553665,4293.489084088361,1e-06,,0.2498940466552652,0.9225462761617476,60.64453411102295,4284.897904262748,0.0523627703729015,0.0523627707233992
107,val,0.4625000002838316,1.0113642726625716,0.4459504243873414,0.2792643429267974,0.3280229270458221,0.445950421549025,0.5890050892318998,0.2151136075456937,40.43006569998605,0.2652316022486913,0.2652316022486913,5074.142171223958,66.34416026160831,5063.141657788826,1e-06,66.34416026160831,0.2579172807080405,0.9208800764310928,7.1138529777526855,5074.142211914063,0.0526011242043404,0.0526011243817352
108,train,0.5015793010111778,0.9436969344494164,0.4148465492311985,0.264622627727447,0.2652849772925018,0.4148465484300608,0.5294106678676701,0.1094049563611386,16.455196183214905,0.2653550209217174,0.2653550266899088,4369.7343083658525,24.395586141975976,4378.351613701714,1e-06,,0.2505668859968903,0.9224000329612404,60.478896379470825,4369.734308570944,0.0520811049588104,0.0520811050789811
108,val,0.4625000002838316,1.0094354550043745,0.4458181105908893,0.2807081845544633,0.332608360619772,0.4458181091717311,0.586310109212285,0.2135552210467202,40.52678698585147,0.2704102191187086,0.2704102247953415,5038.785272507441,66.26592763264973,5014.697280421402,1e-06,66.26592763264973,0.2587007411888667,0.9205159431412108,7.111907958984375,5038.785260881697,0.0531326540346656,0.0531326540346656
109,train,0.5019153225165541,0.9447785854660056,0.4148795550228447,0.2638400672904907,0.2615102618452041,0.4148795569455751,0.5269639206829891,0.1093299849940243,16.007391211807086,0.2659187927361457,0.2659187981838821,4400.436501779864,24.20773526673676,4408.714649876039,1e-06,,0.2500579167277582,0.9225107344888872,61.15346622467041,4400.436834437873,0.0522336430487132,0.0522336426481444
109,val,0.4625000002838316,1.017234089828673,0.4471642971038818,0.2776623020569483,0.3231979679493677,0.44716429852304,0.5945767313241959,0.2150554522162392,40.45100775219145,0.2759176868767965,0.2759177053258532,5120.817763555618,66.54838770911807,5097.866432883523,1e-06,66.54838770911807,0.2560014341558729,0.9213503003120422,7.253586769104004,5120.8178304036455,0.0506332485626141,0.0506332484739167
110,train,0.5013104839030132,0.944594695843676,0.4152493021020325,0.2645475068880665,0.2637429295848774,0.4152493006599846,0.5255011317710723,0.1092749392433512,15.642570267441451,0.265811808647648,0.2658118150567495,4274.570589045043,23.64513088041736,4282.528688208583,1e-06,,0.2495792105153042,0.922513501298043,61.02324318885803,4274.570586255802,0.0525612063525665,0.0525612062223816
110,val,0.4625000002838316,1.0191364600544883,0.4470019510814121,0.2766365990752265,0.3198910135598409,0.4470019510814121,0.5959042402960005,0.2154492281732105,40.64056024097261,0.2681615224906376,0.2681615295864287,5129.809090750558,66.70262972513835,5112.330524976326,1e-06,66.70262972513835,0.257169790211178,0.921061751388368,7.4389917850494385,5129.80906749907,0.0521395697834945,0.0521395696060998
111,train,0.5018817205582896,0.9446502122827756,0.4152476625737323,0.2648274243198415,0.2639933657101405,0.4152476611316845,0.5289826315817654,0.1108933123409427,16.434484163920086,0.2653560488614985,0.2653560553507138,4524.45580972651,24.755031806166453,4533.40205280548,1e-06,,0.2502187903049171,0.9224929748683848,60.358593463897705,4524.455803573773,0.0518541450221692,0.0518541455429087
111,val,0.4625000002838316,1.0118379678045,0.4441107639244624,0.2802836675019491,0.3362437273774828,0.4441107639244624,0.582308753615334,0.2106435447931289,40.667354947044736,0.2825129330158233,0.2825129351445606,4980.747526622954,65.99964941115607,4958.568090080493,1e-06,65.99964941115607,0.2612121608995256,0.9199292205628896,7.187978029251099,4980.747497558594,0.0631894779702027,0.0631894779702027
112,train,0.5018481182795699,0.945612736446883,0.4153136199200025,0.2642622275217887,0.263324194537696,0.4153136200001163,0.5285612270236015,0.1080381180690501,15.666145960489908,0.2656217297559143,0.2656217339218303,4325.196748548939,23.678216703476444,4333.782181063565,1e-06,,0.250300415421045,0.9224372647141896,60.24763464927673,4325.197082273422,0.0521169625603223,0.0521169631211187
112,val,0.4639880955219269,1.004545353707813,0.4443773002851577,0.2824230641126632,0.3394437630971272,0.4443772946085249,0.5797401907898131,0.2111963335247267,40.81151853288923,0.2706588769242877,0.2706588797626041,5005.446161179316,66.12629163832892,4988.421759588068,1e-06,66.12629163832892,0.260423746846971,0.9200452509380522,7.245603561401367,5005.446219308035,0.0558575659635521,0.0558575666731312
113,train,0.5018481182795699,0.944071211161152,0.4150418367597364,0.2644634379815029,0.2640113937918857,0.4150418374807604,0.5266285400877717,0.110018639715128,15.892239739817958,0.2657010536040029,0.2657010582506016,4421.191814955845,24.304569777622017,4424.038135608198,1e-06,,0.250460275959584,0.922218083373962,60.667236328125,4421.191480841688,0.0520788534414223,0.052078853381337
113,val,0.4625000002838316,1.0134538525626773,0.4462725023428599,0.2783392880644117,0.3246335898126875,0.4462724995045435,0.5912577595029559,0.2127304981861795,40.247741154262,0.2674235737039929,0.2674235772518885,4986.071597144717,65.88850929623558,4964.439509351326,1e-06,65.88850929623558,0.2569315759908585,0.9207647414434524,7.25564694404602,4986.071666899182,0.0501702774670862,0.050170278797547
114,train,0.5016801075268817,0.9442446118080488,0.4150278606722432,0.2644392765497648,0.263608993461696,0.4150278625148599,0.5262906186042293,0.1074831045322841,15.374291045691376,0.2660734206438064,0.2660734275335906,4218.866295640187,23.20784560582971,4227.36665760387,1e-06,,0.2503404403405805,0.9222586648438568,60.546934604644775,4218.866290717997,0.0525124119895119,0.0525124117091137
114,val,0.4625000002838316,1.0147413923626851,0.4455144703388214,0.278399000565211,0.3276841484365009,0.4455144660813467,0.5889181977226621,0.2108898035117558,40.93856493631999,0.2768050460588364,0.2768050517354692,5049.540036156064,66.28571691967193,5031.687088660038,1e-06,66.28571691967193,0.2590623356047131,0.9207824752444312,7.290136337280273,5049.540149507068,0.0568588258964674,0.0568588255416779
115,train,0.501377688300225,0.9416929489822798,0.4145942239030715,0.2651489413874123,0.2661832937950729,0.4145942234223889,0.5241019548748129,0.1059207144163308,15.28307983952184,0.2658274200975254,0.2658274244236689,4207.413936820081,23.33110227892476,4215.755057081229,1e-06,,0.2503388909402714,0.9224001371091411,60.682618379592896,4207.414277517667,0.052544060713982,0.0525440608742096
115,val,0.4625000002838316,1.0082142097609383,0.4458091060320536,0.2809886187314987,0.3330363006818862,0.4458091031937372,0.5856312683650425,0.2105835200775237,40.67300714765276,0.2685797356423877,0.2685797448669161,5026.746884300595,66.16924249558221,5008.835949337121,1e-06,66.16924249558221,0.2576496501763661,0.921007582119533,7.412083864212036,5026.747052873884,0.0512226341913143,0.0512226346348013
116,train,0.5010752688332271,0.9438380759249452,0.4154297720680954,0.2656600002640037,0.2668636192076949,0.4154297740709397,0.5266711213575896,0.1051322452483638,15.854790882397724,0.2657206095354531,0.2657206146627344,4324.221434644473,23.939556834518267,4330.741393673059,1e-06,,0.2509331533344843,0.9222311002592888,60.72166156768799,4324.221429763302,0.0522744584708444,0.0522744584207733
116,val,0.4639880955219269,0.9991802232606072,0.4431927260898408,0.2831161802723294,0.3448675941853296,0.4431927246706826,0.5758453210194906,0.2067318963153021,41.15310905093239,0.2740626228707177,0.2740626391910371,5001.525129045759,66.08658218383789,4983.082865767045,1e-06,66.08658218383789,0.2607769150109518,0.920492810862405,7.180680751800537,5001.524937220982,0.0563262614111105,0.0563262637172426
117,train,0.501747311763866,0.944412660855119,0.4148474588028846,0.2640520239709526,0.2625692050142955,0.4148474592034534,0.5280907646782936,0.1079584146819768,15.947619543280652,0.2660286626828614,0.2660286695726456,4363.081743506975,23.90487560149162,4370.923000636245,1e-06,,0.2501921800355757,0.9224870717653664,60.24829721450806,4363.081744819559,0.0519718554231428,0.0519718555933845
117,val,0.4625000002838316,1.0124443485623311,0.4471095715250288,0.2792996203615552,0.3247478405634562,0.4471095715250288,0.5919057435932613,0.2154172666016079,40.27266684032622,0.2672676117647262,0.2672676202796754,5015.91509719122,65.90663301377069,4991.629356060606,1e-06,65.90663301377069,0.2564764824651536,0.9209574716431754,7.327765226364136,5015.914951869419,0.0466637462377548,0.0466637461490574
118,train,0.5015456990529132,0.9417600029258316,0.4147802616960259,0.2655454697788402,0.2679787395141458,0.4147802608948882,0.5241629564633934,0.1072870748898675,15.576830415315523,0.2658686270156214,0.2658686333446092,4335.237852732341,23.71065814520723,4343.410738426748,1e-06,,0.2508875923131102,0.922266773959642,60.75773024559021,4335.2378554395455,0.0523451533148525,0.0523451533048383
118,val,0.4625000002838316,1.0093750868524825,0.4463126560052236,0.2809685518344243,0.3325646462894621,0.4463126560052236,0.5869584580262502,0.2072734676656268,40.51757340204148,0.2731744015500659,0.2731744058075405,5063.6022542317705,66.23989450363885,5041.405794270833,1e-06,66.23989450363885,0.2582657010782332,0.9210434187026252,7.353776931762695,5063.602201915923,0.0503555951373917,0.0503555956695761
119,train,0.501747311763866,0.943797498781194,0.4148339923991951,0.2644990822801026,0.2637413100049059,0.4148339943219257,0.5299093674828288,0.1054408824051259,16.06636023265059,0.2657926960658001,0.2657927005521713,4359.7148731600855,24.09902427529776,4368.389215940739,1e-06,,0.2509795611584058,0.9222199147747407,60.66478705406189,4359.714866597165,0.0515135635812115,0.0515135636813538
119,val,0.4625000002838316,1.0146605031830924,0.4448296981198447,0.2788241675921848,0.3312293674264635,0.4448296952815282,0.5862359787736621,0.2062188372725532,40.60098084949312,0.2848552955048425,0.2848553026006335,4987.9379650297615,66.00495456513904,4968.449689275568,1e-06,66.00495456513904,0.2598550873143332,0.9207895625205268,7.281032085418701,4987.93816266741,0.0598227392349924,0.0598227394123872
120,train,0.5016801075268817,0.9419166530652712,0.4147386022152439,0.2653941645897845,0.2674611458374608,0.4147386028561541,0.5246647146119866,0.1049953300946502,15.758089101442726,0.2658642358196679,0.2658642395850151,4424.717081726239,24.00110031199712,4432.532630196003,1e-06,,0.2506680704893604,0.9224033128189784,60.72422528266907,4424.717084412934,0.051875909129458,0.0518759089992732
120,val,0.4639880955219269,1.0096995745386397,0.444962515717461,0.2809103138390041,0.3352033467519851,0.4449625142983028,0.5834368885982604,0.2079898466666539,40.78676014854794,0.2774934115863982,0.2774934215205056,5030.561628069197,66.2696050008138,5012.497952178031,1e-06,66.2696050008138,0.259694551428159,0.9208148235366458,7.243917226791382,5030.561657133557,0.0578837919802892,0.0578837912707101
120,val_periodic_epoch_120,0.4639880955219269,1.0096995745386397,0.444962515717461,0.2809103138390041,0.3352033467519851,0.4449625142983028,0.5834368885982604,0.2079898466666539,40.78676014854794,0.2774934115863982,0.2774934215205056,5030.561628069197,66.2696050008138,5012.497952178031,1e-06,,0.259694551428159,0.9208148235366458,7.137267827987671,5030.561657133557,0.0578837919802892,0.0578837912707101
121,train,0.5017137098056014,0.9415583405443416,0.414807883642053,0.2657961575414544,0.2698699113342069,0.4148078806778436,0.5246714836647434,0.1037269199206944,15.874124485959287,0.2660276247288591,0.2660276311379607,4443.067800870505,24.12464943752494,4451.112048504248,1e-06,,0.250377716957241,0.9224659489688052,60.35503268241882,4443.067126981674,0.0523334025074878,0.0523334023873171
121,val,0.4625000002838316,1.0174029895237513,0.4462099614597502,0.2778451854274386,0.3250225136677424,0.446209960040592,0.5914151562111718,0.2065089706863676,40.63821910676502,0.2798197170098622,0.2798197134619667,5067.360467819941,66.34209587460472,5049.163337476326,1e-06,66.34209587460472,0.2582570761442184,0.9210371460233416,7.231319904327393,5067.360508510044,0.0550528172226179,0.0550528170452231
122,train,0.5008064516449487,0.94346420979628,0.415178033773617,0.2655081842695513,0.2669998134175936,0.4151780341741859,0.5264155974070872,0.1020184278247818,15.924941990965156,0.266201431232114,0.2662014361991677,4230.594859830795,23.752451101938885,4239.051241212582,1e-06,,0.2504908386417614,0.9224364244809716,60.125433683395386,4230.594191971645,0.0522200498349403,0.052220050315623
122,val,0.4625000002838316,1.0113556952703566,0.4462828934192657,0.2792196004163651,0.3277039598850977,0.4462828877426329,0.5897793826602754,0.2056182814495904,40.46015939258394,0.2707861257450921,0.2707861264546712,5074.510968889509,66.29499580746605,5051.255797230114,1e-06,66.29499580746605,0.2576816486460822,0.9208834284827824,7.60576605796814,5074.510829380581,0.0497590411631833,0.049759040630999
123,train,0.5011424731503251,0.9425976193079384,0.4150220864722805,0.2652942376431598,0.2674911051027236,0.4150220871933044,0.5243621712891005,0.1043369635458915,15.500827655997329,0.2660274935826178,0.2660274980689889,4191.711216095955,23.51513638804036,4198.961454983592,1e-06,,0.2504616103345348,0.9223944711428816,61.43569326400757,4191.711216547156,0.0521480701563339,0.0521480704567605
123,val,0.4625000002838316,1.008039258775257,0.4455264437766302,0.2808874064967745,0.3329875774326779,0.4455264366808392,0.5850756863753,0.2077918201684951,40.523931594122026,0.2728967191207976,0.2728967212495349,5062.086658296131,66.2190796988351,5040.935999644887,1e-06,66.2190796988351,0.2588526187908082,0.9206300945509048,7.3234522342681885,5062.086559477307,0.0524176891360964,0.0524176900230702
124,train,0.5006048387737685,0.9427440543008108,0.4150365022241428,0.2651368001455901,0.2666019744450046,0.4150365031053943,0.5264606411739062,0.101607055893989,15.537841581529186,0.2664460416442604,0.2664460450090388,4343.0809761785695,23.686063079423803,4351.223828536011,1e-06,,0.2503742101371929,0.9225230518207757,60.45704436302185,4343.0809807315945,0.0523086126433104,0.0523086125131255
124,val,0.4639880955219269,1.0011717762265886,0.4439172858283633,0.2840468869322822,0.3461776063555762,0.4439172844092051,0.5759057899316152,0.2036898838622229,41.004602523077104,0.2749327279272534,0.2749327265080951,5034.800792875744,66.28778384980701,5014.004364938447,1e-06,66.28778384980701,0.2610000116484506,0.920203441665286,7.242830038070679,5034.800851004465,0.0574199814526807,0.0574199810978912
125,train,0.5011424731503251,0.9418618135875272,0.4148192452967807,0.2650387511458448,0.2671961092980959,0.4148192427331401,0.5228785253179971,0.1032284989912984,15.582289734194356,0.266748616852427,0.2667486225405047,4270.63842244302,23.73852820550242,4278.662250372377,1e-06,,0.2499933846855676,0.9228023008633686,60.33782267570496,4270.638085519114,0.0522516558187142,0.0522516555283018
125,val,0.4625000002838316,1.0313681960105896,0.4451012143066951,0.2755489030054637,0.3235173473755519,0.4451012171450115,0.5919350442432222,0.2042538374662399,41.585664476667134,0.3023215475536528,0.3023215475536528,5136.840869721912,67.20492081415085,5116.144415838068,1e-06,67.20492081415085,0.2620724354471479,0.9204326130094982,7.181174755096436,5136.840866815476,0.0715973485438596,0.071597351382176
126,train,0.5009744623976369,0.940952516371204,0.4148628150102912,0.266336347066587,0.2707518484163028,0.4148628137284709,0.5249921839724305,0.1013221681438466,16.40265029989263,0.2662407188646255,0.2662407233509966,4321.085636877245,24.54020396612024,4329.17190592859,1e-06,,0.2507596817067874,0.9223333395296528,60.51822805404663,4321.085972037366,0.0520460317912761,0.0520460320416317
126,val,0.4625000002838316,1.0143827058020092,0.4458143980730147,0.2789364712578909,0.329098873195194,0.4458144023304894,0.5887135622047243,0.2045062744901293,40.72635005769276,0.2776464756046022,0.2776464819908142,5120.3779703776045,66.74423163277763,5099.523893229167,1e-06,66.74423163277763,0.2585134676524571,0.920841029712132,7.389673948287964,5120.378005254836,0.054860475162665,0.0548604756948493
127,train,0.5009744623976369,0.942311301346748,0.4151624981914797,0.2659484533372745,0.2684894342736531,0.4151624970698869,0.5253989532269457,0.0999880378204648,15.6233425653109,0.2666460639366539,0.2666460711468932,4394.070315863497,23.64340071524343,4401.620948046546,1e-06,,0.2508862802899012,0.92237153072511,61.12705326080322,4394.069978447371,0.0520803828233031,0.0520803826130045
127,val,0.4625000002838316,1.0169605101857866,0.4463079954896654,0.2779286361875988,0.3251625114963168,0.446307992651349,0.5917210962091174,0.2038924630199159,40.63227935064407,0.2767038913000197,0.276703899814969,5085.391095842634,66.47553452991303,5065.481557765152,1e-06,66.47553452991303,0.2577425986528396,0.9210760593414308,7.083803415298462,5085.391031901042,0.0545632267991701,0.0545632266217754
128,train,0.5007728495264566,0.9422003682903064,0.4152685509574029,0.2663422291797976,0.2692494314684662,0.4152685520789956,0.5242222829531598,0.0980019222304064,15.530982476408765,0.2669600427791636,0.2669600458234869,4186.458908942438,23.29230745889808,4194.393857808225,1e-06,,0.2508425049243434,0.9223630101450028,61.12468433380127,4186.458572223623,0.0521037467625192,0.0521037469527894
128,val,0.4639880955219269,1.010421165398189,0.4454839683714367,0.2794733430658068,0.3295356021040961,0.4454839626948039,0.5873438559827351,0.2013905811167898,40.59983398800805,0.2698394599415007,0.2698394727139246,5041.926618303572,66.22849891299293,5018.121620501894,1e-06,66.22849891299293,0.2575437383992331,0.92140645640237,7.291860580444336,5041.926606677827,0.0521003776008174,0.0521003776008174
129,train,0.5011760752688172,0.9429467309226272,0.4150329168926003,0.2657655718666251,0.2687491424461847,0.4150329159312351,0.5258658031222,0.0985731936951157,15.685202667790074,0.2669270285355147,0.2669270330218858,4351.053574387745,23.72073006886308,4358.3567195802425,1e-06,,0.2505278330977245,0.9226358523291928,61.463605642318726,4351.053243862685,0.051583317639206,0.0515833175290496
129,val,0.4639880955219269,1.0036277714229764,0.4452262492406936,0.2822932459059216,0.3365545138007119,0.44522625207901,0.5824148378201893,0.2045041411405518,40.503961472284224,0.2651233297018778,0.2651233396359852,5017.757376534598,66.0996208190918,4995.652249053031,1e-06,66.0996208190918,0.2578156271151134,0.9212091650281634,7.411115169525146,5017.757434663318,0.0501446096847454,0.050144609596048
130,train,0.5008064516449487,0.944271106553334,0.4152960285384168,0.2649361098645836,0.2671631773312886,0.4152960258946624,0.5271448239043195,0.0989613428671834,16.14317137707946,0.2671084193292484,0.2671084262991464,4367.782359871813,24.29790154323783,4376.563318107425,1e-06,,0.2501658680297995,0.922537217537562,60.63836169242859,4367.78236651677,0.0517934819443091,0.0517934820043944
130,val,0.4625000002838316,1.006182951586587,0.4451192361967904,0.2812732585838863,0.335444613581612,0.445119240454265,0.5836525218827384,0.2023705634332838,40.885657083420526,0.2746529557875224,0.2746529614641553,5063.067882719494,66.4464125860305,5041.453080610795,1e-06,66.4464125860305,0.2588055751153401,0.9206372272400628,7.2970030307769775,5063.067905970982,0.0506963456670443,0.0506963449574652
131,train,0.5015120967741935,0.941663303682881,0.4147058227850544,0.2654767699780003,0.268650842930681,0.4147058232657371,0.5245490319305851,0.0964180689945977,15.606394813906762,0.2670985234360541,0.2670985285633354,4365.528075105401,23.660359428774925,4374.049493778113,1e-06,,0.2505192370504461,0.9226023317665182,60.776684522628784,4365.528079658427,0.0520941156453342,0.0520941159758035
131,val,0.4625000002838316,1.016467117127918,0.4457183934393383,0.2780983015185311,0.3276810624769756,0.4457183920201801,0.5898586610953013,0.203176267799877,40.801569166637606,0.2812040072111856,0.281204016435714,5099.963960193452,66.68578411283947,5070.292439038826,1e-06,66.68578411283947,0.2588379901079904,0.9208898430778868,7.380833864212036,5099.963977632068,0.0573337416918504,0.057333740450087
132,train,0.5013104839030132,0.9399990617267548,0.4146547404828892,0.266553265993954,0.2718764747823438,0.4146547408033443,0.5250153417388598,0.0976625819119715,15.899111288850026,0.2670214480610304,0.2670214554314972,4268.920834284957,23.77399149761405,4275.714384034025,1e-06,,0.2512230712079232,0.92229952318694,60.482584714889526,4268.92049572032,0.0522476859911475,0.0522476863716879
132,val,0.4639880955219269,1.014922987847101,0.4444120526313782,0.2803200234969457,0.3367601533730824,0.4444120540505364,0.5828773663157508,0.1986692462648664,41.08468873160226,0.2870927296933673,0.2870927417562121,5113.347885858445,66.806641351609,5098.702491714015,1e-06,66.806641351609,0.262299677445775,0.9202796107246762,7.35098123550415,5113.347874232701,0.06495326384902,0.0649532617202826
133,train,0.5011760752688172,0.940221397466557,0.4146656208140876,0.2659086378351334,0.2701906468118391,0.4146656198527223,0.5237381892499103,0.09702322598026,16.062243971773373,0.2670907711469999,0.2670907762742812,4464.07469907371,24.216431761300694,4472.88143186216,1e-06,,0.2505975976906797,0.9224416376442036,60.56250619888306,4464.075034356886,0.0520924810840878,0.0520924808938176
133,val,0.4639880955219269,1.0078459013076055,0.4442188569477626,0.2817570964495341,0.3395968235674358,0.444218859786079,0.5801348260470799,0.2005641502993447,41.10331017630441,0.2852665476855777,0.2852665526526315,5064.565261114211,66.49307396298363,5045.712665719697,1e-06,66.49307396298363,0.2604136388926279,0.9206191755476452,7.155556917190552,5064.56511579241,0.0577331270490373,0.0577331266942478
134,train,0.501108871031833,0.940358962423058,0.4146815052916927,0.2663403481885951,0.2733091393145181,0.4146815059326028,0.5250068259655788,0.0972442459915914,15.9402684011767,0.2672350078180272,0.2672350143873563,4281.897115399761,23.991591192060906,4288.300020756064,1e-06,,0.2513343260012647,0.9222164330303028,60.6129207611084,4281.896777450397,0.0523246078782023,0.0523246080384299
134,val,0.4625000002838316,1.0096833535603114,0.4437136465594882,0.2821126601525715,0.3426641410305386,0.4437136394636972,0.5781101697967166,0.1996447571686335,40.958963939121794,0.2918226037706647,0.2918226129951931,5077.288388206845,66.46102496555874,5058.050343276515,1e-06,66.46102496555874,0.2616215149561564,0.920815544469016,7.376335620880127,5077.288446335566,0.0642993512252966,0.0642993519348757
135,train,0.5011760752688172,0.940174693542142,0.4145621525984938,0.2661233871213851,0.2716132245397055,0.4145621513967873,0.5247687744677708,0.0960042892043949,15.59623388833897,0.2674069801966349,0.2674069866057365,4344.5154754064415,23.456970122552686,4350.90276791351,1e-06,,0.250758386908039,0.9223696608697216,60.7389726638794,4344.515468720467,0.0522060318379312,0.0522060312370779
135,val,0.4625000002838316,1.0143290275619143,0.4462901822158268,0.2799322300014041,0.3308348535072236,0.4462901807966686,0.5884627245721363,0.1999251438038689,40.45335506257557,0.2804509777398336,0.2804509841260456,5086.32272484189,66.51296179635185,5063.214423532197,1e-06,66.51296179635185,0.2584910250845409,0.921098510424296,7.312821865081787,5086.322689964658,0.0548379137402489,0.054837914006341
136,train,0.5013104839030132,0.9378002933276596,0.4143797792894866,0.2672483102288297,0.2747730695272005,0.4143797804110793,0.5247460383401122,0.0972596491656957,15.922530835674657,0.2667252902862846,0.2667252966152724,4271.267400310886,24.067834797725883,4279.433304192643,1e-06,,0.251553917604108,0.9223469319523022,60.89369797706604,4271.267736537482,0.0519743690026863,0.0519743688624873
136,val,0.4639880955219269,1.0054769061860585,0.4433970096565428,0.2816194054626283,0.3417902489503224,0.4433970096565428,0.5785362032197771,0.1995342246123722,40.730922789800736,0.2792710179374331,0.2792710214853287,5013.098467145647,66.19606099809918,4992.739373224432,1e-06,66.19606099809918,0.2619265161809467,0.9200232199260168,7.218655347824097,5013.098382859003,0.0609542354941368,0.0609542362037159
137,train,0.5019489247952739,0.939252341947248,0.4139262356104389,0.2652317878379616,0.2690673642741736,0.4139262339280498,0.5211914172896774,0.096316118173862,15.964363187871951,0.2679639267985538,0.2679639322462902,4328.952682002898,24.03461762910248,4336.732469141282,1e-06,,0.2502708123416029,0.9225659165331112,60.91411018371582,4328.952681428643,0.0520014069393597,0.0520014069393597
137,val,0.4639880955219269,1.0051585606166296,0.4443312897568657,0.2826918682881764,0.3416357792559124,0.4443312869185493,0.5791003278323582,0.1992120859878403,40.572592054094585,0.2827034706161135,0.2827034798406419,5030.763561430432,66.16914022536506,5009.805453953599,1e-06,66.16914022536506,0.2601435972111566,0.9207310477892556,7.217342138290405,5030.763506208147,0.056875502956765,0.0568755026019754
138,train,0.501747311763866,0.9395551245699648,0.4142666714646483,0.2661877581348983,0.2722898277063523,0.4142666701027142,0.5243099676344984,0.0962766260309245,15.268475145422002,0.2678084256508017,0.2678084299769452,4347.254785927393,23.235344917543472,4356.032993129126,1e-06,,0.2509609771672115,0.9223556499327382,60.732505083084106,4347.254780923166,0.0519059168435232,0.0519059173442343
138,val,0.4639880955219269,1.0066070812089103,0.4443278880346389,0.2805553610835756,0.3362442794300261,0.4443278880346389,0.5824812586818423,0.1974670319330124,40.60313242957706,0.2733618702207293,0.2733618794452576,5042.420195079985,66.22870399838402,5016.119362571023,1e-06,66.22870399838402,0.2597812740575699,0.9204273025194804,7.258731842041016,5042.420166015625,0.0536570483375163,0.0536570472731476
139,train,0.5011760752688172,0.9375903648073955,0.4142758690061108,0.2669260418543251,0.2749504042408799,0.4142758719703203,0.5228494793096538,0.0950282736010448,15.481880800698391,0.2672420760957144,0.2672420801014029,4412.924110556161,23.67659080669444,4421.620935243549,1e-06,,0.2512266615065195,0.922380792517816,60.80574035644531,4412.924112401983,0.0518828136545996,0.0518828136646138
139,val,0.4625000002838316,1.0078182475907462,0.4444604288964044,0.280782238358543,0.337301214536031,0.4444604303155626,0.5823652623664766,0.1980809941887855,40.44542612348284,0.2791462036825362,0.2791462136166436,5054.755080450149,66.21662739345005,5027.993477746212,1e-06,66.21662739345005,0.2605132673467908,0.9203149506023952,7.415893316268921,5054.755092075893,0.0553867602277369,0.0553867596955526
140,train,0.5012096775475369,0.9382320520698384,0.414282756226678,0.267268520930121,0.2756558489254725,0.414282756226678,0.5196891349730313,0.0927276345150124,15.416956634931667,0.2672577937764506,0.2672578005060073,4309.692657962923,23.159848105522894,4318.064688326132,1e-06,,0.2514126399351704,0.9222967211277254,60.26042699813843,4309.692658660232,0.051783558902561,0.051783559082817
140,val,0.4625000002838316,1.0108792923745655,0.444862174136298,0.2795434615441731,0.3323115692252204,0.4448621698788234,0.585518289180029,0.1991762944630214,40.404228846232094,0.275837398710705,0.2758374114831288,5067.49675641741,66.34322865804036,5046.686094341856,1e-06,66.34322865804036,0.2596246004104614,0.9202921759514582,7.1188576221466064,5067.496692475818,0.0557734439415591,0.0557734434093747
141,train,0.5015120967741935,0.937373270270645,0.414188250178291,0.2672802682525368,0.2758676088465157,0.414188250178291,0.520413643410129,0.0941725514468646,15.392190589699696,0.2672601999134146,0.2672602064827437,4155.958563466226,23.11980348248636,4163.497321892427,1e-06,,0.2513260305408508,0.9223802057645654,60.63213109970093,4155.957893761255,0.0517628432541925,0.0517628428335952
141,val,0.4639880955219269,0.9954281733149574,0.4430100435302371,0.2861155619223912,0.3540903869129362,0.4430100477877117,0.5705477240539732,0.1977905957471756,40.72399066743397,0.2767878458613441,0.2767878494092396,5004.242437453497,66.12411644345238,4979.581241122159,1e-06,66.12411644345238,0.2611956035807019,0.9204482095582144,7.324965000152588,5004.242440359933,0.0577285160266217,0.0577285156718322
142,train,0.501008064516129,0.9456812529474176,0.4144725462281576,0.2662558981808283,0.273506621359497,0.414472549192367,0.5249454015365211,0.0954153423588122,15.743587575932985,0.2676365130370663,0.2676365172029823,4325.703071163547,23.78102470213367,4334.283579004975,1e-06,,0.25129371945576,0.9223232378241836,61.00641822814941,4325.703075511481,0.051632020812762,0.0516320210430891
142,val,0.4625000002838316,1.012331071354094,0.4461526374022166,0.2787079094421296,0.3254172064009167,0.4461526416596912,0.5902669600078038,0.1984432311285109,40.41269901820591,0.2648942165431522,0.2648942229293641,5048.061107817151,66.33677464439755,5022.929953835227,1e-06,66.33677464439755,0.258232186237971,0.9206700041180566,7.237592458724976,5048.061250232515,0.0489989769245897,0.0489989772793792
143,train,0.5013440860215054,0.9366143272128156,0.4139883413269956,0.2672413654064619,0.2764384321147395,0.4139883430894985,0.5220378388961157,0.0964609700184996,15.651680613076817,0.2673519155991974,0.267351922008299,4289.349473932738,23.67647288947977,4297.864935025302,1e-06,,0.2513111546956083,0.9223175016782617,60.79912972450256,4289.34947528634,0.0517942793266747,0.0517942798774569
143,val,0.4625000002838316,1.0008890430132549,0.4439964024793534,0.284999600478581,0.348358949025472,0.4439963953835623,0.5746564801250186,0.1980761651481901,40.91981442769369,0.2820891581830524,0.2820891617309479,5009.60940406436,66.25859124319894,4982.299863873106,1e-06,66.25859124319894,0.2594675293990544,0.9211416102591016,7.1706390380859375,5009.609392438616,0.0570753628299349,0.0570753616768689
144,train,0.5014784946557014,0.9354182726913884,0.4140032885536071,0.2679601623326219,0.2788696958813616,0.4140032860700802,0.5199357418203225,0.0936370071384214,15.7380223402413,0.267073689449218,0.2670736940958166,4443.587609444895,23.80378418584024,4452.405972598297,1e-06,,0.2512727967032822,0.9224235809618428,60.296740770339966,4443.587603169103,0.0520383018639779,0.0520383017538215
144,val,0.4639880955219269,1.0109983455567133,0.4453663882755098,0.2802801501183283,0.3327783033961341,0.4453663925329844,0.5855967515990848,0.1970142736321403,40.679108029320126,0.2767440279324849,0.2767440357378551,5067.228594098772,66.47585160391671,5042.927772845644,1e-06,66.47585160391671,0.2585448743332,0.9213153890201023,7.1752259731292725,5067.228695824033,0.0541261297961076,0.0541261306830814
145,train,0.5016801075268817,0.9378126995858326,0.4140919736155899,0.267310557746759,0.2751267541159866,0.4140919743366139,0.5211163535313581,0.0943490413207841,15.390597868991154,0.267397252302016,0.2673972567883871,4331.262901716334,22.952433673284386,4338.592668958465,1e-06,,0.2515887035637773,0.922364543522558,60.663050413131714,4331.262568361016,0.0517949591520973,0.0517949593423675
145,val,0.4625000002838316,1.017121950785319,0.4450457763104212,0.2789602967954817,0.3319784260931469,0.4450457763104212,0.5865474570365179,0.1973864684502283,40.76019523257301,0.294266484323002,0.2942664956762677,5114.858799525669,66.73090380714054,5093.148724550189,1e-06,66.73090380714054,0.2593382923375992,0.921092050416129,7.235666990280151,5114.858816964285,0.0603444821068218,0.0603444833485853
146,train,0.5011424731503251,0.9376640177221708,0.4141829189273618,0.2672066979350582,0.2767008796975176,0.4141829166841763,0.5198657827111342,0.0944476945185533,15.191537180254535,0.2673987132567231,0.2673987191851421,4181.63104223436,22.958124570949103,4189.695592871258,1e-06,,0.2512197292620136,0.9223116085093508,60.70503306388855,4181.631381844962,0.0516918078565629,0.0516918075060652
146,val,0.4625000002838316,1.0092676140013197,0.443876367239725,0.2815625972691036,0.3417694100311824,0.4438763686588832,0.579597703048161,0.1971947316612516,41.22319212413969,0.2905135537896837,0.2905135580471584,5104.078822544643,66.75622376941499,5082.844501657197,1e-06,66.75622376941499,0.2603500088055928,0.9210533982231504,7.347689867019653,5104.078880673364,0.0625161881602945,0.062516187805505
147,train,0.5020497313109777,0.9336450646320978,0.4135150169973732,0.2686125382941256,0.2825420868973578,0.4135150164365768,0.5181197387476763,0.0920362502777127,15.856979605972128,0.2669085258597968,0.2669085303461679,4177.004607128841,23.79486285999257,4184.883580474339,1e-06,,0.2516074202233745,0.9223514353075336,62.03524279594421,4177.00426958966,0.0517116009548146,0.0517116009848572
147,val,0.4639880955219269,0.998724449248541,0.4429401542459215,0.284089336792628,0.3488591966174897,0.4429401485692887,0.5734760619345165,0.1980995592616853,40.938357126145135,0.2784093689350855,0.2784093731925601,5037.911667596726,66.36132213047573,5015.583238636364,1e-06,66.36132213047573,0.2608519671928315,0.920902553058806,7.257388353347778,5037.911708286831,0.0568949397475946,0.0568949404571737
148,train,0.5017137098056014,0.9356443665681348,0.4137085535193002,0.2677207239853438,0.2783477911224929,0.4137085542403241,0.5216808785353938,0.0945327812505345,15.63485724182539,0.2672705456454267,0.2672705512533905,4287.166020054971,23.6815776876224,4295.889059638334,1e-06,,0.2515915125928899,0.9222674975472112,61.099600076675415,4287.165681654407,0.051681758305158,0.051681758124902
148,val,0.4625000002838316,1.0103193067369007,0.4440344217277708,0.2806717952092488,0.3379057560648237,0.444034416051138,0.5814130135944912,0.1974904821032569,41.03944387890044,0.2850245996600106,0.2850246060462225,5121.795494442895,66.81639289855957,5099.816835345644,1e-06,66.81639289855957,0.2604219154233024,0.9211431855247134,7.290729761123657,5121.7953200567335,0.060383822414137,0.0603838236559005
149,train,0.5016801075268817,0.9347649362458976,0.4135634905949075,0.2680871972153263,0.28017505730993,0.413563490394623,0.518822708357406,0.0952844294889639,14.972680232858146,0.2671313543793975,0.2671313604680441,4178.430445496754,22.72679046917987,4186.316365087233,1e-06,,0.2518263661092327,0.9221920290941832,60.92718029022217,4178.430446665774,0.0518411445601653,0.0518411446903501
149,val,0.4625000002838316,0.9981369745163692,0.4449347087315151,0.284670094648997,0.342966411794935,0.4449347058931986,0.5777927041053772,0.1975856785263334,40.701878138950896,0.2658192082529976,0.2658192125104722,5024.955473400298,66.16696275983539,5000.027139559659,1e-06,66.16696275983539,0.2576822191476822,0.9210706466720218,7.441878080368042,5024.955438523066,0.0463589228512275,0.046358922052951
150,train,0.5011424731503251,0.934950273043366,0.4137477100055705,0.2685488335067226,0.2808832648781038,0.4137477090442052,0.5188040315944661,0.0932746050498818,15.72610278283396,0.2669963550663763,0.2669963597930888,4255.380199022191,23.833220917691467,4260.639543752959,1e-06,,0.2518491764222422,0.9221581723741306,60.62526822090149,4255.379862016247,0.0518653942572493,0.0518653939468085
150,val,0.4639880955219269,1.0010848073732286,0.4440604717958541,0.2840997165157681,0.3457122544447581,0.4440604717958541,0.5763062770877566,0.1969797980217706,40.73008264814104,0.2732292200837816,0.2732292264699936,5119.607666015625,66.74662844340007,5102.820211884469,1e-06,66.74662844340007,0.2597470524765196,0.9207794950121924,7.127585887908936,5119.6076253255205,0.0553800091147422,0.0553800080503736
150,val_periodic_epoch_150,0.4639880955219269,1.0010848073732286,0.4440604717958541,0.2840997165157681,0.3457122544447581,0.4440604717958541,0.5763062770877566,0.1969797980217706,40.73008264814104,0.2732292200837816,0.2732292264699936,5119.607666015625,66.74662844340007,5102.820211884469,1e-06,,0.2597470524765196,0.9207794950121924,7.196974754333496,5119.6076253255205,0.0553800091147422,0.0553800080503736
151,train,0.5015456990529132,0.9336976384924304,0.4131772307458744,0.2677364669820314,0.2805793775666144,0.413177233309515,0.5159550917244726,0.0924929405051854,15.114193772756924,0.2673582732677459,0.2673582804779852,4076.330095721829,22.783426879554668,4084.4567681412095,1e-06,,0.2510594133568066,0.922495464163442,60.82197833061218,4076.33009383499,0.0519288316849739,0.0519288314846895
151,val,0.4639880955219269,1.0016996633438835,0.444180102575393,0.2834710265908922,0.3437777119023459,0.4441801011562347,0.5776048621961049,0.1974202053887503,40.7573288508824,0.2785091705265499,0.2785091769127619,5061.304065522693,66.41670517694382,5036.415092329546,1e-06,66.41670517694382,0.258946249172801,0.9211190683501108,7.335371971130371,5061.304059709822,0.0529172495007514,0.0529172497668436
152,train,0.5005376344166135,0.936495419631722,0.4143226056970576,0.2684790675518333,0.2816332792562823,0.4143226040947821,0.5210280171645585,0.0926295328404634,15.46968274475426,0.2668628465103846,0.2668628529194862,4285.668937970233,23.100263267435054,4293.344211236717,1e-06,,0.2514840687314669,0.9224258504247153,60.80703806877136,4285.668933950445,0.0519083221693352,0.0519083217887948
152,val,0.4639880955219269,0.9980471815381732,0.4428632472242628,0.2843776735521498,0.3487491281259627,0.4428632415476299,0.5728185623884201,0.1969498644272486,40.72909691220238,0.2754338922954741,0.2754338993912651,5020.317237490699,66.27922030857631,4995.590835108902,1e-06,66.27922030857631,0.2600272404296057,0.920993651662554,7.289556741714477,5020.317295619419,0.0555955026121366,0.0555955034991105
153,train,0.5016801075268817,0.9360175932286888,0.4134470213565134,0.2690469424730988,0.2861504987362892,0.4134470203550913,0.520840873030485,0.0934122942027545,16.201845274176648,0.2659186012642358,0.2659186091153852,4341.827920421477,24.001671088639124,4350.172628856107,1e-06,,0.2519018864759835,0.9222515661229368,60.61819577217102,4341.828258965605,0.0517393135696008,0.0517393135195297
153,val,0.4639880955219269,0.9991808079537892,0.4429730347224644,0.2852225473948887,0.3517054134891146,0.442973038979939,0.5715181096678689,0.195659733244351,40.81931967962356,0.2864859111252285,0.2864859246072315,5049.103928338914,66.42360887073335,5030.733942945076,1e-06,66.42360887073335,0.2599180951004937,0.9212003293491544,7.142654657363892,5049.10400390625,0.0581842540275482,0.0581842547371273
154,train,0.5015456990529132,0.9324568449169076,0.4129929052245232,0.2690936318969213,0.2862382390966979,0.4129929049040681,0.515991416669661,0.0918539742869074,15.281912580613168,0.2665720203871368,0.2665720242325977,4038.5470878026817,23.117525762127293,4046.718003429066,1e-06,,0.2518597684239828,0.922310822433041,60.48297667503357,4038.546754488381,0.051791787197593,0.0517917872276357
154,val,0.4639880955219269,1.0013947259812128,0.4449532883507864,0.2831597988094602,0.3401596503598349,0.4449532869316283,0.5801616850353423,0.1954003728571392,40.83652469090053,0.2684097822223391,0.2684097857702346,5096.6156994047615,66.62596094040643,5080.944930752841,1e-06,66.62596094040643,0.2581138823713575,0.920999893120357,7.230979681015015,5096.61566452753,0.0467030686281976,0.046703068273408
155,train,0.5015456990529132,0.931872941793934,0.4128495745601193,0.2683884676105232,0.2850481191229436,0.4128495753612569,0.5191501151089386,0.0926398137404072,15.615891800131848,0.2667525040526544,0.2667525083787979,4405.0196210389495,23.385161540841544,4413.36873931371,1e-06,,0.2517738033046005,0.922337874609937,60.83371639251709,4405.019628217144,0.0520191484341217,0.0520191484641644
155,val,0.4639880955219269,0.9984329257692608,0.4437575212546757,0.2840147117773692,0.3450051900886354,0.44375750990141,0.5758416702349981,0.1949478139479955,40.53475089300247,0.2712846852484203,0.2712846887963159,5052.637079148066,66.37422198341007,5035.67997750947,1e-06,66.37422198341007,0.2584294094925835,0.9212760130564372,7.250715494155884,5052.636974516369,0.0527607692139489,0.0527607679721855
156,train,0.5022513440219305,0.9316828356635186,0.4126439082526391,0.2685428517319823,0.2851421212156613,0.4126439079321841,0.5138303329867702,0.0932795059496677,15.287697279325096,0.2670808873509848,0.2670808928788349,4227.459189343196,23.05982302850293,4235.387365414398,1e-06,,0.251467309411495,0.9223229423646004,60.70739555358887,4227.459860319732,0.0522797974227096,0.0522797972624821
156,val,0.4625000002838316,0.9972987600735256,0.4435472005889529,0.2842744815917242,0.3465840930030459,0.4435471991697947,0.5747985967567989,0.1955462133600598,40.39567620413644,0.2698987694013686,0.2698987750780015,5062.307001023066,66.30749911353702,5045.601973839962,1e-06,66.30749911353702,0.2589290574902579,0.9211430578004748,7.4244794845581055,5062.306983584449,0.051923238095783,0.0519232384505726
157,train,0.5016801075268817,0.9314839211843348,0.4129329455155198,0.2694202358684232,0.2864775330789627,0.4129329450348372,0.5160754559741866,0.0930942449999112,15.108244290915868,0.266612535202375,0.2666125412910215,4271.428686777751,23.13274993691393,4279.294798982665,1e-06,,0.2518140560676974,0.9223888708699134,60.71218299865723,4271.429020584271,0.0519374646046148,0.0519374645044726
157,val,0.4639880955219269,1.0022695121311007,0.4433539552348001,0.2839656188374474,0.3480887923921857,0.4433539509773254,0.5745133920794442,0.1952237859368324,41.00694174993606,0.280620997150739,0.2806210049561092,5134.020632789248,66.81793630690802,5113.093246922348,1e-06,66.81793630690802,0.2606446934597833,0.9209107330867222,7.137249231338501,5134.020615350632,0.0591378939293679,0.0591378935745784
158,train,0.5015120967741935,0.9299236628957974,0.4127192718367423,0.2698086475332578,0.2897594724932024,0.4127192716364578,0.5182864859459861,0.0941059016572531,15.734732063867712,0.2658475615805195,0.2658475659867769,4333.609928008049,23.57173583584447,4342.5001310432,1e-06,,0.252437494534959,0.9222078541273712,61.076171875,4333.610267208469,0.0516725854187082,0.0516725855689215
158,val,0.4625000002838316,1.0003365987823123,0.4442085723082224,0.2836727861847196,0.3434045995984758,0.4442085737273806,0.5772758289462044,0.1963128401410012,40.69112904866537,0.2699530706519172,0.2699530699423381,5081.7882893880205,66.44158081781296,5058.146863162879,1e-06,66.44158081781296,0.2584165462425777,0.9209679052943276,7.323087215423584,5081.7882893880205,0.0502086952328681,0.0502086950554734
159,train,0.5016801075268817,0.9291637283499524,0.4124416509462941,0.2697455510497093,0.2909482912190498,0.4124416497445876,0.5131263158093857,0.0931758539931428,15.43380710899189,0.2662342315719974,0.266234236218596,4227.563050259826,23.396049450802547,4236.027306943951,1e-06,,0.2518400207001676,0.9222755582742792,60.43029260635376,4227.5627080035465,0.0518378003209989,0.0518378001707856
159,val,0.4625000002838316,0.9986545698983328,0.4438530192488715,0.2838290255694162,0.3436988634722573,0.4438530192488715,0.5761750184354328,0.1946723585327466,40.52763975234259,0.2683988234826496,0.2683988185155959,4992.153134300595,65.98802294049945,4964.85625591856,1e-06,65.98802294049945,0.2587578438577197,0.921012798945109,7.603027582168579,4992.153227306548,0.049905365776448,0.0499053651555663
160,train,0.5018145161610778,0.9298578513565884,0.4126177282743556,0.2695841338205081,0.2903603127887172,0.4126177287550382,0.5137811804650932,0.0914810407025519,15.14621392373116,0.2665577237644503,0.2665577271292286,4254.355530277376,23.019277757213963,4262.526143946792,1e-06,,0.2517317063225213,0.9223406709009602,61.57526969909668,4254.355532697452,0.0521265229570769,0.0521265228669489
160,val,0.4639880955219269,0.9990028171312242,0.4428060849507649,0.2836866499412627,0.34748489516122,0.4428060849507649,0.5737596892175221,0.1951522419140452,40.88598532903762,0.2712197126377196,0.2712197239909853,5084.22347295852,66.55616551353818,5062.803503787879,1e-06,66.55616551353818,0.2605633820806231,0.9208120022501264,7.184240341186523,5084.223539806548,0.0568124738832314,0.0568124733510471
161,train,0.501747311763866,0.9286482292477802,0.412009531371696,0.2689248879430114,0.2894133048993285,0.4120095324932888,0.5131987129007617,0.0934339291666464,15.500897784386911,0.2666155062215302,0.2666155134317695,4224.516926406533,23.09253522913943,4232.857769775391,1e-06,,0.2518358643176735,0.9222025073343708,60.93970942497253,4224.516929585447,0.0519421792899568,0.0519421794001133
161,val,0.4639880955219269,1.002458754039946,0.4441289788200742,0.2827600311665308,0.3417892087073553,0.4441289802392323,0.5785792356445676,0.1960383398192269,40.72371183122908,0.279200710711025,0.2792007135493414,5055.1841052827385,66.42831348237537,5030.174727746212,1e-06,66.42831348237537,0.2579748850493204,0.921298134894598,7.220346450805664,5055.184180850074,0.0515173670081865,0.0515173675403708
162,train,0.5010752688332271,0.9311904102884312,0.4129646391237295,0.2691572004909156,0.2870011290395132,0.4129646395242983,0.5152143198315815,0.0918994983157483,15.351610083733837,0.2665198092819542,0.266519816652421,4090.876829701085,22.84619702575027,4095.5071206449256,1e-06,,0.2523139251335974,0.922196832715824,60.37823963165283,4090.877167732485,0.0520179170354079,0.0520179173057918
162,val,0.4639880955219269,0.9775944550832112,0.4413698741367885,0.2921176829508373,0.3734671402545202,0.4413698741367885,0.5576592981815338,0.1949929988809994,40.72473235357376,0.2593704731691451,0.2593704710404078,5081.012352353051,66.56389327276321,5060.204835464016,1e-06,66.56389327276321,0.260592608934357,0.9207767900966464,7.217957496643066,5081.012288411458,0.0506756222319035,0.0506756220545087
163,train,0.5020833332692424,0.927886834388138,0.4119340394453336,0.2699732960712525,0.2931768951076333,0.4119340388845371,0.5118875944966911,0.0906839493501891,15.36209588666116,0.2663715748536971,0.2663715790196131,4201.946866968627,23.17017881331905,4208.305487718165,1e-06,,0.252409571761726,0.9221868550264708,61.54638123512268,4201.946532751925,0.0518365481027191,0.0518365482629467
163,val,0.4639880955219269,0.9948596812429882,0.4435914825825464,0.2848402566853024,0.3469626350062234,0.44359147974423,0.5741812231994811,0.1974624856596901,40.25495792570568,0.261237526223773,0.2612375319004059,5026.235903785342,66.06005750383649,4999.156001420454,1e-06,66.06005750383649,0.2583146407490685,0.9208436806996664,7.444673776626587,5026.235752650669,0.0485503762250854,0.048550376579875
164,train,0.5023521505376344,0.9288608273190836,0.4117968551093532,0.2690879231499087,0.2910932447480899,0.4117968526258263,0.5150703241828308,0.09174642683838,15.392471167349049,0.2664609996862309,0.2664610029708955,4330.731967720934,23.345710333957467,4338.335329532302,1e-06,,0.2522428379424156,0.9221487775925667,60.1778621673584,4330.732301424909,0.0522212553368781,0.0522212547260106
164,val,0.4639880955219269,0.9946659008661906,0.4430140810353415,0.2844604778857458,0.3487425105912344,0.4430140796161833,0.573298210189456,0.1947217612039475,40.5219780149914,0.2663126169216065,0.2663126261461349,5048.143293108259,66.27465257190522,5021.908297821969,1e-06,66.27465257190522,0.2583891855818884,0.9208484405562992,7.119432687759399,5048.143386114211,0.0505346462485336,0.050534646337231
165,train,0.5018481182795699,0.9273776232555349,0.4120585321578928,0.2698260834140162,0.2928389613666842,0.4120585305556174,0.5148445653819269,0.0913729274505248,15.378141008397584,0.2661909126145865,0.2661909154185685,4330.365572508946,23.01056749846345,4338.254014880248,1e-06,,0.2521626277956911,0.9222443398608956,60.47458600997925,4330.365235215874,0.0520425940092693,0.0520425941694968
165,val,0.4639880955219269,0.9975093262536184,0.4428324387187049,0.2841084237609591,0.3488695323467254,0.4428324387187049,0.5730978037629809,0.1950043113458724,40.67241105579195,0.2760823305164064,0.2760823369026184,5063.087547665551,66.4249396551223,5034.470969460227,1e-06,66.4249396551223,0.2589635359389441,0.9212195702961512,7.399256706237793,5063.087663922991,0.053454283979677,0.053454283979677
166,train,0.502116935547962,0.9272144606677436,0.4116136958842636,0.269880641051518,0.2934987922349283,0.4116136939615332,0.5141482064800877,0.0917040488171962,15.870912590334491,0.2660162779752926,0.2660162827821188,4321.256592576222,23.598435404480146,4329.112487895722,1e-06,,0.2521765029398344,0.9221925229154608,61.47196555137634,4321.256591263637,0.0520496408865656,0.0520496411168927
166,val,0.4639880955219269,0.984691248053596,0.4416775973070235,0.2878830134868622,0.360952839964912,0.4416775973070235,0.564837165531658,0.1943183551941599,40.32980401175363,0.2629010911498751,0.2629010946977706,4966.805495489211,65.72747421264648,4935.549914180871,1e-06,65.72747421264648,0.2593849443254016,0.9205960801669528,7.2158894538879395,4966.805437360491,0.0504673671509538,0.0504673664413747
167,train,0.5015456990529132,0.9258102367642104,0.4114618010578617,0.2701446085527379,0.2950878688885319,0.4114618020192269,0.509349686163728,0.0913532494857747,14.79537481902748,0.2667181155373973,0.2667181197033134,4312.917409425141,22.56115281710061,4318.691382205848,1e-06,,0.2515469010799162,0.922493847467566,61.01453137397766,4312.917743641843,0.0523335266337599,0.0523335269241724
167,val,0.4639880955219269,1.0064233683404469,0.4428258325372423,0.2828118460518973,0.3473379157838367,0.4428258211839767,0.574753802447092,0.1967250733148484,40.97100612095424,0.2879964006798608,0.2879964035181772,5175.860723586309,67.08183715457008,5151.154776278409,1e-06,67.08183715457008,0.2613824293726966,0.9207826001303536,7.356477499008179,5175.860959007627,0.0625905972861108,0.062590597108716
168,train,0.5024529570533384,0.9251760960586608,0.4112446034146893,0.2705751453195849,0.2977983504533767,0.4112446046163959,0.5100354901565018,0.0921636994387353,15.636886353133828,0.2663274647728089,0.2663274710216829,4124.117128679829,23.35942565753896,4130.469035570549,1e-06,,0.2519332909936546,0.9222621344110016,60.82487082481384,4124.117130156486,0.0520881892292089,0.0520881894995929
168,val,0.4639880955219269,0.9866429425421216,0.4421859468732561,0.2887389248325711,0.3626393391972496,0.4421859426157815,0.5645391174725124,0.1948247559013821,40.67742520286923,0.2677438826788039,0.2677438911937532,5088.655410039993,66.38699041094098,5065.367175662879,1e-06,66.38699041094098,0.2601032228696914,0.920860114551726,7.06280255317688,5088.655410039993,0.0514178044561828,0.0514178056092489
169,train,0.5016801075268817,0.925596446439784,0.4116792118837756,0.2710234776780169,0.2988765904659866,0.4116792138866199,0.5094976711177057,0.094306570447741,15.457816052180464,0.2656134389420991,0.2656134461523384,4348.535678740471,23.51622047731953,4357.15311098452,1e-06,,0.2519164554053737,0.9223759895370852,60.95710158348084,4348.535678617416,0.0516193245627707,0.0516193245527564
169,val,0.4639880955219269,0.9833827444485256,0.4399030577568781,0.2898632366032827,0.3731260569322677,0.4399030563377198,0.5569266932351249,0.1948140848960195,41.175086975097656,0.2808354773691722,0.2808354830458051,5033.20685686384,66.35637138003395,5011.795750473485,1e-06,66.35637138003395,0.2617039723055703,0.920659967831203,7.308175325393677,5033.207066127232,0.0583316666029748,0.0583316662481852
170,train,0.5023857528163541,0.9254436901500148,0.4113977966449594,0.2707076981183021,0.2983939164588528,0.4113977963245043,0.507837293289041,0.0902096489544517,14.941040577427032,0.2661216629128302,0.2661216686810216,4294.26952727123,22.826290187015328,4302.986842659588,1e-06,,0.2514452459991619,0.9227198814192126,60.51285696029663,4294.269190224268,0.0518860244442538,0.0518860241438272
170,val,0.4639880955219269,0.9864716075715564,0.4412363157385871,0.2875378252494903,0.362856361128035,0.4412363086427961,0.5639851746105012,0.1946935625303359,40.76637803940546,0.2685227401199795,0.268522743667875,5043.7065197172615,66.24250738961356,5012.908146898674,1e-06,66.24250738961356,0.2604814817508061,0.9201364318529764,7.16573429107666,5043.706641787574,0.0540492940871488,0.0540492940871488
171,train,0.5022177420636659,0.9235491940090732,0.4113010200121069,0.271666776589168,0.3014445343325215,0.4113010166473286,0.5096823159725435,0.092183053733841,15.507923815840034,0.26556072744631,0.2655607319326811,4425.670116875761,23.177196666758547,4434.555237042462,1e-06,,0.2523079678736707,0.9223549135269656,60.58178448677063,4425.670117655108,0.0518793196227121,0.051879319983224
171,val,0.4639880955219269,0.97709854443868,0.4399932353269486,0.2921987693934214,0.3790378272533417,0.4399932310694739,0.5537999925159273,0.1942905833323796,40.9819157010033,0.2696587038891656,0.2696587095657984,5073.3818591889885,66.4942741394043,5051.620084635417,1e-06,66.4942741394043,0.2615321072794142,0.9205813578196934,7.2231125831604,5073.381946382068,0.0552528138671602,0.055252813601068
172,train,0.5018145161610778,0.924524831355259,0.4116030531304498,0.2715438142899544,0.3002644549774867,0.4116030510474918,0.5090538012965392,0.0919959164394806,15.37846274786098,0.2656836727614043,0.2656836778886856,4175.388009348223,23.07409412630143,4182.470034286551,1e-06,,0.2525751839882584,0.9222792992668768,60.6410448551178,4175.388006312873,0.0518446006882254,0.0518446009786379
172,val,0.4639880955219269,0.983567144189562,0.439669831877663,0.2900099974303018,0.3749374236379351,0.439669831877663,0.5560482924892789,0.1941893852892376,41.1794308253697,0.2841050646134785,0.284105068161374,5016.913280668713,66.26203863961356,4989.785233191288,1e-06,66.26203863961356,0.2628224470785686,0.9207609097162882,7.187124252319336,5016.913382393973,0.0608918528471674,0.0608918517827987
173,train,0.5020161290322581,0.9232924404323742,0.4110943747944729,0.2711155373723276,0.3010969636260822,0.4110943754353831,0.5060841227250714,0.0914556316991326,15.36114359927434,0.2658741837868126,0.2658741873118185,4273.9190949060585,23.24522017407161,4281.4261460635,1e-06,,0.2522975591722355,0.9223261049357794,60.62908554077149,4273.919090968307,0.0520138756061593,0.0520138753858465
173,val,0.4639880955219269,0.995822441010248,0.4423988873050326,0.2847369809945424,0.3515714165710267,0.4423988844667162,0.5708824679965064,0.1943463246737207,40.72184499104818,0.2765586177508036,0.2765586198795409,5057.258027576265,66.32452937534877,5029.382886482008,1e-06,66.32452937534877,0.2590441732179551,0.9213002409253802,7.158203363418579,5057.257998511905,0.053266476662386,0.0532664756867147
174,train,0.5024529570533384,0.9237746548268104,0.410985937041621,0.2708541507362038,0.300841863918048,0.4109859355995732,0.5088680499503689,0.0928878621548734,16.097259121556437,0.2653430060193102,0.2653430105857952,4352.396109222084,23.954233969411543,4360.625944935192,1e-06,,0.2528249630203811,0.9222479388918928,61.071828842163086,4352.396785530993,0.0516416490558655,0.0516416487153819
174,val,0.4639880955219269,0.9783935859089806,0.437896028870628,0.2920429216963904,0.3866202604202997,0.437896028870628,0.5488169824793225,0.1948955200967334,41.34850828988211,0.284542407308306,0.2845424087274642,5025.285853794643,66.40647461300804,4998.211271898675,1e-06,66.40647461300804,0.266266834168207,0.9190375804901124,7.171550273895264,5025.28592936198,0.0638629423365706,0.0638629416269915
175,train,0.5012768817845211,0.924605961768858,0.4114528827128871,0.2709894181900127,0.3005543795003685,0.411452881030498,0.5083018589804891,0.0916113821609366,15.431055422752134,0.2659637611559642,0.2659637666838143,4287.867874432635,23.195120257716024,4296.048417792015,1e-06,,0.2527022077351488,0.922112774784847,60.66114783287048,4287.868208403228,0.0519578748192357,0.0519578747691646
175,val,0.4639880955219269,0.9936012285096304,0.4423740052041553,0.2852182721807843,0.3528013357094356,0.4423740094616299,0.570229172706604,0.1946035964148385,40.73543993631999,0.2698295684087844,0.2698295769237336,5074.976867675781,66.45954540797642,5052.525799005682,1e-06,66.45954540797642,0.259772648413976,0.9206899716740564,7.167358160018921,5074.976888020833,0.0512000293958754,0.0512000301054545
176,train,0.5018481182795699,0.925006142386826,0.4112632005445419,0.2707708702292493,0.2996830314558039,0.4112631992627216,0.5083932113903825,0.0927286291274652,15.340038243160452,0.2658687445425218,0.2658687509516234,4183.977122194024,23.32295920259209,4191.803900187586,1e-06,,0.2522996470171918,0.9222941802394006,61.19779253005981,4183.977121414677,0.0517549500550313,0.051754950085074
176,val,0.4639880955219269,1.007351245198931,0.4420175793625059,0.2817175438006719,0.3464036598092034,0.4420175765241895,0.5744754920403162,0.1940792160374777,41.04202779134115,0.2918996434836161,0.2918996441931951,5137.598176502046,66.82665824890137,5120.807158499053,1e-06,66.82665824890137,0.2618423026232492,0.92023537840162,7.23249340057373,5137.598205566406,0.0631118354698022,0.0631118351150126
177,train,0.5020497313109777,0.9250743477254786,0.4110550921290151,0.2704892046349023,0.2997653936987282,0.4110550912477637,0.509358362044378,0.0919777473775289,15.143418858128207,0.2656346654859922,0.2656346704530459,4315.3364343950825,22.82200510783862,4323.915073875145,1e-06,,0.2526441842157353,0.922160263984434,60.75056576728821,4315.336100855181,0.0516589669290409,0.051658966888984
177,val,0.4639880955219269,0.995967467625936,0.4413806398709615,0.2853437768561499,0.3562686656202589,0.4413806356134869,0.5673326026825678,0.1940719754922957,40.84911918640137,0.2813305677402587,0.2813305677402587,4992.496616908482,66.08072271801177,4966.129663825757,1e-06,66.08072271801177,0.2610821170466287,0.9205166300137838,7.207896947860718,4992.496669224331,0.0586769025595415,0.0586769030917258
178,train,0.501982526913766,0.9235559067418498,0.4110733802600573,0.2710311891090485,0.3001635572923127,0.4110733778566443,0.5074761862395912,0.0916152467891093,15.214507746440107,0.2658344274887474,0.2658344337376215,4112.403674874255,22.977108047854514,4119.45719853154,1e-06,,0.2524806537455128,0.9223478330719856,62.043691873550415,4112.403674464072,0.0518247571984125,0.0518247571583556
178,val,0.4654761907600221,0.9900461861065456,0.4391070831389654,0.2879106984252021,0.3728121547471909,0.4391070817198072,0.5575889604432243,0.1922156367273557,40.82554581051781,0.2903153498967488,0.2903153548638026,5015.278907412574,66.21217763991584,4991.687227746213,1e-06,66.21217763991584,0.2643152865625563,0.920133840470087,7.236421823501587,5015.278913225447,0.0638866115893636,0.063886611234574
179,train,0.5024193547746186,0.923633068639745,0.4108617437943335,0.2710665942680451,0.3014720337845946,0.4108617436741629,0.5074321373656232,0.0913577542229685,14.942352215449016,0.2654690016661921,0.2654690074343835,4256.421798439436,22.70799453796879,4264.057632477115,1e-06,,0.2519939686822635,0.9225210762152108,60.76713442802429,4256.421797803653,0.0517193436602591,0.0517193434900173
179,val,0.4639880955219269,0.9731650352478028,0.439735125927698,0.2933624769960131,0.382503201564153,0.4397351202510652,0.5514284414904458,0.1931998743897392,40.96537780761719,0.267772865437326,0.267772872533117,5069.79314313616,66.41404724121094,5043.425411339962,1e-06,66.41404724121094,0.2600962824764706,0.9214813936324346,7.346373081207275,5069.793050130208,0.0503178116466317,0.050317811469237
180,train,0.5018481182795699,0.9234612632182336,0.4110615366408902,0.2712343648396512,0.3021781996533434,0.4110615365607764,0.5056782629220716,0.0923500887208407,15.525158328394737,0.2653794990431878,0.2653795040102415,4176.691959627213,23.41034200627317,4180.831561217645,1e-06,,0.2526730278967529,0.9222742828630632,60.433945655822754,4176.691623728762,0.0518839571484795,0.051883957488963
180,val,0.4639880955219269,0.9975294924917676,0.4408803213210333,0.284770409266154,0.3567711952186766,0.4408803156444004,0.5669209758440653,0.1949309266748882,40.70254770914713,0.2860054082813717,0.2860054167963209,5030.115152994792,66.22583825247628,5003.870620265152,1e-06,66.22583825247628,0.2620248070784977,0.9201985455694652,7.307476043701172,5030.115173339844,0.0604966238495849,0.0604966231400058
180,val_periodic_epoch_180,0.4639880955219269,0.9975294924917676,0.4408803213210333,0.284770409266154,0.3567711952186766,0.4408803156444004,0.5669209758440653,0.1949309266748882,40.70254770914713,0.2860054082813717,0.2860054167963209,5030.115152994792,66.22583825247628,5003.870620265152,1e-06,,0.2620248070784977,0.9201985455694652,7.107961654663086,5030.115173339844,0.0604966238495849,0.0604966231400058
181,train,0.5018481182795699,0.9217661019935404,0.4106838667104321,0.2715171971308288,0.3044630369992666,0.4106838669507734,0.5069154195727841,0.0923596401648816,14.69717409533839,0.26557704533941,0.265577052629763,4218.366715831141,22.17539700128699,4226.394248659281,1e-06,,0.2524520523285353,0.922351170932093,61.4964861869812,4218.367049883771,0.052052286453545,0.0520522862933175
181,val,0.4639880955219269,0.9942630926767984,0.4418010910352071,0.2857757395222073,0.3563707328978039,0.4418010938735235,0.5678067654371262,0.1952284304868607,40.9521613348098,0.2797944027753103,0.2797944134189969,5061.729300362723,66.40943727039155,5031.89638671875,1e-06,66.40943727039155,0.2614336013793945,0.9203278535888308,7.369567632675171,5061.729343959263,0.0552049218898727,0.0552049225994518
182,train,0.5018817205582896,0.9239510337832152,0.4108006620919832,0.2706554340579176,0.3009774420530565,0.4108006604095941,0.5073780866079433,0.0926498361532726,14.994339848077423,0.2654333048129594,0.2654333082578515,4043.131872402724,22.776240230888448,4049.923830960977,1e-06,,0.2529080373946056,0.9221424380297302,60.65059995651245,4043.131540195917,0.0515426727893051,0.0515426726891629
182,val,0.4639880955219269,0.9895724058151244,0.4399565671171461,0.2875072558720906,0.3669341504573822,0.439956560021355,0.5605726071766445,0.193317616269702,40.95575904846192,0.284021876397587,0.2840218778167452,5069.63186500186,66.47126542954217,5041.768116714015,1e-06,66.47126542954217,0.2628454466660817,0.9210966371354604,7.31265377998352,5069.631702241443,0.0603442057257606,0.060344206257945
183,train,0.5016465054083896,0.924469667737202,0.4108002274347249,0.2715137184307139,0.3043719116718538,0.4108002245506292,0.5084405947096085,0.0920404146715838,15.366462335791638,0.2651928754583482,0.2651928813867671,4333.197889676658,23.05893131994432,4341.736412711095,1e-06,,0.2532596012917898,0.9221523692530972,61.13544225692749,4333.1978877488,0.0519768963317557,0.0519768961314712
183,val,0.4639880955219269,0.983301682131631,0.4389529256593613,0.2895367713201613,0.3759236122880663,0.4389529284976777,0.5551402199836004,0.1941504276224545,40.98756690252395,0.2806894743726367,0.2806894736630576,4984.629975818452,66.15637261526925,4952.287937973485,1e-06,66.15637261526925,0.263531893491745,0.9197557682082766,7.332030057907104,4984.629900251116,0.0599230162444568,0.0599230151800882
184,train,0.5022177420636659,0.9232127033574606,0.410656567783125,0.2708167059607403,0.3015006389669192,0.4106565669018735,0.5047654456268715,0.0884586009847861,14.816344027878136,0.2656345780017555,0.265634583048923,4191.96090398809,22.589714724530456,4199.264229267776,1e-06,,0.2525867069120048,0.9223051926782054,61.012229204177856,4191.960902860088,0.0521410610626942,0.0521410613531066
184,val,0.4639880955219269,0.9833209344318936,0.4402953400498345,0.2899736300820396,0.3730881810188293,0.4402953343732016,0.557817871371905,0.1951859870127269,40.92113703773136,0.2749414990345637,0.2749415025824592,5133.88284156436,66.86485971723285,5102.918895004735,1e-06,66.86485971723285,0.2620560164962496,0.9207497863542466,7.280076026916504,5133.882873535156,0.0552808070289237,0.0552808077385028
185,train,0.5024529570533384,0.9225603638477224,0.410293484567314,0.2710789937966613,0.3038980906368583,0.4102934826445836,0.5078950602841633,0.0908480115755591,15.215525724554574,0.265241046346003,0.2652410534761285,4087.172673338203,22.87006480206725,4094.74136644357,1e-06,,0.2528147325720838,0.922223441062435,61.17092514038086,4087.17267317413,0.051474169797955,0.0514741695676279
185,val,0.4639880955219269,0.983099585487729,0.4419943647725241,0.2888970687275841,0.3614349521341778,0.4419943647725241,0.5639364925168809,0.195612951758362,40.50934746151879,0.2556902077935991,0.2556902077935991,5073.95364234561,66.31839252653576,5047.57196969697,1e-06,66.31839252653576,0.2591385699453808,0.9209028113456,7.461208343505859,5073.953924269903,0.0445804420326437,0.0445804416778541
186,train,0.5017809140425856,0.922909556217091,0.411042217045061,0.2720120711832918,0.3045152324822641,0.4110422157632407,0.5057305630737094,0.0931988025624905,15.130213299105243,0.2648847292988531,0.2648847358681822,4154.452619819231,22.676530566266788,4162.601436812789,1e-06,,0.2528836534869286,0.9222630502716188,60.64591908454895,4154.452612641037,0.0516606674239199,0.0516606674239199
186,val,0.4639880955219269,0.9966259655498324,0.4402920986924852,0.2855386386315028,0.3609557095028105,0.4402921043691181,0.5641566656884693,0.1959348054868834,41.28928647722517,0.2895225307771137,0.2895225485165913,5038.773664202009,66.44330951145717,5008.014127604167,1e-06,66.44330951145717,0.2632295056467965,0.9203280863307772,7.158853530883789,5038.773701985677,0.0621360096903074,0.0621360093355178
187,train,0.501982526913766,0.921766941746076,0.4106800798126446,0.2716863876388919,0.3044519599887632,0.4106800799728721,0.5063302511729861,0.0914631110405729,14.96925591397029,0.2646556757791068,0.2646556811467294,4122.347893499559,22.45620319920201,4130.315624856146,1e-06,,0.2527433852514913,0.9224467918437016,60.60157513618469,4122.347556698707,0.0517952185404557,0.0517952185003988
187,val,0.4639880955219269,0.9908359221049716,0.4394983365422203,0.2872432484513237,0.3679226892335074,0.4394983351230621,0.5596036428496951,0.1946398764848709,41.09910801478794,0.2859616499571573,0.285961654924211,5052.733543759301,66.38721729460217,5020.183132102273,1e-06,66.38721729460217,0.2634279727935791,0.9203744048164004,7.30868124961853,5052.733607700893,0.0608559279214768,0.0608559282762663
188,train,0.5018145161610778,0.9228015364177764,0.4106200372660032,0.2715595220365832,0.3049057889529454,0.4106200378267995,0.5064538550633256,0.0902142333848181,14.835724025644282,0.26517302014174,0.2651730248684524,4287.114219850109,22.352819955477152,4292.753406604292,1e-06,,0.2530263712008794,0.9222122126369066,60.99083709716797,4287.114224587717,0.0520790502108553,0.0520790502509122
188,val,0.4639880955219269,1.002457170259385,0.4396425074055081,0.2848565337203798,0.3632515512761615,0.4396425045671917,0.5634830168315342,0.1939877413568042,41.48763538542248,0.3041298339764277,0.3041298432009561,5060.210475376674,66.63998631068638,5031.86602154356,1e-06,66.63998631068638,0.2652266131980078,0.9197926776749747,7.23298168182373,5060.210402715774,0.0698418759164356,0.0698418766260147
189,train,0.5016129032898975,0.9223444093299168,0.4107223973479322,0.2720270687213508,0.3070385107590306,0.410722398469525,0.5063955888793032,0.0907482413715252,14.93607207267515,0.2648937751048354,0.2648937800718892,4386.679835821993,23.019526902065483,4395.00915167709,1e-06,,0.2527752697307576,0.9222711286237164,60.5871856212616,4386.679829012963,0.0517922337116893,0.0517922337217036
189,val,0.4639880955219269,0.9902724481764292,0.4410700060072399,0.2861737686963308,0.3584167418025789,0.4410700102647145,0.5654053269397645,0.1946798314650853,40.98408408392044,0.2749451860075905,0.2749451909746442,5049.779090518043,66.3817321232387,5018.794546046402,1e-06,66.3817321232387,0.260481215658642,0.9209531517255872,7.221340417861938,5049.779189336868,0.0528263988949003,0.0528263991609925
190,train,0.5016465054083896,0.9231245014616238,0.410634321951738,0.2712500467095324,0.3035954049518031,0.4106343229131032,0.5075629207315624,0.0903697977022778,14.767720553182787,0.2648738863006715,0.2648738920688629,4264.735935457291,22.482431247670164,4273.049219243213,1e-06,,0.2529331221375414,0.9223675750276094,61.23883414268494,4264.735933570451,0.0516084252245804,0.0516084254048364
190,val,0.4639880955219269,0.984406672772907,0.4392198906058356,0.2883257276955105,0.3709093460014888,0.4392198920249939,0.5575449672483263,0.1936488903704143,40.90295164925711,0.2693251719077428,0.2693251768747965,5052.980035691035,66.31670234316871,5030.874603456439,1e-06,66.31670234316871,0.2634327887069611,0.9202160125687008,7.395214319229126,5052.980178106399,0.0578824691474437,0.0578824693248385
191,train,0.5022177420636659,0.9218922826231168,0.4103016639428754,0.2713581515896704,0.3040039004978313,0.4103016640229892,0.5063616332988585,0.0900653896913413,14.74870386431294,0.2648578124341144,0.2648578179619645,4199.310681168751,22.30023967066119,4206.514718391598,1e-06,,0.2533990311366255,0.9220471388550217,60.24151873588562,4199.310681250788,0.0512904072661073,0.0512904071158939
191,val,0.4639880955219269,0.9854700480188642,0.4399294356505076,0.2876882829836437,0.3662374431178683,0.4399294342313494,0.5602405624730247,0.19371264676253,40.34274628048851,0.2736610528968629,0.273661059992654,4970.370681036086,65.7405404590425,4940.968353456439,1e-06,65.7405404590425,0.2613815572999772,0.920376391637893,7.107041835784912,4970.370733351934,0.0545258413822878,0.0545258413822878
192,train,0.5023521505376344,0.923091197206128,0.4105123889542395,0.2710110723010955,0.3038411344732007,0.4105123890343533,0.5063508869579403,0.089516011757716,14.833398665151288,0.2650244497163321,0.2650244537220206,4220.556414532405,22.33994666991695,4228.761823002979,1e-06,,0.2528181430152667,0.9223075281548244,60.10614991188049,4220.556750184746,0.0514355165463301,0.0514355165964012
192,val,0.4639880955219269,0.9908686904680162,0.4410909967763083,0.2861210022653852,0.3584118173235938,0.4410909953571501,0.5656002447718665,0.1948229784057253,40.57004447210403,0.2754919025160017,0.2754919039351599,5061.011524018787,66.31923112415132,5033.089186789773,1e-06,66.31923112415132,0.2598562630869093,0.9213732651301793,7.351395845413208,5061.011509486607,0.0528496028411956,0.0528496026638008
193,train,0.5022177420636659,0.9283934911733032,0.4103206928859474,0.2707766755934684,0.3032433645379159,0.4103206954495881,0.5063198566116313,0.0913009038094871,14.770361710620184,0.2654196062395649,0.2654196108861636,4105.759305318196,22.472036530894616,4113.746680530073,1e-06,,0.2525745654298413,0.9223522159361072,61.25500249862671,4105.759303308302,0.0514216628226061,0.0514216632532176
193,val,0.4639880955219269,0.992223975204286,0.4407080397719428,0.2861257677986508,0.3598883790629251,0.4407080468677339,0.5644944466295696,0.1933710536076909,40.74465996878488,0.275161726134164,0.2751617353586923,5038.873514811198,66.28943606785366,5014.144075520833,1e-06,66.28943606785366,0.2622857753719602,0.9202909441221327,7.230962753295898,5038.87353515625,0.0584336962728273,0.0584336960954325
194,train,0.5022513440219305,0.922057629272502,0.4101711062173689,0.2709848211817844,0.3042276948690414,0.4101711047753211,0.5060169085139229,0.0915265265972383,15.10253910095461,0.2652441630921056,0.2652441693409796,4093.8147106785927,22.58413031024317,4102.167194358749,1e-06,,0.2529016181185681,0.9222734371821084,60.60360312461853,4093.814707950879,0.0518073844773474,0.0518073846075323
194,val,0.4654761907600221,0.9923195867311388,0.4406771659851074,0.2854412659293129,0.3584679748330797,0.4406771702425821,0.5653995658670153,0.1929943994397208,40.80881364004953,0.2752117457843962,0.2752117493322917,5050.877473377046,66.374085744222,5024.434357244319,1e-06,66.374085744222,0.2612654722872234,0.9208441575368246,7.202479600906372,5050.877467564174,0.0553310247404234,0.0553310256273973
195,train,0.5014112903386034,0.9238743629827294,0.4109677985631009,0.2715554216536142,0.3040363304717566,0.4109678008864003,0.5078519139719265,0.0912244325724019,14.881676445725144,0.2649835335311069,0.2649835383379331,4231.729796337825,22.5657566952449,4238.57881303267,1e-06,,0.2534093317645852,0.9221847323320244,60.49936032295227,4231.7294596190095,0.0513203468133685,0.0513203465129419
195,val,0.4654761907600221,0.9856355928239368,0.4398831412905738,0.2872088310264405,0.3653047127383096,0.4398831341947828,0.5608470666976202,0.1935171782970428,40.3418927873884,0.2665059169133504,0.2665059197516668,5016.346409388951,66.02198564438592,4989.066657788826,1e-06,66.02198564438592,0.2625940917503266,0.9201367667743138,7.398757219314575,5016.3464122953865,0.0545590058678672,0.0545590064000515
196,train,0.5022513440219305,0.9227583301003262,0.4102023042818551,0.2705445702197731,0.3026380766463536,0.4102023047625378,0.5050101791338254,0.0900355208544961,15.028752785857003,0.2650857595025852,0.2650857678344173,4332.836846013223,22.68052908938418,4341.429002169728,1e-06,,0.2529677878464422,0.9222536490809532,60.07620310783386,4332.837179532615,0.0515838985541655,0.051583898714393
196,val,0.4639880955219269,0.9871227939923604,0.4403277138868968,0.2882669390667052,0.3664276614075615,0.4403277110485804,0.5603570576225009,0.195288173854351,40.92050198146275,0.2724355920439675,0.2724356019780749,5058.287876674107,66.34779421488444,5032.901313920454,1e-06,66.34779421488444,0.2619861818495251,0.9206073681513468,7.284100294113159,5058.287777855283,0.0559600258157366,0.0559600256383419
197,train,0.5022849463006501,0.9220493208336574,0.4099353478159955,0.2709276902899947,0.3043934730913049,0.4099353464941184,0.5059480880617454,0.0908155497564103,14.654232917293426,0.2647914383360135,0.2647914457064803,4089.270990863923,22.34621315617715,4095.062401460076,1e-06,,0.2533367631896849,0.9221847425865872,61.14174962043762,4089.2709934890913,0.051509816199541,0.0515098162596264
197,val,0.4639880955219269,0.9811832081703912,0.4400726514203207,0.2890381302152361,0.3689311799548921,0.440072652839479,0.5587535670825413,0.1932927675190426,40.44628488449823,0.2632874782596315,0.2632874789692107,5032.077674502418,66.09847359430222,5008.186745383523,1e-06,66.09847359430222,0.2609976913247789,0.9208120476631892,7.285155296325684,5032.0775466192335,0.0512252008276326,0.0512252019806986
198,train,0.5022513440219305,0.9215096783253456,0.4100600616425596,0.2712292126429978,0.3064305652533808,0.4100600595596016,0.5051450719756465,0.0904600013307826,15.048908633570518,0.2647148003821732,0.2647148033463827,4269.626273206485,23.215115262616067,4278.242149301651,1e-06,,0.2535380607330671,0.922048346970671,61.02112364768982,4269.626270581317,0.0516786813355421,0.0516786814356843
198,val,0.4639880955219269,0.9862532530512128,0.4411041183131082,0.288228506843249,0.3636357826845987,0.4411041168939499,0.5622605149235044,0.1950866260698863,40.711173738752095,0.2737360185100919,0.2737360270250411,5022.57781110491,66.14715621584938,4991.110259824811,1e-06,66.14715621584938,0.2606054359958285,0.9209485224315098,7.279628753662109,5022.577787853423,0.0509157531140815,0.050915751162739
199,train,0.5017137098056014,0.9217358505533588,0.4100262299180031,0.271109654538093,0.3054243922233581,0.4100262307992545,0.5055088448508452,0.0917947323171682,14.859281445062289,0.2645783848980421,0.2645783917077126,4265.516147900653,22.484887994745726,4273.944308142871,1e-06,,0.2534554138459185,0.92217356030659,60.7255334854126,4265.516483840122,0.0516258824556585,0.0516258825658149
199,val,0.4654761907600221,0.9783882867722284,0.4391336455231621,0.290003851765678,0.3748222135362171,0.4391336412656875,0.554876005365735,0.193153345868701,40.62989171346029,0.2653138424668993,0.2653138488531112,5013.41354515439,66.10065351213727,4983.303332149621,1e-06,66.10065351213727,0.2617225455386298,0.920936229683104,7.07210111618042,5013.41357421875,0.0523771054687954,0.0523771060896771
200,train,0.5018481182795699,0.9216838951713296,0.4101351308085585,0.2714364874747492,0.3070746536857338,0.4101351304079896,0.5061242226310956,0.0900045378153683,14.252222207284742,0.2648700866647946,0.2648700941954889,4035.6301880703177,21.80060447672362,4043.8872809156414,1e-06,,0.2532171781665535,0.922412060281282,60.35495114326477,4035.6298529512137,0.0517295578454611,0.0517295579656317
200,val,0.4639880955219269,0.9943452420688811,0.4414420241401309,0.2854545818907874,0.3554267982641856,0.44144202839760555,0.5673400617781139,0.19464337187153952,40.75769896734329,0.27667327721913654,0.27667328999156043,5067.479114350818,66.36577887762161,5037.090340909091,1e-06,66.36577887762161,0.2613061332986468,0.9204261870611281,7.117100477218628,5067.479085286458,0.05396051988715217,0.053960519443665235
