epoch,phase,bucket_acc,bucket_ce,bucket_distance_l1,bucket_entropy,bucket_expectation_l1,bucket_index_l1,bucket_prior_kl,calorie_from_map_l1,calorie_mae,calorie_map,calorie_map_l1,calorie_mse,calorie_rmse,loss,loss_contrast,loss_reconstruction,loss_total,lr,scheduler_metric,segmentation,segmentation_dice,time_sec,total_calories,volume,volume_mae
1,selfsup,,,,,,,,,,,,,,,1.9759438996033003,0.3080022837365827,2.1299450435946063,,,,,,,,
2,selfsup,,,,,,,,,,,,,,,0.8795331073223903,0.2415331262414173,1.0002996726061708,,,,,,,,
3,selfsup,,,,,,,,,,,,,,,0.4896352295914004,0.2155112785998211,0.597390867849832,,,,,,,,
4,selfsup,,,,,,,,,,,,,,,0.3903213767434961,0.1933884753655362,0.4870156141058091,,,,,,,,
5,selfsup,,,,,,,,,,,,,,,0.329856460293134,0.1885056126742593,0.4241092685730226,,,,,,,,
6,selfsup,,,,,,,,,,,,,,,0.300797259455086,0.1799709670325761,0.3907827438526256,,,,,,,,
7,selfsup,,,,,,,,,,,,,,,0.2637319236352879,0.1685513651739525,0.3480076055212687,,,,,,,,
8,selfsup,,,,,,,,,,,,,,,0.2458285957334503,0.1718894108649223,0.3317733012059683,,,,,,,,
9,selfsup,,,,,,,,,,,,,,,0.2294544466240431,0.1638668498765396,0.3113878717826259,,,,,,,,
10,selfsup,,,,,,,,,,,,,,,0.2149718992251862,0.1551373421504933,0.292540570260376,,,,,,,,
11,selfsup,,,,,,,,,,,,,,,0.2026346370738039,0.1501025203014573,0.2776858983661538,,,,,,,,
12,selfsup,,,,,,,,,,,,,,,0.1970333899221112,0.1403040046733553,0.2671853919183054,,,,,,,,
13,selfsup,,,,,,,,,,,,,,,0.1910858625365842,0.1352876048655279,0.258729665189661,,,,,,,,
14,selfsup,,,,,,,,,,,,,,,0.1834018050983387,0.1345337439448602,0.2506686768704845,,,,,,,,
15,selfsup,,,,,,,,,,,,,,,0.1750236613455639,0.1285443390889834,0.2392958310502831,,,,,,,,
16,selfsup,,,,,,,,,,,,,,,0.1689442481084536,0.1240557571572642,0.2309721267671995,,,,,,,,
17,selfsup,,,,,,,,,,,,,,,0.1668367324176655,0.1294896389928556,0.2315815514133822,,,,,,,,
18,selfsup,,,,,,,,,,,,,,,0.1621568044347147,0.1232794245644923,0.2237965162563067,,,,,,,,
19,selfsup,,,,,,,,,,,,,,,0.1603110364528112,0.118824765767141,0.2197234193163533,,,,,,,,
20,selfsup,,,,,,,,,,,,,,,0.1569335937540057,0.1180347152534992,0.2159509513006415,,,,,,,,
1,train,0.500134408634196,0.6157584836085638,0.4168771039093694,0.5893119927696002,2.319670165097841,0.4168771008650462,0.099404034475165,0.7077948624087919,116.75736111466604,0.2357130418381383,0.2357130470054765,30206.87748997186,156.06118585730113,0.5933545354038778,,,,0.0001,,0.5707309284517842,0.7850402744226558,63.52260899543762,0.2272311236949697,0.0405594855847377,0.0405594855697164
1,val,0.4625000002838316,0.7445881735710871,0.4046007380599067,0.4180575311183929,1.1357070094063169,0.4046007408982232,0.3041956417617343,0.4878196063495817,90.6752560933431,0.3388595084349314,0.3388595112732478,16440.848923456102,123.881590343657,0.4305195201526988,,,,0.0001,123.881590343657,0.4841228879633404,0.8683235758826846,7.259918689727783,0.1541361734271049,0.0522253009535017,0.0522253011308965
2,train,0.5,0.8757056392008259,0.4197105303887398,0.3483902328116919,0.7067715352581393,0.4197105299881709,0.4112271629273891,0.4623027502368855,93.661681595669,0.2455765932638158,0.2455765978303007,22011.828454458584,129.2696058211788,0.5551323409433718,,,,0.0001,,0.4055894826368619,0.8925123996632074,58.7462785243988,0.1615557082157622,0.0410574253908889,0.0410574252006187
2,val,0.4625000002838316,0.7724371297018868,0.4288271708147866,0.435906008595512,1.029689385777428,0.4288271693956284,0.3218752890825271,0.5239529198124295,125.42525409516834,0.2182095405601319,0.2182095462367648,24789.267438616072,155.0602020990281,0.6682841875336387,,,,0.0001,155.0602020990281,0.4289987200782412,0.8819653732436044,7.336764812469482,0.2334240132144519,0.0421341515722728,0.0421341513948781
3,train,0.5002016130314079,0.9338807393145816,0.4247018436110147,0.307859393697913,0.5478688656322418,0.4247018440115836,0.4756755747341661,0.4318937937258392,90.0828990731188,0.2444792836103388,0.2444792878563686,20743.578022618447,124.98503365055208,0.6524505553823529,,,,0.0001,,0.3619581026736126,0.901273674221449,59.07316207885742,0.1520911228232165,0.0415480412863275,0.0415480411661568
3,val,0.4625000002838316,0.9009263997986204,0.424832121247337,0.3241718106326602,0.5960755078565507,0.4248321255048116,0.4669707857427143,0.3601026442788896,76.43384588332404,0.245190184031214,0.2451901854503722,12941.615071614584,108.6229129972912,0.6094906864744244,,,,0.0001,108.6229129972912,0.3679543350424085,0.9014746348063152,6.913764476776123,0.1206407002395107,0.0358702502257767,0.0358702499596845
4,train,0.5,0.946138616531126,0.4223326612063633,0.2959351145452069,0.5153483820538367,0.4223326593637466,0.4882179084083726,0.4052741143812415,84.76069673927881,0.2591040814595838,0.2591040872277752,18938.5837218582,119.40743536590249,0.7491084020547193,,,,0.0001,,0.3443851720902227,0.9043959116423002,58.643367290496826,0.138060691636256,0.0342410908290936,0.0342410909292358
4,val,0.4625000002838316,1.0193999721890403,0.4489107429981231,0.2834801475207011,0.4340794043881552,0.4489107401598067,0.5850727025951658,0.344211777760869,74.48798606509254,0.2728965807528722,0.2728965878486633,12378.27748325893,105.49504398164297,0.7104363224723123,,,,0.0001,105.49504398164297,0.3384418742997305,0.9080997989291236,7.180224418640137,0.1134060014571462,0.0349385277146384,0.0349385270937567
5,train,0.4997983871288197,0.9549999203412765,0.4233549372643553,0.2897490174860083,0.4824034546011237,0.4233549363831038,0.4994016293716687,0.3807549269128871,82.38612560559345,0.2631463948436963,0.2631464006118877,18072.33985031292,115.2450942993164,0.8456211089686513,,,,0.0001,,0.3326362735161217,0.9048158907762138,58.95210862159729,0.1309325587184679,0.0324251615212008,0.0324251618316417
5,val,0.4625000002838316,0.9711546784355528,0.4439608227638971,0.3033310281378882,0.4574600869701022,0.4439608298596881,0.544483007419677,0.3543872386217117,72.25943029494513,0.2560767098551705,0.2560767126934869,11645.69278971354,101.1636029198056,0.8136434425007213,,,,0.0001,101.1636029198056,0.3369605597995576,0.9072648343585786,7.0799713134765625,0.1073747308303912,0.0348575642066342,0.0348575635857525
6,train,0.5,0.9560173065752112,0.4231718017529415,0.2848052358435046,0.4546582199713235,0.4231717985483907,0.5102979690437356,0.3606029567058368,78.66469106366557,0.2612145812280716,0.2612145869962631,17540.6020219044,111.39341875301896,0.8216713074883226,,,,0.0001,,0.3214331075388898,0.906739640299992,59.27719378471375,0.1229937717879331,0.033364458300013,0.033364458300013
6,val,0.4625000002838316,0.9840579770860218,0.4483010726315634,0.2999541127965563,0.4444810293969654,0.4483010811465127,0.5598861944107782,0.3412453957966396,72.2303581237793,0.2960600654284159,0.2960600682667323,11041.170398530508,100.45369647798084,0.8078511667974068,,,,0.0001,100.45369647798084,0.3334701770827883,0.9062074053855168,7.140113592147827,0.1042102539823168,0.0270223196241117,0.0270223205110856
7,train,0.4995967742576394,0.9560032478904212,0.4219562225444342,0.2813551957088132,0.4448732877130149,0.4219562220637516,0.5100197330597909,0.3479779185627096,75.78307873715636,0.27148150099862,0.2714815088497695,16732.391613375756,107.12791762813444,0.8068034467472371,,,,0.0001,,0.3160439090382668,0.9083250187417512,59.19023942947388,0.1174637731064551,0.03068255064308,0.0306825505829946
7,val,0.4625000002838316,0.9993281846954708,0.4325831149305616,0.2902403190022423,0.4936808688299997,0.4325831191880362,0.5276823611486525,0.3386659771203995,79.29796691167923,0.3061123561291468,0.3061123731590452,13154.87298874628,108.17811366489956,0.8395631125479034,,,,0.0001,108.17811366489956,0.3306589396226974,0.9141777328082492,6.963385343551636,0.1207974262180782,0.0505465118303185,0.0505465108546472
8,train,0.4997983871288197,0.943114646820612,0.4195131334245845,0.2863574120145972,0.4622802242476453,0.4195131324632193,0.5026978870192843,0.3424779312905445,77.40858254381405,0.273135303649851,0.2731353110203179,16690.636172715054,108.93666058201944,0.8078820896068406,,,,0.0001,,0.3089902194276933,0.9108058941620653,58.98674917221069,0.1188625326099735,0.0316802920893796,0.0316802919191378
8,val,0.4625000002838316,0.9551973853792464,0.4254835631166185,0.2945063752787454,0.5095707547096979,0.4254835645357768,0.5070197369371142,0.3211819174743834,68.91775367373512,0.2805378933747609,0.2805378990513937,10590.471319289434,98.64881824311756,0.8009132876540676,,,,0.0001,98.64881824311756,0.3239892621835072,0.9103445126896812,6.893003225326538,0.1002368369982356,0.0351302174053021,0.0351302185583682
9,train,0.5002016130314079,0.9449611693941136,0.4187852443866832,0.2816688187660709,0.4400370237167164,0.4187852460690724,0.5073386297751499,0.3302272066313733,73.62272683010306,0.2758811399821312,0.2758811433469095,15521.007857127855,103.47782368813792,0.7865359574054628,,,,0.0001,,0.3027775901299651,0.913410553047734,58.57946515083313,0.1089019327254224,0.0303959000294887,0.0303958999193323
9,val,0.4625000002838316,1.024086588904971,0.4395552717504047,0.2751194572164899,0.4172101943265824,0.4395552745887211,0.5717011463074457,0.3431358748958224,67.55261466616676,0.2702753600620088,0.270275361481167,10775.005033947173,97.93734850202289,0.8027860171867139,,,,0.0001,97.93734850202289,0.3122901703630175,0.9100656935146876,7.16203236579895,0.0985144063652981,0.0395143080857538,0.0395143082631485
10,train,0.5006048387737685,0.9423482429276232,0.4177111013121502,0.2797178362486183,0.4226316833688366,0.4177110978672581,0.5052876764888404,0.3168732614446712,70.43757745271088,0.2801338091332425,0.2801338147412064,14854.594396447625,100.1433750480734,0.7671593632561591,,,,0.0001,,0.2959947856844112,0.9152511169192612,58.7736029624939,0.1013763324527811,0.0319238063448699,0.0319238064349979
10,val,0.4625000002838316,1.113528555347806,0.4540677496365138,0.25020998219649,0.3466950662079311,0.4540677538939884,0.6520330409208933,0.3636678166332699,79.56092961629231,0.2812390866733733,0.2812390994457971,15227.516531808036,116.0986457098098,0.8565198208346512,,,,0.0001,116.0986457098098,0.2948702190603529,0.915489599818275,6.959311723709106,0.1364304912941796,0.0383541516604877,0.0383541513056982
11,train,0.5002016130314079,0.9474455377747936,0.4179241583552411,0.2761780076449917,0.4090920407925882,0.4179241585154687,0.5123327384272249,0.3032094504564039,68.30065585720924,0.2858759848981775,0.2858759914675066,14419.125068254369,97.56626744424145,0.7542041213825496,,,,0.0001,,0.2933973397618981,0.9148409606948976,58.909777879714966,0.0964264818417128,0.0321882141814116,0.0321882141914258
11,val,0.4625000002838316,0.9976172418821424,0.437872799379485,0.2839952941451754,0.4295986975942339,0.4378727922836939,0.5544512357030597,0.3292573704606011,67.43359665643601,0.3051948022274744,0.3051948079041072,9921.658563523066,95.30973470778692,0.7904277411374179,,,,0.0001,95.30973470778692,0.3008762271631331,0.9187360065323966,6.897072076797485,0.0963769072578066,0.0426522600686266,0.0426522600686266
12,train,0.5,0.9492996525700376,0.4191986799881022,0.2760137741764386,0.4001126529708985,0.4191986816704914,0.5147707565657554,0.3024850964385976,65.54433915948356,0.2906556358580948,0.2906556393831007,13708.427371445525,94.3988462263538,0.7464372845209809,,,,0.0001,,0.2884429223755354,0.9167361333165116,58.31624126434326,0.0916271963236873,0.0332412990711389,0.0332412991712811
12,val,0.4625000002838316,1.0424605409304302,0.4527185658613841,0.280482720761072,0.3830086595955349,0.4527185601847512,0.5993325738679796,0.3234951432262148,67.52851740519206,0.2802699832689194,0.2802699889455523,9939.44976515997,93.85134687877836,0.7870983932957505,,,,0.0001,93.85134687877836,0.2932378408454713,0.9135749283291044,6.880586385726929,0.0924373444701944,0.0273715063397373,0.0273715063397373
13,train,0.4993951613063453,0.9553141424091912,0.4193870049490723,0.2749872435164708,0.4095690539607438,0.4193870059104376,0.5196459788468576,0.2978712559467362,67.51414645615445,0.2936506226498593,0.293650629379416,14216.45871201382,96.8498288226384,0.7538248909041536,,,,0.0001,,0.2837169527687052,0.9182275091448138,58.58811378479004,0.0960306150798675,0.0330810812952858,0.0330810813854138
13,val,0.4625000002838316,0.9988122156688144,0.4370381903080713,0.2789777879204069,0.3837448443685259,0.4370381874697549,0.5586560269196829,0.2919208776383173,60.37589645385742,0.2805320762452625,0.2805320776644207,7982.640235537574,85.84274455479213,0.7416465282440186,,,,0.0001,85.84274455479213,0.2920972633929479,0.9139463844753448,7.072422981262207,0.0788862990392815,0.0363590603783017,0.0363590600235121
14,train,0.5006048387737685,0.9536699308182603,0.4185011958883655,0.2754450527730808,0.4001149404593693,0.4185011974906408,0.5208921143684977,0.2983066628697098,65.07471651672036,0.2981339840478794,0.298133988374023,12997.016625189011,91.9089514209378,0.7426886443537896,,,,0.0001,,0.2782458437065924,0.9184865842583358,58.240535259246826,0.0877543399110436,0.0336298180984393,0.0336298183287664
14,val,0.4625000002838316,1.055995299702599,0.4540293614069621,0.2730480226732436,0.3667101398819968,0.4540293585686457,0.6141439349878401,0.3311907060089565,65.0889498392741,0.2977669338385264,0.2977669409343174,8922.441557384673,89.76897266932896,0.7806324709545482,,,,0.0001,89.76897266932896,0.2803757247470674,0.9186586538950602,7.10781717300415,0.0853207205377873,0.0344888591872794,0.0344888589211872
15,train,0.5001680107526881,0.9500592873301558,0.4179114703769966,0.2740307332527253,0.3873625870353432,0.4179114690150625,0.5187049296794719,0.2814267147132145,62.05417258765108,0.3058405778100413,0.3058405848600531,12779.032958984377,89.41299830200852,0.7253225567364934,,,,0.0001,,0.2756777569170921,0.920695842914684,58.88742446899414,0.0826633960429218,0.0355022744305672,0.0355022743704818
15,val,0.4625000002838316,1.0750831393968492,0.4529675784565153,0.2629098629667645,0.3673446788674309,0.4529675784565153,0.6290582915147146,0.308839228891191,66.15433774675641,0.3136015747274671,0.3136015775657835,10952.999174572173,97.1472772870745,0.7944238756642197,,,,0.0001,97.1472772870745,0.2817883307025546,0.9241247886703128,7.309556484222412,0.1003718751349619,0.0428875990744148,0.0428875988083226
16,train,0.5002016130314079,0.9465607699527536,0.4185053851976189,0.2729278485621175,0.3808570385620158,0.4185053839157986,0.5220593965101626,0.2833997896441849,61.8054443687521,0.3086041226502388,0.3086041274570649,12468.808415894868,88.67301352306079,0.7226785933529889,,,,0.0001,,0.2710283157485788,0.922203113314926,59.255218744277954,0.0825985973821051,0.0376500608699937,0.0376500607998941
16,val,0.4639880955219269,0.9868509400458564,0.4401583401929764,0.2908775160710017,0.4044387141863505,0.4401583401929764,0.5527044577257973,0.2787708214351109,58.38504119146438,0.3195662498474121,0.3195662583623613,7463.87103562128,82.96371023995536,0.7345985250039534,,,,0.0001,82.96371023995536,0.2800956524553753,0.9204827234858558,6.919803857803345,0.07205700963026,0.039076805114746,0.0390768057356278
17,train,0.5,0.957028022696895,0.4185684584481742,0.2698701950971798,0.3698864717797566,0.4185684548430545,0.5268499161647533,0.2716495083064161,59.34430646383634,0.3133285255521856,0.3133285326021974,11875.789952431956,84.77234335868589,0.711383522038508,,,,0.0001,,0.2676363687521668,0.923077739695067,58.560364723205566,0.0763151913290462,0.0384044643912103,0.0384044645914948
17,val,0.4625000002838316,0.958048477059319,0.4301875198171252,0.2962763259808222,0.446384045339766,0.4301875212362834,0.5206870500530515,0.2739376532179968,56.57880783081055,0.3326050738493601,0.3326050752685183,6938.940679640997,79.52634484427315,0.7327081557476159,,,,0.0001,79.52634484427315,0.2815834354786646,0.924489955107371,7.4827048778533936,0.0676167083992844,0.0511621941058408,0.0511621935736565
18,train,0.4997983871288197,0.958584299491298,0.4179567861300642,0.2679908463871607,0.359712218405098,0.4179567866107469,0.5230976236603593,0.2616217720813008,58.64673859585998,0.3182701269785563,0.3182701340285681,11660.388293850809,82.83770639152937,0.7009949098933826,,,,0.0001,,0.2640336531624999,0.9238117109703762,59.68408799171448,0.0729219235720173,0.0378506107416044,0.0378506109218603
18,val,0.4639880955219269,0.9716812542506628,0.4337634188788278,0.2892862224862689,0.4146446670804705,0.4337634174596695,0.5407187236206872,0.2644233661038535,57.66571571713402,0.3353900881040664,0.3353900966190156,7075.763916015625,80.55904170445034,0.7253547227743901,,,,0.0001,80.55904170445034,0.2737351627576919,0.9261864877882456,6.912239074707031,0.0701919494285469,0.0501203982248192,0.0501203982248192
19,train,0.5,0.9587508415983568,0.4184213998497173,0.2684530338612936,0.3587129670445637,0.4184213986480108,0.5276718174898496,0.2607113969742611,58.09568988635976,0.3201766006087744,0.3201766047746904,11725.680795977192,82.87215327191096,0.7006746614822233,,,,0.0001,,0.2620028750870817,0.9252140358571084,59.17687916755676,0.0734050731094534,0.0374992167557119,0.0374992167757403
19,val,0.4639880955219269,1.0488378150122506,0.447051682642528,0.2732100571904863,0.362455414164634,0.4470516883191608,0.597349566363153,0.271953142115048,57.90382276262556,0.3271927932898203,0.3271928074814024,7903.678013392857,85.50391460600353,0.7447815584413933,,,,0.0001,85.50391460600353,0.2657330759934017,0.926709995383308,7.144014596939087,0.0767002364709263,0.0458165762857312,0.045816576463126
20,train,0.5005712364950488,0.9489696865440695,0.4161957233983983,0.2700857198847237,0.3664270391868007,0.4161957226773744,0.5221674519601047,0.2621336834885741,57.932425550235216,0.3254051565803507,0.325405165873548,11372.562216810002,82.9800168519379,0.7001925151155453,,,,0.0001,,0.2595827030718967,0.9246385196844736,59.10786175727844,0.0726886546759996,0.0375834752915687,0.0375834754217536
20,val,0.4625000002838316,1.052899142106374,0.4448453542732057,0.2616453341075352,0.3409464252846582,0.4448453528540475,0.6106158133063998,0.2699268566710608,56.44968541463216,0.3255642155806224,0.3255642255147298,7569.903663271949,82.17608388264973,0.7314861091700467,,,,0.0001,82.17608388264973,0.2595180563983463,0.9258598174367632,6.98107647895813,0.0720945100876547,0.0487187055959588,0.0487187048863796
21,train,0.4995967742576394,0.9511162709164364,0.4165769901967818,0.2671569802908487,0.3550132287926571,0.4165769912382608,0.5258066205568211,0.250729462953024,55.19565425380584,0.3260316146958258,0.3260316211049274,10764.482591854628,79.00904739543955,0.6848476057903534,,,,0.0001,,0.2514790714748444,0.9259193985052008,59.95482778549194,0.0658716315814163,0.0395807868610787,0.0395807869311782
21,val,0.4625000002838316,1.0581031044324238,0.4500504249618167,0.265563856278147,0.3151045271328517,0.4500504178660257,0.6185223800795419,0.2649976682095301,56.26084609258743,0.3563646603198278,0.3563646716730935,6926.216151646206,78.24199058896019,0.7207678975480976,,,,0.0001,78.24199058896019,0.2596383705025628,0.9244366344951448,7.025155067443848,0.0679022554042083,0.0359395127743482,0.0359395122421639
22,train,0.4997983871288197,0.951711491391223,0.4165566903288646,0.2674510526240513,0.3500536403027914,0.4165566932129603,0.5259231256060702,0.2429862443798331,53.94771636429653,0.3270068764686584,0.3270068822368498,10532.37048897692,77.19548245911957,0.6784257142230717,,,,0.0001,,0.2489435283407088,0.9262888075843934,59.38122773170471,0.0634381636696797,0.0375788079534647,0.0375788076630523
22,val,0.4625000002838316,0.9780456054778326,0.4375726325171334,0.2881426775739306,0.391727477312088,0.4375726268405006,0.5518735207262493,0.2713652792431059,58.14974430629185,0.3030023262614295,0.303002336195537,7230.046979631697,80.71054494948615,0.7239253950841499,,,,0.0001,80.71054494948615,0.2634418039094834,0.9268080648921784,7.079123258590698,0.070718930502023,0.0524431313609793,0.0524431310061897
23,train,0.500134408634196,0.9503284357888724,0.4169929239458294,0.2677308165578432,0.3384988037969476,0.4169929255481048,0.5260514210188582,0.2408397808590884,52.64446745636643,0.3361982224128579,0.3361982310651451,10039.53303970829,74.98659716370285,0.6699760443835147,,,,0.0001,,0.2481165987349325,0.9273163695489208,59.28312206268311,0.0601098866262022,0.0390477814581445,0.0390477815983436
23,val,0.4625000002838316,1.106613318125407,0.458982982805797,0.252583710920243,0.3140874143157686,0.4589829899015881,0.6630371269725618,0.2428309129817145,61.94880712599981,0.3361428323246184,0.3361428507736751,8525.70249720982,88.71343503679547,0.7483349120978153,,,,0.0001,88.71343503679547,0.2526978488479341,0.927799758457002,7.046281099319458,0.0838737924184118,0.0465948490337247,0.0465948501867907
24,train,0.5007056452894724,0.9498198058015556,0.4163160063726928,0.266311119000117,0.3356724258071633,0.4163160047704173,0.5267058930970648,0.2265387030058009,50.4480634197112,0.3448132781251784,0.3448132840535974,9719.554635324786,72.14692037849017,0.6592370098688787,,,,0.0001,,0.2439553808140498,0.9290389572420428,58.81194734573364,0.0554514745781098,0.0398909960703183,0.0398909960603041
24,val,0.4639880955219269,1.0719657994451977,0.4453405865601131,0.2629870793649128,0.3339747240146001,0.4453405879792713,0.6049794689530418,0.2503962612577847,59.61491639273508,0.3531841678278787,0.3531841706661951,7952.160249255952,85.05391456967308,0.7343094659574104,,,,0.0001,85.05391456967308,0.2537370082877931,0.9261774193672908,7.0292041301727295,0.0783464723222312,0.0461038989680154,0.046103898435831
25,train,0.5,0.9492168482593312,0.4155475161969661,0.2661962201518397,0.3325873097424866,0.4155475172384452,0.5223885017837728,0.2205317267166671,49.8557093322918,0.35086162436393,0.3508616310934866,9552.443535589402,71.0867906796035,0.6536770963508272,,,,0.0001,,0.2411524662247268,0.9291114919288184,58.84609341621399,0.0539312471024772,0.0389598644268448,0.0389598648574563
25,val,0.4639880955219269,1.043987455822173,0.4447528904392606,0.2651216167779195,0.3278393851859228,0.4447528961158934,0.6023651851075036,0.2355361431837082,54.89451144990467,0.3586320650009882,0.3586320720967792,6471.543602353051,78.25322123936245,0.7045981114560907,,,,0.0001,78.25322123936245,0.2410110270693188,0.9307948691504342,6.841970443725586,0.0649963294466336,0.0376868927407832,0.0376868930068754
26,train,0.5003360215053764,0.9555052486799096,0.4166741482512925,0.2631049153785552,0.3236190803268904,0.4166741491325439,0.5297521894337028,0.2263788735514046,48.82544424200571,0.351868873962792,0.3518688845378096,9360.53879670174,69.82997989654541,0.6536314665267765,,,,0.0001,,0.2380148618612238,0.9299576410683252,58.95475888252258,0.0527373138359517,0.0386526883850174,0.0386526881346619
26,val,0.4639880955219269,1.0116560828118095,0.4395726479235149,0.2796142860537484,0.3809380261670975,0.4395726493426731,0.568321970247087,0.2606608903124219,55.05022721063523,0.3531097968419392,0.353109815290996,6592.878545851934,78.07363691784087,0.7195321476820743,,,,0.0001,78.07363691784087,0.2434583597239993,0.9321774811971756,6.906803369522095,0.0655509490697156,0.0364797885219256,0.0364797892315047
27,train,0.5003360215053764,0.9455642902082012,0.4155051183476242,0.2668866452670866,0.3349603924860236,0.4155051149427891,0.5262853535673311,0.2224637658926107,50.042187506152736,0.3515548239792547,0.3515548316701766,9371.844204154066,71.06727195042436,0.653593336733102,,,,0.0001,,0.2381161482584091,0.9298066586576482,59.11788487434387,0.0537353336575731,0.0392783175432874,0.0392783174131025
27,val,0.4669642859981173,1.038433117525918,0.4420610623700278,0.2678095790601912,0.3349175616389229,0.4420610552742368,0.5896153350671133,0.2337876363169579,54.17170170375279,0.3765401996317364,0.3765402180807931,6368.019484747024,76.94481259300595,0.7019718148491599,,,,0.0001,76.94481259300595,0.2467610523814246,0.929500767162868,7.024439573287964,0.0632503740489482,0.0475557850052913,0.0475557850052913
28,train,0.5005376345367842,0.9537212327923826,0.4160044359103326,0.2625527881005758,0.3175272226974528,0.4160044371120391,0.5300967477422248,0.2151817426646268,47.29719658308132,0.3589945574921946,0.358994565022889,8893.797217584426,67.9939745626142,0.6437432182356966,,,,0.0001,,0.2324705038179633,0.9313421262207852,58.81009650230408,0.0497209088906886,0.0405502182641817,0.0405502183743382
28,val,0.4625000002838316,1.016418729509626,0.4401727758702777,0.2692134933812277,0.3574206786496298,0.4401727801277524,0.5864290580863044,0.2581300139427185,55.97242337181454,0.3681945417608533,0.3681945559524354,6954.959123883928,78.57177180335636,0.7147272059411713,,,,0.0001,78.57177180335636,0.239652048264231,0.9318242896170844,6.993465185165405,0.0680852700911817,0.0494243254264195,0.0494243269342751
29,train,0.5010752687531133,0.9546437140113564,0.4165394046614247,0.2629419987400372,0.3170342423742817,0.4165394044210834,0.5307766318481456,0.2134676144648623,47.30326271057129,0.3607853071023059,0.3607853138318626,8964.893070672148,67.39872121298185,0.642944123207118,,,,0.0001,,0.229224479967548,0.932384878717443,59.1492874622345,0.049425751496587,0.0419472559525441,0.0419472560026152
29,val,0.4625000002838316,1.0516208012898762,0.4427396882148016,0.2693829742215928,0.3456111905120668,0.4427396882148016,0.5922088069575173,0.2493107758817218,57.12854403541202,0.3677915192785717,0.3677915292126791,6987.995675223215,81.0761976696196,0.7221296108130253,,,,0.0001,81.0761976696196,0.2347781033742995,0.9323503800800867,6.927222967147827,0.0695606644841886,0.0575112996711617,0.0575112998485565
30,train,0.5008064516449487,0.9564797889481308,0.4166649189046634,0.2620073266888177,0.3140653246833432,0.4166649201864837,0.5356707724352037,0.2127862342342894,46.07080186823363,0.3649521848206879,0.36495219315252,8751.955282231813,66.49450425178775,0.6404905318812489,,,,0.0001,,0.2274079329224043,0.9326458467591192,58.81409573554993,0.047758697517096,0.04069027958578,0.0406902796158226
30,val,0.4625000002838316,1.0045378491992043,0.4424244420869009,0.2807706814436685,0.3624970132396334,0.4424244420869009,0.575618944707371,0.2700561668191637,54.475501287551154,0.3868416391667865,0.3868416448434194,6451.125383649553,78.0414172581264,0.7162926478819414,,,,0.0001,78.0414172581264,0.2368277105547133,0.9311867583365668,7.121099233627319,0.0646301586890504,0.04554145747707,0.0455414573883726
30,val_periodic_epoch_30,0.4625000002838316,1.0045378491992043,0.4424244420869009,0.2807706814436685,0.3624970132396334,0.4424244420869009,0.575618944707371,0.2700561668191637,54.475501287551154,0.3868416391667865,0.3868416448434194,6451.125383649553,78.0414172581264,0.7162926478819414,,,,0.0001,,0.2368277105547133,0.9311867583365668,6.9644997119903564,0.0646301586890504,0.04554145747707,0.0455414573883726
31,train,0.5006048387737685,0.9495498078164234,0.4159534321196617,0.2639278491498321,0.3142754049390875,0.4159534330009132,0.5303140914728565,0.2044737772835839,45.34005787552044,0.3668484995442052,0.3668485091578576,8200.020539970808,64.23326102636193,0.6316797844889991,,,,0.0001,,0.2287445087586679,0.9330849246953123,58.73721790313721,0.0444438706592766,0.039757284606176,0.0397572843658347
31,val,0.4654761907600221,1.0925288796424866,0.4527395381813958,0.2500715660197394,0.3122030503693081,0.4527395381813958,0.6518816209974743,0.2628993370703288,64.46589170183454,0.4089563219320206,0.4089563304469699,9543.761648995536,93.65351195562454,0.75669827894731,,,,0.0001,93.65351195562454,0.2287554095188776,0.9345115650267828,7.019384384155273,0.0928667839616537,0.0417340211570262,0.0417340212457236
32,train,0.5002688172683921,0.9543495348063848,0.4160655625565078,0.2611090627408797,0.3033850514279899,0.4160655648798071,0.5355604665894662,0.1950564708120079,44.08794095439296,0.3666703608087314,0.3666703691405634,8136.482143607191,62.92918668767457,0.6255881620577288,,,,0.0001,,0.2260710056270322,0.9317174073188536,59.044272899627686,0.04385724564844,0.040980041387581,0.0409800415377943
32,val,0.4625000002838316,1.0841310109410969,0.4561540612152645,0.2557271413859867,0.3064721695014408,0.456154058376948,0.653909866298948,0.278122135571071,54.23673429943266,0.3436239205655597,0.3436239361763,7004.371837797619,79.27144913446335,0.7313472841725205,,,,0.0001,79.27144913446335,0.2313540733995892,0.9290621933482942,6.935482501983643,0.0675691773316689,0.0386799131298349,0.0386799134846244
33,train,0.5012768817845211,0.9599336847182244,0.4161639322917307,0.258689231048989,0.2979967002105969,0.416163932532072,0.5398273985552532,0.1975931464744511,42.518058038526966,0.3744286902809656,0.3744286950877917,8128.588071761593,61.44427153884724,0.6249601554991019,,,,0.0001,,0.2231439771831676,0.9332102860814782,59.20966839790344,0.0415966362687408,0.0406273405257892,0.0406273403455333
33,val,0.471428571712403,0.965972798211234,0.4330400725205739,0.292400578657786,0.4232932329177856,0.4330400654247829,0.5308877208403179,0.2829589212224597,57.36020079113188,0.3743622813905988,0.3743622927438645,7789.28288922991,84.67240887596493,0.7365443403070623,,,,0.0001,84.67240887596493,0.2335907242127827,0.9333827438808624,6.921730756759644,0.0761247672850177,0.040965319921573,0.0409653200102703
34,train,0.5016129032898975,0.9582181954255669,0.4165649511801299,0.2573466312981421,0.2801432808640823,0.4165649494977407,0.5419904783528339,0.1719709905365141,38.86326507855488,0.3734333688212979,0.3734333755508546,7249.390373312017,55.54635126872729,0.6012662515495762,,,,5e-05,,0.2210929897683922,0.9345726409266072,59.14854145050049,0.0342980829312876,0.0412380967930119,0.0412380966528128
34,val,0.4639880955219269,1.1131348013877869,0.4557763621920631,0.2449797363508315,0.2719727435282298,0.4557763707070124,0.6686096617153713,0.2404491965259824,52.78276343572708,0.363239973783493,0.3632399837176005,6647.004754929316,77.89840316772461,0.7128643039501075,,,,5e-05,77.89840316772461,0.2237127068496885,0.9345101231620424,6.924712896347046,0.0652723397527422,0.039977239710944,0.0399772384691806
35,train,0.5015120967741935,0.9628923218096456,0.4167045862764441,0.2548461272831886,0.2629179707778397,0.4167045849946237,0.5420626912225959,0.1606687193596234,35.33213153962166,0.375107864378601,0.3751078695058822,6710.636727774015,50.63994405602896,0.5877069973785066,,,,5e-05,,0.2173456230791666,0.9353026283043688,58.844890117645264,0.029256591841238,0.0412132557962209,0.041213256026548
35,val,0.4639880955219269,1.0705258193470182,0.4505791508016132,0.2570885292121342,0.2924287326279141,0.4505791536399296,0.6349675499257588,0.2144648354677926,47.181688944498696,0.3748092026937575,0.3748092097895486,5557.447329566592,71.15152813139416,0.6855553424719608,,,,5e-05,71.15152813139416,0.2225940788076037,0.9354959101904006,6.940132141113281,0.0552468627159084,0.0392356082974445,0.0392356082974445
36,train,0.502116935547962,0.9626925630915548,0.4164277700487003,0.254283879553118,0.2615442777513176,0.4164277697282453,0.543985896293194,0.1574127153363279,35.285374754218644,0.3750170006226467,0.3750170089544788,6783.791489795972,50.47077622977636,0.5869731478819542,,,,5e-05,,0.2182454254518273,0.9346619828413892,58.5450336933136,0.0296402456068624,0.0395521890392066,0.0395521892194626
36,val,0.4625000002838316,1.051967129820869,0.4483638405799866,0.2620336512724558,0.3027225257385345,0.4483638448374612,0.6224855652877263,0.210288018697784,47.19639115106492,0.3839179745742253,0.3839179816700163,5549.44729468936,71.16039693923224,0.6806574015906363,,,,5e-05,71.16039693923224,0.2220354087295986,0.9346628927049184,6.969132900238037,0.0550043197969595,0.0363518380160842,0.0363518378386894
37,train,0.5009744623976369,0.9631020689523349,0.4169516639523609,0.2539503299581107,0.2581991008532944,0.4169516631512232,0.5479401543896686,0.1505168519753922,33.73247037908082,0.376514349893857,0.376514361750695,6317.299617808352,48.65015312933153,0.580141118881277,,,,5e-05,,0.2157390571890338,0.9356170130032364,58.81794548034668,0.0268815894340795,0.0401809175689053,0.0401809179995168
37,val,0.4654761907600221,1.0396501052947271,0.445985795486541,0.263711834237689,0.3093744644096919,0.4459857997440156,0.6122224203177861,0.2104414424725941,47.46277000790551,0.3834457709675744,0.3834457738058908,5249.080554780506,70.64263280232747,0.6763207363359856,,,,5e-05,70.64263280232747,0.221087579925855,0.9352739311399914,7.01541805267334,0.0534109528220835,0.034985360999902,0.0349853602016256
38,train,0.5010416666746781,0.966689585998494,0.417473945566403,0.2542621325901759,0.2587505064664348,0.4174739456465167,0.5510674493126971,0.1528746860642587,34.48373310027584,0.3756191251418924,0.3756191325123592,6359.813651464318,49.12587667280628,0.5827852943529584,,,,5e-05,,0.214630396375733,0.9357537069628316,58.54314160346985,0.027604231853739,0.0379722956868429,0.0379722958370562
38,val,0.4654761907600221,1.0618247134344918,0.4462219817297799,0.2593154502766473,0.3047596045902797,0.4462219803106217,0.6170783113865626,0.2113217456000191,48.6958680834089,0.3788797798610869,0.3788797826994033,5433.155796595982,71.25216202508835,0.6838858402136601,,,,5e-05,71.25216202508835,0.221254975313232,0.9360095574742272,7.095266103744507,0.0551026911430415,0.0406647055808986,0.0406647054035039
39,train,0.5015793010111778,0.9642878649055316,0.4166365297090623,0.2531417688374878,0.2535050472905559,0.4166365302698586,0.5487689346635855,0.1457522919261327,33.115507305309336,0.3777909334949267,0.3777909416665313,6344.542785152312,47.51928846297726,0.5766710136875962,,,,5e-05,,0.2122951161156418,0.9362269617537016,58.9790735244751,0.0262437372253106,0.0389265102304277,0.0389265100401575
39,val,0.4625000002838316,1.0676826579230172,0.4521290035474868,0.2578011481534867,0.2874214386656171,0.452129004966645,0.6384809911251068,0.2111444100737571,47.23993028913225,0.369516460668473,0.3695164691834223,5302.132196335566,69.77718825567337,0.6798674489512588,,,,5e-05,69.77718825567337,0.2165579653921581,0.9359338084856668,6.923440456390381,0.0529817949448313,0.0328460231955562,0.0328460243486222
40,train,0.5024193547746186,0.9648174145208892,0.4165343354225799,0.2530902572857436,0.2532793986861423,0.4165343378660499,0.5501659679957616,0.141713843130136,33.4346667874244,0.3774693042680781,0.3774693113180898,6206.080461891748,47.20963966205556,0.5750966451986872,,,,5e-05,,0.2104223102170934,0.9367590178084628,58.38698697090149,0.0258244159068131,0.0389164946672897,0.0389164948575599
40,val,0.4639880955219269,1.0104794587407793,0.4425742682956514,0.2783860500369753,0.3351891047897793,0.4425742711339678,0.5784400332541693,0.1974266033087457,44.582421893165225,0.3797346992152078,0.3797347105684734,4628.319382440476,65.40803782145183,0.6625564856962725,,,,5e-05,65.40803782145183,0.2160663512491044,0.9382350615092686,6.922692537307739,0.04680849753675,0.0327919934477124,0.0327919933590151
41,train,0.5024529570533384,0.967036511789086,0.4167668796995634,0.2518155868816119,0.2470162258513512,0.4167668793791084,0.5545581620867535,0.140120350024713,32.33283824818108,0.3759095037496218,0.3759095122416814,6344.929496026808,46.78193168229954,0.5731021916424787,,,,5e-05,,0.2092797549501542,0.937187457597384,58.54371166229248,0.0255555146153495,0.0396430493402545,0.0396430493001976
41,val,0.4625000002838316,1.0537289352644057,0.4497971932093302,0.2643231614714577,0.3022345105806986,0.4497971988859631,0.6225317603065854,0.2115743330546788,46.67166628156389,0.3753167163758051,0.3753167177949633,5616.625116257441,71.8254637945266,0.6816232562065124,,,,5e-05,71.8254637945266,0.2134198737995965,0.9384815267154148,6.928107023239136,0.0551680369036538,0.0404206542741684,0.0404206542741684
42,train,0.5022513440219305,0.965178063800258,0.4165489407636786,0.2517798086327891,0.2464071559489414,0.4165489428466366,0.5501586511250465,0.1375891172717656,31.168108827324325,0.3735199352746369,0.3735199399212355,5851.35765042869,44.77612151894518,0.5688054694471134,,,,5e-05,,0.207532579700152,0.9378965057993448,58.99439764022827,0.0233423110242852,0.0388009637514109,0.0388009638415389
42,val,0.4639880955219269,1.0346505613554091,0.4441277867271787,0.2679387550978434,0.3146530340115229,0.4441277810505458,0.6000967472791672,0.2062722742557525,45.70227323259626,0.3805653055508931,0.380565318323317,5181.8528238932295,69.05296743483771,0.6726602380925959,,,,5e-05,69.05296743483771,0.2135667070036842,0.9389211790902274,6.919142961502075,0.0516198263281867,0.0406226167189223,0.0406226167189223
43,train,0.5015793010912916,0.9665381102472224,0.4173957047763691,0.2532498389482498,0.2471919637373698,0.4173957042956865,0.5544679586284904,0.1362776958774174,31.76389146620228,0.3751564862266663,0.3751564926357679,5929.363697503202,45.30782598064792,0.5687432656785856,,,,5e-05,,0.2067891632517179,0.9378927366067004,58.502748012542725,0.023560284561808,0.0393778560983557,0.0393778560382704
43,val,0.4625000002838316,1.0829181330544608,0.4555842620985849,0.2532944466386522,0.2839955141146977,0.455584263517743,0.6583493224212101,0.2151114202681042,49.39907410031273,0.3755771418412526,0.3755771517753601,5813.452014741443,72.78984996250698,0.6901221734104734,,,,5e-05,72.78984996250698,0.2098592739729654,0.9393513969012668,7.096498727798462,0.0577664374861688,0.0387542009176242,0.0387542006515321
44,train,0.5025537635690422,0.9627163094538514,0.4164167902963135,0.2520799224254905,0.2463887787313871,0.416416790136086,0.5509519901086566,0.1354077492029436,31.209919862849738,0.3752083512403631,0.3752083560471894,5841.088009495889,44.71844713149533,0.5668421016799079,,,,5e-05,,0.2055413183025134,0.9385063443132626,58.288179874420166,0.0231337851596876,0.0388251766362177,0.0388251769566728
44,val,0.4639880955219269,1.060701140335628,0.4526685490494683,0.2625431127491451,0.3032529084455399,0.4526685490494683,0.6340845440115247,0.2142207537378583,48.80415898277646,0.3822652087325141,0.3822652229240962,5994.911121186756,73.8011105855306,0.690573458960562,,,,5e-05,73.8011105855306,0.2108185064224969,0.9396371302150544,6.686681985855103,0.0592397422130618,0.032899422571063,0.0328994226597604
45,train,0.502116935547962,0.9641007077629848,0.4169505317845652,0.2534257832874534,0.2513692870095212,0.4169505322652478,0.5506147132205066,0.1368203764200531,32.43497481910131,0.3758989208808509,0.3758989303342758,6039.306063252111,45.77461137053787,0.5704082769978327,,,,5e-05,,0.2051981082686814,0.9387287055292436,56.25039887428284,0.024513837916436,0.0385810912396478,0.0385810913097473
45,val,0.4654761907600221,1.0403076694125222,0.4444108846641722,0.2661401097263609,0.3035788741849717,0.4444108818258558,0.60246389962378,0.198748845074858,44.848571958996,0.3927671341668992,0.3927671341668992,4538.616489955357,65.43730472383045,0.6619427565372351,,,,5e-05,65.43730472383045,0.2121164529096512,0.9389534166881016,6.954078435897827,0.0462459006036321,0.0435497679171108,0.0435497681832029
46,train,0.5023185484191423,0.9641133413840366,0.4164603837234999,0.2524861063688032,0.2456404833143116,0.4164603799581527,0.5508239611342389,0.1354330790139013,31.385999628292616,0.3751751102747456,0.3751751168440747,5906.429711126512,45.04977418017644,0.5673397830841116,,,,5e-05,,0.2044157168717794,0.9388948147014904,56.95206451416016,0.0238239132155794,0.039112007185336,0.039112007365592
46,val,0.4625000002838316,1.0697311191331773,0.4531771072319576,0.2576992923305148,0.3006971968071801,0.4531771058127993,0.6436976322105953,0.2119783553339186,49.49184853690012,0.3678034700098492,0.3678034671715328,6295.9418712797615,75.1469375973656,0.6931826190514998,,,,5e-05,75.1469375973656,0.2072776300566537,0.9403076739538284,6.846100091934204,0.0605734945053146,0.0414697016101507,0.0414697011666638
47,train,0.5024193547746186,0.9698039322130142,0.4172041269560014,0.2505212062469092,0.2317753485454026,0.4172041259946362,0.5565953923649686,0.1191794385793068,28.55765581643709,0.375474714784212,0.3754747237569542,5707.100973067745,41.16116556557276,0.556003330171309,,,,2.5e-05,,0.2027650946570981,0.9393741969139344,58.49683475494385,0.0206287531069509,0.0394667823027859,0.0394667824830419
47,val,0.4639880955219269,1.039167699359712,0.4464470133894965,0.2666541316679546,0.3045736132633118,0.4464470105511801,0.6090485418126697,0.1953012123703956,44.6339304787772,0.3786286541393825,0.3786286626543317,4643.154000418527,65.84235182262603,0.6620287049900402,,,,2.5e-05,65.84235182262603,0.2091706785417738,0.9396250191188994,6.9038074016571045,0.0469610395708254,0.0421587217244363,0.0421587209261599
48,train,0.5017809140425856,0.9760916152948974,0.4183985910588695,0.24783845093622,0.2193566739799514,0.4183985904980731,0.5612229809805911,0.1124201974561137,26.27948417971211,0.3759899464666202,0.3759899560802726,5399.955349993962,38.14618546475646,0.5490437065712129,,,,2.5e-05,,0.2021887089296054,0.9394048859355272,58.27934741973877,0.018579372898325,0.0387000470392165,0.0387000468088894
48,val,0.4625000002838316,1.065793372335888,0.4503627206598009,0.2570607328698748,0.278954634354228,0.4503627249172756,0.6364659028393882,0.1969792175860632,43.4333245413644,0.3781416047187078,0.3781416118144989,4679.358671642485,65.95750009445916,0.663997744068955,,,,2.5e-05,65.95750009445916,0.205393727336611,0.9401407610802424,6.893128395080566,0.0471138313767455,0.0349227225496655,0.0349227219287838
49,train,0.5017809140425856,0.9748075764666322,0.4180417581591555,0.2481929792832302,0.2211546815371,0.4180417567972214,0.5625545140956679,0.1101495419498733,26.40980944069483,0.3773344341785677,0.3773344457149505,5417.015149598481,37.99666089909051,0.5480223597500862,,,,2.5e-05,,0.2009348430300271,0.9395660415131558,58.53347611427307,0.0181521060801441,0.0389557953182888,0.0389557955686443
49,val,0.4625000002838316,1.065057138601939,0.4488300184408824,0.2566340693405696,0.2817239151114509,0.4488300156025659,0.6327189001299086,0.2031649315641039,43.38334219796317,0.3802082382497333,0.3802082524413154,4952.610531761533,67.44726199195499,0.6688760526252515,,,,2.5e-05,67.44726199195499,0.2068529178698857,0.939690961724236,7.010276317596436,0.0494171207149823,0.0429784980203424,0.0429784984638293
50,train,0.5023185484191423,0.9779591940103038,0.4185112659488955,0.2473387526728773,0.2167638632799348,0.4185112680318535,0.5624862976212014,0.1107727388140334,26.2871568177336,0.3779192687042297,0.3779192783178822,5343.139029061923,38.01684189355502,0.5478378819696831,,,,2.5e-05,,0.2003166955965821,0.939596926332802,58.99089813232422,0.0181205916814305,0.0383102731198392,0.0383102730297112
50,val,0.4625000002838316,1.0609475345838637,0.4494318664073944,0.2583619441304888,0.2845186605339959,0.4494318607307616,0.6321402731395903,0.1900755472126461,43.4696155729748,0.3804260889689128,0.3804261074179694,4914.042404901414,66.92572257632301,0.6639867681445497,,,,2.5e-05,66.92572257632301,0.2065431326627731,0.940099747408004,6.933238983154297,0.0490715344924302,0.0418293756388482,0.0418293759936378
51,train,0.5022513440219305,0.9644571728603816,0.4165499959421414,0.251867287501853,0.2361167815103325,0.4165499938591834,0.5506731308596109,0.1117355058430343,28.340957892838343,0.376351825973039,0.3763518304594101,5623.902594289472,41.49179871364306,5630.428154263994,,,,2.5e-05,,0.2015078566087189,0.93965563402381,58.29072284698486,5623.902928178029,0.0389897957023593,0.0389897956823309
51,val,0.4625000002838316,1.041819677466438,0.4510175259340377,0.2700328046367282,0.3111613683757327,0.451017521676563,0.6177949820246015,0.2033991976862862,47.59509558904739,0.3694323457422711,0.3694323556763785,5655.632219587053,71.88477198282878,5709.563111091383,,,,2.5e-05,71.88477198282878,0.2079086481105713,0.9400368957292466,7.001405239105225,5655.632114955357,0.0306149714936812,0.0306149713162864
52,train,0.5021505376664541,0.9594260806678444,0.4158945207794507,0.2546478739829473,0.2470622982789752,0.4158945194976304,0.5430575037995974,0.1192522302109708,28.3559303950238,0.3760475495489694,0.3760475591626218,5625.067456317204,41.04820266846688,5630.825526751894,,,,2.5e-05,,0.2032835752733292,0.9392790294462636,58.97099113464356,5625.067112256122,0.0386059255669674,0.0386059256070243
52,val,0.4625000002838316,1.0508165614945548,0.4486818526472364,0.2651899549223128,0.2984508708828971,0.4486818554855528,0.6174927495774769,0.2015090620233899,43.90007981799898,0.3823729966367994,0.3823729994751158,5119.481805710566,68.28934987386067,5111.570768229167,,,,2.5e-05,68.28934987386067,0.2085320069676353,0.9400170871189664,6.990334749221802,5119.481858026414,0.0360911153256893,0.0360911150595971
53,train,0.5023185484191423,0.9636245238524612,0.4166386837279924,0.2548129956728668,0.2419442938220116,0.416638682846741,0.5463672054791322,0.1143882625125428,26.98393907341906,0.3758982947116257,0.3758983038445955,5304.490786070464,39.00610833014211,5314.94761424466,,,,2.5e-05,,0.2038972078952738,0.9390881385213584,58.722779273986816,5304.490802723874,0.038670657593156,0.0386706578084618
53,val,0.4625000002838316,1.0745532172066825,0.4513799179167974,0.2574078667731512,0.2932810393117723,0.4513799221742721,0.6379391465868268,0.205141371559529,46.31964147658575,0.3853879386470431,0.3853879457428342,5638.199009486607,71.58935038248698,5670.54970555161,,,,2.5e-05,71.58935038248698,0.2093116811343602,0.9389706083706448,7.028545141220093,5638.199050176711,0.0384971948251837,0.0384971950025785
54,train,0.502116935547962,0.9598388559715724,0.4163692170573819,0.2568621706738266,0.2503326031709871,0.4163692188999986,0.5438091477719686,0.1168986052995727,26.38857825084399,0.3743418341362348,0.3743418455123901,5377.27762013097,38.8537182910468,5385.342461233428,,,,2.5e-05,,0.2056578763069645,0.9385798724107844,58.63281011581421,5377.277633174773,0.0396857220098696,0.0396857217494999
54,val,0.4625000002838316,1.0351871223676772,0.4477585468973432,0.2715089377902803,0.3181940302962348,0.4477585497356596,0.6052777667840322,0.2101361269042605,46.98987107049851,0.3725111967041379,0.3725112037999289,5828.971691313244,72.87555803571429,5886.876353870739,,,,2.5e-05,72.87555803571429,0.2118155338934489,0.939561630998339,6.863364934921265,5828.971673874628,0.0422494140941472,0.0422494140941472
55,train,0.5021505376664541,0.9482707280305124,0.4148674536776799,0.2601552966140931,0.2591395296396748,0.4148674536776799,0.5330817678602793,0.1117444530089375,24.633972957570062,0.3728962835445198,0.3728962904343041,5282.10908221173,36.02847481799382,5290.203698689367,,,,1.25e-05,,0.2061688180572243,0.9384226722102011,58.84068584442139,5282.109073515861,0.039940312444683,0.0399403123044839
55,val,0.4625000002838316,1.016902696518671,0.4445726076761881,0.2762866133735293,0.3343586935883477,0.4445726076761881,0.5898221951155436,0.1985350063159352,43.561564490908665,0.3765728899410793,0.3765729027135031,5041.5806070963545,67.90058935256232,5068.392903645833,,,,1.25e-05,67.90058935256232,0.2127066077221007,0.9391848842302958,7.033996105194092,5041.580583844866,0.0393600252767403,0.0393600246558586
56,train,0.5020497311908071,0.9527288741001518,0.4156996174364961,0.2592800018447702,0.2531939580315543,0.4156996163950172,0.5438819367298355,0.1050889509459657,23.051851939129573,0.3729803097504441,0.3729803158390906,4872.689534423172,33.47670722776844,4880.967597976839,,,,1.25e-05,,0.2070927451695165,0.9383315905447928,58.97784328460693,4872.688851879489,0.0391432428532229,0.0391432426629527
56,val,0.4625000002838316,1.0201982571965171,0.4450130959351857,0.2737368927115485,0.325852829785574,0.4450130959351857,0.5956604438168662,0.1955527688066164,43.67518052600679,0.373482624689738,0.3734826417196364,5017.1330973307295,67.95184780302502,5048.68613725142,,,,1.25e-05,67.95184780302502,0.2123781655515943,0.9389359269823346,7.027634859085083,5017.132998511905,0.0362619977621805,0.0362619971412987
57,train,0.5017473118439797,0.9488538469999068,0.4147573015702668,0.2608933628246348,0.2603396457289496,0.4147573022912907,0.5343999347939927,0.1053940027311284,23.09774439821961,0.3718049087191141,0.3718049168907186,5077.2737506333215,33.6527851627719,5075.21628944063,,,,1.25e-05,,0.2074955213935144,0.938195143015154,58.809327840805054,5077.274419723019,0.038731674233111,0.0387316743632958
57,val,0.4625000002838316,1.015374365307036,0.4440324760618664,0.2768348498003823,0.3369679919310978,0.4440324746427082,0.5870315730571747,0.2007622427883602,44.30628976367769,0.3758251581873212,0.3758251596064794,5142.875342959449,68.60359936668759,5180.571633818656,,,,1.25e-05,68.60359936668759,0.2153910377195903,0.9384420911471048,6.836268424987793,5142.875453404018,0.0442432866742213,0.0442432871177082
58,train,0.5023857528163541,0.945693412935862,0.4140816774339445,0.2610377426589689,0.2604767290014093,0.4140816775140583,0.5316564129084669,0.1074071780888624,22.73772608336582,0.3722577247247901,0.3722577352998077,4963.918473930769,33.39670180761686,4972.632637368148,,,,1.25e-05,,0.208394807913611,0.9377686580022176,59.26747679710388,4963.918804373792,0.039314799751806,0.0393147995314931
58,val,0.4625000002838316,1.0363215236436754,0.4476302422228314,0.2692128214098158,0.3103634700888679,0.4476302436419895,0.6091371263776507,0.1994634504829134,43.24354689461844,0.3795282457556043,0.3795282627855028,5051.4787190755205,67.77365457443963,5090.068529533617,,,,1.25e-05,67.77365457443963,0.2140960920424688,0.9379405237379528,7.085559844970703,5051.478759765625,0.040050321480348,0.0400503216577427
59,train,0.502755376279995,0.9489388363335722,0.4147966250937472,0.2600732976871152,0.2540213918333412,0.4147966257346573,0.5352033832541077,0.1040251864701189,21.85135915458844,0.3713844636435149,0.3713844732571674,4834.562313038816,32.21289263489426,4843.781189622461,,,,1.25e-05,,0.208621760690084,0.938044181113602,60.78107762336731,4834.562662227179,0.0393038478689969,0.0393038480692813
59,val,0.4625000002838316,1.0181145753179277,0.4469405923570905,0.2760423428955532,0.3251011960563205,0.4469405980337234,0.5968367528347742,0.1995934943358103,42.74415824526832,0.3674961626529693,0.367496174006235,4893.418701171875,66.66653115408761,4918.076726740057,,,,1.25e-05,66.66653115408761,0.2144962762083326,0.937717928772881,7.115785837173462,4893.41875639416,0.0337355410946266,0.0337355407398371
60,train,0.5029233870326831,0.9459684612930462,0.4140982915477086,0.2597683296408704,0.2551301627229618,0.4140982909067984,0.5298150047980329,0.1040712584170603,20.976290343910136,0.3724745199564964,0.372474528128101,4679.799417803364,30.98107235918763,4687.653664205532,,,,1.25e-05,,0.2083796983765017,0.9380765967471624,61.67816472053528,4679.799744308636,0.0389584329039339,0.0389584329840476
60,val,0.4625000002838316,1.031705478827159,0.4483548956257956,0.2713581082366761,0.3150412539641062,0.4483548956257956,0.6083729756729943,0.2033113429234141,43.63399923415411,0.378409179903212,0.3784091869990031,5170.7826741536455,68.89588728405181,5206.578018465909,,,,1.25e-05,68.89588728405181,0.2144671259891419,0.9378699490002224,7.270787477493286,5170.78268577939,0.037350360038025,0.0373503605702093
60,val_periodic_epoch_60,0.4625000002838316,1.031705478827159,0.4483548956257956,0.2713581082366761,0.3150412539641062,0.4483548956257956,0.6083729756729943,0.2033113429234141,43.63399923415411,0.378409179903212,0.3784091869990031,5170.7826741536455,68.89588728405181,5206.578018465909,,,,1.25e-05,,0.2144671259891419,0.9378699490002224,7.183836460113525,5170.78268577939,0.037350360038025,0.0373503605702093
61,train,0.5022177420636659,0.946085215736461,0.4144381343997935,0.2603541603812607,0.256786514153724,0.4144381360821826,0.534064997788719,0.1046359799401734,21.592769053674512,0.3724390673701481,0.3724390773042556,4685.774078697286,31.703295584647886,4695.068558263297,,,,1.25e-05,,0.2095732953279249,0.9378255224356088,61.37435173988342,4685.77441102715,0.038669719781366,0.0386697197513234
61,val,0.4625000002838316,1.035690863927205,0.4479523996512095,0.2696319513377689,0.3127654570908773,0.4479523968128931,0.6097486459073567,0.2037611493752116,43.2230145590646,0.380007232938494,0.3800072371959686,5035.827258882068,68.11542311168853,5062.204333866004,,,,1.25e-05,68.11542311168853,0.2155822707074029,0.9373121573811486,7.238862991333008,5035.827305385044,0.0408963665720962,0.0408963677251622
62,train,0.5018481182795699,0.9532206693003256,0.4157190257182685,0.2587513156956242,0.2473413867735734,0.415719024837017,0.5376529342705204,0.1039487756388161,20.78120369039556,0.3722722709819834,0.3722722780319952,4662.458662340718,30.20312563578288,4671.664121983589,,,,1.25e-05,,0.2099196749028339,0.937425757608106,61.35155081748962,4662.458664883849,0.0386848475844148,0.0386848475543722
62,val,0.4625000002838316,1.011187224161057,0.4460482725075313,0.2790211879071735,0.337275267356918,0.4460482781841641,0.5897920968986693,0.2009118092911584,43.76364598955427,0.3694185430095309,0.369418557201113,4850.043997628348,66.85622605823335,4881.860927142519,,,,1.25e-05,66.85622605823335,0.2181572112299147,0.9367658552669345,7.466010808944702,4850.044079008557,0.0349123369724977,0.0349123376820768
63,train,0.5020497313109777,0.948841611223836,0.4149297257905365,0.2598026133673165,0.2537872411951583,0.4149297249893988,0.5390133165544079,0.1021148728066554,20.43625692654681,0.3713451343518431,0.3713451433245853,4626.88598058557,29.9984834988912,4636.0575222953,,,,6.25e-06,,0.2109486833214759,0.9375282660607368,61.65460658073425,4626.886313202561,0.0389418544808542,0.0389418544808542
63,val,0.4625000002838316,1.0396434920174735,0.4494422432922181,0.2686889483815148,0.3064022504148029,0.44944224187306,0.6156498044729233,0.2030739869390215,43.077347528366815,0.3732362346989767,0.3732362488905589,4917.974993024553,67.40562148321243,4947.346275745738,,,,6.25e-06,67.40562148321243,0.2157666747059141,0.9372939524196444,7.272817611694336,4917.97512672061,0.0330366313989673,0.0330366318424542
64,train,0.502755376279995,0.9474343039015288,0.4147512781363661,0.2598705459986963,0.2518036497696753,0.4147512771750009,0.5353264780614966,0.103095529881376,19.59457297478953,0.3723300116997893,0.372330018429346,4474.507192632203,29.30733521779378,4477.505053875342,,,,6.25e-06,,0.2109051323545876,0.9375662870945468,60.97477006912232,4474.507526766869,0.0394371099449614,0.0394371100451036
64,val,0.4625000002838316,1.0276419264929637,0.447894070829664,0.272161732117335,0.3135096913292294,0.4478940694105057,0.6059921298708234,0.199573095355715,42.39651271275112,0.3713162811029525,0.37131629103706,4722.652448381697,65.87481235322498,4759.100526751894,,,,6.25e-06,65.87481235322498,0.2167525873297736,0.9370565584727696,7.0199785232543945,4722.652413504465,0.0366248628568081,0.0366248627681107
65,train,0.5023857528163541,0.948881666666718,0.4151106682676141,0.2599296826188282,0.2500852956887214,0.4151106696295482,0.5370073889692625,0.105447646631028,19.490156786416165,0.372562665932922,0.3725626752261192,4464.106399207987,28.95808670084964,4472.517056716251,,,,6.25e-06,,0.2111447612925242,0.9373911394867844,58.97204852104187,4464.106736378003,0.0397331753485305,0.0397331751582603
65,val,0.4625000002838316,1.0180418576513015,0.447312403292883,0.2764264288402739,0.3270368732157208,0.4473124075503576,0.59756157937504,0.2011053856639635,43.32569294884091,0.3676835355304536,0.3676835341112954,4900.78512718564,66.93029004051571,4939.386001124527,,,,6.25e-06,66.93029004051571,0.2190121022008714,0.9364490338734218,7.250715970993042,4900.785301571801,0.0343098114466383,0.0343098110031513
66,train,0.5016465054083896,0.9492765684281628,0.4150962530765482,0.2590369384295197,0.250026888184009,0.4150962538776859,0.5369949497843302,0.1056171038178026,19.651998571170274,0.3729336686352247,0.3729336748840988,4483.151933157315,29.003707721669187,4491.776740159571,,,,6.25e-06,,0.2118587200680086,0.9370190007712252,58.76161193847656,4483.151935208229,0.0395311195082882,0.0395311193680891
66,val,0.4625000002838316,1.030046590736934,0.4467158814271291,0.2702380603268033,0.3137174951178686,0.4467158842654455,0.6055350019818261,0.2032889674107233,43.02901449657622,0.3680413393747239,0.3680413478896731,5000.036586216518,67.50049155099052,5044.49569868608,,,,6.25e-06,67.50049155099052,0.2200248887141545,0.9364756374132066,7.127475500106812,5000.036586216518,0.0416673754474946,0.0416673748266129
67,train,0.5016129032898975,0.9504048112900026,0.4156518908598089,0.2598197764606886,0.2488856652891764,0.4156518881359408,0.5408640345258098,0.1001908813192639,18.74957742485949,0.372983941948542,0.3729839526837872,4333.87366198468,27.79409552133212,4341.951220538721,,,,6.25e-06,,0.2124762754606944,0.9367042302444416,59.40120482444763,4333.873664896975,0.0399667850084682,0.0399667850685536
67,val,0.4625000002838316,1.005669341200874,0.4449810343129294,0.2794214139382044,0.3356438399780364,0.4449810428278787,0.5868593660138902,0.1994751525067147,42.80127543494815,0.3631460113184793,0.3631460283483778,4775.630423409598,65.99316442580451,4808.594079959754,,,,6.25e-06,65.99316442580451,0.2204606206644149,0.9364944043613616,7.1222007274627686,4775.630388532366,0.037504480708213,0.0375044803534235
68,train,0.5022177420636659,0.946806948191376,0.4147393910955357,0.2604974426569477,0.2538071869201557,0.4147393924574698,0.5345793873552354,0.1033194491098965,19.127331426066736,0.3726783308290666,0.3726783396415813,4438.803153950681,28.625283743745538,4447.441510790687,,,,6.25e-06,,0.2123590635676537,0.9370077271615306,59.9033989906311,4438.803157560287,0.0399800629244856,0.0399800632649692
68,val,0.4625000002838316,1.0215143731662206,0.4455406197479793,0.2744004960571016,0.3238100579806736,0.4455406183288211,0.5958534393991742,0.199418723938011,42.1855536869594,0.3715445668924422,0.3715445739882333,4806.172572544643,66.1944322131929,4837.431535570549,,,,6.25e-06,66.1944322131929,0.2213256053981326,0.9365415118989492,7.029227018356323,4806.172572544643,0.0454659833617153,0.0454659835391101
69,train,0.5018481182795699,0.9446912715511936,0.4147435339388027,0.2615640104137441,0.257453578454192,0.4147435361819883,0.5335185172897513,0.1033672461867012,19.55023540989045,0.37195137864159,0.3719513836086437,4558.844759007936,28.832501396056145,4566.842993410669,,,,6.25e-06,,0.2133030525298528,0.9369319815148588,59.77160096168518,4558.845094250095,0.0397562955616302,0.0397562955315875
69,val,0.4625000002838316,1.0104142540977117,0.4460305812812987,0.2785923381646474,0.3297296329623177,0.4460305812812987,0.5912169544469743,0.197752059215591,42.18330038161505,0.36680373833293,0.3668037553628285,4734.320399693081,65.75068283081055,4768.696108546402,,,,6.25e-06,65.75068283081055,0.2205175807078679,0.9361774382137116,7.024600028991699,4734.320521763393,0.0380617563745805,0.0380617561971857
70,train,0.5022177420636659,0.946296130136777,0.4147344364594387,0.2610641487183109,0.2557917350242215,0.4147344351776184,0.5336952388927501,0.1013495347472608,18.972375905641947,0.3716646271046772,0.3716646306296831,4476.687854602773,28.24453674849644,4483.30339363689,,,,6.25e-06,,0.2134762025007637,0.9370120363209836,59.8430438041687,4476.687855094991,0.0397890972534334,0.0397890971532912
70,val,0.4625000002838316,1.0352130418732053,0.449021258524486,0.2710746945369811,0.3140763924235389,0.4490212571053278,0.6106412339778173,0.2016829986657415,43.162926446823846,0.383928690637861,0.383928697733652,5080.45111374628,67.95927029564267,5131.1322339607,,,,6.25e-06,67.95927029564267,0.2190147538979848,0.9363055881999788,7.01947808265686,5080.45096842448,0.0383163462614729,0.0383163467936572
71,train,0.5018145161610778,0.9468206479664772,0.4154004908857807,0.2612545145775682,0.2534158724129841,0.4154004920874872,0.5352078810414319,0.1010332916092167,18.34581974501251,0.3714479810448103,0.3714479909789178,4425.712646156229,27.113767895647275,4434.441450577553,,,,3.125e-06,,0.2136135690955705,0.9368396090563909,59.31544208526611,4425.712641275058,0.039856764798363,0.0398567646381355
71,val,0.4625000002838316,1.0245196450324283,0.4472059352057321,0.2730104816811425,0.3165740824881054,0.4472059337865738,0.6032216761793409,0.1970145524967284,41.980278105962846,0.3714436902886345,0.3714436959652674,4739.060703822544,65.80233928135463,4768.121951941288,,,,3.125e-06,65.80233928135463,0.219824316955748,0.9361779576256162,7.148268938064575,4739.06072126116,0.0383669692313387,0.0383669687878517
72,train,0.5022177420636659,0.9438031035405332,0.4147772370807586,0.2620334060442063,0.2574573075899514,0.4147772369205311,0.5334719481968111,0.1025089283864344,18.60852029246669,0.3710345436808883,0.3710345492888522,4456.08484748102,27.865838450770223,4464.421214217369,,,,3.125e-06,,0.2138637029515799,0.9369317181007836,59.33067226409912,4456.084842804939,0.0399648061983527,0.0399648060581536
72,val,0.4625000002838316,1.011372637181055,0.4458193523543222,0.2778480641898654,0.3300459753899347,0.4458193452585311,0.5918559758436113,0.1967367991095497,42.14666293916248,0.3687100311120351,0.3687100410461426,4739.5844959077385,65.73462531680153,4774.197142814867,,,,3.125e-06,65.73462531680153,0.2212302720262891,0.9359293267840432,7.148903608322144,4739.584629603794,0.0380317283173402,0.0380317281399454
73,train,0.5016129032898975,0.9435359034486996,0.4150185935119146,0.2628268968834671,0.2603264866016244,0.415018595835214,0.5331278203796315,0.0995225357592746,17.871916653007588,0.3710670256486503,0.3710670373452607,4281.3347335323215,26.78603468146376,4288.247952835648,,,,3.125e-06,,0.2140241923832124,0.9367965251527808,60.53631925582886,4281.335062867852,0.0401892123183095,0.0401892121981388
73,val,0.4625000002838316,1.0180473952066331,0.4467822114626567,0.2764167743069785,0.3279876687697002,0.4467822114626567,0.5965677897135416,0.1974618427810214,42.47833379109701,0.3762455710342952,0.3762455809684026,4798.830578031994,66.22278267996651,4834.224406664299,,,,3.125e-06,66.22278267996651,0.220542108019193,0.9363526503245037,7.264602184295654,4798.830665225074,0.0411171538843995,0.0411171544165838
74,train,0.5018481182795699,0.946901517369414,0.4153349206492465,0.2614163439921153,0.2549216028663419,0.4153349183259471,0.5324077585371592,0.1004607872937315,18.722119654378584,0.3711143661570805,0.3711143720854995,4396.970443725586,27.83228039485152,4405.14793705282,,,,3.125e-06,,0.2143511917962823,0.9365984935273406,59.82295846939087,4396.970444833079,0.0401365695000495,0.0401365696202202
74,val,0.4625000002838316,1.0281441836130052,0.4490039689200265,0.2733288527954192,0.3192062761102404,0.4490039745966593,0.6073752655869439,0.2010946025451024,42.63407244001116,0.3710874829973493,0.3710874886739821,4977.215058826265,67.23605691818963,5018.245586233428,,,,3.125e-06,67.23605691818963,0.2204248351710183,0.9360220489047822,7.23288369178772,4977.215099516369,0.036606866156771,0.0366068653584945
75,train,0.5020161290322581,0.9459974382833768,0.4153433460541951,0.2620589939817305,0.255400231769008,0.4153433476564704,0.53354049486018,0.1037068357991595,18.381715625844976,0.3707743833462397,0.3707743916780718,4348.177874493343,27.320354825706893,4356.4467958187015,,,,3.125e-06,,0.2143245892178627,0.9367494595948086,59.55478739738464,4348.177874001123,0.0399379819952031,0.0399379821654449
75,val,0.4625000002838316,1.023514537584214,0.4474203316938309,0.2742220958073934,0.323815270548775,0.4474203359513056,0.6017135310740698,0.206700518372513,43.07099333263579,0.3636101455915542,0.3636101484298706,5039.755272274926,67.73828651791527,5081.882236919981,,,,3.125e-06,67.73828651791527,0.2235101603326343,0.9355539679527284,7.485511064529419,5039.755190894717,0.0396906942838714,0.0396906943725688
76,train,0.5018481182795699,0.9451044948511226,0.4151426868573312,0.2618438490135695,0.2557694286268244,0.4151426855755109,0.5357227881829585,0.1027739790458512,18.10972634694909,0.370331349392091,0.3703313578841506,4287.926193524432,26.9392534430309,4296.293876447581,,,,3.125e-06,,0.2153471953445865,0.9364786398026252,58.44091033935547,4287.926531555832,0.039677135275817,0.039677135275817
76,val,0.4625000002838316,1.0294942884218126,0.4484481485117049,0.2720873731942403,0.317460216936611,0.4484481385775974,0.6080998395170484,0.2033855932809057,42.68525505065918,0.3714433028584435,0.3714433014392853,4960.140142531622,67.18916883922759,5001.431569602273,,,,3.125e-06,67.18916883922759,0.2217171369563965,0.9355082767350332,7.001574516296387,4960.14013671875,0.0383084998244331,0.0383085000905252
77,train,0.5018481182795699,0.9457026095159592,0.4153272766740091,0.2620831285753557,0.2558482523246478,0.4153272755524164,0.5344825653379323,0.1002119948226277,18.366100808625585,0.370247418842008,0.3702474252511096,4434.239325492613,27.263429057213568,4440.495374110572,,,,3.125e-06,,0.2154192490282879,0.9365209331435542,59.92362856864929,4434.239319257838,0.0398417177299658,0.0398417179302502
77,val,0.4625000002838316,1.008187867346264,0.4450245783442542,0.2797379905269259,0.337418693162146,0.4450245911166781,0.5864049352350689,0.2008167565578506,42.3978758312407,0.3663999722117469,0.3663999679542723,4820.701043991816,66.26858720325288,4858.70361624053,,,,3.125e-06,66.26858720325288,0.2254781644968759,0.9355063012668065,7.375795125961304,4820.7012125651045,0.0439340754279068,0.0439340742748408
78,train,0.5016465054083896,0.943233548633514,0.4149570469093579,0.2627924796874805,0.2596342427435741,0.4149570453871963,0.5330011281435207,0.0992703865011853,17.486629242538125,0.3698383821274644,0.3698383891774762,4210.139057979789,26.03095585812805,4218.563413328434,,,,3.125e-06,,0.2159958629197971,0.9363497002150424,59.74202370643616,4210.139059087282,0.0399783096746892,0.039978309394291
78,val,0.4625000002838316,1.0113356652713956,0.4460755047344026,0.2784459299984432,0.3344290384224483,0.4460755018960862,0.5913858740102678,0.1983380172224272,42.47784805297852,0.3721050180139996,0.3721050165948413,4752.817836216518,65.92440741402763,4785.550676195549,,,,3.125e-06,65.92440741402763,0.2229081739981969,0.9357202081453232,7.166573286056519,4752.817719959077,0.0373777690387907,0.0373777701031594
79,train,0.5016801075268817,0.9419103956991628,0.4146558032721602,0.2631211634124479,0.261502252951745,0.4146558030318188,0.5292452999981501,0.1015606833802115,17.673739592234295,0.3700816802760606,0.3700816916522159,4210.898648128715,26.33441733801237,4215.716023475313,,,,1.5625e-06,,0.2162503894138079,0.9363106793613843,59.658252239227295,4210.8989904260125,0.03975959822175,0.0397595978812665
79,val,0.4625000002838316,1.0095930525234766,0.4464116607393537,0.2801579861413865,0.3396051036460059,0.4464116536435626,0.5896863540013632,0.1993452026730492,42.727145240420384,0.3783185524599893,0.3783185552983057,4912.828264508928,66.83367738269624,4955.766669625947,,,,1.5625e-06,66.83367738269624,0.2217253418195815,0.9359912418183828,7.202895402908325,4912.82829938616,0.0396727044135332,0.039672704147441
80,train,0.5022177420636659,0.9420490546893048,0.4144676801177763,0.2622696996055623,0.2590164084748555,0.4144676793166386,0.532078728720706,0.0991213795558739,17.94862420328202,0.3702439045713794,0.3702439121020737,4316.513260297877,26.38707947474654,4325.111667260578,,,,1.5625e-06,,0.2165317772537149,0.9362534912683632,60.182427644729614,4316.512922102405,0.0397440847409989,0.0397440845907856
80,val,0.4625000002838316,1.0068743768192472,0.4453156193097432,0.2793035762650626,0.3372804650238582,0.4453156235672179,0.5886105916329792,0.2009150918040956,42.64151382446289,0.3665529688199361,0.3665529830115182,4831.700532459077,66.37059020996094,4863.8671875,,,,1.5625e-06,66.37059020996094,0.2239376852909723,0.934981405735016,7.252849817276001,4831.700549897693,0.0381794484953085,0.0381794486727033
81,train,0.5012768817845211,0.9432202180226644,0.4150799182794427,0.2629897879656925,0.2604138584386918,0.4150799205226282,0.5325462270167566,0.099818363665573,17.239282715705134,0.369614922071016,0.369614928640345,4236.854928539646,25.77636715160903,4244.939573530717,,,,1.5625e-06,,0.216609572050392,0.9360419704068093,60.328723430633545,4236.854595184326,0.039753231930957,0.0397532318708717
81,val,0.4625000002838316,1.0126189788182576,0.4457611427420661,0.2781191042491368,0.3335600012824649,0.4457611399037497,0.5911085655291876,0.1986640968493052,42.48286011105492,0.3729894927569798,0.3729895112060365,4759.650384812128,66.02090635753814,4788.571778823391,,,,1.5625e-06,66.02090635753814,0.2234387773843038,0.9356460344223748,7.103010654449463,4759.650442940848,0.0414084141985291,0.0414084136663448
82,train,0.5014448925372093,0.9434941069733712,0.4152118199935523,0.263397666555579,0.2613612560815708,0.4152118195128697,0.5310265577688653,0.1006907818298186,18.176694793085897,0.3696234037158309,0.369623414130621,4439.425195386333,26.70743021401026,4447.7486794211645,,,,1.5625e-06,,0.2168389856815338,0.9360138799554558,60.33064866065979,4439.425202318417,0.0397507980946571,0.0397507980846429
82,val,0.4625000002838316,1.0141206554004123,0.4474195199353354,0.2786745265835807,0.3322815433854148,0.447419517097019,0.5947434980244863,0.200602613389492,42.63537888299851,0.363140827133542,0.3631408427442823,4845.455066499256,66.56424168178013,4880.36152787642,,,,1.5625e-06,66.56424168178013,0.2237949115889413,0.9354256561824252,7.298870325088501,4845.455211821057,0.0372194714312042,0.0372194713425068
83,train,0.5010416666746781,0.9442629786909268,0.4155169986588981,0.2627773806452751,0.2583331038714737,0.4155169956145748,0.5327783695632412,0.0983112756042711,16.944329930889992,0.3700691480790415,0.3700691586540591,4195.4718704633815,25.56635090612596,4203.724235971367,,,,1.5625e-06,,0.2165080772772912,0.9362589024728344,58.88530921936035,4195.471532390964,0.0398690336313779,0.0398690340019041
83,val,0.4625000002838316,1.0096239731425332,0.4461005528767903,0.279859056075414,0.3366268355221975,0.446100557134265,0.5890663528726214,0.2012416127891767,42.22961562020438,0.3672131413505191,0.3672131427696773,4800.567051478794,66.23864164806548,4831.177914891098,,,,1.5625e-06,66.23864164806548,0.225068606081463,0.9350741505622864,7.006048679351807,4800.567156110491,0.0407837107777595,0.0407837098020882
84,train,0.501982526913766,0.951919807541755,0.4158314258180638,0.2613567261285679,0.2573442156276395,0.4158314262186327,0.5368179344842511,0.0988288814782775,18.26711676710396,0.3702486054871672,0.3702486096530832,4425.948137796054,26.955061974064,4433.93700436165,,,,1.5625e-06,,0.2164325217405955,0.9362921685941756,59.02382850646973,4425.948475868471,0.0396014759116756,0.0396014760418604
84,val,0.4625000002838316,1.0199678256398157,0.4465787893249875,0.2761165975105195,0.3280232626767385,0.4465788006782532,0.5960403326011839,0.2012051343917846,41.68258485339937,0.3771387750194186,0.3771387821152097,4824.381562732515,66.25830041794549,4854.493665660511,,,,1.5625e-06,66.25830041794549,0.2249641595851807,0.9353203319367908,7.226312160491943,4824.381649925595,0.0446973817334288,0.0446973813786393
85,train,0.5020497313109777,0.9433168959553524,0.4151835894232155,0.2634602688172812,0.2606556214472299,0.4151835896635568,0.5335214553821471,0.0996184485253467,17.21091123293805,0.3690432731502799,0.3690432800400641,4368.558471351542,26.17128301948629,4376.2209182482375,,,,1.5625e-06,,0.2167916233020444,0.9362443073462414,59.32090592384338,4368.558475863549,0.0402819018670788,0.0402819017469081
85,val,0.4625000002838316,1.001503742876507,0.4444730139914013,0.2822453528642654,0.3434245543820517,0.4444730125722431,0.5809816015618188,0.1967412524280093,41.953864415486656,0.3694332171054113,0.3694332199437277,4670.012701125372,65.29285394577752,4699.862019116951,,,,1.5625e-06,65.29285394577752,0.225940921476909,0.9353321478480384,7.203968524932861,4670.012741815476,0.0432172117843514,0.0432172117843514
86,train,0.5021841397849462,0.9411178155131238,0.4148175861005501,0.2636278255652355,0.2607512389139462,0.4148175846585022,0.5321080722715906,0.1002422328637812,17.23221770665979,0.3694964983770924,0.3694965031839186,4130.677508610551,25.60746412379768,4137.913261398161,,,,1.5625e-06,,0.21691758906649,0.9360143436539556,59.88055205345154,4130.67717459894,0.0400926169628898,0.0400926169228329
86,val,0.4625000002838316,1.0148595997265406,0.4455079989773886,0.2770677528211048,0.3319399626482101,0.445508001815705,0.5918508363621575,0.200113279124101,42.52840232849121,0.3680381860051836,0.3680382030350821,4804.167631603423,66.24911226545062,4840.571891276041,,,,1.5625e-06,66.24911226545062,0.2262562492064067,0.935048881031218,7.058291912078857,4804.167724609375,0.0460213532760029,0.0460213530099108
87,train,0.5018481182795699,0.9427552211989638,0.4149366823095147,0.2626691331626266,0.258614412558976,0.4149366803066704,0.5337802692446657,0.0985026488941843,17.21570691498377,0.3698406924483596,0.3698406980563236,4245.699824917701,25.582217370310136,4253.804793849136,,,,1.5625e-06,,0.2170731067977925,0.9358989605980534,60.37573480606079,4245.699487911757,0.0400707247336545,0.0400707248838678
87,val,0.4625000002838316,1.017422758397602,0.4474132756392161,0.2766121831678209,0.3283798950059073,0.4474132827350071,0.5981034423623767,0.1994568641696657,41.90590449741909,0.3739040678455716,0.3739040763605208,4783.754714239211,65.86801456269764,4822.005394767993,,,,1.5625e-06,65.86801456269764,0.2220143228769302,0.9357061755089532,7.084437608718872,4783.754801432292,0.0367770228712331,0.0367770232260227
88,train,0.5020833332692424,0.943699998560772,0.4148065310812766,0.2619179145943734,0.2572521077849531,0.4148065324432106,0.5327751133390652,0.100516964070579,17.737986456963323,0.3700403841913387,0.3700403917220331,4182.137225653536,26.16476390182331,4190.182685559205,,,,1.5625e-06,,0.2169901634896955,0.9360830793457646,59.52451539039612,4182.136897753644,0.0397268819812965,0.0397268817810121
88,val,0.4625000002838316,1.0282232931682045,0.4483797834033057,0.2727700514452798,0.3188661471718833,0.4483797862416222,0.6066145343439919,0.2036225252917834,42.266402834937686,0.3727136169161115,0.3727136225927444,4891.543125697544,66.71774528140114,4928.222020004735,,,,1.5625e-06,66.71774528140114,0.223284023858252,0.9350067433856782,7.108314514160156,4891.5430908203125,0.0386206690399419,0.0386206695721263
89,train,0.5020497313109777,0.941088828829027,0.4145586080448601,0.2632329847703697,0.261058181444163,0.4145586030778064,0.5283428213448935,0.1001553291114427,16.72532590230306,0.3694067522082278,0.3694067584571018,4147.43754032094,25.1576451434884,4154.086761618463,,,,1.5625e-06,,0.217177945599761,0.9359884290925918,59.40463614463806,4147.437539418538,0.0400307237781504,0.0400307235177806
89,val,0.4625000002838316,1.0240850789206368,0.448049620503471,0.2743463019529978,0.3220667675847098,0.448049620503471,0.603323750552677,0.202313078656083,42.13192240397135,0.3723270069985163,0.3723270226092565,4907.525605701265,66.8832628159296,4943.78105320786,,,,1.5625e-06,66.8832628159296,0.2233437533889498,0.9352450172106423,7.155133724212647,4907.525710332961,0.0384721357730172,0.0384721364825964
90,train,0.5020833332692424,0.943270793685349,0.4149337124119522,0.2628028551417012,0.2595240507395037,0.4149337111301319,0.5328593647447966,0.100095595623697,17.14564400590876,0.3693678853332355,0.3693678960684807,4315.639816489271,25.433783444025185,4323.531289909183,,,,1.5625e-06,,0.2170668991022212,0.9362320047552868,59.9981381893158,4315.63981488956,0.0396630416714376,0.0396630414110678
90,val,0.4625000002838316,1.0064645863714672,0.4460034455571856,0.2813022321178799,0.3409067605222974,0.446003448395502,0.5866904719954446,0.201234646141529,42.35901714506603,0.3657169455573672,0.365716951234,4844.276971726191,66.35476266770135,4872.277809836648,,,,1.5625e-06,66.35476266770135,0.225636893085071,0.9353058820679074,7.100362300872803,4844.277012416294,0.0408491850608871,0.0408491845287027
90,val_periodic_epoch_90,0.4625000002838316,1.0064645863714672,0.4460034455571856,0.2813022321178799,0.3409067605222974,0.446003448395502,0.5866904719954446,0.201234646141529,42.35901714506603,0.3657169455573672,0.365716951234,4844.276971726191,66.35476266770135,4872.277809836648,,,,1.5625e-06,,0.225636893085071,0.9353058820679074,7.04735541343689,4844.277012416294,0.0408491850608871,0.0408491845287027
91,train,0.5020161290322581,0.9434646202992368,0.4151519780918475,0.2628301418917153,0.2576215091732241,0.4151519780517906,0.5312097757774336,0.0979955074006831,16.93109889184275,0.3699098809431957,0.3699098863909321,4173.37455765919,25.235967174653084,4180.971685359454,,,,1.5625e-06,,0.2173574277630416,0.9360218429437248,59.40922975540161,4173.374553147182,0.0396717167609641,0.0396717169712628
91,val,0.4625000002838316,1.0333715563728696,0.449488700855346,0.2716148332470939,0.3168681859970093,0.4494887022745041,0.6113601412091937,0.2051993111769358,42.0955552600679,0.3742892486708505,0.3742892614432743,4920.841761997768,66.91953459240142,4952.8314453125,,,,1.5625e-06,66.91953459240142,0.2231523720991043,0.9352464647520156,7.067196607589722,4920.841849190848,0.037977746466086,0.0379777461999938
92,train,0.5022513440219305,0.9404720098421138,0.4144740666673389,0.2635952474609498,0.2617317184966097,0.4144740644642102,0.5321020155904754,0.1017111896346974,17.024376602583033,0.3695030758778254,0.3695030840494299,4210.002608042892,25.519022862116497,4218.2577359491725,,,,1e-06,,0.2174928590495099,0.9360048354312938,59.2929801940918,4210.002940024099,0.0400708598254989,0.0400708595751434
92,val,0.4625000002838316,1.0189877464657735,0.4483652058101836,0.277239312728246,0.3289591868718465,0.4483652029718671,0.5994691650072733,0.202366778183551,42.34805597577776,0.3710159006572905,0.3710159148488726,4867.636654808408,66.60360209147136,4899.172703598485,,,,1e-06,66.60360209147136,0.2239928820303508,0.935098545891898,7.058549880981445,4867.6367420014885,0.0355889389202708,0.035588938742876
93,train,0.5014448925372093,0.9442049947477156,0.41561977893755,0.2638259415504753,0.2591689675245234,0.4156197807000529,0.5331651175054171,0.1006762229947633,16.768962037178778,0.3690260642318315,0.369026074165939,4263.578864353959,25.26202472050985,4271.402470711345,,,,1e-06,,0.2176976057310258,0.9359950218149412,58.887104749679565,4263.579206774311,0.0398405501919408,0.0398405501418696
93,val,0.4625000002838316,1.0151663564500355,0.4469506172906785,0.277724346944264,0.329720445332073,0.4469506215481531,0.5948731267736072,0.2016919815824145,41.997681209019255,0.3632723731654031,0.363272393033618,4766.856642950149,65.98590505690802,4795.575082859848,,,,1e-06,65.98590505690802,0.2259134160620825,0.9350076062338692,7.115323543548584,4766.856823149182,0.0379537815848986,0.0379537813188064
94,train,0.5022513440219305,0.9440006379799176,0.4151766990782112,0.2627163307480915,0.2574534434624898,0.415176698797813,0.5315717050144749,0.1009609072359018,16.758213673868486,0.369237577562691,0.3692375860547506,4221.425458764517,25.07519954763433,4222.374083404027,,,,1e-06,,0.2174514551316538,0.9360476514344576,59.47482776641846,4221.425454867784,0.0398844675291129,0.0398844675591556
94,val,0.4625000002838316,1.0208444141206288,0.4491115595613207,0.2771732253687722,0.3267472102528527,0.4491115496272132,0.6015821063802356,0.2006576533118883,42.371579397292365,0.375846803188324,0.3758468159607478,4852.250889369419,66.40322857811337,4890.454900568182,,,,1e-06,66.40322857811337,0.2229898756458646,0.935186002935682,7.274753332138061,4852.250860305059,0.0346772347000383,0.034677234877433
95,train,0.5020833332692424,0.9431059328458642,0.4150870205253683,0.2635135653038178,0.2604272873491369,0.4150870218873024,0.5310282787328126,0.1012823301097077,17.30396225631878,0.3689404181254807,0.3689404237334446,4231.422871579406,25.910971385176463,4239.569188446148,,,,1e-06,,0.21790858342122,0.9358309542620054,59.39033222198486,4231.422864360194,0.0398946110038988,0.0398946111240694
95,val,0.4625000002838316,1.0278181745892478,0.4502693499837603,0.2748505955650693,0.32158320077828,0.4502693471454438,0.6086915291491009,0.2071303313686734,43.0073432014102,0.3659053033306485,0.3659053061689649,5013.520083472842,67.54844066074916,5053.480331143466,,,,1e-06,67.54844066074916,0.2223906850530987,0.9351542790730796,6.998843193054199,5013.51996140253,0.0323367164071117,0.0323367164958091
96,train,0.5020161290322581,0.941487678757278,0.4151487687742838,0.2639385091681634,0.261570603616776,0.4151487675725773,0.5287310036840618,0.0997906365702229,16.89934112436028,0.3692298670930247,0.3692298757453118,4196.951973658736,25.287516140168712,4204.9253832679005,,,,1e-06,,0.2177663052114107,0.9358605425204,59.231898069381714,4196.952308408676,0.0402272814704525,0.0402272815605805
96,val,0.4625000002838316,1.012213823341188,0.4464118537448701,0.2782148328565416,0.3317431254046304,0.4464118523257119,0.5927357077598572,0.1991503263513247,41.98266192844936,0.3719461205459776,0.3719461248034522,4755.4153238932295,65.8221786135719,4786.941126598012,,,,1e-06,65.8221786135719,0.2266727167935598,0.9346204314913068,7.204594373703003,4755.415347144717,0.0391852719088395,0.0391852713766552
97,train,0.501108871031833,0.9437853049847388,0.4155881311143598,0.2636763897313866,0.2597289192740635,0.415588129992767,0.532485108862641,0.0987929406385588,16.51093008954038,0.3694039836365689,0.3694039908468082,4113.0485706124255,24.756261666615803,4121.224800916472,,,,1e-06,,0.2177338070606672,0.9358479781176454,59.1640694141388,4113.048238733763,0.0400735185311366,0.0400735182407242
97,val,0.4625000002838316,1.019999322437105,0.4469394357431502,0.2767028091918854,0.3291769254775274,0.4469394428389413,0.5962459288892292,0.2017770650840941,42.068497430710565,0.3753621166660672,0.3753621223427,4832.915289015997,66.38310187203544,4865.437639086174,,,,1e-06,66.38310187203544,0.2270713306608654,0.9348715572130112,7.165849208831787,4832.915411086309,0.0467626693702879,0.0467626694589853
98,train,0.5014448925372093,0.9478045221297972,0.4161297036435014,0.2635302929788507,0.2601756926185341,0.4161297037236152,0.5346117936154847,0.0998313772061499,17.762506423457975,0.3689320875752356,0.3689320935036546,4282.146044290194,26.295498596724645,4290.333498868075,,,,1e-06,,0.217913126592995,0.9359857609836004,59.88980531692505,4282.145708186652,0.0397716446389113,0.0397716445387691
98,val,0.4625000002838316,1.023149541446141,0.4464888643650782,0.2748908145087106,0.3269042982941582,0.4464888601076035,0.5979924003283182,0.1999762899109295,41.84593373253232,0.3814154366652171,0.3814154395035335,4809.787370954241,66.24219858078729,4843.2562573982,,,,1e-06,66.24219858078729,0.2267547562008812,0.9346603069986616,6.948338985443115,4809.787289574033,0.048058358952403,0.0480583595732847
99,train,0.5016801075268817,0.9444312144030806,0.4154879585389168,0.2634540726580927,0.2597802537743763,0.4154879589394856,0.5326351637561475,0.0991837641885203,16.849556917785318,0.3695291397712564,0.3695291498655914,4220.967945468041,25.32828054633192,4229.410981981682,,,,1e-06,,0.2178055036772963,0.9358884362123344,59.43979167938232,4220.96794431953,0.0401905654498966,0.0401905655800815
99,val,0.4625000002838316,1.0200478235880537,0.4477286551679884,0.2763828173989341,0.3282408295642762,0.4477286537488301,0.5989385374954769,0.2024695543306214,42.59202839079357,0.3661215021496727,0.3661215064071473,4871.846807570684,66.66339329310826,4904.468612393466,,,,1e-06,66.66339329310826,0.2255796775931403,0.934874809923626,7.236318349838257,4871.846923828125,0.0396039986184665,0.0396039991506508
100,train,0.5018817205582896,0.9444675339806464,0.415502010894719,0.2632723872059135,0.2581690814626473,0.4155020114555153,0.532508252809445,0.1001647295209989,16.79894321451905,0.3691636144473988,0.369163625182644,4133.076916192167,25.040119278815485,4140.452299319694,,,,1e-06,,0.2175927693324704,0.9361210930091078,59.50412440299988,4133.076588046166,0.0399207090458241,0.039920709085881
100,val,0.4625000002838316,1.0187113937877474,0.4470498945031847,0.2774505877778643,0.334209769254639,0.4470498945031847,0.5953964349769411,0.2019938840752556,42.5040154230027,0.3744387129942576,0.3744387271858397,4961.070411318824,67.18416577293759,4994.629033499053,,,,1e-06,67.18416577293759,0.2266704880055927,0.9350145487558276,7.159723520278931,4961.070242745535,0.0451493389194919,0.0451493389194919
101,train,0.5015120967741935,0.9438623050528188,0.4153333785392905,0.2631953253701169,0.2590786215438637,0.415333378699518,0.5337750068515219,0.1002715990468058,16.56646200405654,0.3695995756374892,0.3695995828477285,4195.514651431832,24.86705972815073,4204.008936707982,,,,1e-06,,0.2177929857405283,0.9359087956848964,59.87393617630005,4195.514319019933,0.040068247866246,0.0400682479163171
101,val,0.4625000002838316,1.0245791702043443,0.4491364558537801,0.2757931160075323,0.3262418998139245,0.4491364515963055,0.6037030390330723,0.2056285366415977,42.8739872887021,0.3668825867630186,0.3668825896013351,4901.897426060268,66.85582914806548,4934.13300633286,,,,1e-06,66.85582914806548,0.2242971658706665,0.9350120027860006,6.98936653137207,4901.897321428572,0.0368360855749675,0.0368360845105988
102,train,0.5008736559219898,0.9435983511709398,0.4159103845075894,0.2647039789345957,0.2618863843781974,0.4159103833859967,0.5335224338116185,0.0988326674948136,17.084202551072643,0.3688786292588838,0.3688786318225245,4159.444603950747,25.36317688418973,4163.265739343303,,,,1e-06,,0.2184139396394452,0.9358856431258622,60.28963327407837,4159.444604607039,0.0399450493916388,0.0399450491913544
102,val,0.4625000002838316,1.0197694585436867,0.4466186194192795,0.2757898973567145,0.3282007248628707,0.4466186222575959,0.59681384123507,0.2060625758909043,42.3978518531436,0.3652235837209792,0.3652235865592956,4914.555065336682,66.95239893595378,4947.016774680398,,,,1e-06,66.95239893595378,0.2276861518621444,0.9348113451685224,7.349879503250122,4914.554978143601,0.0437468522716136,0.0437468527151005
103,train,0.5022513440219305,0.9440094069127114,0.4151149710179657,0.2624532564352917,0.2574253488452204,0.4151149719793309,0.5298726588327397,0.0999703895180456,16.51912868663829,0.3701421740234539,0.3701421815541483,4242.500673109485,24.40029183254447,4249.203129521123,,,,1e-06,,0.2177467258867397,0.9360398576464704,59.487998723983765,4242.500669828025,0.039876501055895,0.0398765011360087
103,val,0.4625000002838316,1.023888579436711,0.4501670471259525,0.2769194600127992,0.3263465698276247,0.4501670485451108,0.6052412972563789,0.2055450319534256,42.57319650195894,0.3679419599828266,0.3679419614019848,4901.54009719122,66.7855611528669,4936.261597419508,,,,1e-06,66.7855611528669,0.2234279541742234,0.935050904750824,7.161561489105225,4901.540329706101,0.0325419396339427,0.0325419399887323
104,train,0.5018481182795699,0.9422955056352,0.4152008311883096,0.2637703086259544,0.2616748964434029,0.4152008297462617,0.5335061189628416,0.1002107959601187,17.175451455577726,0.3692310880268774,0.369231098601895,4260.834384508031,25.71744719372001,4268.938812440814,,,,1e-06,,0.2185312990219362,0.9357244564640906,60.058269023895264,4260.834394516483,0.0399150620364854,0.0399150617160303
104,val,0.4625000002838316,1.0227723291942052,0.4471420219966343,0.2750529036635444,0.3281743420021875,0.4471420191583179,0.5995986206190926,0.2017655762888136,42.13041623433431,0.3804127176602681,0.3804127176602681,4914.849394298735,66.79221017020089,4949.418403764204,,,,1e-06,66.79221017020089,0.2261340348493485,0.9349404232842582,7.220690727233887,4914.849318731399,0.0451143009676819,0.0451143011450767
105,train,0.5018481182795699,0.943193193885588,0.4154357641775121,0.2637546700175091,0.2608949074181177,0.4154357644178534,0.5314896384314183,0.1009954767882503,16.29980859961561,0.3697759108517759,0.3697759148574644,4220.050155926776,24.756773102668024,4227.527483534893,,,,1e-06,,0.2182927299090611,0.9357664841477588,59.32897090911865,4220.05048776442,0.0402314252450421,0.0402314256856678
105,val,0.4625000002838316,1.0272497534751892,0.4481532048611414,0.2741299988258452,0.3239226383822305,0.4481532048611414,0.6036020928905124,0.2014692677628426,42.12577147710891,0.377113660176595,0.3771136573382786,4852.94381859189,66.5071033296131,4885.254860617898,,,,1e-06,66.5071033296131,0.2245374165830158,0.9351224700609844,7.325500965118408,4852.943777901785,0.0426700656257924,0.0426700658031872
106,train,0.5016465054083896,0.9443057751463304,0.4156683155445642,0.2640766902796684,0.2614352308133597,0.4156683157849055,0.5318315737350012,0.0994362744592851,16.624041154820432,0.3690640246996315,0.3690640282246374,4209.30450349213,25.00872621741346,4214.571614624434,,,,1e-06,,0.2185896608617998,0.9358964158642676,58.77422547340393,4209.304502712783,0.0402483001892124,0.0402483003193973
106,val,0.4625000002838316,1.0326111203148252,0.4484782772404806,0.2725754805973598,0.3210713749840146,0.4484782800787971,0.6067914068698883,0.2037754353313219,42.39257421947661,0.3836928151902698,0.3836928322201683,4940.346941266741,67.05404663085938,4976.401442649148,,,,1e-06,67.05404663085938,0.2258905910310291,0.9346728324890136,7.25633430480957,4940.346766880581,0.0445819621284802,0.044581962305875
107,train,0.5018145161610778,0.9433115462782562,0.4155108440787561,0.2636395426847601,0.2605083151369966,0.4155108460014866,0.5306666328381466,0.1032362404649937,16.636924477033716,0.3698879464339184,0.3698879493180141,4249.544719983172,24.963259712342293,4257.437911792074,,,,1e-06,,0.2181674672230597,0.9359043798139018,58.42081451416016,4249.544388022474,0.0401919233081962,0.0401919234183526
107,val,0.4625000002838316,1.020652637595222,0.4471672957851773,0.276051850545974,0.3295013776847294,0.4471672830127534,0.5979892909526825,0.2005546135561806,42.3253535316104,0.3783165443511236,0.3783165415128072,4866.945701962426,66.58056822277251,4900.236075106534,,,,1e-06,66.58056822277251,0.2256988819156374,0.934771296523866,7.139390707015991,4866.945684523809,0.0425276397062199,0.0425276381096669
108,train,0.5013104839030132,0.94352747355738,0.4155967048900101,0.2635842884580294,0.2605652199477278,0.4155967043292138,0.5326672163541599,0.1036276135954164,16.963952159368862,0.3694827883474288,0.3694827955576681,4296.454020900111,25.303462220776467,4305.14114819151,,,,1e-06,,0.2184960802075683,0.9358322348005028,59.08096027374268,4296.454022356259,0.0398384824455265,0.0398384822752847
108,val,0.4625000002838316,1.0350042751857214,0.4493070855027153,0.2709157112098875,0.3158639832621529,0.4493070840835571,0.6118597416650682,0.2017178627706709,42.19354266212101,0.3748258309704916,0.3748258451620738,4852.29391624814,66.6507321312314,4886.287741181344,,,,1e-06,66.6507321312314,0.223590578351702,0.9351782344636465,6.9170756340026855,4852.293846493676,0.0378253373893953,0.0378253381876718
109,train,0.5020497313109777,0.941908218847808,0.4150825826230869,0.2639357824960062,0.2622141314930813,0.4150825819821768,0.5275177895141545,0.1025759622414586,16.84940187392696,0.3692217799284125,0.3692217890613822,4205.052177654799,25.359024296524705,4213.192749311145,,,,1e-06,,0.2184926100796269,0.935669110987776,59.32797193527222,4205.0525180447485,0.0401851492283004,0.0401851489979733
109,val,0.4625000002838316,1.0113997601327442,0.4478819639909835,0.280502431449436,0.3367218666133426,0.4478819696676163,0.59327489563397,0.201962778256053,42.74895440964472,0.3650337131250472,0.3650337173825219,4840.25189499628,66.40553392682757,4872.302194306345,,,,1e-06,66.40553392682757,0.2247468084096908,0.9350462328820002,7.311418056488037,4840.25198218936,0.0349237868296248,0.0349237864748353
110,train,0.5022177420636659,0.9425791022918556,0.4150452430370033,0.2631904602211009,0.2598334194351268,0.4150452428767758,0.5285069109291158,0.1004852288432659,15.965807217423636,0.3699233772293214,0.3699233844395607,4103.405813729892,24.30182024740404,4110.446543190696,,,,1e-06,,0.2183964191585458,0.9356650312741598,59.8434956073761,4103.405480128463,0.0401010446310524,0.040101044751223
110,val,0.4625000002838316,1.0141850993746804,0.4480444817315964,0.2794225840341477,0.3335368867431368,0.4480444817315964,0.5952639707497188,0.202460867308435,42.39103980291458,0.3678727220921289,0.3678727291879199,4809.626517159598,66.20221801031204,4840.414435369318,,,,1e-06,66.20221801031204,0.2245018091939744,0.934917614573524,7.243080854415893,4809.626517159598,0.0352667702273244,0.035266770138627
111,train,0.5016801075268817,0.9423239540348772,0.4153152381380399,0.2641251784979656,0.2624780133526812,0.4153152395800877,0.5322162020270542,0.1008354456274099,16.232898881358484,0.3687159254025387,0.3687159319718678,4147.318885926277,24.58031289808212,4155.500787445993,,,,1e-06,,0.2185809408785194,0.9357064773318589,59.0295193195343,4147.319216492356,0.0399070498984186,0.0399070500586462
111,val,0.4625000002838316,1.0102559952508836,0.4467377506551288,0.2801133983191989,0.3381934896821067,0.4467377534934452,0.590638844030244,0.2002485859252157,42.167237781343005,0.3707066604069301,0.3707066660835629,4804.941598074777,66.12334750947498,4836.053296638258,,,,1e-06,66.12334750947498,0.2251185639983131,0.9349713978313264,7.105790376663208,4804.9415283203125,0.0389652170595668,0.0389652169708694
112,train,0.5020497313109777,0.9415651699227672,0.4150072384265161,0.2638003920675605,0.2620832013186588,0.4150072364236719,0.5304252052659629,0.1004041184581095,16.42053685649749,0.3694989553061865,0.3694989607539228,4241.839911635204,25.00286077171244,4249.966369361749,,,,1e-06,,0.2186118352317041,0.9357877546741116,59.62813186645508,4241.839578936177,0.0401828581547384,0.0401828579644682
112,val,0.4625000002838316,1.0193293804214114,0.4481045390878405,0.2770924745571045,0.3291289799270175,0.4481045447644733,0.5988978353284654,0.203787190573556,42.35061454772949,0.3665807005904969,0.3665807105246044,4846.227963402158,66.42504519507999,4880.212536991004,,,,1e-06,66.42504519507999,0.2255201729990187,0.9347188557897296,7.124622821807861,4846.22808547247,0.0386053992524033,0.0386053996958902
113,train,0.5018817205582896,0.9419191963570092,0.4152566458909742,0.2641576264974891,0.2627487347651553,0.4152566461313155,0.5313148025863914,0.1007217750233668,16.659322402810538,0.3691427395228416,0.3691427436887577,4189.968308028355,25.17459706849949,4198.2520017167935,,,,1e-06,,0.2187871515590657,0.9357038175546994,59.297709941864014,4189.968308069373,0.0400453731818224,0.0400453733520642
113,val,0.4625000002838316,1.020699969359807,0.4457235052472069,0.2756716793491727,0.3304805244718279,0.4457235052472069,0.5948078533013662,0.2007219355021204,42.04589834667387,0.3820337042922065,0.3820337170646304,4854.0854085286455,66.40604654947917,4890.876720821496,,,,1e-06,66.40604654947917,0.2299647657644181,0.9344893041111174,7.042531967163086,4854.0853271484375,0.0511170834125507,0.0511170830577611
114,train,0.5011760752688172,0.9428808160366552,0.415437483499127,0.2636015951953908,0.2606460349534147,0.4154374839798097,0.5301863450196481,0.1000706191945781,16.774049635856382,0.3693666637584727,0.3693666700073468,4129.130072870562,24.94653949429912,4136.644801181575,,,,1e-06,,0.2187516484209286,0.9357417616792904,59.69578266143799,4129.129739638298,0.0400425406693611,0.0400425406693611
114,val,0.4625000002838316,1.028800027711051,0.4484538620426541,0.2731079239220846,0.3214885613748005,0.4484538549468631,0.6061332715409142,0.2007561730487006,42.225321815127415,0.374288946390152,0.3742889492284684,4831.084275018601,66.44541622343517,4863.08066554214,,,,1e-06,66.44541622343517,0.2256066749493281,0.9343922592344738,7.073230981826782,4831.084164574033,0.0399687608615273,0.039968761925896
115,train,0.5013440860215054,0.9437221577090602,0.4156373853004106,0.2644336338164986,0.2631699584664837,0.4156373846595005,0.5319257121412985,0.1009528309066769,17.840103195559593,0.3685471870565927,0.3685471976316103,4298.1593970021895,26.23185823296988,4306.309981611361,,,,1e-06,,0.219363960046922,0.935654677050088,59.6631441116333,4298.159388716503,0.0398515624905465,0.0398515623603617
115,val,0.4625000002838316,1.0145012026741391,0.4471472061815716,0.2788763869376409,0.3357061914035252,0.447147209019888,0.5933813026973179,0.201399873764742,42.36007763090588,0.3736249832879929,0.3736249861263093,4920.678699311756,66.82301530383882,4960.494423236269,,,,1e-06,66.82301530383882,0.2265550934133075,0.9348453765823728,7.350448131561279,4920.678664434524,0.0423583561288459,0.0423583559514511
116,train,0.5016129032898975,0.9401979321433652,0.4149653719317528,0.2643642206826517,0.26392120451376,0.4149653712107289,0.5295812246059218,0.1023643514722265,16.90643884033285,0.3693701102528521,0.3693701211483248,4175.035376497494,25.485080977921847,4176.28187979239,,,,1e-06,,0.2188131371012298,0.9357337551091308,59.62643814086914,4175.035033728487,0.0401938338313371,0.0401938338313371
116,val,0.4625000002838316,1.0144168195270358,0.4469413005170368,0.2790285831406003,0.3384597713039035,0.446941309031986,0.5927566871756599,0.2036528509287607,42.46331478300549,0.3744396652494158,0.3744396822793143,4995.249250139509,67.23534811110724,5033.128188624527,,,,1e-06,67.23534811110724,0.2272716079439435,0.9348397254943848,7.072497844696045,4995.249232700893,0.0447120680695488,0.0447120694000096
117,train,0.5018817205582896,0.9416594761674122,0.4151676499074505,0.2642288274502241,0.2634999308214393,0.4151676495869954,0.5315031865110962,0.1001102675393384,16.778292061180196,0.3690073113608104,0.3690073171290018,4280.9811880050165,25.28998225222352,4289.293587979403,,,,1e-06,,0.2191775664687156,0.9355823782182509,59.658461809158325,4280.980859653924,0.0398960417557147,0.0398960417657289
117,val,0.4625000002838316,1.007036112603687,0.4464892319270542,0.281314200588635,0.3414544108368101,0.4464892347653706,0.5879144313789549,0.2015301649059568,42.60707019624256,0.3679920874890827,0.3679920846507662,4820.175513857887,66.15542911347889,4852.920392400568,,,,1e-06,66.15542911347889,0.2265157146113259,0.9350000960486275,7.02716588973999,4820.175362723215,0.0417349606397606,0.0417349609058527
118,train,0.5017137098056014,0.9473918687592272,0.415414518806883,0.2630902966985138,0.2629700528197391,0.4154145188869969,0.5325876349002443,0.100241931656035,17.58020596094029,0.3696690589509984,0.3696690639180521,4223.51101951189,25.75621590050318,4232.046651738741,,,,1e-06,,0.2189361908903686,0.9356736636930896,58.972585678100586,4223.511031366164,0.0399204137364542,0.0399204138966818
118,val,0.4625000002838316,1.0254300775982084,0.4469297698565891,0.2741118406965619,0.3256343716666812,0.4469297812098548,0.6001513032686143,0.2036919622194199,42.25280907040551,0.3751582787150428,0.3751582843916757,4871.276245117188,66.61884544009254,4899.120294744318,,,,1e-06,66.61884544009254,0.2274125587372552,0.9344843484106518,7.189682245254517,4871.276250930059,0.0464263682564099,0.0464263680790151
119,train,0.5012768817845211,0.941167113441293,0.415440676353311,0.264860733221936,0.2654376374457472,0.4154406747510356,0.5306885218928739,0.1018868923507711,16.738336460564724,0.368908043990853,0.368908050239727,4258.315310960175,25.145632897653886,4265.478036981962,,,,1e-06,,0.219370301532489,0.9355769461841994,59.64354634284973,4258.3153151440365,0.0398792875229671,0.039879287653152
119,val,0.4625000002838316,1.0156035593577797,0.4464560818104517,0.2773066056626184,0.3311278940666289,0.4464560818104517,0.5939801235993704,0.2037151668752942,42.181201843988326,0.3669771495319548,0.3669771523702712,4811.022414434524,66.20515896025158,4838.118616832387,,,,1e-06,66.20515896025158,0.227752481897672,0.9343656046049936,7.042444229125977,4811.022240048364,0.0433398636856249,0.0433398640404144
120,train,0.5020833332692424,0.9385418914338594,0.4144822893443928,0.2647939474191716,0.2646137695479136,0.4144822897449616,0.5308627008750875,0.0979167836447877,16.653517946120232,0.3692436663694279,0.3692436727785295,4137.835183502525,24.73138254944996,4145.238535254893,,,,1e-06,,0.2196307084573212,0.9356381877135204,59.08896780014038,4137.835176119241,0.0401456137738561,0.0401456139741405
120,val,0.4625000002838316,1.0082189242045083,0.4460962187676203,0.2799496324289413,0.3372654403959002,0.4460962159293039,0.5892830789089203,0.2004943529055232,42.21335174923851,0.364074482804253,0.364074496995835,4747.361485072544,65.72744442167736,4774.185928622159,,,,1e-06,65.72744442167736,0.2280339399973551,0.9342822773115976,7.07142186164856,4747.3615315755205,0.038464274612211,0.0384642747009084
120,val_periodic_epoch_120,0.4625000002838316,1.0082189242045083,0.4460962187676203,0.2799496324289413,0.3372654403959002,0.4460962159293039,0.5892830789089203,0.2004943529055232,42.21335174923851,0.364074482804253,0.364074496995835,4747.361485072544,65.72744442167736,4774.185928622159,,,,1e-06,,0.2280339399973551,0.9342822773115976,6.898834466934204,4747.3615315755205,0.038464274612211,0.0384642747009084
121,train,0.5017137098056014,0.940769914978294,0.415025082486932,0.2635485122120508,0.262113136790132,0.4150250827272733,0.5271611815338494,0.1006399994535792,17.114162314322687,0.3698304877165825,0.3698304965290972,4254.296672123734,25.394217009185464,4262.530971334438,,,,1e-06,,0.2190755643351103,0.9355694420876042,59.74867630004883,4254.296670072822,0.0399033024266202,0.0399033024366344
121,val,0.4625000002838316,1.0062430132003055,0.4470979755833035,0.2822734011071069,0.3405407766501109,0.4470979755833035,0.5883857636224656,0.1993570831559953,42.276117234002974,0.3678735593954722,0.3678735735870543,4683.069173177083,65.29976763044085,4709.383645537406,,,,1e-06,65.29976763044085,0.2270733877306892,0.9342336995261056,7.177905321121216,4683.069283621652,0.0343953059720141,0.034395305262435
122,train,0.5013440860215054,0.943539776308562,0.4149820679618466,0.2649104801877852,0.2667961546810724,0.4149820673209364,0.5293869890112389,0.098277904433749,16.533277934597386,0.3688728192480661,0.3688728293424012,4250.518297831218,25.076066642679194,4258.713836854877,,,,1e-06,,0.219764285911155,0.935384726652535,58.99566435813904,4250.518301892024,0.0401767944736826,0.0401767941932844
122,val,0.4625000002838316,1.006375074386597,0.4450578689575195,0.2812595601592745,0.343556957585471,0.4450578675383613,0.5843458509161359,0.1967098624223754,42.11726633707682,0.3764301254635765,0.376430135397684,4692.542201450893,65.37704031808036,4723.283932587595,,,,1e-06,65.37704031808036,0.2286584824323654,0.9345248029345558,7.029911518096924,4692.542218889509,0.0451801612618423,0.0451801610844475
123,train,0.5018817205582896,0.9400630492356516,0.4149657370102021,0.2645317145412968,0.2642989377340963,0.4149657359687231,0.5297969168713016,0.0994397699432347,16.14692227302059,0.3690837378142982,0.3690837461461303,4174.331662536949,24.326055352405834,4182.595672833478,,,,1e-06,,0.219387275957933,0.9355732026279614,59.41444182395935,4174.331658886325,0.0399327658477329,0.0399327659078182
123,val,0.4625000002838316,1.013724148273468,0.4471957101708367,0.2783828356436321,0.3342683258510771,0.4471957115899949,0.5947821090618769,0.2006811662798836,42.14590317862375,0.3710833007381076,0.3710833135105315,4772.556646437872,65.86358297438849,4804.523441938921,,,,1e-06,65.86358297438849,0.2254399146352495,0.934573287055606,7.098011255264282,4772.556605747768,0.0369570008700802,0.0369570015796593
124,train,0.5011760752688172,0.939717786606922,0.4148345172245015,0.2640855320358789,0.2637107145561966,0.4148345150614297,0.5303478794552947,0.0968061365307338,15.857944826925957,0.3696649826021604,0.3696649947794534,4111.274922483711,24.03037239402853,4118.795051425715,,,,1e-06,,0.219182710333537,0.935716788935405,58.71936511993408,4111.274921745382,0.0400746879217925,0.0400746882722903
124,val,0.4625000002838316,1.0126028174445745,0.4460063605081467,0.278716620235216,0.3383476542575018,0.4460063718614124,0.5909851243098577,0.2014113114703269,41.8278998420352,0.3784357536406744,0.378435757898149,4801.5918201264885,65.98173504783993,4833.335280539773,,,,1e-06,65.98173504783993,0.227781675401188,0.9344750671159654,7.108163356781006,4801.591895693824,0.0446147034388212,0.044614703616216
125,train,0.5016801075268817,0.939042909010764,0.4147716610822626,0.2645948075799532,0.2647634786303325,0.4147716618834003,0.5282453897018586,0.0995183394000094,16.415128313085084,0.3688572582698637,0.368857265480103,4070.666817736882,24.570426358971545,4078.4743239483046,,,,1e-06,,0.2195827074108585,0.9356732208241698,59.84550356864929,4070.6671624952746,0.0400414996610213,0.0400414998112346
125,val,0.4625000002838316,1.0052964999562215,0.4449081945986974,0.2817139944859913,0.3460323257105691,0.4449082045328049,0.5831787600403741,0.2014854557457424,42.38030188424246,0.3681162155809857,0.3681162226767767,4808.281889415923,66.25005431402298,4838.810384114583,,,,1e-06,66.25005431402298,0.2304794376804715,0.9343108847027732,7.132267475128174,4808.28202311198,0.0475643261202744,0.0475643261202744
126,train,0.5017809140425856,0.9388005334523416,0.4145886838756581,0.2645217154615669,0.2649539528034066,0.4145886837154306,0.5263223249905853,0.0988876439871326,16.248303039099582,0.3694281912939522,0.3694281988246466,4035.6848395562943,24.579374805573494,4043.312262415003,,,,1e-06,,0.2196091328577328,0.935591491640255,59.756951093673706,4035.684505708756,0.0399721593706197,0.0399721593205486
126,val,0.4625000002838316,1.0092823136420477,0.447394942953473,0.2811355228934969,0.3389509462174915,0.4473949443726313,0.5909669966924758,0.2011721428661119,42.03578858148484,0.3695054295517149,0.3695054323900313,4744.590116954985,65.75556164696103,4779.534299538353,,,,1e-06,65.75556164696103,0.2267699851876213,0.9344172875086466,7.18246054649353,4744.590169270833,0.0372798370108718,0.0372798367447796
127,train,0.5012768817845211,0.9433211113816948,0.4155757199692469,0.2641914385941721,0.2633478269782117,0.4155757212510673,0.5336519082387289,0.0969274388526075,16.87920041238108,0.3694295423325672,0.3694295506643992,4157.67874494163,25.1835650320976,4165.8908284916215,,,,1e-06,,0.2198819784868148,0.9354292683063016,59.48342943191528,4157.678751545568,0.0399579936137763,0.0399579935637052
127,val,0.4625000002838316,1.0224099244390217,0.4481974158968244,0.2757420788208644,0.3277169544072378,0.4481974158968244,0.6013543258110682,0.2019377613351458,42.042593002319336,0.3718373009136745,0.3718373009136745,4838.887300037202,66.3634380158924,4873.613254616477,,,,1e-06,66.3634380158924,0.2262728739352453,0.9345272268567768,7.111842393875122,4838.887422107515,0.0378898634974445,0.037889862699168
128,train,0.5012096775475369,0.937846457926176,0.4145264453304711,0.2650624695484356,0.2675466213815956,0.4145264462918364,0.5264300776505342,0.1004113017791702,16.976306282063966,0.3693202041810559,0.3693202121924328,4171.907035089308,25.202991326649983,4179.936603831282,,,,1e-06,,0.2200550264728966,0.9354366330049372,59.75458717346192,4171.907380257883,0.0398954910736891,0.0398954910736891
128,val,0.4625000002838316,1.0161813611075992,0.4477723240852356,0.2781911449772971,0.3317811737457911,0.447772326923552,0.596481013865698,0.2004533324922834,42.18315633138021,0.3709096411863963,0.3709096440247127,4742.684959774926,65.84885551815941,4774.152473958334,,,,1e-06,65.84885551815941,0.2258733794802711,0.934486712728228,6.998192548751831,4742.684948149182,0.0366504407886947,0.0366504399904182
129,train,0.5015120967741935,0.9403251986349782,0.414967904007563,0.2645772629046953,0.2660951688885689,0.4149679039675061,0.530136007615315,0.0978103549850563,16.756024911839475,0.3697191617822134,0.369719169953818,4163.662028610065,25.11172172074677,4170.872177134299,,,,1e-06,,0.2198155081720762,0.9354619614539608,59.826425075531006,4163.662024098058,0.0400052746477466,0.0400052745075475
129,val,0.4625000002838316,1.002715229988098,0.4446475945767902,0.2828519564299356,0.3492920114880516,0.444647593157632,0.5807524039631798,0.2004289974768956,42.47707712082636,0.3729707045214517,0.3729707087789263,4810.691249302456,66.19482312883649,4843.870467862216,,,,1e-06,66.19482312883649,0.2294251493045262,0.9343013309297108,7.132163047790527,4810.691196986607,0.0466053432651928,0.046605343087798
130,train,0.5012768817845211,0.93895984208712,0.414955514172713,0.2651565498722497,0.2672264273128202,0.414955514172713,0.5283022170425743,0.0996167041481502,16.527876225850914,0.369339304104928,0.3693393116356224,4148.988372556625,24.808575955770348,4153.915103467948,,,,1e-06,,0.220351573921019,0.9353111889413608,58.726563692092896,4148.988034525225,0.0400246015739857,0.0400246014538151
130,val,0.4625000002838316,1.0022622687476022,0.4464197925158909,0.2835475270237241,0.3474284062782923,0.4464197882584163,0.5846629057611737,0.199800095742657,43.00712785266695,0.3667251567045848,0.366725165219534,4816.396391369048,66.2030416216169,4848.243005741004,,,,1e-06,66.2030416216169,0.2270382273764837,0.934514397666568,6.92216682434082,4816.396339053199,0.0372479032015516,0.0372479039998281
131,train,0.501108871031833,0.939796682487252,0.415174410708489,0.2647534785091236,0.265402005885237,0.4151744108687165,0.5280064414505676,0.0984458812983125,16.07231589542922,0.3696591983879766,0.3696592068800362,4024.6818671277774,24.190002415769843,4032.516551193083,,,,1e-06,,0.2197767847007321,0.9355118168938544,58.31362557411194,4024.6821999908775,0.0401639087546256,0.0401639081437581
131,val,0.4625000002838316,1.0163353000368391,0.4471742099239713,0.2782878357739675,0.3350643387862614,0.4471742042473384,0.5946988761425018,0.1997294099557967,42.09876723516555,0.3781863266513461,0.3781863294896625,4869.7897542317705,66.5629292442685,4906.502277166193,,,,1e-06,66.5629292442685,0.2270958920319875,0.9348223237764268,7.034534931182861,4869.789637974331,0.0430155482497953,0.0430155481610979
132,train,0.5016801075268817,0.9399558299331254,0.4150133145352204,0.2653865270236487,0.2662679439270368,0.4150133143749929,0.528155325040702,0.0955450060747323,16.428968603892994,0.3692043684823539,0.3692043734494076,4272.081476026966,24.45353587468465,4280.104914069898,,,,1e-06,,0.2199179250546681,0.9354979174752388,57.97412848472595,4272.081816027241,0.0401600757213209,0.0401600756612356
132,val,0.4625000002838316,1.008495222954523,0.4459083761487688,0.2805154025554657,0.3432029833396275,0.4459083733104524,0.5877480528184346,0.1992977421198572,42.19267154875256,0.374064408597492,0.3740644199507577,4819.542224702381,66.17990112304688,4852.284537760416,,,,1e-06,66.17990112304688,0.2284818816752661,0.9343709065800622,6.90663743019104,4819.542201450893,0.0435441207318078,0.0435441203770183
133,train,0.5015120967741935,0.9405300774241008,0.4150568380631426,0.2646028172745499,0.2653046593230257,0.4150568372620049,0.5268261628125304,0.0982147137163787,16.20131142165071,0.3696029880034026,0.3696029980977376,4140.964915654992,24.224018532742736,4148.953541004938,,,,1e-06,,0.2199516736211315,0.9355405828645152,57.78730511665344,4140.964908927999,0.0402610735987783,0.0402610731881953
133,val,0.4625000002838316,1.026761872427804,0.4483382659299033,0.2738314937977564,0.3257702205862318,0.4483382673490615,0.6050114943867638,0.2025579512119293,42.67641294570196,0.3712801762989589,0.3712801819755917,5001.187430245535,67.39001846313477,5035.145889559659,,,,1e-06,67.39001846313477,0.2270340217011315,0.9344680507977804,6.938289165496826,5001.1875,0.0408193367932524,0.0408193369706471
134,train,0.501108871031833,0.9399624976419634,0.4153119176626205,0.2654494527847536,0.2684645623930038,0.41531191573989,0.5294378860503115,0.0993150457819943,15.97136559794026,0.3697184192877943,0.3697184287412192,4055.301550670337,24.37963592365224,4063.540262791284,,,,1e-06,,0.220101580905017,0.9354549373990746,57.86937928199768,4055.3015478400775,0.0406366019780116,0.0406366016275139
134,val,0.4625000002838316,1.015920863265083,0.4469590556053888,0.2777004213560195,0.3345340681927545,0.4469590527670724,0.5951355326743353,0.1980879193260556,41.80380848475865,0.3734299937884013,0.3734300051416669,4804.131382533482,66.05647731962658,4839.210080788353,,,,1e-06,66.05647731962658,0.2272390070415678,0.9346459224110558,6.885293245315552,4804.131417410715,0.0415577215275594,0.0415577218823489
135,train,0.5015120967741935,0.9385098215713296,0.4148281092445056,0.265589090204367,0.2690349778020254,0.4148281095649606,0.5263816614144592,0.0982530794997689,16.337483139448267,0.3687883774119039,0.3687883831800953,4104.021065619684,24.51927942870765,4111.966051198016,,,,1e-06,,0.2202223302215658,0.9354671733353728,57.936951875686646,4104.021735980947,0.0402731757250524,0.0402731756749813
135,val,0.4625000002838316,1.006819214139666,0.4469249248504638,0.2816595399663562,0.3427807490030924,0.4469249262696221,0.5888962121236891,0.200941563362167,42.25205793834868,0.3689198848747071,0.3689198877130236,4798.567551385789,65.96144739786784,4830.324462890625,,,,1e-06,65.96144739786784,0.2263753030981336,0.9346440576371692,6.964576721191406,4798.567679268973,0.0366485635084765,0.0366485629762922
136,train,0.5015120967741935,0.9387982641496966,0.4148263390506467,0.2651800506858415,0.2671515944023286,0.4148263393711018,0.5284823070690837,0.0971901702183869,16.198103838069464,0.3690714788052343,0.3690714858552461,4160.908623356973,24.59653228329074,4168.735515576501,,,,1e-06,,0.2202360064432185,0.9354233347600506,57.92108726501465,4160.9086231929,0.0399804632830363,0.0399804633030647
136,val,0.4625000002838316,1.0020415470713662,0.4433931310971578,0.2805137314966747,0.3422383992444901,0.4433931367737906,0.5815313245568957,0.1972106191374006,41.83347738356817,0.3713637718132564,0.3713637647174653,4608.84113420759,64.88556961786179,4631.849523555871,,,,1e-06,64.88556961786179,0.2309714392537162,0.9339636592637924,6.91478967666626,4608.841203962053,0.0454360127803825,0.0454360122481981
137,train,0.5016129032898975,0.9372143660501768,0.4145839202307885,0.2656009312598936,0.2672941538915839,0.4145839187887407,0.5276647746883413,0.0976044664620071,16.276939584362893,0.3689244895853022,0.3689244958341762,4124.686598972608,24.45019027238251,4128.18671435218,,,,1e-06,,0.2204615146081934,0.9353351695563203,57.22733020782471,4124.686596121839,0.0400334572399495,0.0400334572099069
137,val,0.4625000002838316,1.0067634667669023,0.4460655692077818,0.2807986431178592,0.3414920199485052,0.4460655692077818,0.5879794181812377,0.2024713893021856,42.61706788199289,0.3553117669764019,0.3553117769105093,4843.234979538691,66.44359334309895,4876.581713127367,,,,1e-06,66.44359334309895,0.229153098095031,0.9343838606561932,6.95947527885437,4843.235217866443,0.0410895169313464,0.0410895166652543
138,train,0.5011760752688172,0.937808853163514,0.4146667985666182,0.2651888769800945,0.2672083767992194,0.4146667995279835,0.5260755119304503,0.0963975781554816,16.3180098636176,0.3695315415820768,0.3695315513559567,4034.543491445562,24.488572325757755,4042.5568253231368,,,,1e-06,,0.2202069464550223,0.9353253479285908,57.50052881240845,4034.5434892305766,0.0401459959866378,0.0401459960767658
138,val,0.4625000002838316,1.0103830326171148,0.4461205488159543,0.2794614746457055,0.3384924020086016,0.4461205516542707,0.5901578522863842,0.2001247256994247,41.75297573634556,0.365718119201206,0.3657181305544717,4835.509742373512,66.18946711222331,4870.729020182292,,,,1e-06,66.18946711222331,0.2290220260620117,0.9343749824024382,6.9187726974487305,4835.509730747768,0.0439378596132709,0.0439378598793631
139,train,0.5012768817845211,0.9385981953913166,0.4150277050111883,0.2655746235802609,0.2683599680181472,0.4150277034890267,0.5258276824669171,0.0977703836616329,15.90014103151137,0.3694985962362699,0.3694986053692397,4124.623802431168,23.81511063473199,4132.711236500339,,,,1e-06,,0.2205171021082068,0.9352510613138958,58.48124814033508,4124.623462000201,0.0405311280140473,0.0405311279739904
139,val,0.4625000002838316,1.004416715531122,0.4455855857758295,0.2815613178979783,0.3429571659792037,0.4455855871949877,0.5856484763679051,0.1978716300356955,41.965888886224654,0.3691387545494806,0.3691387630644299,4730.157081240699,65.6345071338472,4763.075366950758,,,,1e-06,65.6345071338472,0.2279176782994043,0.934555627050854,6.924626350402832,4730.157040550595,0.040429787710309,0.0404297876216116
140,train,0.5017137098056014,0.9379831350618794,0.4146483100710376,0.2653429178140497,0.2697498425841331,0.4146483097505826,0.5253254655868776,0.0991240667719994,16.610799891974338,0.3696875219704002,0.3696875301420048,4125.220716558477,24.92807864886458,4132.815630466448,,,,1e-06,,0.220349433761771,0.935431331716558,57.75236082077026,4125.220726136238,0.0403929228483829,0.0403929229685535
140,val,0.4625000002838316,1.0037538721447898,0.4457729217552003,0.2824327690260751,0.3445845253410793,0.4457729231743585,0.5845209991648084,0.1987306805593627,41.79246502830868,0.3682864663146791,0.3682864748296283,4776.616786411831,65.95165434337798,4809.801296164773,,,,1e-06,65.95165434337798,0.2288590861218316,0.9342920212518602,6.863296985626221,4776.61669921875,0.0413694010958785,0.0413694010071811
141,train,0.5020497313109777,0.9393726228385844,0.4146242465383263,0.2648072951743679,0.2664587589040879,0.4146242487815119,0.5286426941553751,0.0961919528061664,16.050553711511757,0.3695259754375745,0.3695259834489515,4128.092592834145,23.923422959543043,4135.277993003768,,,,1e-06,,0.2205537687386236,0.9352459000643863,57.69292783737183,4128.092929840088,0.0400049193031204,0.0400049191529071
141,val,0.4625000002838316,1.0143595025652932,0.4480443738755725,0.2794865298838842,0.3367065162885757,0.4480443738755725,0.5951840295678094,0.1991194490165937,42.46477753775461,0.3720209527583349,0.3720209655307588,4871.044358026414,66.58245631626674,4908.444878965435,,,,1e-06,66.58245631626674,0.2255556576308749,0.9347378015518188,6.802621364593506,4871.044358026414,0.0349549889741908,0.0349549893289804
142,train,0.5020833332692424,0.934920048841866,0.4138494734001416,0.2659094130159706,0.2713692736241125,0.4138494749223032,0.5225821692616709,0.095187264724925,15.883414853003718,0.3695377744333718,0.3695377790799705,4083.321644075456,23.882860111933883,4090.770876612808,,,,1e-06,,0.2203775949535831,0.9355466673451084,57.37253761291504,4083.321647397933,0.0403137762419959,0.040313776292067
142,val,0.4625000002838316,1.0010054821059815,0.4446972565991537,0.282868036202022,0.3460393377712795,0.4446972495033627,0.5810995577346711,0.1973533413949467,41.89029157729376,0.3735236142362867,0.3735236213320777,4768.843697684152,65.95981216430664,4801.42255563447,,,,1e-06,65.95981216430664,0.2301556986002695,0.9339228385970706,7.111596822738648,4768.84380812872,0.0441123807714099,0.0441123806827125
143,train,0.5013104839030132,0.9354330866888004,0.4145025665401131,0.2668971335214953,0.2733645712335904,0.4145025649378376,0.5230421494011597,0.0969901897453813,16.48580619340302,0.3691474939546277,0.369147505010328,4172.240555096698,24.504361060357866,4178.120291620633,,,,1e-06,,0.2207163483385116,0.9352930547088704,58.06416010856629,4172.240551733202,0.0405780095807326,0.0405780096308037
143,val,0.4625000002838316,0.9974831200781322,0.4441768129666646,0.283792243826957,0.3490010570912134,0.44417680870919,0.5782898472888129,0.1976118307738077,42.30351112002418,0.3649659951527913,0.3649660036677405,4714.29670061384,65.68049349103656,4747.061122455019,,,,1e-06,65.68049349103656,0.2295795203674407,0.9341974826086136,6.866907835006714,4714.29670061384,0.0426678528033551,0.0426678522711708
144,train,0.5014784946557014,0.9380140083451424,0.4146723202479783,0.2651690602783234,0.2678258032087356,0.4146723190462717,0.5247104592541213,0.0941575359432928,15.912034534638927,0.3701228140502847,0.3701228201389313,4049.1135584923527,24.06782143090361,4056.423461379748,,,,1e-06,,0.2205686325668006,0.9352121929968557,57.8673529624939,4049.113561855849,0.0404813574847354,0.040481357194323
144,val,0.4625000002838316,1.0010600004877364,0.4443287182421911,0.2828279236952464,0.3470200420845122,0.4443287210805075,0.5801463623841604,0.198806657677605,42.259779884701686,0.3707429624739147,0.3707429738271804,4754.871448335193,65.89964021955218,4785.31426077178,,,,1e-06,65.89964021955218,0.2307157211360477,0.933815924894242,6.861650466918945,4754.871564592634,0.0441865129839806,0.0441865135161649
145,train,0.5014784946557014,0.9348972684914066,0.4144285332451584,0.2672378891097602,0.2750774944821993,0.4144285319232813,0.5251809339369496,0.0959900759200575,16.260396942015618,0.3692989979059465,0.3692990020718625,4113.765974762619,24.44658032027624,4121.8071806833805,,,,1e-06,,0.2208905170361201,0.935216897597877,58.47166299819946,4113.766317306026,0.0405772117577413,0.0405772117527341
145,val,0.4625000002838316,1.01327269417899,0.4457523099013737,0.2778654659078234,0.3347391599700564,0.4457523099013737,0.591538666969254,0.1976902899997575,41.95920099530901,0.374514653569176,0.3745146521500179,4781.454584030878,65.99158059983026,4814.806578480114,,,,1e-06,65.99158059983026,0.2292869985103607,0.933946961448306,6.876765727996826,4781.454642159598,0.043294719908209,0.0432947194647221
146,train,0.5017137098056014,0.9369161813169398,0.4142525423598546,0.265383198296511,0.2674233411108294,0.4142525434013336,0.5270814499066722,0.0946214917286109,16.064302908476964,0.3698416536533704,0.3698416584601966,4008.9115409851074,23.933614505234583,4016.219850194655,,,,1e-06,,0.2205949046759195,0.9353927649477476,57.61840748786926,4008.9112031587993,0.040297643311562,0.0402976431012634
146,val,0.4625000002838316,1.0150549071175712,0.4474493776048933,0.2783892828793752,0.3333605095034554,0.4474493747665768,0.5954913880143847,0.1993278587857882,42.19062178475516,0.3639973856153942,0.3639974026452927,4931.555768694197,67.03370139712379,4961.772530480587,,,,1e-06,67.03370139712379,0.2281417946020762,0.9341535312788828,6.967782974243164,4931.555739629836,0.0387422674823375,0.038742266240574
147,train,0.501747311763866,0.93004833482286,0.4131686598543198,0.2675609640696997,0.2796564384173321,0.4131686605753437,0.5187586318421108,0.0945700192323295,16.341779470443726,0.3689880528116739,0.3689880580991827,4050.0269720426168,24.640600424940867,4057.712959428267,,,,1e-06,,0.2212750681786127,0.9351187341956682,57.97692275047302,4050.026966915336,0.0403589346816623,0.0403589344613494
147,val,0.4625000002838316,0.996151756672632,0.4457263378869919,0.2857158872343245,0.3509484174705687,0.4457263364678338,0.5796144065402803,0.1984344919522603,42.94994871956961,0.3584464036283039,0.3584464178198859,4783.770920526414,66.07664435250419,4815.717730527936,,,,1e-06,66.07664435250419,0.2274972867398035,0.9342886833917528,6.804737329483032,4783.771060035342,0.0347542513516687,0.0347542515290634
148,train,0.5018481182795699,0.9317809074155746,0.4135067922774181,0.2671838386725353,0.2776473379263314,0.4135067913961667,0.5241897037673381,0.0937564290699458,15.960256317610382,0.3685333384301072,0.3685333458005741,4071.658323205928,23.994570606498307,4078.018023250079,,,,1e-06,,0.2215349416258514,0.9351502906891608,57.37321853637695,4071.657990732501,0.0399552095601315,0.039955209630231
148,val,0.4625000002838316,1.0116969148317974,0.4472449790863764,0.2796278517870676,0.3352550516525904,0.4472449847630092,0.5930120632762,0.19578460923263,41.70419102623349,0.3718060283433823,0.3718060255050659,4814.907441638765,66.16966574532645,4849.082630504261,,,,1e-06,66.16966574532645,0.2261426299810409,0.9345366670971824,6.898208618164063,4814.907639276414,0.03557926487355,0.0355792656718265
149,train,0.5012768817845211,0.932940469794376,0.4137437454955552,0.2666568051102341,0.2761726521997041,0.4137437438932798,0.5219031097267264,0.0964553340548469,16.33992943199732,0.3689369980686454,0.3689370038368368,4024.7061962825,24.400833509301627,4032.552945675834,,,,1e-06,,0.2206671997424095,0.9354103899771168,57.58534026145935,4024.7058589894286,0.0399217149743469,0.0399217151546029
149,val,0.4625000002838316,0.999001559757051,0.4450160350118364,0.2833224804628463,0.3471370339393616,0.4450160350118364,0.5814043801455271,0.1975620882142157,42.20479165940058,0.3607892436640603,0.3607892606939588,4823.983834402902,66.27354576474144,4853.985029000947,,,,1e-06,66.27354576474144,0.2292903583674203,0.9340662644022988,6.905200719833374,4823.983892531622,0.0393052950856231,0.0393052947308336
150,train,0.5018145161610778,0.9309338303983852,0.4134940223828439,0.2675692159482228,0.2795140546175741,0.41349402166182,0.520304817906631,0.0945394322957082,16.09389357156651,0.3688893274914834,0.3688893324585371,4114.4781274282805,24.2946302916414,4122.1181593153215,,,,1e-06,,0.2206050534882853,0.9354918778583567,57.6973512172699,4114.477785254037,0.0403460737277743,0.0403460733171912
150,val,0.4625000002838316,0.9927063584327698,0.4431256552537282,0.2852953275044759,0.353718251699493,0.4431256552537282,0.5735653631743931,0.1963748719011034,42.00150653294155,0.3653357298601241,0.3653357397942316,4665.869326636905,65.31731451125373,4690.710669685132,,,,1e-06,65.31731451125373,0.2308041148242496,0.9336669047673544,7.021832704544067,4665.869309198289,0.0441428009598028,0.0441428010485002
150,val_periodic_epoch_150,0.4625000002838316,0.9927063584327698,0.4431256552537282,0.2852953275044759,0.353718251699493,0.4431256552537282,0.5735653631743931,0.1963748719011034,42.00150653294155,0.3653357298601241,0.3653357397942316,4665.869326636905,65.31731451125373,4690.710669685132,,,,1e-06,,0.2308041148242496,0.9336669047673544,6.821139335632324,4665.869309198289,0.0441428009598028,0.0441428010485002
151,train,0.5018817205582896,0.932421995747474,0.4133671357106137,0.2671437405290142,0.2772770126660664,0.4133671348293622,0.5241972242071423,0.0926614423753112,15.697236950679493,0.3684732406049646,0.3684732506992996,4006.854663090039,23.426942074170675,4013.621173177905,,,,1e-06,,0.2208777298369715,0.9353240654673628,57.44449853897095,4006.8543253867856,0.0399699043482542,0.0399699043081973
151,val,0.4625000002838316,1.0065246451468697,0.4462726215521495,0.2814476922864005,0.3402983134701138,0.446272618713833,0.5875208328167597,0.1950454516779808,41.9064508165632,0.3696017520768301,0.369601764849254,4730.483898344494,65.69159771147228,4761.469019294507,,,,1e-06,65.69159771147228,0.226760412965502,0.9344217408271064,6.801783323287964,4730.483921595982,0.0373223723754996,0.0373223721981048
152,train,0.5020497313109777,0.9292265578944195,0.4130049763667968,0.2677080059243786,0.2806031664693227,0.4130049753253177,0.5199307832987078,0.093909435174478,15.927055784451063,0.3687327033089053,0.368732708275959,4066.430873911868,24.07061195886263,4074.753758512041,,,,1e-06,,0.2210289408923477,0.9352789678240336,58.02174782752991,4066.430541253859,0.0402569594162125,0.0402569598968951
152,val,0.4625000002838316,1.0049951644170851,0.4457042231446221,0.2813283552726109,0.3401925549620673,0.4457042245637803,0.5864649542740413,0.1936004921084358,41.92288144429525,0.3670305453595661,0.3670305467787243,4704.069399879092,65.5929191226051,4736.518809185606,,,,1e-06,65.5929191226051,0.2280462426798684,0.9339310867445808,6.981049299240112,4704.0693766276045,0.0377818479956615,0.0377818475521746
153,train,0.5020161290322581,0.9308454567386258,0.4133467085819731,0.267635639716861,0.28005282060113,0.4133467080612336,0.5185442823636276,0.093330915116014,16.056058222247707,0.3689161856328287,0.3689161878760143,4083.431583178941,24.10125159448193,4091.486792947788,,,,1e-06,,0.2209119515553597,0.9352366184034656,57.65595245361328,4083.431579979517,0.0403170241042971,0.0403170239440696
153,val,0.4625000002838316,1.017398865449996,0.4468827928815569,0.2771537240062441,0.3329242716232936,0.4468827914623987,0.5959056438434691,0.197083365704332,42.25939105805897,0.3717483424005054,0.3717483409813472,4902.432506742932,66.79910932268415,4936.714015151515,,,,1e-06,66.79910932268415,0.2272391184454872,0.9341703738485064,6.773489236831665,4902.432547433035,0.0388305574832927,0.0388305569511084
154,train,0.5026209678060265,0.9281350794017956,0.4125151407494339,0.2683857721026226,0.2834486457449133,0.4125151406292633,0.518648626503124,0.0933275713074591,16.204661248832622,0.3681434743827389,0.3681434838361637,4068.4612732343776,24.212448720009096,4076.112050189394,,,,1e-06,,0.2213640620791784,0.9351552240951088,57.814090967178345,4068.4612703631,0.0404155375435948,0.0404155372131255
154,val,0.4625000002838316,1.0039188123884657,0.4454121845109122,0.2816977976333527,0.3429706813324065,0.4454121816725958,0.5850994097334998,0.1960008520455587,42.25924473717099,0.3650765759604318,0.3650765858945392,4759.755301339285,65.87726048060826,4790.077021188447,,,,1e-06,65.87726048060826,0.2278488129377365,0.9340939067658924,6.875308990478516,4759.755237397693,0.0378135422333365,0.0378135418785469
155,train,0.5016129032898975,0.9280641389790402,0.413041523467469,0.2689204951447825,0.285835439880048,0.4130415229066725,0.5184490239668277,0.093850657824547,16.304382437018937,0.3684621277034923,0.3684621350739592,4194.746877362652,24.48557743462183,4202.121556219749,,,,1e-06,,0.2211333755203472,0.9352541646008852,57.61584258079529,4194.746536377937,0.040436084882947,0.040436084973075
155,val,0.4625000002838316,0.9966009571438744,0.4435081269059862,0.2829646248193014,0.3486367967866716,0.4435081283251444,0.5783821812697819,0.1944412340720494,41.79822876339867,0.3659665641330537,0.3659665840012686,4712.664248511905,65.51536051432292,4746.176451526989,,,,1e-06,65.51536051432292,0.2288367663111005,0.9342338329269771,6.829343318939209,4712.664167131697,0.0403644295320624,0.0403644298868519
156,train,0.5022177420636659,0.9272540216484376,0.4124014550639737,0.2682664943959123,0.2850707501813929,0.4124014541827222,0.5175497213839203,0.0921142834729404,16.064231595685406,0.3683051561476081,0.3683051641589852,4108.082518751903,24.43985624723537,4116.348606127601,,,,1e-06,,0.2217687030312835,0.9349486218985692,57.45043277740479,4108.082518751903,0.040249830692686,0.0402498306626434
156,val,0.4625000002838316,0.9900118708610536,0.4446179966131846,0.2879837815250669,0.3577575371378944,0.444617999451501,0.5733859120380311,0.1969404298634756,42.38997386750721,0.3590456928525652,0.3590456971100398,4803.257271902902,66.07715316045852,4834.994717684659,,,,1e-06,66.07715316045852,0.2278698973712467,0.9340444576172602,6.923138380050659,4803.25735328311,0.0355188920206966,0.0355188914885123
157,train,0.5022513440219305,0.9258261604975628,0.4120717270560162,0.2686621134960523,0.2858715430703214,0.4120717272162437,0.5134211084054362,0.0918865911862863,15.551422695959769,0.3684558480657557,0.36845585559645,4043.868216381278,23.34027619002968,4051.8364663686016,,,,1e-06,,0.2215409853285359,0.935192427968466,57.756916999816895,4043.868214043238,0.040514055399164,0.0405140552789934
157,val,0.4625000002838316,0.9794233157521204,0.4424416394460769,0.2903022311982654,0.3661241701671055,0.4424416479610261,0.564364649000622,0.1953783730665842,42.41948454720633,0.3525751531124115,0.3525751616273607,4703.9399181547615,65.55690238589332,4730.631313624526,,,,1e-06,65.55690238589332,0.2299365252256393,0.9339006826991126,6.983317613601685,4703.9400634765625,0.0368942389530794,0.0368942393965664
158,train,0.5011424731503251,0.9263353548062744,0.4124972366036907,0.2689420634540178,0.2885691795137621,0.4124972361230081,0.5152767709186,0.0926273510621119,16.076563209615728,0.368298755538079,0.3682987654721865,4091.7738366896106,24.33932183378486,4099.414328814677,,,,1e-06,,0.2211867787184253,0.9350482238236294,57.980958223342896,4091.773839130197,0.0403198509787519,0.040319850708368
158,val,0.4625000002838316,0.9972771548089528,0.4428070627507709,0.283207954395385,0.352644742954345,0.4428070599124545,0.5758375979605175,0.1950552396121479,42.02363468351818,0.371454914410909,0.3714549271833329,4791.633765811012,66.06379826863606,4824.826352391098,,,,1e-06,66.06379826863606,0.2303806117602757,0.9341663860139392,6.888985395431519,4791.633643740699,0.0468295881790774,0.0468295877355904
159,train,0.5017809140425856,0.9269136568551424,0.4125322618631906,0.2689515483635728,0.2877777932632354,0.4125322637859211,0.5146125225770858,0.091518311190509,15.481595282913537,0.3681872379715725,0.3681872488670452,3987.783240902808,23.416640327822776,3995.510971141263,,,,1e-06,,0.2210819747659468,0.935412089670858,57.43318915367127,3987.7829015178063,0.0404459785830269,0.0404459783026287
159,val,0.4625000002838316,1.0065554011435736,0.4452040238039834,0.2798134592317399,0.3403629390966324,0.4452040252231416,0.5874515182915188,0.1988492544208254,42.373622712634855,0.3625211020310719,0.3625211077077048,4900.482857840402,66.7955458504813,4937.366532019413,,,,1e-06,66.7955458504813,0.227802574634552,0.9340034269151234,6.968802213668823,4900.482666015625,0.0384176165042888,0.0384176157947097
160,train,0.5022177420636659,0.9255295322146468,0.412022139837024,0.2685882594156009,0.2871083790256131,0.4120221411989581,0.5154126962266301,0.0906596750181208,15.348757615653415,0.3687907721727125,0.3687907766590836,4020.1580118569,23.169780259491294,4028.201984896162,,,,1e-06,,0.221007694720581,0.9353841517561226,57.768030643463135,4020.158013374575,0.0404224834975696,0.0404224833373421
160,val,0.4625000002838316,1.002772643452599,0.444385643516268,0.282346520395506,0.3472323148023514,0.4443856506120591,0.5808402597904205,0.1954097020484152,42.21391741434733,0.3763243811471121,0.3763243839854285,4804.798188709077,66.20338494437081,4837.694639263731,,,,1e-06,66.20338494437081,0.2290321773006802,0.9336824388731092,7.02848219871521,4804.798293340774,0.0429997377629791,0.0429997378516764
161,train,0.5018817205582896,0.9243706604165416,0.4116810185293997,0.2683388910466625,0.2889953500801517,0.4116810176481483,0.5119947270760613,0.0920704521479145,16.197658808000625,0.3687098159264492,0.3687098247389639,4149.071945682649,24.1066174814778,4156.5010647654935,,,,1e-06,,0.2209997016095346,0.9351999359105224,57.991172790527344,4149.071949538365,0.0401091452047068,0.0401091452748064
161,val,0.4625000002838316,0.9897947793915158,0.4437029063701629,0.2867483851455507,0.3572432214305514,0.4437029092084794,0.5731412938662938,0.1943602221352713,42.13689468020485,0.3638207273823874,0.3638207429931277,4766.071358816965,65.85553468976703,4797.256612511837,,,,1e-06,65.85553468976703,0.2279173128661655,0.9342269585246132,7.026260614395142,4766.071196056548,0.0365613091382242,0.0365613078077634
162,train,0.5016129032898975,0.9231284603636752,0.4119187522158828,0.2704360567594087,0.2934521810822589,0.4119187518153139,0.5149155578385758,0.0916753528459418,16.117801417586623,0.3678078393461884,0.3678078491200683,4083.1626259998607,24.00795931457192,4090.929321391816,,,,1e-06,,0.2219156662142405,0.9350681801637014,59.13001203536987,4083.162619847124,0.0405273874120045,0.040527387522161
162,val,0.4625000002838316,0.9901689972196308,0.4419307978380294,0.2856237313577107,0.3595753234057199,0.4419308006763458,0.5699826975663503,0.1951219687859217,42.42306999933152,0.3681601981321971,0.3681602023896717,4756.022914341518,65.8424580891927,4786.364734256629,,,,1e-06,65.8424580891927,0.23016086433615,0.9340641470182508,6.9648802280426025,4756.023036411831,0.0441792397094624,0.0441792397094624
163,train,0.5023857528163541,0.9208068251609802,0.4111026088877391,0.270067853472566,0.2942280492955638,0.4111026052826194,0.512600991234023,0.0918987191692795,16.312385054044825,0.3681100296076908,0.3681100361770199,3999.803010530369,24.244081030609788,4007.67539800265,,,,1e-06,,0.2220550417419403,0.935047754356938,57.85284781455994,3999.8030048083233,0.0405155491905026,0.0405155491204031
163,val,0.4625000002838316,0.992997680391584,0.4440427394140334,0.2859170614253907,0.3557984545117333,0.4440427394140334,0.5751377294460932,0.1950286974509557,42.32564644586472,0.3617104760238102,0.3617104902153923,4913.6817626953125,66.81907435825893,4948.566551254735,,,,1e-06,66.81907435825893,0.2286952152138664,0.9340934242521014,7.041933059692383,4913.681722005208,0.0384387165485393,0.0384387163711445
164,train,0.5014112903386034,0.9227602515489824,0.4118307379464949,0.2704427994547351,0.2959045740545437,0.4118307365845608,0.5125687131558054,0.0925525576276804,16.130172562855545,0.3673880161136709,0.3673880231636827,4073.873630195536,24.176478934544388,4080.72133365721,,,,1e-06,,0.2219074925267568,0.9349928421358908,59.64642357826233,4073.872956757904,0.0403959627253233,0.0403959626452096
164,val,0.4625000002838316,0.9943112759363084,0.4418947668302627,0.2836595518248422,0.3555365332535335,0.4418947639919462,0.5728486840214048,0.1960343019593329,42.19824418567476,0.3712345532008579,0.3712345588774908,4770.69123186384,65.99231992449079,4798.642360617898,,,,1e-06,65.99231992449079,0.2308195921636763,0.9336654345194498,7.095022201538086,4770.69137718564,0.0442524923100357,0.0442524917778514
165,train,0.5020497313109777,0.9209412347565415,0.4109387883255558,0.26953988794678,0.295036373599883,0.4109387876846457,0.5105775926382311,0.0905021709359941,15.831166172540316,0.3682623105023497,0.3682623185137266,4119.796057629329,23.69214832141835,4127.707233118128,,,,1e-06,,0.2214584687063771,0.9352076970120912,57.81955790519714,4119.795726817141,0.0402679996344671,0.0402679995743818
165,val,0.4625000002838316,1.002004399186089,0.4447333755947295,0.2824407964944839,0.3460957734357743,0.4447333770138876,0.5820644604308265,0.1966524723739851,42.10555267333984,0.3729070410841987,0.3729070552757808,4828.464146205357,66.3226074945359,4856.535509883996,,,,1e-06,66.3226074945359,0.2283763069482076,0.9338213773000807,6.894809246063232,4828.464006696428,0.0385220862392868,0.0385220867714711
166,train,0.5018145161610778,0.9222972000478415,0.4112779321048849,0.2696151574773173,0.2956141077222363,0.4112779325855675,0.512106022527141,0.0911706903328498,16.170676862039873,0.3677505669734811,0.3677505761064509,4083.504169587166,24.072684405952373,4091.053714122837,,,,1e-06,,0.2215353795277175,0.9352180646952762,57.44125652313232,4083.504170325495,0.0401485304959038,0.0401485300352496
166,val,0.4625000002838316,0.982477789833432,0.4406255611351558,0.2883370234852745,0.3680160244305928,0.440625562554314,0.5625513870091665,0.1951377210872514,41.94751576014927,0.367019385099411,0.367019385099411,4749.600283668155,65.80203955514091,4776.658959221118,,,,1e-06,65.80203955514091,0.2316466101578303,0.933548751331511,6.912361145019531,4749.60027204241,0.0448641413379283,0.0448641416927178
167,train,0.5018481182795699,0.9190069437026978,0.4108263794933596,0.2705477564245142,0.2989088833652517,0.4108263816564313,0.5094627041810302,0.0916473786997538,15.661302858783351,0.3680338651262304,0.3680338747398827,4033.309092983123,23.65378389050884,4041.381662511344,,,,1e-06,,0.221250228824154,0.9352694179422112,57.26195502281189,4033.309094008579,0.0404028528800574,0.0404028526998014
167,val,0.4625000002838316,0.9873191402071998,0.4425437705857413,0.2873580626079014,0.3617805412837437,0.4425437734240577,0.5689256524755841,0.194883284114656,42.43474478948684,0.3681009511152903,0.3681009511152903,4737.46096656436,65.65056083315895,4769.915663470644,,,,1e-06,65.65056083315895,0.2279627798568634,0.9340706836609614,6.869124889373779,4737.460914248512,0.0387428617548374,0.0387428618435348
168,train,0.5023857528163541,0.919798081920993,0.4108354415624372,0.2703749293120958,0.2981932821773713,0.4108354393993654,0.5084846737163682,0.0903393409104757,15.198114115704772,0.3682038755186142,0.3682038824083984,3982.6738009709184,23.11249635552847,3990.066313402581,,,,1e-06,,0.2211020608102121,0.935290438193147,57.22961473464966,3982.673800273608,0.040381860298415,0.0403818600781021
168,val,0.4625000002838316,1.0035014748573303,0.4444158474604289,0.2807701237144924,0.3407635177884783,0.4444158446221125,0.5839918419009164,0.1952436098030635,42.05264536539713,0.3665176786127544,0.3665176842893873,4713.974196661086,65.62205796014695,4738.601454486269,,,,1e-06,65.62205796014695,0.227466535000574,0.9341941929998852,6.874861240386963,4713.974115280878,0.0359811624068589,0.0359811612537929
169,train,0.5018481182795699,0.922824909610133,0.4111043133081928,0.2698497603176742,0.2971626170860824,0.4111043125871689,0.5125826876009664,0.0913032071204275,16.24047388569001,0.368409798831068,0.3684098082844929,4226.565236163396,24.604031755078225,4235.231070377851,,,,1e-06,,0.2215082546876322,0.9350941206819268,57.71740460395813,4226.565228944184,0.0404094774776729,0.0404094775177298
169,val,0.4625000002838316,0.9924511597270056,0.4431635155564263,0.2848539040202186,0.3526473733640852,0.443163514137268,0.5745426813761393,0.1970659685986382,41.88916497003464,0.3587239668482825,0.3587239725249154,4747.495878673735,65.77674229939778,4776.435475852273,,,,1e-06,65.77674229939778,0.2281492976915268,0.9342547428040278,6.818312406539917,4747.495837983631,0.037271242943548,0.0372712431209428
170,train,0.5024529570533384,0.9175832691372082,0.4102186596681995,0.2705825648961528,0.2998970360845648,0.4102186595880857,0.5076933751503626,0.0931461253553949,15.943478963708364,0.3684149576771643,0.3684149660089964,4050.030209408012,24.00818340239986,4057.00436761002,,,,1e-06,,0.2217107138005636,0.9350952615020096,57.44084191322327,4050.030882066296,0.0406857773821841,0.0406857776725965
170,val,0.4625000002838316,0.9714213269097464,0.4403790689650036,0.2930838735330672,0.3786310042653765,0.44037907180332,0.5548683475880396,0.1954321595174925,42.03782008943104,0.3576413875534421,0.3576413960683913,4682.756022135417,65.32455771309989,4710.681402402935,,,,1e-06,65.32455771309989,0.23078829121022,0.9340338934035528,6.877123117446899,4682.755993071057,0.0407385989314033,0.0407385983105216
171,train,0.5022177420636659,0.9179550398101088,0.4103427754454715,0.2705626416430678,0.2998734319242098,0.4103427749647889,0.5077734251897181,0.0930546357506705,15.82130217808549,0.3683198228959114,0.3683198305868333,4105.3125347424575,23.81590593502085,4113.364119836056,,,,1e-06,,0.2219376016047693,0.9349579660482304,57.64310026168823,4105.312533881075,0.0403645727783441,0.0403645728784863
171,val,0.4625000002838316,0.989087110473996,0.4420080085595448,0.2863242434603827,0.3602238382611956,0.4420080057212284,0.5692870049249559,0.1968329080513545,41.77027375357492,0.368103353750138,0.3681033608459291,4794.581263950893,65.9749390738351,4824.979952355588,,,,1e-06,65.9749390738351,0.2297085800341197,0.9337174182846432,7.090259552001953,4794.58136858259,0.0436690295381205,0.0436690293607257
172,train,0.5027889785587146,0.9185018521803682,0.4103958529009613,0.2703618868704765,0.2990726744455675,0.410395852340165,0.51002609573545,0.0910245972254904,15.97197909508982,0.3687547164899046,0.3687547237001439,4112.654072382117,23.804085808415568,4119.399074423433,,,,1e-06,,0.221815594742375,0.9350992268131624,57.61630177497864,4112.654074576593,0.0406288804426308,0.0406288809333277
172,val,0.4625000002838316,0.9832226605642408,0.4420998649937765,0.2884689810730162,0.3640011080673763,0.4420998635746184,0.5663244284334636,0.1950259371882393,42.136210032871794,0.3609103035359156,0.360910306374232,4772.886236281622,65.85657101585751,4805.29091352983,,,,1e-06,65.85657101585751,0.2295934948183241,0.933992224080222,6.885598182678223,4772.8862072172615,0.0387843375404675,0.0387843378952571
173,train,0.5021841397849462,0.9191369686716346,0.4108363376349531,0.270859680669282,0.3002347656155145,0.410836338355977,0.5071609216511891,0.0924694397516789,15.48138532843641,0.367850558571918,0.3678505705889835,4113.511588147891,23.7188450239038,4121.410731583413,,,,1e-06,,0.2217079300072885,0.935095170172312,58.63386607170105,4113.511587778728,0.0403329523039921,0.0403329523140063
173,val,0.4625000002838316,0.9947308387075152,0.4420301531042371,0.2837102633147013,0.3548182277452378,0.4420301502659207,0.5732555169434774,0.1975850335189274,42.114642007010325,0.3694132325195131,0.3694132410344623,4806.793003627232,66.18272872198196,4831.6869214607,,,,1e-06,66.18272872198196,0.2311708182096481,0.9334964553515116,6.943885564804077,4806.792852492559,0.0439999415760948,0.0439999417534896
174,train,0.5017809140425856,0.9175341513849072,0.4106249613787538,0.2716257571372935,0.3045927807688713,0.4106249598565922,0.5066787898139928,0.0926655959337949,16.1544160432713,0.3684509125768497,0.3684509201075441,4063.126812268329,24.429381975563626,4069.3978942254575,,,,1e-06,,0.2219473559369323,0.9351103997999622,57.743732929229736,4063.1268118991647,0.0407583659154272,0.0407583659354557
174,val,0.4625000002838316,0.9951108410244895,0.4409155505044119,0.2842766245206197,0.359469541481563,0.4409155547618866,0.5694286149172556,0.1966587649214835,42.13099715823219,0.3830694825876327,0.3830694925217401,4844.696742466518,66.44878569103423,4873.803150153883,,,,1e-06,66.44878569103423,0.2323509390865053,0.933547332173302,7.009573221206665,4844.696759905134,0.0518650955387524,0.0518650956274498
175,train,0.5020161290322581,0.91528850825884,0.4100662194272523,0.2715841547776294,0.3049326893142474,0.4100662200681625,0.5056549208138579,0.092776990986319,16.082629388378514,0.3682324352764314,0.3682324429673533,4130.151038221134,24.337834168505925,4137.689807087805,,,,1e-06,,0.2220172369351951,0.9352139641520798,57.7801206111908,4130.151042733141,0.0405004095105874,0.0405004093603741
175,val,0.4625000002838316,0.9794248200598216,0.4407939073585328,0.2890249760377975,0.3680570735817864,0.4407939016819,0.5622970362504324,0.1951525065870512,42.01298404875256,0.3684005708921523,0.3684005836645762,4804.651320684524,65.99755114600772,4838.34579338305,,,,1e-06,65.99755114600772,0.2310184091329574,0.9336708755720228,7.016255140304565,4804.651384626116,0.041149395207564,0.0411493954736562
176,train,0.5023521505376344,0.91636474174197,0.4101828608301378,0.2713431477226237,0.3035142716541085,0.410182861471048,0.5060339360147394,0.0906352893479408,15.746292327039985,0.3682477310780556,0.368247741012163,4090.77813839656,23.55291077911213,4098.342750708584,,,,1e-06,,0.2221514456054215,0.9350801872950728,57.93357181549072,4090.777476156912,0.040402026176052,0.0404020260658956
176,val,0.4625000002838316,0.996896661463238,0.4418133185023353,0.2826112019164221,0.3527357202200663,0.4418133241789682,0.5742963389271781,0.1946563933576856,41.70884840829032,0.3798654320694151,0.3798654278119405,4742.575212751116,65.65082858857654,4775.818468868371,,,,1e-06,65.65082858857654,0.2312151356821968,0.9333392296518598,7.024672269821167,4742.575265066965,0.0445601223480133,0.0445601222593159
177,train,0.5014448925372093,0.9172700754096432,0.410443981728887,0.2711295201893776,0.303810764064071,0.4104439814084319,0.5078910868014058,0.0915804155851884,15.612835399566158,0.3679887114032622,0.3679887168509986,3992.539660464051,23.501334369823496,4000.006845657914,,,,1e-06,,0.222134874472695,0.9350578227350788,57.62461543083191,3992.539996198429,0.0403719995351087,0.0403719993448385
177,val,0.4625000002838316,0.9861410146667844,0.4420906390462603,0.2873448445683434,0.3625106158710661,0.4420906433037349,0.5676067556653704,0.1969397415717443,42.29993402390253,0.3612509738831293,0.3612509781406039,4819.176025390625,66.24192682902019,4848.6654296875,,,,1e-06,66.24192682902019,0.229331279084796,0.9342018451009478,6.840491771697998,4819.176031203497,0.0401460635697557,0.0401460626827819
178,train,0.502990591429895,0.9139951486741344,0.4091596062225039,0.2709028729668227,0.305243758024067,0.409159604460001,0.5043586957799171,0.0899557726037117,16.241294499366514,0.368110778671439,0.3681107902078218,3971.16449196108,24.014964759990733,3976.931524884259,,,,1e-06,,0.2221991708201746,0.9350807875074366,57.6203076839447,3971.164152329968,0.0401178692137041,0.0401178695441734
178,val,0.4625000002838316,0.987787820044018,0.4417559674807957,0.2862005411159424,0.3598738653319223,0.4417559717382703,0.5686259581929162,0.1985176780394145,42.199264163062686,0.3639906588054838,0.3639906616438003,4848.213826497396,66.32956859043666,4879.605496863162,,,,1e-06,66.32956859043666,0.2299029720681054,0.9339984002567472,6.912220001220703,4848.213855561756,0.041742814083894,0.0417428139064993
179,train,0.5016465054083896,0.9150168248402176,0.4099255714525459,0.2715383802530586,0.3055563207755806,0.4099255732150488,0.5040477323596195,0.0902825979295597,15.276772242720408,0.3677912131753019,0.367791221827589,4000.059463870141,23.150204191925702,4007.629753487841,,,,1e-06,,0.2221344051662311,0.9350863259325746,57.99666690826416,4000.059125305504,0.0405113624949609,0.0405113624949609
179,val,0.4625000002838316,0.9918005125863212,0.4414024835541135,0.2837236722310384,0.3547679427124205,0.4414024934882209,0.5717456078245526,0.1933025983827454,41.67361313956125,0.3686069321064722,0.3686069392022632,4704.858561197917,65.35883403959728,4734.891490589489,,,,1e-06,65.35883403959728,0.2299318760633468,0.9335592871620542,7.027533769607544,4704.858648390997,0.040066528267094,0.0400665285331862
180,train,0.5023857528163541,0.9163783061248,0.4096813700211945,0.270803267356529,0.3042634009353576,0.4096813690598293,0.5061878997391911,0.0903630759767306,15.11838811187334,0.3684214175708832,0.3684214270243081,3971.408215348439,22.68131787289856,3978.427810781973,,,,1e-06,,0.2220519784317221,0.9350654303386648,57.14498686790466,3971.408548621722,0.0405345111784915,0.0405345112485911
180,val,0.4625000002838316,0.9865596975599016,0.4420782356035141,0.2867126663525899,0.3595991709402629,0.442078234184356,0.5689731495721,0.1951067986942473,42.25227437700544,0.3651165380364373,0.3651165465513865,4747.161772228423,65.63566589355469,4775.953668027935,,,,1e-06,65.63566589355469,0.2288203856774739,0.9336183071136476,6.948556661605835,4747.161824544271,0.0358045495869148,0.0358045486999409
180,val_periodic_epoch_180,0.4625000002838316,0.9865596975599016,0.4420782356035141,0.2867126663525899,0.3595991709402629,0.442078234184356,0.5689731495721,0.1951067986942473,42.25227437700544,0.3651165380364373,0.3651165465513865,4747.161772228423,65.63566589355469,4775.953668027935,,,,1e-06,,0.2288203856774739,0.9336183071136476,6.824289560317993,4747.161824544271,0.0358045495869148,0.0358045486999409
181,train,0.5016129032898975,0.915160787842607,0.4100077180692585,0.2718741795228374,0.3078788405144086,0.4100077187101687,0.5062073371423188,0.0897595925877491,15.57938939268871,0.3678578418749635,0.3678578471624723,4037.321022115728,23.57768357697353,4044.935768307259,,,,1e-06,,0.2220327151558732,0.9351683127623732,57.41342520713806,4037.321022197764,0.0407464437647372,0.0407464438448509
181,val,0.4625000002838316,0.9885389265559968,0.4405735688550131,0.2846736453828357,0.3570733559983117,0.4405735731124878,0.568200062428202,0.1968915395083881,41.610320681617374,0.3663057202384585,0.3663057401066735,4757.4515380859375,65.71750822521392,4785.799050071023,,,,1e-06,65.71750822521392,0.2326260492915199,0.9333637328374952,7.128452062606812,4757.451572963169,0.042948219215586,0.0429482193929808
182,train,0.501982526913766,0.9148673392752166,0.4097655644660355,0.2717505671003813,0.3072456615746662,0.4097655631041014,0.5057801211312893,0.0917581444686298,15.192592833631782,0.3674589055840687,0.3674589135954457,3951.8279861942415,23.196848520668603,3959.673167393745,,,,1e-06,,0.222336177624041,0.935094835937664,57.40057134628296,3951.828317724248,0.040458745843861,0.0404587460842023
182,val,0.4625000002838316,0.9876739808491298,0.4409017619632539,0.2861343366759164,0.361631582180659,0.4409017619632539,0.5665623467592966,0.1987210632789702,42.07382956005278,0.3665428147429511,0.3665428246770586,4823.810634068081,66.2871208190918,4852.051574337122,,,,1e-06,66.2871208190918,0.2318537944839114,0.9333891783441816,6.88418173789978,4823.810657319568,0.0452638498196999,0.0452638501744894
183,train,0.5022177420636659,0.9156575236589678,0.4096842752669447,0.2709861404152326,0.3046724155385007,0.4096842735845555,0.5039315440802163,0.0895540145856718,15.665164060490106,0.3679376460852162,0.3679376545772758,4003.881983234037,23.273013058529106,4011.65709721729,,,,1e-06,,0.2219280212797144,0.9351731413795102,57.65246629714966,4003.881990863431,0.0405563208905439,0.0405563210407572
183,val,0.4625000002838316,0.982251769020444,0.4387830311343783,0.2871510436137517,0.3686460228193374,0.4387830297152201,0.5596828411022822,0.195137480539935,41.73883192879813,0.3756722453094664,0.3756722509860992,4598.066243489583,64.76545733497257,4622.335820608428,,,,1e-06,64.76545733497257,0.2338602372578212,0.9330900453385852,6.995940685272217,4598.066260928199,0.0461722135189033,0.0461722134302059
184,train,0.5017809140425856,0.9156002371862372,0.4100111879168018,0.2721899471456004,0.308436486669766,0.4100111843917959,0.505869788668489,0.090930703426561,15.863529602686564,0.367324744341194,0.3673247531537086,4110.421946863974,23.79759999244444,4118.344747256911,,,,1e-06,,0.2221689338805855,0.9350616970369892,57.83627653121948,4110.421951375982,0.0406786758572824,0.0406786756770264
184,val,0.4625000002838316,0.978053249063946,0.4400970737139384,0.2895437968628747,0.3715369460128602,0.4400970751330966,0.5595785372313999,0.196635806844348,42.40034820919945,0.3550754303023928,0.3550754345598675,4755.5128987630205,65.81448000953311,4785.765518465909,,,,1e-06,65.81448000953311,0.2309788983492624,0.9337985969725108,6.9953484535217285,4755.512910388765,0.0420978507470516,0.0420978506583543
185,train,0.5020161290322581,0.9167490407664288,0.4098322886613108,0.2708881651201555,0.3057841121028828,0.4098322877800592,0.508480406336246,0.0937078245064263,16.4728202742915,0.3678225749923337,0.3678225871696267,4119.126838930191,24.51553641596148,4125.923086332071,,,,1e-06,,0.2219312906425486,0.935094932715098,57.50673937797546,4119.126505903018,0.0405092264315293,0.0405092260009178
185,val,0.4625000002838316,0.992891061873663,0.4418373249825977,0.2848839369558152,0.3571779394433612,0.4418373235634395,0.570684647276288,0.1933252697899228,41.74540937514532,0.3778314845902579,0.3778314959435236,4717.162934802827,65.56482660202752,4745.367157907197,,,,1e-06,65.56482660202752,0.2295027055910655,0.9338910409382412,6.919227361679077,4717.16288248698,0.0416555715990918,0.0416555724860656
186,train,0.5025537635690422,0.9161897433060472,0.4093786083882855,0.2704699084322939,0.3050592963894208,0.4093786078274891,0.5050233668217095,0.0920451073957386,15.735815873710058,0.3680945229466243,0.3680945307977737,4236.175112283358,23.583420317660096,4243.832598322088,,,,1e-06,,0.2223357608722102,0.9349567050574928,57.41443753242493,4236.17511154503,0.0406093391119152,0.0406093391920289
186,val,0.4625000002838316,0.982818325360616,0.4391730498699915,0.2867217745099749,0.3691519782656715,0.4391730456125168,0.5614008264882224,0.1946886650153569,41.807202202933176,0.3706755396865663,0.3706755453631991,4802.194504510789,65.98839968726749,4835.927709221118,,,,1e-06,65.98839968726749,0.2326714183603014,0.9334855164800372,6.854658365249634,4802.194428943452,0.0484477806658971,0.0484477801337128
187,train,0.5022177420636659,0.9136559577077948,0.4092509739341274,0.2716041526166342,0.3070533530366036,0.4092509764176543,0.5066076876014791,0.090186322147968,15.388074705677647,0.3675254890995641,0.3675254937461627,3975.120792594007,23.36745393917125,3982.902647425591,,,,1e-06,,0.2223639853539005,0.9351550645084792,57.222923040390015,3975.120452019476,0.0407596601533793,0.0407596602635357
187,val,0.4625000002838316,0.9878291459310622,0.4397019602003552,0.2851241074857257,0.3637369729223705,0.4397019687153044,0.5647949356408346,0.1978631878183001,42.00585728599911,0.3625434821560269,0.3625435006050836,4861.104945591518,66.47564969744,4889.510808771307,,,,1e-06,66.47564969744,0.2340168349799655,0.933102480002812,6.836416721343994,4861.10495140439,0.0475463501754261,0.0475463505302156
188,train,0.5021841397849462,0.9175065073274796,0.4098019567869043,0.2705594482280875,0.3052529465927872,0.4098019563062217,0.5072302944878097,0.0889735491245344,16.07347975238677,0.368332760148151,0.3683327659163424,3993.5531575397777,23.97346095628636,4001.263926064848,,,,1e-06,,0.2221056472069473,0.9350478959980832,57.99717688560486,3993.5528241229313,0.0406913969825993,0.0406913968524144
188,val,0.4625000002838316,0.990989469346546,0.4400734404722849,0.2843329842601503,0.3626120104676201,0.4400734390531267,0.567075857094356,0.1946553932059379,41.99531664167132,0.377297424134754,0.3772974369071779,4871.320039295015,66.39255796160016,4909.447490530303,,,,1e-06,66.39255796160016,0.230947107786224,0.9340938868976776,6.8042590618133545,4871.320004417783,0.0484197141513938,0.0484197141513938
189,train,0.5023857528163541,0.9155030535754336,0.409439255233093,0.2708501599488719,0.3062692126759919,0.409439252429111,0.5059549951505277,0.0911933034257863,16.07951610062712,0.3678718274959954,0.3678718356675999,4155.587520763438,24.0135474769018,4163.228245857829,,,,1e-06,,0.2224847298636231,0.9350029489686412,57.6014142036438,4155.587182075747,0.0406219312941194,0.0406219314343185
189,val,0.4625000002838316,0.98722277368818,0.4417355983030228,0.2857397787627719,0.3572982790924254,0.4417355954647064,0.5694687990915208,0.1964637835820516,42.27784810747419,0.3585876964387439,0.3585877006962186,4764.243024553572,65.80941699800037,4795.043704131155,,,,1e-06,65.80941699800037,0.2303487999098641,0.9334961034002758,6.858558893203735,4764.243111746652,0.0373524209218365,0.0373524202122574
190,train,0.5024193547746186,0.9139765174158158,0.4090945705450991,0.2711496506166714,0.3085122560301134,0.4090945704649853,0.5045834816591714,0.0911878782014052,15.800854803413474,0.3679414787279662,0.3679414873802534,3974.662225333593,23.76711397786294,3981.666049492319,,,,1e-06,,0.2223938001740363,0.9350475072860718,57.41368055343628,3974.6625639802655,0.0406084755655898,0.0406084758960591
190,val,0.4625000002838316,0.9772309973126366,0.4398733604521978,0.2890396018822987,0.3716640188580468,0.439873361871356,0.5600064474911917,0.1943946047907783,41.91490872701009,0.3614110308034079,0.361411037899199,4715.074858165923,65.43654687064034,4746.616354462594,,,,1e-06,65.43654687064034,0.2307985254696437,0.9334964865729922,6.8869383335113525,4715.075055803572,0.0398357246248495,0.0398357242700599
191,train,0.5018145161610778,0.9158176847042576,0.4096176169251883,0.2710738621892468,0.3069121217535388,0.4096176154030266,0.5049778733763003,0.0915383675926795,15.44275834227121,0.3676015777933982,0.3676015875672781,4063.381039281045,23.542934766379737,4071.054262124007,,,,1e-06,,0.2224982468992151,0.9350501558473032,57.19561243057251,4063.3810428906513,0.040765754337753,0.0407657548985494
191,val,0.4625000002838316,0.9912688646997724,0.4420505847249712,0.2842276153110322,0.3556584708747409,0.4420505889824458,0.5728034036500114,0.1949054318524542,41.77849161057245,0.3638113708723159,0.363811377968107,4810.387073335193,66.0244760059175,4843.852512428977,,,,1e-06,66.0244760059175,0.2292114510422661,0.9336699360892886,7.157534599304199,4810.387067522322,0.0388979718443893,0.0388979720217841
192,train,0.5024193547746186,0.9141154250790996,0.4090461515851559,0.2711295475882868,0.3075786746477568,0.4090461512246439,0.5026691038041345,0.0917676603721995,15.654529230569,0.3681635749275966,0.3681635813366982,4021.0925836665656,23.391708917515253,4027.8946792345655,,,,1e-06,,0.2225036963980685,0.934883180805432,57.51654100418091,4021.0925841177664,0.0410070484904672,0.0410070485104956
192,val,0.4625000002838316,0.981479769661313,0.4405817914576757,0.2881358393601009,0.3669425419398716,0.4405817872002011,0.5630286782979965,0.193147911911919,41.882154192243306,0.36503495488848,0.3650349591459547,4737.599074590774,65.57960764567058,4774.747527521306,,,,1e-06,65.57960764567058,0.2298869880891981,0.9339734798385984,6.771259307861328,4737.599039713542,0.0411934614891097,0.0411934617552019
193,train,0.5021841397849462,0.9143007953641236,0.4093187909613373,0.2714885699973312,0.3088664408492785,0.4093187915221337,0.5032856997142556,0.0915202986929685,15.394327338023851,0.3682295340363697,0.3682295409261539,3985.586689774708,23.48943827741889,3993.459431308528,,,,1e-06,,0.2224261997848428,0.9350485596605528,57.49670886993408,3985.586686370193,0.0409137748021592,0.0409137749323441
193,val,0.4625000002838316,0.9895538375491189,0.4417209114347185,0.2852644927444912,0.3567464954796291,0.4417209114347185,0.5702034916196551,0.1946203843468711,41.78737195332845,0.36288178392819,0.3628817896048228,4759.855904715402,65.7479613167899,4790.470185250947,,,,1e-06,65.7479613167899,0.2296540375266756,0.9334881532759892,6.843084335327148,4759.855922154018,0.0398422091134956,0.0398422093795878
194,train,0.5027889785587146,0.9187814016495982,0.4089749156627604,0.2710166436529929,0.3094912859541113,0.4089749155826466,0.5075387902237395,0.0932103328767322,16.241862166312433,0.3675229435646406,0.3675229491726045,4255.634705656318,24.09694558830672,4263.818630683462,,,,1e-06,,0.2229730629472322,0.934919011528774,57.40841770172119,4255.635036673597,0.0403597918789713,0.0403597920091562
194,val,0.4625000002838316,0.9795278310775756,0.4399199939909435,0.2885824158078148,0.3690502288795653,0.4399199883143107,0.5605364690224329,0.1946077396472295,41.49053918747675,0.3641914966560545,0.3641915037518456,4716.876023065476,65.45091683523995,4744.189194187973,,,,1e-06,65.45091683523995,0.2318992061274392,0.933413321063632,6.870357275009155,4716.875895182292,0.0427718041908173,0.0427718044569095
195,train,0.5017809140425856,0.9121524726831785,0.409023624434266,0.2719524139838834,0.3127743506463625,0.4090236233126733,0.5018780881999642,0.0915939361057294,15.603996338382844,0.3674328021144354,0.3674328083633095,4011.9721503719206,23.54834903183804,4019.151994411071,,,,1e-06,,0.2231878372289801,0.9349219943246534,57.54557418823242,4011.972152053669,0.0408464739479685,0.0408464740981818
195,val,0.4625000002838316,0.9779383057639712,0.4396973025231134,0.2892448611202694,0.3719880807967413,0.439697306780588,0.5590479785487765,0.1951012313365936,41.92387399219332,0.3642236505235944,0.3642236632960183,4758.136887323289,65.68936375209263,4788.124544270833,,,,1e-06,65.68936375209263,0.2317831807193301,0.9335087566148668,6.942856550216675,4758.1367420014885,0.0436103268570843,0.0436103260588078
196,train,0.5016465054083896,0.9122706574778404,0.4089227812264555,0.2720319845022694,0.3129198761076056,0.4089227806656591,0.5006768722687999,0.0910228593174808,15.668992614233366,0.3678685046972767,0.3678685103052406,4100.606222050164,23.62628754749093,4106.602681827224,,,,1e-06,,0.2232142897543086,0.9347371311597926,57.19680118560791,4100.605891463577,0.0409351968637076,0.0409351971941769
196,val,0.4625000002838316,0.9859337863467988,0.4409702448617844,0.2861260736272448,0.3620322133813585,0.440970242023468,0.5669774356342497,0.1958523193995157,41.672759555635,0.3635482348146893,0.3635482390721639,4772.732305617559,65.8000130426316,4809.093347537879,,,,1e-06,65.8000130426316,0.2304407422031675,0.933665482770829,6.867213726043701,4772.732381184896,0.0400260887330486,0.0400260889104434
197,train,0.5021841397849462,0.9157095718127424,0.4095249122349165,0.2713050642801869,0.3081013341584513,0.4095249108729824,0.5039127437818435,0.0912365938226382,16.02915036293768,0.3674942197338227,0.3674942256622417,4108.156881763089,23.82275423952328,4115.596004724985,,,,1e-06,,0.2229218734528428,0.9350044208188212,56.89435911178589,4108.156537743025,0.0408838101492453,0.0408838100290747
197,val,0.4625000002838316,0.9765185600235348,0.4408302661918458,0.2901703608887536,0.3705125025340489,0.4408302676110041,0.5606892137300401,0.19476299342655,42.50234712873186,0.3556743675754183,0.3556743746712094,4761.6007893880205,65.89577302478608,4789.229450757576,,,,1e-06,65.89577302478608,0.2303461255062194,0.9335970821834746,6.813968181610107,4761.60064406622,0.0361218190796318,0.0361218181039605
198,train,0.501982526913766,0.9136937497764506,0.4091724459362286,0.2720286456407398,0.3123031180071574,0.4091724476186178,0.5058404712547218,0.0922503426911369,15.67400098616077,0.3675931719362095,0.3675931817100894,3976.833187349381,23.51669419709072,3979.398088921441,,,,1e-06,,0.223010695589486,0.9349623662169262,57.41729116439819,3976.83352353496,0.0409540789682538,0.0409540790383533
198,val,0.4625000002838316,0.970775354476202,0.4394386992568061,0.2919053946222578,0.3779052056017376,0.439438704933439,0.5547269405353636,0.1940374984627678,41.66120075044178,0.3606692694482349,0.3606692708673931,4682.508713495164,65.22132310413178,4714.727722537878,,,,1e-06,65.22132310413178,0.2309040086609976,0.9336476922035216,6.902542591094971,4682.508899507068,0.039770261340198,0.0397702616949876
199,train,0.5014448925372093,0.912976159523892,0.4091928666157107,0.2721494274434223,0.3138303788759375,0.4091928666157107,0.5036513435263787,0.0905100743897179,15.655272819662606,0.3677875306657565,0.3677875442850974,4054.653688533332,23.61502362323064,4062.348409263534,,,,1e-06,,0.223238614377796,0.93480579987649,58.32718467712402,4054.653689558788,0.041046885613312,0.0410468859037244
199,val,0.4625000002838316,0.984954907780602,0.4387647722448621,0.2863516019923346,0.3690370250315893,0.4387647694065457,0.5608028052818208,0.1947869239818482,42.036100569225496,0.3761249000117892,0.3761249042692638,4740.350405738467,65.6796048482259,4772.571039003315,,,,1e-06,65.6796048482259,0.2335939904054006,0.933264156182607,6.809617757797241,4740.350492931548,0.0484677356268678,0.0484677372234208
200,train,0.5024193547746186,0.912240075968927,0.4084555782297606,0.2712115122265713,0.3102658149856393,0.4084555774286229,0.5006854478870669,0.0909451555100179,15.408112792558567,0.3675968100627263,0.3675968177536482,4041.677571327456,23.08441211331275,4049.7089339131057,,,,1e-06,,0.2228485403522368,0.935097126871027,57.62257051467896,4041.677234936786,0.0405346860368085,0.0405346858765809
200,val,0.46250000028383165,0.9864489010402134,0.4411926099232265,0.2858876834313075,0.3598022737673351,0.4411926127615429,0.5677776081221444,0.19831356264296032,41.94257418314616,0.356374591588974,0.35637459868476506,4779.290166945684,65.95133445376442,4811.335640092329,,,,1e-06,65.95133445376442,0.23051529342219942,0.9334048486891247,7.001123905181885,4779.290114629836,0.03901787598927816,0.03901787607797554
