epoch,phase,bucket_acc,bucket_ce,bucket_distance_l1,bucket_entropy,bucket_expectation_l1,bucket_index_l1,bucket_prior_kl,calorie_from_map_l1,calorie_mae,calorie_map,calorie_map_l1,calorie_mse,calorie_rmse,loss,loss_contrast,loss_reconstruction,loss_total,lr,scheduler_metric,segmentation,segmentation_dice,time_sec,total_calories,volume,volume_mae
1,selfsup,,,,,,,,,,,,,,,2.109526546091162,0.3051442100956876,2.262098655905775,,,,,,,,
2,selfsup,,,,,,,,,,,,,,,0.9503223891219784,0.2391002321595786,1.0698725046009143,,,,,,,,
3,selfsup,,,,,,,,,,,,,,,0.5597883081564339,0.2295926054639201,0.674584611929873,,,,,,,,
4,selfsup,,,,,,,,,,,,,,,0.4003154488020046,0.2108938804557246,0.5057623897508908,,,,,,,,
5,selfsup,,,,,,,,,,,,,,,0.3495039621828705,0.1975664860538898,0.4482872051897869,,,,,,,,
6,selfsup,,,,,,,,,,,,,,,0.3080551557002529,0.1843407588700453,0.4002255355158159,,,,,,,,
7,selfsup,,,,,,,,,,,,,,,0.2695765669948311,0.1835660930442553,0.3613596145984947,,,,,,,,
8,selfsup,,,,,,,,,,,,,,,0.2490588300811347,0.172006229359296,0.3350619458222902,,,,,,,,
9,selfsup,,,,,,,,,,,,,,,0.2236469146064532,0.1606661433013536,0.3039799868579834,,,,,,,,
10,selfsup,,,,,,,,,,,,,,,0.2067396369191908,0.1529131584189912,0.2831962166293975,,,,,,,,
11,selfsup,,,,,,,,,,,,,,,0.2032506696639522,0.1518292528006338,0.2791652959841554,,,,,,,,
12,selfsup,,,,,,,,,,,,,,,0.1907642487716931,0.1438113267543495,0.2626699126696074,,,,,,,,
13,selfsup,,,,,,,,,,,,,,,0.1825672334400556,0.1386450151762654,0.2518897413887003,,,,,,,,
14,selfsup,,,,,,,,,,,,,,,0.1843473085713002,0.1369326779598831,0.2528136477515261,,,,,,,,
15,selfsup,,,,,,,,,,,,,,,0.1815577824750254,0.1267713827471579,0.2449434742091163,,,,,,,,
16,selfsup,,,,,,,,,,,,,,,0.1712165504533757,0.1312067476652001,0.236819924926886,,,,,,,,
17,selfsup,,,,,,,,,,,,,,,0.1669989924437256,0.1263540539369788,0.2301760198928976,,,,,,,,
18,selfsup,,,,,,,,,,,,,,,0.1655226860956479,0.128555026145712,0.2298002001098407,,,,,,,,
19,selfsup,,,,,,,,,,,,,,,0.1564920917954496,0.1275768712643654,0.2202805278282011,,,,,,,,
20,selfsup,,,,,,,,,,,,,,,0.1537828753071446,0.115170418855644,0.2113680849953364,,,,,,,,
1,train,0.5320564516449487,0.6169741767388518,0.4167732088476099,0.5871012332618878,2.329623000275704,0.4167732075657895,0.1034978033013401,0.779223023563303,117.43689292989752,0.2470094497886396,0.2470094526727353,29466.525779149863,154.66180581943962,0.5974346595781821,,,,0.0001,,0.558803935845693,0.7963720266857455,70.83007860183716,0.2261099364928981,0.0863516914347807,0.0863516912344963
1,val,0.5511904756228129,0.5855106243065425,0.3631113242535364,0.4874695369175502,1.5685607819330123,0.3631113278014319,0.1228178386532125,0.4344291914077032,109.96694837297711,0.3376088795207795,0.3376088880357288,21005.242838541668,140.89740135556175,0.473184074416305,,,,0.0001,140.89740135556175,0.4409016285623823,0.86996686174756,8.034752368927002,0.1958621463605336,0.1124668114242099,0.1124668139077368
2,train,0.4993951613063453,0.8722456991672516,0.420380028185024,0.3489722885111326,0.7038094361302674,0.4203800278645689,0.4065112488804966,0.4649448900293278,92.44325221482144,0.3002644299819905,0.3002644327058587,21731.622477213543,129.019588798605,0.5491968595620358,,,,0.0001,,0.3794393715679005,0.8919418101669639,67.45902228355408,0.1588654274781865,0.0956817691524823,0.0956817693928236
2,val,0.5511904756228129,0.8004376320611863,0.3855578345911843,0.3237164375327882,0.6211084680897849,0.3855578388486589,0.3505447187594005,0.3982908534152167,88.17070897420247,0.2893913771424974,0.2893913884957631,15679.787190755207,118.16011229015533,0.4958537950660243,,,,0.0001,118.16011229015533,0.3701524649347578,0.8861623605092367,8.537782192230225,0.1417475902431068,0.0961347562926156,0.0961347545186678
3,train,0.4995967742576394,0.9305603871101974,0.4223709524639191,0.3052773022203035,0.5430000472453332,0.4223709531048292,0.4757901597968352,0.4343777274893176,87.88923181513304,0.3530098273549029,0.353009838090148,19882.06186733451,121.85958878711988,0.641557635442175,,,,0.0001,,0.3508252200259957,0.903614204737448,67.95785212516785,0.1438409228438651,0.0931155347936256,0.0931155343930567
3,val,0.5511904756228129,0.970183131240663,0.4002000221184322,0.2471425795838946,0.442619400365012,0.4002000192801158,0.4954594834929421,0.3943668660663423,82.4973631359282,0.3580226103464762,0.3580226160231091,15181.285574776786,114.37245814005534,0.6089860968517534,,,,0.0001,114.37245814005534,0.3396627477237156,0.8976373615719023,8.104146718978882,0.1340518830610173,0.0760724083298728,0.0760724085072676
4,train,0.5004032257423606,0.9425577021414234,0.4216364331303104,0.2958095853206932,0.5064544671325273,0.4216364319286039,0.4897079693293699,0.3999874575003501,83.54303915782641,0.3756611887165295,0.375661196567679,18730.99664766045,116.38207449964298,0.7391170319483337,,,,0.0001,,0.3270674346275227,0.9116885168578036,68.46608257293701,0.1336098191057962,0.0941862641403111,0.0941862636195716
4,val,0.5511904756228129,0.8216232018811362,0.375449096872693,0.28792314799059,0.4969850877920787,0.3754491004205885,0.3809672317334583,0.3292670136406308,74.44609160650344,0.3539336096672785,0.3539336139247531,12274.998721168156,103.77657808576312,0.6573561039837924,,,,0.0001,103.77657808576312,0.3366738359133402,0.904589471362886,7.89783787727356,0.1130723798913615,0.0954834627253668,0.0954834613062086
5,train,0.5005376345367842,0.9454548916509076,0.4213885082512773,0.2908925499005984,0.4879764802353356,0.4213885093728701,0.4984962086603847,0.3904927305636867,82.27929443441411,0.3913598663063459,0.3913598727154475,18195.99798387097,114.93905711430376,0.8476031343944948,,,,0.0001,,0.3231857821185102,0.911812937387856,67.4483814239502,0.1305982368767902,0.0944903540595244,0.0944903540194675
5,val,0.5511904756228129,0.7876392461004711,0.3695339120569683,0.2960316212404342,0.5283711850643158,0.3695339092186519,0.3601310941435042,0.3216581018198104,71.29933747791108,0.4125266529264904,0.4125266600222814,11561.807896205357,100.5960339137486,0.7545141799883409,,,,0.0001,100.5960339137486,0.3458276703244164,0.9040487153189524,7.940200090408325,0.1060235952692372,0.0964483565517834,0.0964483551326252
6,train,0.5002016130314079,0.9476870620442976,0.4214978360681123,0.2880860429297211,0.4688420914994773,0.4214978353470884,0.5036827365477239,0.3611760201954072,79.10462896285519,0.4102620081875914,0.4102620161989683,17234.187048471103,111.42482663226384,0.8223375924508579,,,,0.0001,,0.3162651541092062,0.9126088676914093,68.03861165046692,0.1221173155492031,0.0956898273960236,0.0956898275562512
6,val,0.5511904756228129,0.7979186489468529,0.3700246314207713,0.2904987292630331,0.5314422987756275,0.3700246314207713,0.367788950247424,0.3865399041346141,78.45245470319476,0.4300751359689803,0.4300751558371952,12616.828566778271,106.89439864385696,0.7885856765689272,,,,0.0001,106.89439864385696,0.327479179416384,0.9090229074160258,7.838362693786621,0.1152751791690077,0.0988132173106784,0.098813215181941
7,train,0.5004032257423606,0.9481468865627884,0.4206640466406781,0.2864460899464546,0.4656976972536374,0.4206640439969237,0.5051651967549196,0.3602432739189876,77.63318824768066,0.4174404658617512,0.4174404716299426,16786.49673954133,107.52083349740631,0.8161339055006753,,,,0.0001,,0.3069438972780781,0.9174756465419648,67.33065843582153,0.1173998968355277,0.096146906896304,0.0961469069363609
7,val,0.5511904756228129,0.8434012007145655,0.3865826115721748,0.2893031182743254,0.4811214918182009,0.3865826186679658,0.4063417918625332,0.3423414755435217,83.08085232689267,0.4174135015124366,0.4174135128657023,13835.208530970982,113.67977723621186,0.7841299132867293,,,,0.0001,113.67977723621186,0.3070284241721743,0.912512061141786,8.341521978378296,0.1268645883316085,0.1042895239023935,0.1042895228380248
8,train,0.5006048387737685,0.942610802349224,0.4197990944789302,0.284627333764107,0.452248340652835,0.419799092796541,0.5039720864946483,0.342691906076926,76.38894142643097,0.4186300620917351,0.4186300699428845,16499.530357442876,106.64494674436509,0.8001334772366867,,,,0.0001,,0.299935675276223,0.9185243338666936,67.04959630966187,0.114705900331178,0.0956857896620227,0.0956857902228191
8,val,0.5511904756228129,0.9003559805098034,0.3864047867911203,0.2556824584801991,0.3991718732175373,0.3864047740186964,0.4535391490374292,0.3361985151256834,72.55389186314174,0.4187967890784854,0.4187968103658585,12338.475597563243,100.53232992263068,0.7554896379962112,,,,0.0001,100.53232992263068,0.3138715071337564,0.9100745944749742,7.968033075332642,0.1082327395145382,0.0865153173605601,0.0865153187797183
9,train,0.5004032257423606,0.9504954415944314,0.4203418953123913,0.2812739067500637,0.4329867647379957,0.4203418983567145,0.5107416353533946,0.3318085302748987,73.55591107440252,0.4244310980842959,0.4244311067365831,15683.83729799332,104.02099238159836,0.7856341526965902,,,,0.0001,,0.2971393166370289,0.9193682443070156,67.72582578659058,0.1082350972098528,0.0955124327572443,0.0955124325569598
9,val,0.5511904756228129,0.7728710344859532,0.3664291692631585,0.2968980088120415,0.5281498801140558,0.3664291699727376,0.3551983503358705,0.3030662359226317,67.25523594447544,0.3927973395302182,0.3927973593984331,10176.533331008184,95.45158586047944,0.7293687202713707,,,,0.0001,95.45158586047944,0.3135765365191868,0.9149685076304844,8.125228881835938,0.0963329632012617,0.0943224962268556,0.0943224948076974
10,train,0.4995967742576394,0.9511933776960578,0.4200456474897682,0.2786007657326678,0.4236634062022291,0.420045648931816,0.516432169524412,0.3300616697117846,71.74523417154948,0.4289970340267304,0.428997044281293,15442.288894489247,101.45952495451895,0.777784198060983,,,,0.0001,,0.2937546915584995,0.9203562566670038,66.76319789886475,0.1044221621367239,0.0952965534662687,0.095296553025643
10,val,0.5511904756228129,0.8352834255922408,0.3702870451268695,0.269149559594336,0.4613093535105387,0.3702870493843442,0.3985746243879908,0.3191034744183222,72.94748106456939,0.4233444687866029,0.4233444744632357,12636.339634486609,105.93625822521392,0.748609595226519,,,,0.0001,105.93625822521392,0.3102019301482609,0.9134302309581211,8.150052309036255,0.1121468657539004,0.1009098039496512,0.1009098011113348
11,train,0.4997983871288197,0.9525572831432024,0.4194905274417451,0.2780715393763716,0.4223521116279786,0.4194905267207212,0.5146870864379991,0.3197882954952537,71.08134394820019,0.4344168952716294,0.4344169048852818,14975.315543226016,100.50755931485084,0.7715806159106168,,,,0.0001,,0.2890867661404353,0.9202882903878408,68.5280818939209,0.1024878899496729,0.0963203385472297,0.0963203385071728
11,val,0.5511904756228129,0.785947669120062,0.3628265502906981,0.2813127686580022,0.5125849332128253,0.3628265559673309,0.3658968987209456,0.3011850345702398,63.478282565162296,0.4456035622528621,0.445603582121077,9769.594505673364,91.44859023321244,0.7193984338731477,,,,0.0001,91.44859023321244,0.3187065039362226,0.9114267996379308,7.989974498748779,0.0886056832082214,0.0954889530936877,0.0954889516745294
12,train,0.4995631720590335,0.9504171715628716,0.4190310981645379,0.2783496367034092,0.4129490043206881,0.4190310972031726,0.5091159294048945,0.3119681474342141,69.35738602504935,0.4545997139266742,0.4545997245016918,14322.871744135377,97.28521115292784,0.7580422587667651,,,,0.0001,,0.2908644642560712,0.921694795611084,69.7930417060852,0.0963637230977896,0.0962326795022974,0.0962326794622406
12,val,0.5526785708609081,0.8382347155184973,0.3735042640141078,0.2663267701864242,0.4237923835005079,0.3735042597566332,0.4095114859796706,0.2856801258666174,62.15089416503906,0.3986304970014663,0.398630515450523,9483.891898018974,90.78377823602584,0.6986783901850383,,,,0.0001,90.78377823602584,0.2981092631816864,0.916233315354302,7.928595066070557,0.0866799620645386,0.0902842230030468,0.0902842214064938
13,train,0.5008064516449487,0.9429494927647292,0.4173355860415325,0.278322345787479,0.407538953487591,0.4173355858011912,0.5062180923558371,0.2904484558009332,66.95943938019455,0.424130531568681,0.4241305358948246,13814.704273511004,94.42818493996896,0.7412695663545268,,,,0.0001,,0.2802458591358636,0.9231512620243976,67.34684085845947,0.091359453426013,0.0963278430443938,0.0963278432046213
13,val,0.5511904756228129,0.9375123920894805,0.3880743093433834,0.22784347761245,0.3479923215650377,0.3880743107625416,0.5087912515515373,0.3589336361203875,67.81562405540829,0.4086994003681909,0.4086994032065074,11409.20501999628,99.1937145051502,0.7502121495478081,,,,0.0001,99.1937145051502,0.286729199545724,0.9184267492521376,8.167116165161133,0.1011997545581488,0.0792457099471773,0.0792457117211251
14,train,0.5007056452894724,0.9448173529999232,0.4173694885065478,0.2738043370266114,0.3889038573189448,0.4173694874650688,0.5133670181516679,0.2909331609725311,62.77196561136553,0.4258636330725044,0.4258636401225162,12955.390616468205,90.04433590878722,0.7270032594902347,,,,0.0001,,0.2740811607850495,0.925192186588882,68.28733491897583,0.0825126151784613,0.0962518091083213,0.0962518092685489
14,val,0.5511904756228129,0.8492116828759512,0.3694934518564315,0.2530329156489599,0.4027871872697557,0.3694934490181151,0.4221974121672766,0.3019035238595235,60.15396381559826,0.4844079258896056,0.4844079344045548,8829.401181175595,87.1354221162342,0.6945166710651283,,,,0.0001,87.1354221162342,0.2891194167591276,0.9193333642823356,8.111722707748413,0.0812033822405196,0.0930510078157697,0.0930510074609801
15,train,0.4995631720590335,0.9510497801726864,0.4181382830344861,0.2747799679636955,0.3963820053845323,0.4181382858384681,0.5227868358694738,0.2975671407916853,64.2114736905662,0.4369538793320296,0.4369538878240893,12961.915749170446,90.69474419214392,0.734900439628447,,,,0.0001,,0.2721767098672928,0.9256508565077216,69.55114769935608,0.0841244785816118,0.0966992173143612,0.0966992174345319
15,val,0.5511904756228129,0.9080546895662944,0.3790489719027564,0.2366658413694018,0.3566676591123853,0.3790489761602311,0.4706237940561203,0.2811838509071441,61.28951535906111,0.4523781836032867,0.4523781977948688,9506.057535807293,90.99587594895137,0.6980706092083093,,,,0.0001,90.99587594895137,0.2873900135358174,0.9184481842177254,8.122009515762329,0.086839261686518,0.0865903805409159,0.0865903798313368
16,train,0.5009744623976369,0.9458135638826636,0.4164898100719657,0.2749969778201913,0.3912747613685105,0.4164898087100316,0.5131730554044567,0.2917865839216016,63.27393028300296,0.4391402579763884,0.4391402635843523,12555.912541215135,87.82660689405216,0.7264460136192014,,,,0.0001,,0.268885343706095,0.9271303453753073,68.87521648406982,0.0808861408963479,0.095901602218228,0.0959016026989106
16,val,0.5511904756228129,0.995748832112267,0.3939225929124014,0.2148783661070324,0.3448565474578312,0.3939225929124014,0.5446976267156147,0.3850942232779094,70.79145240783691,0.4408594781444186,0.4408594923360007,11777.31209891183,102.4843226841518,0.7834459723848285,,,,0.0001,102.4843226841518,0.2775345614978245,0.9223503924551464,7.8218348026275635,0.108065202388735,0.0810606680100872,0.0810606685422715
17,train,0.5001680107526881,0.9528707751343328,0.4174508428381335,0.2711276334299836,0.3734259271333294,0.4174508428381335,0.5195026833924555,0.2825923310492628,60.46938557778636,0.4927904059489568,0.492790417004657,11768.532279722152,85.4169400635586,0.7134914463617986,,,,0.0001,,0.2687188565570821,0.9272742848242482,67.53842163085938,0.0751665647301862,0.0960566447547046,0.0960566445143633
17,val,0.5541666660990033,0.8910439184733799,0.3756751240718932,0.2449922150089627,0.374015273792403,0.3756751283293679,0.4443895923239844,0.2759998178198224,61.80495325724284,0.5791334736914862,0.5791335049129668,8264.249616350446,85.09573709397088,0.686628596349196,,,,0.0001,85.09573709397088,0.2819055943262009,0.9201554031599136,7.817420721054077,0.0781151060724542,0.0881953090429306,0.0881953108168783
18,train,0.5003024193868842,0.9487092629555732,0.4168789530954053,0.2715916451747699,0.3758081063147514,0.4168789531755191,0.5192077915354442,0.2738384239936388,59.48046515064855,0.4953138954857344,0.495313906060752,11848.978697417884,85.07755937883931,0.7099794899173055,,,,0.0001,,0.2621692823626662,0.9278694032340922,68.49744272232056,0.0755903639039525,0.0971690486435608,0.0971690492844709
18,val,0.5541666660990033,0.8777222548212323,0.370480810602506,0.2457684093997592,0.3866360386212666,0.3704808134408224,0.4304753506467456,0.2860784757704961,60.18794704618908,0.5426846501373109,0.5426846629097348,9265.61880638486,88.28013120378766,0.6961000924760645,,,,0.0001,88.28013120378766,0.2844362542742774,0.921950882389432,7.814326286315918,0.0836596411342422,0.0933410067643438,0.0933410074739229
19,train,0.5014112902584896,0.9475514505819608,0.4156804752926673,0.2703937630980245,0.3680644692272268,0.4156804746517571,0.5169437462764401,0.2606303972262208,57.38564314893497,0.4859262493348891,0.4859262648769604,11126.52390346732,81.04760765772994,0.695397328969204,,,,0.0001,,0.2576700372881786,0.9301672427244084,67.42838668823242,0.0688992362539534,0.0961948501807387,0.09619485042108
19,val,0.5511904756228129,0.8579787186213902,0.3784573759351458,0.2569539554062344,0.3812180239529836,0.3784573702585129,0.4391861025776182,0.2890176716304961,61.08771151588077,0.5087447336741856,0.5087447365125021,8881.594308035714,87.97839337303525,0.6873970490513426,,,,0.0001,87.97839337303525,0.2633412338438488,0.9265240487598236,7.883679151535034,0.0822125497673239,0.0942211839414778,0.0942211839414778
20,train,0.500134408634196,0.9511929269759886,0.4172145826842195,0.269252801934878,0.3552096528551912,0.4172145843666087,0.5221801359326609,0.257606264844697,55.922836334474624,0.4865791332978074,0.4865791446739627,10982.299485073294,80.19679452014226,0.6894600778717785,,,,0.0001,,0.2550918452682034,0.9303587636639996,67.90951490402222,0.0676129884787544,0.0958623511977093,0.0958623511576524
20,val,0.5511904756228129,0.8890945556617919,0.3798059806937263,0.2424716899792353,0.3377140682368051,0.3798059778554098,0.4635283663159325,0.2799742966890335,57.87470763070242,0.4387582866918473,0.4387583037217458,8173.643636067708,84.2919048127674,0.6719135790160208,,,,0.0001,84.2919048127674,0.2650339745339893,0.9264051772299268,7.816997766494751,0.0751786811188573,0.0848204394181569,0.0848204390633673
21,train,0.5008064516449487,0.9540244167850864,0.4166786218042014,0.2678890785062185,0.3544888399461264,0.4166786185195369,0.523772443895058,0.2541602438976688,54.69733608409923,0.4770670558816643,0.4770670686998675,10797.29196921728,78.3149439801452,0.6856067818423313,,,,0.0001,,0.2502006784241686,0.9318640296177196,66.84776020050049,0.0648801269870932,0.0972823591161799,0.0972823587156111
21,val,0.5526785708609081,0.80340880439395,0.3683528438920066,0.2759226901190622,0.4540067386059534,0.368352839634532,0.3875663706234523,0.3606585732528141,57.36074574788412,0.5288884001118797,0.5288884072076707,7605.002022879465,82.44473702566964,0.7075265682104862,,,,0.0001,82.44473702566964,0.2702360422838302,0.9248361388842264,8.051016092300415,0.0720276593097618,0.0924142581366357,0.0924142581366357
22,train,0.500134408634196,0.9527172664160368,0.4172135111625477,0.2668789496184677,0.3417107681593587,0.4172135110824339,0.5220395658285387,0.2473178381721178,52.45556341191774,0.4872943315134254,0.4872943412873052,9940.71699638777,73.65971395020844,0.6719067594419024,,,,0.0001,,0.247323379641579,0.9334470296418796,67.42582774162292,0.058259434392175,0.0962581462276879,0.0962581460674603
22,val,0.5586309518132891,0.8368925196783883,0.3675478228500911,0.2587019155422846,0.3996207586356571,0.3675478164638792,0.4079827236987295,0.3426736238456908,55.74872134980701,0.519742549884887,0.5197425612381527,7167.574544270833,79.87236259097145,0.6898829539616903,,,,0.0001,79.87236259097145,0.2628330517382848,0.929083662373679,7.936063766479492,0.0679615503620533,0.0887700085129056,0.0887700081581161
23,train,0.5016129032898975,0.9460173856507066,0.4160821496318745,0.2685397252921135,0.3498860714576577,0.4160821509938086,0.5217686687265674,0.2515845366062657,53.73704036589592,0.4757865965366363,0.4757866064707438,10318.419542866368,76.29776933116298,0.6773461782571041,,,,0.0001,,0.2444285285729233,0.9343129947621336,67.63144755363464,0.0609299420699557,0.0963278009446077,0.0963278009045508
23,val,0.5541666660990033,0.8466343723592304,0.3737360721542722,0.2570225766726902,0.3755603482325871,0.3737360735734303,0.4284569014395986,0.2622423835453533,54.79643031529018,0.4859724584079924,0.4859724569888342,7960.614618210566,81.30722427368164,0.6598557049577887,,,,0.0001,81.30722427368164,0.254006130354745,0.9309438381876264,8.266556978225708,0.0721912516192311,0.0903403886726924,0.0903403868987446
24,train,0.5014448925372093,0.9460472496606972,0.415502806664795,0.2679812326546638,0.3468904647455421,0.4155028063443399,0.5199761947476735,0.2433237129401776,52.71985393954861,0.4702193748245957,0.4702193833166553,9867.80102571877,74.17719378522648,0.6701242281130267,,,,0.0001,,0.2411481289453403,0.9349721971378532,68.14231634140015,0.0581613323721353,0.0970339783897964,0.097033978149455
24,val,0.5541666660990033,0.8472417891025543,0.375453736100878,0.2588043936661311,0.3909216494787307,0.3754537382296153,0.4291269357005755,0.2706467807292938,57.22464125497,0.467812567949295,0.4678125849791935,7666.36736188616,80.74262401035854,0.6664236932089834,,,,0.0001,80.74262401035854,0.2539091741754895,0.9315279835746402,7.87398624420166,0.0718036044743799,0.0904715068283535,0.0904715082475117
25,train,0.501008064516129,0.9500728379334172,0.4165615532346951,0.2669023546159908,0.3323811353534781,0.4165615533148089,0.5260039467805175,0.2350824822581583,51.24625284953784,0.4883647705278089,0.4883647859096527,9584.456986622145,72.80364514422673,0.661187120158263,,,,0.0001,,0.239929173101661,0.9350929494186114,67.4702718257904,0.0558736337929643,0.0984632319179914,0.0984632315975363
25,val,0.5526785708609081,0.8922565778096517,0.3856237303643,0.2482826064030329,0.3397815028826396,0.3856237317834581,0.4762667474292573,0.3049015587284451,56.18634269351051,0.4239781768549056,0.4239781953039623,7071.392985026042,78.95555587041946,0.6738092144330342,,,,0.0001,78.95555587041946,0.2454840398970104,0.9332355771745954,8.159965753555298,0.0661443509604959,0.0975992150959514,0.0975992143863723
26,train,0.5014112902584896,0.9543624911257016,0.4167555770085704,0.2655435196494543,0.3354081288781217,0.4167555780500494,0.5275582019840518,0.2401146814227104,50.26230876676498,0.4767489707277667,0.4767489838664249,9524.018182569936,71.37750450257332,0.663735223298121,,,,0.0001,,0.2366614481934937,0.9359891299278504,68.45799398422241,0.0540327675520412,0.0983160741787443,0.098316073617948
26,val,0.5526785708609081,0.882246596472604,0.3840371668338775,0.252872625986735,0.3492169351804824,0.3840371675434567,0.4599843727690832,0.2518612635987146,53.681739080519904,0.4690162369183132,0.4690162454332624,7320.007452101934,78.66287049793061,0.6549359520276388,,,,0.0001,78.66287049793061,0.244728141597339,0.9336495626540412,8.141178131103516,0.0665038578389655,0.0969820118376186,0.0969820129019873
27,train,0.5014112902584896,0.9567429296752458,0.4167853472053364,0.2637674516888075,0.326127086035026,0.4167853480865878,0.5304056009457957,0.2323940330615607,49.20786036214521,0.4834914382106514,0.4834914519902198,9059.174636020456,69.80380785337059,0.6559517062874354,,,,0.0001,,0.2332691768965413,0.9370768332994112,67.6460931301117,0.0516801638558747,0.0984357704799021,0.0984357699992195
27,val,0.5526785708609081,0.8585242870308104,0.3786414975211734,0.2573185442459015,0.376722290402367,0.3786414946828569,0.4361875639075324,0.2837859214771361,57.62945520310175,0.5043754975001017,0.5043755017575764,8114.626604352678,83.80558177403041,0.6758792938608111,,,,0.0001,83.80558177403041,0.2454789557627269,0.93321278549376,7.922811508178711,0.0753085974249101,0.095270564513547,0.0952705627395993
28,train,0.5009408602791448,0.9506597192056716,0.4163570485368211,0.2652546959698841,0.3246594601741401,0.4163570458129529,0.529271645801923,0.2173017043099608,47.95516721663937,0.481759421767727,0.4817594310609243,8873.242131058887,68.00901196592598,0.6450103978516678,,,,0.0001,,0.2313700824655512,0.9373189473664888,66.3816294670105,0.0493767624570717,0.0992515995617835,0.0992515992813853
28,val,0.5541666660990033,0.8750306481406802,0.3700244213853563,0.2522755719366528,0.3941497050580524,0.3700244157087235,0.4232529061181204,0.2727235768522535,57.88262975783575,0.5739943725722176,0.5739943853446415,7796.633172898066,82.54614312308175,0.6794924782984184,,,,0.0001,82.54614312308175,0.2532956018334343,0.929083472206479,8.000097274780273,0.0731338297149964,0.1128914420093808,0.1128914430737495
29,train,0.5010416667948487,0.9539966961388948,0.4160832805979636,0.2637245743986099,0.3190573963426774,0.4160832834820593,0.5323769453392234,0.2213639520028586,46.74395026955553,0.4828897355705179,0.4828897451841703,8846.500837756741,66.55147478657383,0.6446230883148785,,,,0.0001,,0.2290975183088292,0.9378495120233103,67.497225522995,0.0476674079264123,0.0998420599968202,0.0998420598766496
29,val,0.5571428565751939,0.8349625496637254,0.3688673043534869,0.2587510233833676,0.400168566476731,0.3688673086109615,0.4115187667665027,0.2640148834103629,61.01951544625418,0.5207464723359971,0.5207464737551553,9157.173525855656,90.1638935634068,0.6786553646578933,,,,0.0001,90.1638935634068,0.2389196441287086,0.9359980651310512,8.293864250183105,0.0869730760653813,0.0989979484251567,0.0989979509086836
30,train,0.5011424731503251,0.9516021620522264,0.4159875683566575,0.2639528532983154,0.3230708300746897,0.415987568516885,0.5287905557341473,0.2192333821728024,48.08415129876906,0.4923808444892206,0.4923808526608251,8788.445855581633,67.16244503759569,0.6444398367846453,,,,0.0001,,0.227996177650908,0.9385276366305608,67.36526703834534,0.0490959807529404,0.0980583408907536,0.0980583400095021
30,val,0.5541666660990033,0.8774489192735582,0.3781601460207076,0.2462732110704694,0.3419409912256967,0.378160148859024,0.4551518176283155,0.2616937110821406,54.71082478477841,0.4813173129445031,0.4813173157828195,7079.777843656994,77.44023786272321,0.6529806519999649,,,,0.0001,77.44023786272321,0.2372424716041201,0.9344490652992612,8.079346895217896,0.0673007025782551,0.0894473493099212,0.0894473489551317
30,val_periodic_epoch_30,0.5541666660990033,0.8774489192735582,0.3781601460207076,0.2462732110704694,0.3419409912256967,0.378160148859024,0.4551518176283155,0.2616937110821406,54.71082478477841,0.4813173129445031,0.4813173157828195,7079.777843656994,77.44023786272321,0.6529806519999649,,,,0.0001,,0.2372424716041201,0.9344490652992612,7.822234153747559,0.0673007025782551,0.0894473493099212,0.0894473489551317
31,train,0.5009408602791448,0.955564703672163,0.4171854122992485,0.2624857855099504,0.3142874828910315,0.4171854114981108,0.5354214418399078,0.2111908057604425,45.35891914367676,0.495837025264258,0.4958370379222336,8498.761585194577,64.70182299870316,0.6367126086344221,,,,0.0001,,0.2264899273392974,0.9389420984893716,66.68140435218811,0.0453029636804374,0.098222054861566,0.0982220549416798
31,val,0.5541666660990033,0.8971784796033587,0.3823696240073159,0.2388766904671987,0.3215661545594533,0.382369625426474,0.4774110707498732,0.2416027649527504,52.87867609659831,0.4984962088721139,0.4984962259020124,6749.02947126116,76.68779827299572,0.6453696543520148,,,,0.0001,76.68779827299572,0.2346274121886208,0.9352124986194428,7.981127977371216,0.0651872036978602,0.0924657274569783,0.0924657278117679
32,train,0.5010416667948487,0.9563183739621152,0.4166079089045524,0.2618207774495565,0.303912960553682,0.41660790906478,0.5334508318093515,0.2082085487663105,43.82699149142029,0.4857028128318889,0.485702823567134,8195.842073830225,62.33477804737706,0.6292554632581846,,,,0.0001,,0.223079243254277,0.93951422008135,67.18458080291748,0.0416780475111457,0.0994251052378326,0.0994251050375482
32,val,0.5556547613370986,0.8535770319757008,0.3728419144948323,0.2506681588434037,0.361880898475647,0.3728419173331487,0.4341354618469874,0.2439388249601636,54.39915475391207,0.5016322604247502,0.5016322760354905,6585.263195219494,76.86872700282505,0.642680992863395,,,,0.0001,76.86872700282505,0.2334145243678774,0.935139122463408,7.975285291671753,0.0642153914308264,0.093408397975422,0.093408397975422
33,train,0.5003360215053764,0.9531092501135284,0.4160619853965698,0.2625004324701525,0.3132106264432271,0.4160619850761147,0.534214986708536,0.2162935678917233,45.648641883686025,0.4894375275540095,0.4894375427756258,8314.221784366075,64.33270693338045,0.6364734298051006,,,,0.0001,,0.2218979198926238,0.9397365546995594,68.18052268028259,0.0441066677111291,0.0990378610309093,0.099037860790568
33,val,0.5526785708609081,0.9009393794195992,0.3762512334755489,0.2329726538487843,0.3280772382304782,0.3762512419904981,0.4694681763648987,0.262697846406982,54.24007361275809,0.4873916052636646,0.4873916123594556,7095.1447521391365,78.63717869349888,0.6559721003879201,,,,0.0001,78.63717869349888,0.2375311986321494,0.9364401556196666,8.33850622177124,0.0660789316697489,0.0869864832077707,0.0869864824981916
34,train,0.5015120967741935,0.956088948634363,0.4165852579378312,0.2609220807270337,0.2993455503576545,0.4165852604213581,0.534884419492496,0.2051676818199696,43.46883228260984,0.4831975595925444,0.4831975669630112,7748.789797218897,60.19085710792131,0.6238656959951124,,,,0.0001,,0.2206344380974769,0.9402642605766174,68.66773343086243,0.0394619068341149,0.0991029288339358,0.0991029289941633
34,val,0.5541666660990033,0.8944764790080842,0.3772913082724526,0.2367566043422335,0.3265116363763809,0.3772913104011899,0.4672025718859264,0.2457934163865588,54.480347769601,0.4689022118136996,0.4689022118136996,6790.733049665178,77.9198968069894,0.6449148586302093,,,,0.0001,77.9198968069894,0.2265006154775619,0.9375591448375156,8.191640615463257,0.0652036340463729,0.0972428272167841,0.0972428272167841
35,train,0.5002688172683921,0.9550460644306676,0.4163134181371299,0.2608128000972091,0.303235802519065,0.4163134180570161,0.5368841321718308,0.1987228698387581,43.65425609260477,0.4847509354673406,0.484750947163951,8375.758157381448,61.56861306262272,0.6247523239164642,,,,0.0001,,0.2186430417081361,0.9406023176126582,66.82724618911743,0.0418424026650046,0.1000280947855083,0.1000280954264184
35,val,0.5556547613370986,0.8419533102285295,0.3719434440135956,0.2599520711671738,0.3761891438847496,0.3719434454327538,0.4184743080820356,0.2415915018036252,51.706574122111,0.4932910019443148,0.4932910090401059,5618.27033342634,71.33383959815616,0.6313331658189947,,,,0.0001,71.33383959815616,0.2296112775802612,0.9387148363249642,8.155407190322876,0.0556273816951683,0.0951264610602742,0.0951264617698533
36,train,0.5009744623976369,0.960990596843022,0.4168357134506266,0.2586234787939697,0.2963833130335295,0.416835714011423,0.5386251478746373,0.1946043045690623,42.15073098418533,0.4895823533817004,0.4895823609123947,7954.293546286963,59.58943393666257,0.6202845583459745,,,,0.0001,,0.2164399574200312,0.9410887203549826,68.86777639389038,0.039725359494207,0.0999326729966748,0.0999326725159922
36,val,0.5511904756228129,0.894905645222891,0.3777708751814706,0.2338376747710364,0.3146520115080334,0.3777708751814706,0.4762084909847804,0.2448938162553878,50.24062965029762,0.4555375987575167,0.4555376186257317,5966.475894019717,72.21840322585334,0.6340146935347355,,,,0.0001,72.21840322585334,0.2260963441360564,0.9373224320865812,7.802558898925781,0.057660889057886,0.0918148461551893,0.0918148461551893
37,train,0.5009408602791448,0.9546400627461812,0.4165450586106187,0.2607311044008501,0.2966215918942164,0.4165450597322115,0.5371481216242237,0.1972142252870785,41.3588141984837,0.492724839397656,0.4927248472488054,7843.253867036553,58.72950904600082,0.6173856286890178,,,,0.0001,,0.2152943133666951,0.9414911879006252,68.20801019668579,0.0375848625015507,0.1001917729454655,0.1001917730255793
37,val,0.5541666660990033,0.8500794370969137,0.3744406139566785,0.254389973623412,0.3592745335329146,0.3744406153758366,0.4362311852829797,0.2406349863324846,50.80794979277111,0.502871402672359,0.5028714182830992,6181.990280877976,73.42306445893787,0.6334916530233441,,,,0.0001,73.42306445893787,0.2261335310481843,0.9382624597776504,8.65331768989563,0.0592876409313508,0.0974225458644685,0.0974225476384162
38,train,0.5019489247952739,0.9515585796807402,0.4147085231798951,0.2600864692721316,0.3060068661967913,0.4147085218980748,0.5314126001490701,0.2058335336385875,43.30765674960229,0.494981684031025,0.4949816934844499,8149.321367161248,61.145879704465145,0.6260224526578729,,,,0.0001,,0.2138399076397701,0.9417476865553088,68.26112651824951,0.0409617736429897,0.0997437277147846,0.0997437275545571
38,val,0.5511904756228129,0.8683924504688808,0.3742851877496356,0.2453714069865998,0.3458258992149716,0.3742851912975311,0.4472545122816449,0.2318868640632856,50.82138206845238,0.5089892390228453,0.5089892475377946,6295.645786830357,73.4132194519043,0.6340101444359981,,,,0.0001,73.4132194519043,0.2282297497703915,0.9375409001395816,7.88837742805481,0.0604710185989027,0.0881110731334913,0.0881110724239122
39,train,0.5004368280210802,0.958687138172888,0.41699313328311,0.259406195532891,0.2898350258668263,0.4169931325620861,0.5424786440787777,0.1890836907250266,40.65112177530924,0.4903143413605229,0.4903143522559955,7777.332713793683,58.27319608708864,0.6133877557937545,,,,0.0001,,0.212674497997248,0.9422530256291872,66.61893606185913,0.0375542121248379,0.1005624007553823,0.1005624007153254
39,val,0.5541666660990033,0.9048963160741896,0.3802474552676791,0.2336780386311667,0.3076603086221786,0.3802474637826283,0.4812305512882414,0.2670646100526764,53.36654753912063,0.4771908408119565,0.4771908564226968,7552.500831240699,79.13906805855888,0.6560105392427156,,,,0.0001,79.13906805855888,0.2219297822032656,0.9411846143858772,8.495172500610352,0.0702203149862942,0.0930491504924637,0.093049151911622
40,train,0.5017137098056014,0.9506095575709496,0.4152354906483363,0.2604213062153068,0.2983740013773723,0.4152354902477674,0.5359933773676554,0.1914571305356359,41.04777574026456,0.5148350062870211,0.5148350199063619,7606.249327956989,57.88341429925734,0.6141294084815465,,,,0.0001,,0.2135706563950866,0.9423249995195736,67.09445834159851,0.0368506815084206,0.1002590850556409,0.1002590852559253
40,val,0.5571428565751939,0.8142035291308448,0.3646757616883233,0.2597068824938365,0.3905350963274638,0.364675760269165,0.404656103679112,0.2581381900679497,52.7801270257859,0.5119512648809523,0.5119512904258001,6216.298985072544,75.56944838024322,0.6403573787573612,,,,0.0001,75.56944838024322,0.2229198962450027,0.9405222449983868,7.849433422088623,0.0624258596716182,0.0952574883898099,0.0952574862610726
41,train,0.5016465054083896,0.9590147374778666,0.416260172202382,0.257259114535265,0.2823917473996839,0.4162601733239748,0.5408375610907873,0.1807892120653583,38.78356132712416,0.5033997476741832,0.5033997617742066,7239.794376988565,55.33260408011816,0.6045089184234439,,,,0.0001,,0.2104146149690433,0.9418542180010068,68.56205463409424,0.0341159577521505,0.1000349216403499,0.1000349223613739
41,val,0.5541666660990033,0.8874960314659845,0.3718146362474986,0.2342209078016735,0.3292281507026581,0.371814631990024,0.4573098215318861,0.2402214180855524,50.97707412356422,0.5080740579536983,0.5080740678878057,5776.12871733166,71.4027811686198,0.6328454490863915,,,,0.0001,71.4027811686198,0.2225480384769894,0.9388822856403533,7.800816535949707,0.0569127459256421,0.0885068774223327,0.0885068770675432
42,train,0.5010416667948487,0.9610080803914736,0.4164992170308226,0.2543345257159202,0.2636550844757147,0.4164992176717327,0.5463920283702112,0.1566648949939076,35.045846764759354,0.5004222710286418,0.5004222825650246,6735.19295362247,49.95998044167796,0.5853355694298792,,,,5e-05,,0.2072439971630291,0.9427241548415152,67.99297714233398,0.0286960259069918,0.0998361597778976,0.0998361598179545
42,val,0.5541666660990033,0.8781867098240626,0.3756285167875744,0.2389204509201504,0.3132126991237913,0.3756285196258908,0.46164827474526,0.2091084378106253,45.876104173206144,0.4780802130699157,0.4780802272614978,5225.708298456101,66.51082320440383,0.6081653212056015,,,,5e-05,66.51082320440383,0.2164698165087472,0.9409703839392888,8.60726284980774,0.0510098806449345,0.0909345192568642,0.0909345196116538
43,train,0.5005712365751626,0.9682110456689712,0.4177394168831969,0.2533132493175486,0.2514369423671435,0.4177394196471219,0.5546338629498276,0.1464133969037443,33.140171240734794,0.498406676195001,0.4984066845268332,6400.3810063844085,47.24005734023228,0.5763709094789293,,,,5e-05,,0.2056625858750394,0.9434782000639106,66.95783472061157,0.0257790527101205,0.1006473697802071,0.1006473699804916
43,val,0.5541666660990033,0.8813059968607766,0.3770868203469685,0.2393161186150142,0.3074217112291427,0.3770868260236013,0.4646615009932291,0.2068610191345214,45.29929869515555,0.4718220986071087,0.4718221269902728,4710.56106422061,64.12741234188988,0.6016577518347538,,,,5e-05,64.12741234188988,0.2156219851403009,0.9418246689296904,8.511212825775146,0.046503462207814,0.0921479271990912,0.0921479261347225
44,train,0.5022513440219305,0.9621453515944942,0.4159781795035126,0.2524056180670697,0.255438032810406,0.4159781788626024,0.547959343319939,0.1499093279883425,32.87517731164091,0.4961176884751166,0.4961176984092241,6234.98842120427,46.82015414904522,0.577064587351449,,,,5e-05,,0.2045886278633148,0.9436576593947666,67.3330466747284,0.0254357553923362,0.1003506719184819,0.1003506720787094
44,val,0.5556547613370986,0.8934424462772551,0.3789064245564597,0.2345508826630456,0.293477095308758,0.3789064210085642,0.4790287869317191,0.2028807022032283,45.3120535895938,0.4942029913266499,0.4942030211289723,4875.740647088914,65.23721858433315,0.6014558492284833,,,,5e-05,65.23721858433315,0.2139773319164911,0.9417324037778944,8.016067743301392,0.0481934852099844,0.0968037801129477,0.0968037783389999
45,train,0.5023857528163541,0.9658819952959656,0.416923286853939,0.2516750163769209,0.2439815157683946,0.4169232874147354,0.5537587019304434,0.1415439048201166,30.41013112119449,0.5008066091486203,0.500806617961135,5986.787995369204,43.676315748563376,0.5684025345827995,,,,5e-05,,0.2039104591133774,0.9441950680107198,67.8737473487854,0.0223106501426207,0.1013000584257546,0.101300058265527
45,val,0.5556547613370986,0.8948626532441094,0.3778187980254491,0.2331498428469612,0.2957081652822949,0.3778188015733446,0.4761087589320682,0.215752733250459,45.17654309953962,0.4932348288240887,0.4932348231474558,4749.3232654389885,64.56585457211449,0.6057492599342809,,,,5e-05,64.56585457211449,0.2119784454504648,0.9424695713179452,8.062626600265503,0.0473467489438397,0.0947630334468115,0.0947630345111801
46,train,0.5015793010111778,0.9613184305608914,0.4160712052096603,0.2525801883750064,0.2513868200682824,0.4160712045687501,0.5474074766520531,0.1407620869176362,31.121273738081737,0.5039591097062633,0.5039591233256042,6012.179726549374,44.60065706314579,0.5696707513998654,,,,5e-05,,0.2027530650137573,0.9445264018991942,66.2242341041565,0.0230189248924494,0.1006084941327571,0.1006084940927003
46,val,0.5556547613370986,0.8946345022746495,0.3775389606044406,0.231604794661204,0.2972434780427387,0.377538963442757,0.4809244090602511,0.2218721792811439,46.90481985182989,0.4672225174449739,0.467222538732347,5279.833978562128,67.79286230178107,0.6125531214656252,,,,5e-05,67.79286230178107,0.2122851411501566,0.9427178104718528,7.829031467437744,0.051401156710372,0.0946879330135527,0.0946879315943945
47,train,0.501982526913766,0.9649702581346676,0.4166157183948383,0.2529234703510038,0.2504685476262082,0.416615718154497,0.5502397647147538,0.1434860108119826,32.083450214837185,0.4935877994504026,0.4935878084231448,6090.113282562584,46.1090879337762,0.5729360737383165,,,,5e-05,,0.2025156780596702,0.9447420479789856,67.25791358947754,0.0246992146656397,0.1013115796671118,0.1013115791864292
47,val,0.5556547613370986,0.845074903397333,0.3714343167486645,0.25044684892609,0.3400194134031023,0.3714343167486645,0.4350572565481776,0.20113208286819,45.68787420363653,0.4912362141268594,0.4912362254801251,4655.338216145833,65.5878426688058,0.5981693950566378,,,,5e-05,65.5878426688058,0.2115904859134129,0.9430828236398244,8.0434091091156,0.0469766099981608,0.0974243567103431,0.0974243549363953
48,train,0.5016801075268817,0.9653302062583226,0.4167820466782457,0.251320531772029,0.2426462209913679,0.4167820466782457,0.5501084162663388,0.1413905949842545,29.995326426721387,0.5005431527732521,0.5005431671937307,5761.050081560688,42.65718454955727,0.5664307941089977,,,,5e-05,,0.2003519037558186,0.9446975867594442,66.22387409210205,0.0215439877938479,0.1010007426863716,0.1010007431670542
48,val,0.5556547613370986,0.8963023707980201,0.3789478980359577,0.2329006436325255,0.291367029150327,0.3789478994551159,0.4810046347833815,0.2077506830294927,45.18222182137625,0.4759596884250641,0.4759596983591715,4750.587954566592,64.64379083542596,0.6012833002841834,,,,5e-05,64.64379083542596,0.2081730905033293,0.9431220576876684,7.969604730606079,0.0468445307176028,0.1002215789187522,0.1002215803379104
49,train,0.5016465054083896,0.9639718042265984,0.4166302736247739,0.2522309560288665,0.2452703115920866,0.4166302719423848,0.5508168856463125,0.1344221175037404,30.619207556529712,0.4973450029088604,0.4973450144452433,5727.201449322444,43.682917379563854,0.5649792720171739,,,,5e-05,,0.1997793532347166,0.9451356600689632,66.38893342018127,0.0222360929599412,0.1017538206151095,0.1017538210557353
49,val,0.5541666660990033,0.9033791720867156,0.3829290114697956,0.2330555305594489,0.3023576991898672,0.3829290128889538,0.4918374199242818,0.2287303883404959,50.084673745291575,0.4760117161841619,0.476011723279953,6068.945550827753,72.81253324236188,0.6289609374422016,,,,5e-05,72.81253324236188,0.2097131049349194,0.9425124100276402,8.003705024719238,0.0593002497085503,0.098546669951507,0.0985466713706652
50,train,0.5015120967741935,0.967356312659479,0.4170606548907936,0.2510347043474515,0.2360870826148217,0.4170606557720451,0.5563013536795494,0.1215030390128333,28.15639655820785,0.4925950656655014,0.4925950764007465,5665.272054036458,40.38141799229447,0.5562728544276972,,,,2.5e-05,,0.1995362680285207,0.9452850988475224,66.40445303916931,0.0197565583750024,0.1024008936459018,0.1024008936058449
50,val,0.5541666660990033,0.9153142046360744,0.381043818734941,0.2253217526844569,0.2791314238593692,0.3810438173157828,0.4988719877742585,0.2150130548647471,45.40530822390602,0.4792063704558781,0.4792063775516691,5094.068929036458,66.52403531755719,0.6094491023005861,,,,2.5e-05,66.52403531755719,0.2063551750921067,0.9440147422608876,8.07064414024353,0.0497440919280052,0.0944494264466422,0.0944494253822735
51,train,0.5014112903386034,0.9696763300447052,0.4181063933878816,0.2522647907977463,0.2357602042536581,0.4181063932276541,0.5570171817496259,0.1207698204865058,28.739461642439647,0.488950916355656,0.4889509272511287,5813.872040287141,41.31670617031795,5818.470778997659,,,,2.5e-05,,0.1988741602468234,0.9458104086819517,66.5558774471283,5813.87270511094,0.1031560844150922,0.1031560840946371
51,val,0.5571428565751939,0.8903493796076093,0.3776228583994366,0.2410013122217995,0.3063675498678571,0.3776228569802783,0.4632142285505931,0.2052982875279017,45.77285448710124,0.4943988905066535,0.49439889334497,4990.058553059896,66.36668414161319,4924.461482007576,,,,2.5e-05,66.36668414161319,0.2097158048834119,0.943452258904775,7.927679777145386,4990.058454241072,0.0984338731283233,0.0984338727735337
52,train,0.5021505376664541,0.9690452520885776,0.4177540333200527,0.2529228612460116,0.2361263953229432,0.4177540334802802,0.553966804457608,0.126240866058456,28.029847616790445,0.4895673890908559,0.4895673969420053,5512.306881648238,40.38749461020193,5521.3206755050505,,,,2.5e-05,,0.2007863829212804,0.9446524564296968,67.10725331306458,5512.307200524115,0.1029412894239348,0.1029412902250725
52,val,0.5556547613370986,0.8847722084749312,0.3793855671371732,0.241522022656032,0.2990931669871012,0.3793855692659105,0.4695853094259898,0.2063894002210526,44.3926017397926,0.4806578542504992,0.4806578656037648,4730.865118117559,64.71075657435826,4673.566962594697,,,,2.5e-05,64.71075657435826,0.2099738915761312,0.942553426538195,7.923442125320435,4730.865112304688,0.1019718505087352,0.1019718505087352
53,train,0.5017137098056014,0.9695645767834878,0.4178973159963084,0.2529202682837363,0.237488304334943,0.4178973156758534,0.5554529810224169,0.12642936700935,27.850316406578145,0.4872058807842193,0.4872058915194645,5459.805643881521,40.5323810474847,5467.581328585333,,,,2.5e-05,,0.2022022014503837,0.9443172270892768,66.6594443321228,5459.80565585885,0.1031768034382533,0.1031768041192203
53,val,0.5556547613370986,0.8854278368609292,0.377654255146072,0.2402385473251342,0.2994328609534672,0.3776542657897586,0.4655488218579973,0.1996717123048646,42.643266677856445,0.4918082086812882,0.4918082271303449,4525.783290318081,63.26910718282064,4482.748863636363,,,,2.5e-05,63.26910718282064,0.2128775538433165,0.942667822043101,7.893099546432495,4525.783348446801,0.0975441201811745,0.0975441208907536
54,train,0.5024529570533384,0.9663010524806156,0.4165555277178364,0.2545452169192734,0.244004682227168,0.4165555294803393,0.5479104214858624,0.1290549104332283,27.432473474933253,0.488350688449798,0.4883506983839055,5702.615318544449,39.59933983382359,5713.285980738373,,,,2.5e-05,,0.2053741338432476,0.943760807475736,66.9924578666687,5702.614991546959,0.1030676382523711,0.1030676385327692
54,val,0.5556547613370986,0.8903507859933943,0.3780827692576817,0.2380763100726264,0.2976302951574325,0.3780827692576817,0.4698442192304702,0.216151149499984,45.09213247753325,0.4792931250163487,0.4792931335312979,4971.123500279018,65.40236445835659,4916.459703480114,,,,2.5e-05,65.40236445835659,0.2157191932201385,0.9417535861333212,8.221479177474976,4971.123581659226,0.0943152077850841,0.0943152088494528
55,train,0.5011424731503251,0.9611585185091984,0.4167497262599007,0.2568811666901394,0.246766875508011,0.4167497279823467,0.5433244472069125,0.1279589789569057,25.36592519411477,0.4900732748610999,0.4900732823917942,5251.164776873845,37.05448966385216,5260.541917054661,,,,2.5e-05,,0.207366624827026,0.9430213596231194,66.34037280082703,5251.164783026583,0.1029244090921135,0.1029244090119997
55,val,0.5556547613370986,0.8794359806038085,0.3750111403919401,0.2441777054752622,0.3165601456449145,0.3750111375536237,0.4523988763491313,0.2057901798259644,44.100794655936106,0.4851640008744739,0.4851640164852142,4778.179135277158,64.40202386038644,4713.947679924242,,,,2.5e-05,64.40202386038644,0.2186410079399744,0.9405958964711144,7.80964732170105,4778.179239908855,0.0985970720648765,0.0985970745484034
56,train,0.5014784946557014,0.9598629580390068,0.4166140915245138,0.2566188014643166,0.2451662019055376,0.4166140914444,0.5404237463108955,0.1285493039796429,24.88345156433762,0.4926195902529583,0.4926195960211497,5205.809318460444,36.23356321806549,5215.4039835200965,,,,2.5e-05,,0.2069465199946075,0.9428885216994952,66.35366773605347,5205.809314194546,0.1025985971653974,0.1025985969250561
56,val,0.5556547613370986,0.8784737317335038,0.3766437201272873,0.2424131220295315,0.3031399619011652,0.3766437172889709,0.4600369625148319,0.2168390236440159,41.77915909176781,0.4729262193044026,0.4729262363343012,4448.161824544271,62.45657693772089,4389.120001775568,,,,2.5e-05,62.45657693772089,0.2177155762910843,0.9405444803692046,8.461487531661987,4448.161908830915,0.0972483058770497,0.0972483069414184
57,train,0.5014112903386034,0.9605140748523896,0.4167071436682055,0.2570875068345377,0.246475925488818,0.4167071436682055,0.5441596270488795,0.1349749448358692,24.72673166439097,0.4938718545180495,0.4938718670157976,5246.994173931819,36.44084382313554,5253.289999605429,,,,2.5e-05,,0.2075784696686652,0.94318740342253,66.18046379089355,5246.993838484569,0.1026436571552548,0.102643657435653
57,val,0.5541666660990033,0.8937211632728577,0.3796244590055375,0.2366770200786136,0.2930283120700291,0.3796244604246957,0.4769844505048933,0.2283876268636612,42.05305599030994,0.4850510060787201,0.4850510117553529,4809.570242745535,63.95761862255278,4732.387831439394,,,,2.5e-05,63.95761862255278,0.2167043295644578,0.9408439908708844,7.989219665527344,4809.57037062872,0.0958987843422662,0.0958987832778976
58,train,0.5014784946557014,0.9608080098705908,0.4169630005715354,0.2571352842834688,0.243858301110806,0.4169630004513648,0.5467415010476465,0.1311054699002735,24.09394020162603,0.4916892777527532,0.4916892883277708,5109.495749688917,35.070354056614704,5106.03334574587,,,,2.5e-05,,0.2089531871099625,0.9428515629742736,65.76566576957703,5109.495758384786,0.1028643477988499,0.1028643472781104
58,val,0.5526785708609081,0.9088084442274912,0.3800188423622222,0.2321760895706358,0.2861602221216474,0.3800188366855894,0.484938980568023,0.2260004434557188,44.194845472063335,0.4821951318354833,0.4821951460270655,5068.467686244419,65.35434141613189,5003.479918323864,,,,2.5e-05,65.35434141613189,0.2193551113208135,0.940978277297247,7.956211090087891,5068.467779250372,0.0938474688501585,0.0938474709788958
59,train,0.5011760752688172,0.965933301436004,0.4185833841241816,0.2569987262769412,0.2419642077818993,0.4185833832429301,0.5505861480149531,0.1338373205514364,24.39885595280637,0.4899270215662576,0.4899270331026405,4908.888997395833,35.41741154783516,4916.404224208228,,,,2.5e-05,,0.210274002084168,0.942540899079333,66.40106582641602,4908.889014787572,0.1024108074445237,0.102410806643386
59,val,0.5556547613370986,0.8988689326104664,0.375428183447747,0.2387766071728297,0.305398913366454,0.3754281798998515,0.4617259374686649,0.2175564262129011,45.02901195344471,0.4911150875545683,0.4911150903928847,4705.606422061012,64.18904622395833,4616.603746448864,,,,2.5e-05,64.18904622395833,0.2334866176048914,0.937503329345158,7.841300964355469,4705.6064453125,0.0995090351927848,0.0995090341284161
60,train,0.5013440860215054,0.9619027983437304,0.4174304439495968,0.2572795129431191,0.2445807481805483,0.4174304433888005,0.544567344489918,0.1285029431023905,23.928239986460696,0.4914720624044377,0.4914720750624133,4993.580665178197,35.03649802874493,5001.2712524003055,,,,2.5e-05,,0.2114649160254386,0.9422943992640382,69.62349963188171,4993.580337032195,0.1027778621803047,0.1027778632217838
60,val,0.5541666660990033,0.880614697933197,0.3772081974006834,0.24367736634754,0.3055864395130248,0.3772081974006834,0.4606891728582836,0.2077608832291194,42.65961165655227,0.4742465104375566,0.4742465246291387,4593.098359607515,63.549871172223774,4528.636123934659,,,,2.5e-05,63.549871172223774,0.2225003554707481,0.9399493166378566,8.770186185836792,4593.098446800595,0.0999750874581791,0.0999750856842313
60,val_periodic_epoch_60,0.5541666660990033,0.880614697933197,0.3772081974006834,0.24367736634754,0.3055864395130248,0.3772081974006834,0.4606891728582836,0.2077608832291194,42.65961165655227,0.4742465104375566,0.4742465246291387,4593.098359607515,63.549871172223774,4528.636123934659,,,,2.5e-05,,0.2225003554707481,0.9399493166378566,8.734473943710327,4593.098446800595,0.0999750874581791,0.0999750856842313
61,train,0.5012768817845211,0.964810170794046,0.4181466998272045,0.2573298328025367,0.2428839995015052,0.4181467011891385,0.5497028704292031,0.1305040520245349,23.27079783203781,0.4941097198314564,0.4941097302462465,4757.306332742014,33.783151626586914,4765.712459350997,,,,2.5e-05,,0.2127122271765944,0.9418266540573488,67.52695560455322,4757.306676556987,0.1028882367235999,0.1028882364432017
61,val,0.5541666660990033,0.8800662500517709,0.3775135150977543,0.2434165995745431,0.3108708986214229,0.3775135179360707,0.4616336233559109,0.212640785745212,43.69560559590658,0.485617751166934,0.4856177596818833,4736.373273577009,65.0533819652739,4684.593702651515,,,,2.5e-05,65.0533819652739,0.2219359356732595,0.9400565908068702,7.914697647094727,4736.373203822544,0.0975986467230887,0.0975986456587201
62,train,0.501008064516129,0.9587005875123444,0.4167662076251481,0.2576027175271383,0.2470460765624559,0.4167662092274235,0.5425700223253619,0.1238718196669573,22.530615186178554,0.4992620462691912,0.4992620582862567,4810.845319604361,32.874907267990935,4818.5610896563285,,,,2.5e-05,,0.2139650133828963,0.9415474264852464,67.92382001876831,4810.844981860089,0.1019783308429102,0.1019783311633653
62,val,0.5526785708609081,0.8877133060069311,0.3797299932865869,0.2424343788907641,0.3005292642684209,0.3797299975440615,0.4683392530395871,0.2132281653937839,42.725371951148624,0.4766158163547516,0.4766158291271755,4816.925624302456,64.17975307646252,4758.466480232008,,,,2.5e-05,64.17975307646252,0.2227846568539029,0.9400536077363152,8.118863105773926,4816.925728934152,0.0982502940155211,0.0982502961442584
63,train,0.5009744623976369,0.9597520938804072,0.4174751434274899,0.2592216170923684,0.2474750620062633,0.4174751428666935,0.5420154596688926,0.1219060268773827,21.28039349022732,0.4944009011791598,0.4944009072678063,4698.870170880389,31.4882142620702,4706.071450014468,,,,1.25e-05,,0.2152207787799578,0.9413661037081033,66.41223669052124,4698.869833177136,0.1024299912875698,0.1024299909270578
63,val,0.5526785708609081,0.876676157826469,0.3772065071832566,0.2435478582268669,0.3069647153218587,0.3772065142790476,0.4607890972069332,0.2053225565524328,41.94496082124256,0.4799719623156956,0.4799719694114867,4543.928472609747,62.62570462908064,4493.680335582387,,,,1.25e-05,62.62570462908064,0.2257060280867985,0.9387537382897876,7.975717067718506,4543.928478422619,0.09578250313089,0.0957825027761005
64,train,0.5017809140425856,0.95233242085544,0.4155013161481067,0.2595256055875491,0.2511415861306652,0.4155013159878792,0.5392773907671693,0.1188729011443674,20.76799167612548,0.4941319525241852,0.4941319626185201,4574.507115764002,30.646752906102005,4583.454634027449,,,,1.25e-05,,0.2156643511787537,0.9410010323088656,67.94838809967041,4574.507444033059,0.1018787232297723,0.101878722628919
64,val,0.5526785708609081,0.8702191057659331,0.3772656832422529,0.2465188659372784,0.3157361078829992,0.3772656733081454,0.4565345446268717,0.2022453042722883,41.2876524244036,0.4747842110338665,0.4747842124530247,4495.369242350261,62.47667612348284,4432.432924952652,,,,1.25e-05,62.47667612348284,0.2250375144538425,0.9394091225805736,7.842199802398682,4495.369285946801,0.0959605567512058,0.0959605560416267
65,train,0.5015793010111778,0.9561619335605251,0.4161120368748582,0.2582003058445069,0.2450888970846771,0.4161120379163373,0.5402655903530377,0.1202149706422,20.04539627157232,0.4925282871530902,0.4925282958053773,4477.582378838652,29.52675368196221,4486.03490158749,,,,1.25e-05,,0.215958970849232,0.9409366894152856,66.84127402305603,4477.582378428469,0.1015892251524873,0.1015892257132837
65,val,0.5526785708609081,0.8882764407566616,0.3789214562802088,0.2395035503875641,0.297470449691727,0.3789214619568416,0.4715385536352793,0.2132804904665265,42.29987489609491,0.4819108120032719,0.4819108134224301,4815.007393973215,64.039857228597,4748.873875473485,,,,1.25e-05,64.039857228597,0.2245968856981822,0.939471259003594,8.199321031570435,4815.007475353423,0.0971885366099221,0.0971885351907639
66,train,0.5015456990529132,0.9547959128695148,0.4165268207109102,0.259519234540001,0.2498298713596918,0.4165268211114791,0.5374818116987264,0.1182269325820348,20.46612793399441,0.4925966431056299,0.4925966578465636,4442.166912694132,30.28440077586841,4450.571777138244,,,,1.25e-05,,0.2162369540141474,0.9410639818637602,67.2822060585022,4442.166906295284,0.1016933438117786,0.1016933436916079
66,val,0.5526785708609081,0.8929501190072014,0.3782420286110469,0.2395149987368356,0.3022247041974749,0.3782420314493633,0.4689594230481556,0.2085829994508198,42.54087093898228,0.4910418518951961,0.4910418746017274,4660.491556803386,63.35889116923014,4611.646152935606,,,,1.25e-05,63.35889116923014,0.2280441714184624,0.9386905971027556,8.027274370193481,4660.491635277158,0.0970149966222899,0.0970149962675003
67,train,0.5010416667948487,0.9556905465420856,0.4164917639666988,0.258948415517807,0.2467165730332815,0.4164917622041958,0.5409944697573621,0.1197626578911978,19.28269490888042,0.4919789894934623,0.4919789955821088,4563.016990415512,28.83784137233611,4571.102184154369,,,,1.25e-05,,0.2168301743685558,0.9407498807676375,66.80646347999573,4563.0169984550885,0.1016763696266758,0.1016763695866189
67,val,0.5526785708609081,0.8794936991873241,0.3786247989961079,0.2463119342213585,0.3086322311844144,0.378624799705687,0.4588530652579807,0.2012359695065589,40.830797740391326,0.486217146828061,0.4862171510855357,4413.90277390253,61.842783700852166,4367.397833806818,,,,1.25e-05,61.842783700852166,0.2274257441361745,0.9385044830186028,8.18257737159729,4413.90280296689,0.097522300623712,0.0975222995593434
68,train,0.5009744623976369,0.9594473423816824,0.4174005974845219,0.258487238999336,0.2463340985198174,0.4174005993271387,0.5430809367568262,0.1189405493318073,20.317389208783386,0.491977588463855,0.491977600641148,4540.525828330748,30.30045474472866,4549.062274334327,,,,1.25e-05,,0.2170693917620566,0.9408589325925356,67.37129068374634,4540.52583460654,0.101816947381663,0.1018169476220043
68,val,0.5526785708609081,0.8720439984684899,0.3773780252252306,0.2467772506532214,0.3124485732544036,0.3773780238060724,0.4559628104879742,0.2015218926327569,41.22642953055246,0.4913967819440932,0.4913967862015679,4470.096598307292,62.27188419160389,4412.249301609849,,,,1.25e-05,62.27188419160389,0.2264511053051267,0.9391834026291256,8.018916130065918,4470.096595400855,0.0974774087468783,0.0974774101660365
69,train,0.5013440860215054,0.951812644959778,0.41572735682931,0.2602588892463714,0.2545858303545624,0.4157273591526093,0.5356529696333793,0.119991446554821,18.75020076638909,0.492491709448958,0.4924917203444307,4369.020877797117,28.55526230412145,4376.504811049953,,,,1.25e-05,,0.2183262441427477,0.94064520667958,67.40350580215454,4369.020539068407,0.1017922323637752,0.1017922325240027
69,val,0.5526785708609081,0.8652917799495515,0.3738433874788738,0.2495239703428177,0.3311212126697813,0.373843388898032,0.4425291071335475,0.2010535824866522,41.736764453706286,0.4807030814034598,0.4807030856609344,4513.115655808222,62.59195927211216,4469.122179805871,,,,1.25e-05,62.59195927211216,0.2349174008482978,0.9376793929508754,7.985580921173096,4513.115687779018,0.0956401658200082,0.0956401661747977
70,train,0.5002016129112372,0.9576361762580052,0.4178058656473313,0.2606833090865484,0.2516151342180467,0.4178058624427805,0.5432453688274148,0.120914883430927,19.76754568725504,0.4912960449213622,0.4912960567782002,4367.14251224969,29.477960891621088,4372.52427070181,,,,1.25e-05,,0.219299433692809,0.940647449224226,66.70470786094666,4367.142846856066,0.102446826074713,0.1024468261548268
70,val,0.5526785708609081,0.8809175250076112,0.3761198683863594,0.2454478329136258,0.3150956183671951,0.3761198676767803,0.454248451760837,0.2119651309081486,43.11102231343588,0.4772426670505887,0.4772426869188036,4720.418869745164,63.819788433256605,4658.135129616478,,,,1.25e-05,63.819788433256605,0.2331725841476803,0.9380529182297844,7.991865634918213,4720.418875558035,0.0975270565776597,0.0975270562228702
71,train,0.5006048387737685,0.9527478887829728,0.4166086046125299,0.2614174014938775,0.2544104245401198,0.4166086026096857,0.5393150626651703,0.1214527501574447,19.16396476376441,0.4919724153575077,0.49197242497116,4497.481986835439,28.66678229711389,4506.094878143414,,,,1.25e-05,,0.2198465097174849,0.940402643654936,68.09998822212219,4497.481984128234,0.1023259242616033,0.1023259241013757
71,val,0.5526785708609081,0.8655642938046229,0.3751266996065776,0.247031943429084,0.3211125227667036,0.3751266981874193,0.4500842718850998,0.2062721497246197,41.16916819981167,0.4764911617551531,0.4764911716892606,4482.9160882859005,62.243079412551154,4444.436301491477,,,,1.25e-05,62.243079412551154,0.230259657615707,0.9383500871204196,8.09507942199707,4482.915963309152,0.0946535311994098,0.0946535315541994
72,train,0.5016129032898975,0.9512668067729602,0.4158217496769402,0.2604131574432055,0.2522346204326999,0.4158217491161439,0.5362125640354489,0.1190214659217544,19.262001386252784,0.4937517093394392,0.4937517213565047,4415.699715563046,28.55915795603106,4423.202723031092,,,,1.25e-05,,0.2196972386170459,0.940206677042028,66.64053559303284,4415.700062577443,0.1017013611972973,0.1017013609970128
72,val,0.5526785708609081,0.8727320815835681,0.3779090430055346,0.2479376019466491,0.3176515130769639,0.3779090437151137,0.4554546085141954,0.2141376329319817,41.60160119192941,0.4827369238649096,0.4827369295415424,4618.629958379836,63.17834627060663,4572.828749408144,,,,1.25e-05,63.17834627060663,0.2294957822277432,0.9384511822745912,8.38472604751587,4618.629975818452,0.0965090422403244,0.0965090422403244
73,train,0.5004704301395724,0.9560691581297946,0.4165251057955526,0.2588087024707948,0.2500709112613432,0.4165251033120258,0.5394599469759132,0.1217862426914194,18.43788813519221,0.4948608936161123,0.4948608990638486,4377.46597642796,27.878734911641768,4384.65598909012,,,,1.25e-05,,0.2206350680320493,0.9400198151988368,67.1739227771759,4377.466323442357,0.1015359336730613,0.1015359331923787
73,val,0.5526785708609081,0.8780797166483743,0.3772674061003185,0.2421067030656905,0.3068334914389111,0.3772674046811603,0.4635189998717535,0.2095281605919202,42.36329723539807,0.4804977277914683,0.4804977263723101,4578.17823718843,62.81747064136324,4511.680489464962,,,,1.25e-05,62.81747064136324,0.2303081211589631,0.9382316129548208,7.874643802642822,4578.1781325567335,0.0954334920360928,0.0954334913265137
74,train,0.501377688300225,0.9551294814514858,0.4163641076414816,0.2587206034410384,0.246970238063925,0.416364111326715,0.5415122022712102,0.1180108424115886,18.12182771005938,0.493799455544,0.4937994643565147,4268.693920750772,27.140232819382863,4276.454318864096,,,,6.25e-06,,0.2210305995678388,0.9401382316825212,67.38456606864929,4268.693924442415,0.1012250461405323,0.1012250458601341
74,val,0.5526785708609081,0.8757933988457635,0.3777049439293997,0.2444688933236258,0.3084775940293357,0.3777049425102415,0.4601230380080995,0.2034521471886407,41.21207491556803,0.4982581706274123,0.4982581848189944,4502.974995930989,62.38135428655716,4439.811206794508,,,,6.25e-06,62.38135428655716,0.2292660900524684,0.9385219102814084,8.050174951553345,4502.97492327009,0.0972204041622933,0.0972204016787665
75,train,0.5012096775475369,0.9513094830577092,0.4158134148806654,0.2602629244968455,0.2518552458013898,0.4158134154414618,0.5360055951181278,0.1177606707418798,17.706107636933687,0.4939364971973563,0.4939365048882781,4216.658826602403,26.57648633116035,4224.299394991583,,,,6.25e-06,,0.220996968127707,0.940165021727162,68.32411551475525,4216.658825946111,0.1013204733771021,0.1013204729364764
75,val,0.5526785708609081,0.850056590068908,0.3736664943751834,0.255421254606474,0.3427864440849849,0.3736664986326581,0.4337422578107743,0.2027776168570632,41.15506608145578,0.484270243417649,0.4842702576092311,4415.891063871838,61.98916280837286,4382.234676846591,,,,6.25e-06,61.98916280837286,0.2356324515172413,0.9375325923874264,8.07270884513855,4415.891130719866,0.0958681305249532,0.0958681283962158
76,train,0.5007056452894724,0.9534616177120516,0.4163422530857465,0.2600201908298718,0.2500938979848738,0.4163422531658603,0.5373083224860571,0.1196466586001778,17.48077989906393,0.4924446759364938,0.4924446853899186,4159.283888334869,25.95543056406001,4167.355110348274,,,,6.25e-06,,0.2209973792715739,0.940099206342492,68.08342623710632,4159.283885873774,0.1017839944250481,0.10178399478556
76,val,0.5526785708609081,0.8733039058390117,0.3785703522818429,0.2458896487951278,0.3128154064927782,0.3785703473147891,0.4612701144956407,0.2073128638522965,40.93185115995861,0.4878469961030142,0.4878470188095456,4486.3638102213545,62.27683248974028,4435.91962594697,,,,6.25e-06,62.27683248974028,0.2287813027699788,0.9385873136066256,8.08199167251587,4486.363871256511,0.0987458080053329,0.0987458080053329
77,train,0.5008736560421605,0.9543963715594302,0.4163209120993332,0.259759406729411,0.2513331496106681,0.4163209127402433,0.5407429004628812,0.1194639318492463,17.72183640285205,0.4931999956087399,0.4932000113110388,4055.299862687306,26.572442731549664,4061.539407009549,,,,6.25e-06,,0.2209759554875794,0.940218985401174,66.91336941719055,4055.299856083368,0.1014471949348526,0.1014471946143975
77,val,0.5526785708609081,0.8773011962572733,0.3799712473437899,0.2463171801396778,0.3080036725316729,0.3799712416671571,0.4642381675186611,0.2085488275403068,40.7762762705485,0.4872756046908242,0.4872756075291407,4457.919413248698,62.1586978549049,4409.987843276515,,,,6.25e-06,62.1586978549049,0.228523660273779,0.9384199238958812,8.067522048950195,4457.919328962053,0.1003609856679326,0.1003609856679326
78,train,0.5014112902584896,0.9498673879331158,0.4154213210267405,0.2601025704574841,0.2535689982675737,0.4154213215074231,0.5384533200613273,0.1166435965006389,17.542823571030812,0.4946288152407574,0.4946288242134997,4214.212599887643,26.24052471755653,4222.179138717908,,,,6.25e-06,,0.221306770959849,0.9399855258644269,67.14399003982544,4214.212263866138,0.1012094388565709,0.101209439177026
78,val,0.5511904756228129,0.8735208085605076,0.3784776102928888,0.2462824426946185,0.3124585016852333,0.3784775996492022,0.4600979934136073,0.2082398565752165,40.90176736740839,0.4845801350616273,0.4845801520915258,4521.621904645647,62.5335324605306,4468.08173828125,,,,6.25e-06,62.5335324605306,0.2296919716256005,0.938425824755714,7.990498065948486,4521.621994745164,0.0981166462103525,0.0981166462103525
79,train,0.5006384408922606,0.9592896896985268,0.4167453161170406,0.2587434589382141,0.2538134766522274,0.4167453149954478,0.5443719442012489,0.1213176006911903,18.076225865271784,0.4944541782781642,0.4944541870906789,4377.6986509753815,27.02885632873864,4386.547521243111,,,,6.25e-06,,0.2222729292447849,0.939750297736096,67.43096256256104,4377.698990524456,0.1012915066813909,0.1012915066813909
79,val,0.5526785708609081,0.8826123816626412,0.377279485974993,0.2410665324756077,0.3018124642826262,0.377279485974993,0.4641213864088058,0.2068635076284408,41.52751995268322,0.4841965550468081,0.4841965692383902,4425.417774018787,61.97065707615444,4377.342705374053,,,,6.25e-06,61.97065707615444,0.2315760155518849,0.9380094777970088,8.049509286880493,4425.417599632627,0.0948788186623936,0.0948788197267623
80,train,0.5008736560421605,0.951372526505942,0.4158766523243919,0.260799826152863,0.2549310822480468,0.4158766520840506,0.5377020028329664,0.1161014991862479,17.691514707380726,0.4942251431044712,0.4942251562431294,4179.540095667685,26.57535455047444,4182.774724417021,,,,6.25e-06,,0.2227505622531778,0.9397018019871044,67.40569734573364,4179.54009062244,0.1019601253091648,0.101960125229051
80,val,0.5526785708609081,0.8720535891396659,0.3754765370062419,0.2465026052225203,0.3196275461287725,0.3754765334583464,0.4511070003112157,0.2080050639453388,41.98416210356213,0.4791179398695628,0.4791179469653538,4537.885355631511,62.86519059680757,4487.109659090909,,,,6.25e-06,62.86519059680757,0.2360385535728363,0.9373312138375782,8.742360830307007,4537.88522484189,0.0943171357115109,0.0943171342923527
81,train,0.5006720430107527,0.95182983865661,0.4159268704793786,0.2600943793051986,0.2531018330845782,0.4159268700788098,0.5396261778810332,0.117604598222721,17.278285867424422,0.495944437801197,0.4959444462932566,4143.119351048624,25.87835467246271,4151.285167943267,,,,6.25e-06,,0.2235752803183371,0.9393719284124272,67.00025677680969,4143.11934645458,0.1017576318274262,0.1017576318274262
81,val,0.5526785708609081,0.8661502173968724,0.3765226503213246,0.2471930703946522,0.3174007691088177,0.3765226446446918,0.453659536583083,0.2064284405538014,40.795652026221866,0.4865901115394774,0.4865901186352684,4447.589279901414,62.457045237223305,4402.02900390625,,,,6.25e-06,62.457045237223305,0.231300909604345,0.9378236447061812,7.950693845748901,4447.589227585566,0.0975101547581809,0.0975101551129704
82,train,0.5004704301395724,0.9486066245584076,0.4157657073710554,0.2615341499287595,0.2574995270659846,0.4157657069704866,0.5364742466518956,0.1192154593525394,16.41548341064043,0.4957077511215723,0.4957077642602305,3922.296417687529,24.57676669602753,3929.440308624165,,,,3.125e-06,,0.2238312825079887,0.9393638135284506,67.88314509391785,3922.296423471102,0.1014779103539323,0.10147791115507
82,val,0.5526785708609081,0.8767525951067606,0.3760544558366139,0.2428593855528604,0.3113389164209366,0.3760544558366139,0.4586819254216693,0.207313261216595,41.71179317292713,0.4779640989644186,0.4779641060602097,4566.317400251116,62.78884433564686,4512.716450639205,,,,3.125e-06,62.78884433564686,0.2339973023959568,0.9374786842437016,8.064566612243652,4566.317260742188,0.0939562561966124,0.0939562565514019
83,train,0.5008400537634409,0.950994794567426,0.4159624162380413,0.2610887821002673,0.2546123927158694,0.4159624143153108,0.5368707161997596,0.1187727486374237,16.927373919435727,0.4966563491090651,0.4966563612863581,3947.9164153068295,25.244284814403905,3955.637265333182,,,,3.125e-06,,0.2233112441596164,0.9394333916966632,67.69417977333069,3947.916412927771,0.1012867278149051,0.1012867269737105
83,val,0.5511904756228129,0.879581698349544,0.3773505985736847,0.244616497130621,0.3100173608178184,0.3773506056694757,0.458957444344248,0.2039410915403139,41.26897939046224,0.4946307937304179,0.4946308008262089,4448.1988845098585,62.07855369931176,4398.814527107008,,,,3.125e-06,62.07855369931176,0.2349930724927357,0.9371910464195978,7.903435945510864,4448.198936825707,0.0973206513694354,0.0973206513694354
84,train,0.5012432795058015,0.94667573593637,0.4153279032438032,0.262162522522993,0.2593655949158053,0.4153279011608451,0.5366986333442632,0.1186850524397306,16.72874158428561,0.4961455855318295,0.496145595786392,3977.7963420498754,25.04516016539707,3985.755442373359,,,,3.125e-06,,0.2243738893058992,0.9393054769244246,66.85205459594727,3977.796677292034,0.1021974197719045,0.1021974200523027
84,val,0.5526785708609081,0.8714989650817144,0.3767928133408229,0.2458727295909609,0.3156001511074248,0.3767928190174557,0.4562232082798367,0.2060168115865616,41.43989018031529,0.4752617151964278,0.4752617293880099,4546.375232514881,62.99684987749372,4485.487434895834,,,,3.125e-06,62.99684987749372,0.2330138087272644,0.93768443663915,8.079155445098877,4546.375342959449,0.0962696153493154,0.0962696139301572
85,train,0.5004368280210802,0.9534432191041208,0.4166622367757623,0.2611679809708749,0.2557714575080461,0.4166622399803131,0.5386870707315142,0.1185645066522142,16.679217218070903,0.4975473549096815,0.4975473643631063,4012.76776004094,24.812635647353307,4019.670008351746,,,,3.125e-06,,0.2239423480726057,0.9392962276294669,67.69046711921692,4012.7680960214266,0.1016461310848113,0.1016461304439011
85,val,0.5526785708609081,0.8766380179496038,0.3762345640432267,0.2439626739138648,0.313145895799001,0.3762345626240685,0.4571659039883387,0.2072281837463379,41.43953732081822,0.481157762663705,0.4811577754361288,4500.419785272507,62.55908748081752,4443.073035037879,,,,3.125e-06,62.55908748081752,0.2344547942990348,0.9376598993937174,7.9679789543151855,4500.419901529948,0.0942230955475852,0.0942230976763225
86,train,0.5001008065157039,0.9541824985575932,0.416617903578025,0.260383349833309,0.2538657006156701,0.4166179059814381,0.5405738705428698,0.1172006187499851,17.08915129528251,0.4972960003601607,0.4972960056476695,4003.971966569142,25.49645792540684,4010.600767933239,,,,3.125e-06,,0.2237235631353111,0.9393974420844868,66.83787989616394,4003.971292557255,0.1011040306459832,0.1011040311266658
86,val,0.5526785708609081,0.8869534645761762,0.3764188552186602,0.2434746594656081,0.3112572736683346,0.3764188580569766,0.4577771659408297,0.2061352357268333,41.82073429652623,0.5005217748028892,0.5005217861561548,4521.783825102307,62.59207017081125,4460.974488044508,,,,3.125e-06,62.59207017081125,0.2394621890215646,0.9366686230614072,8.256058931350708,4521.783859979539,0.0976926624065353,0.0976926648900622
87,train,0.5012096775475369,0.9477958236971208,0.4153256354633198,0.261477249764627,0.2573728897078063,0.4153256361843437,0.5328391963435758,0.1151586322374241,15.814443393420149,0.4955719696578159,0.4955719773487378,3898.7506880811466,23.7586415865088,3905.909909170645,,,,3.125e-06,,0.2243870260414256,0.9393816148081132,69.39656496047974,3898.751021518502,0.1012322819761691,0.1012322816156571
87,val,0.5526785708609081,0.8707276071820941,0.3770055288360232,0.2463199361449196,0.3162107467651367,0.3770055323839187,0.4562490220580782,0.2042947163184484,40.59428796314058,0.4818737393333798,0.4818737648782276,4472.44140625,62.2536510285877,4414.604622395834,,,,3.125e-06,62.2536510285877,0.2331139615603855,0.9379470036143348,8.631988763809204,4472.44137718564,0.0974596458531561,0.0974596433696292
88,train,0.5006384408922606,0.9497855807183893,0.4161442656029937,0.2619311866420571,0.258905386251788,0.4161442640808321,0.534417099890209,0.1178222946542245,16.409162336780177,0.4953225208546525,0.495322534954676,4102.08549118042,24.654106652864847,4109.6436397668085,,,,3.125e-06,,0.2245276057592002,0.939215749502182,66.71941637992859,4102.085164347002,0.1018941924376513,0.1018941919569687
88,val,0.5526785708609081,0.8766921503203255,0.3772945609830674,0.2450437900565919,0.312256436972391,0.377294558144751,0.458388660635267,0.2062295834933008,41.04275567190988,0.4897357452483404,0.4897357537632897,4483.14253452846,62.23647617158436,4428.331868489583,,,,3.125e-06,62.23647617158436,0.2347008969102587,0.937667259148189,8.140875339508057,4483.142467680432,0.0960452240847405,0.0960452244395301
89,train,0.5012432795058015,0.9484736296117948,0.4157435696932577,0.2620538588493101,0.2596603392433094,0.4157435681710961,0.5352445791165034,0.1175433950678956,16.224781077395203,0.4949899485675237,0.4949899581811761,4005.354810858285,24.52951349750641,4013.257086777607,,,,3.125e-06,,0.2244692778074613,0.9394669882071915,67.56816792488098,4005.355478553362,0.1016053619884675,0.1016053622288088
89,val,0.5526785708609081,0.8649342755476633,0.3758987557320368,0.2485827817803337,0.3225940756854557,0.3758987514745621,0.44974028638431,0.2035008227186543,40.46192096528553,0.4816924248422895,0.481692434776397,4363.53922235398,61.52230689639137,4304.283750591856,,,,3.125e-06,61.52230689639137,0.2346271609976178,0.937563453401838,8.142685890197754,4363.539248511905,0.0964441136235282,0.0964441129139491
90,train,0.5008064516449487,0.9483832029565687,0.4159724135953252,0.2623072973983262,0.260746608818731,0.4159724125939031,0.5364049984723009,0.1177683199245122,16.410859056698378,0.4954469878506917,0.4954469929779729,3949.966045482184,24.398027563607823,3957.409501817491,,,,3.125e-06,,0.224654365851674,0.9394657140777956,67.08032178878784,3949.96604464131,0.1019440431908894,0.1019440435113445
90,val,0.5526785708609081,0.8558201023510524,0.3755841248092197,0.2540621473675682,0.33635256758758,0.3755841255187988,0.4402033725664729,0.2023463967655386,41.28483963012695,0.4739458362261454,0.4739458575135186,4488.638945079985,62.66478656587147,4437.759132339015,,,,3.125e-06,62.66478656587147,0.2348902509326026,0.9377506375312804,8.186954259872437,4488.639026460193,0.096449185694967,0.0964491853401774
90,val_periodic_epoch_90,0.5526785708609081,0.8558201023510524,0.3755841248092197,0.2540621473675682,0.33635256758758,0.3755841255187988,0.4402033725664729,0.2023463967655386,41.28483963012695,0.4739458362261454,0.4739458575135186,4488.638945079985,62.66478656587147,4437.759132339015,,,,3.125e-06,,0.2348902509326026,0.9377506375312804,7.934664487838745,4488.639026460193,0.096449185694967,0.0964491853401774
91,train,0.5002688172683921,0.9490169273909702,0.4165208808356715,0.2635249543574549,0.2627939358353615,0.4165208786725998,0.5372432306088427,0.1172074527549807,16.733135610498408,0.4941632191660584,0.4941632252547048,3980.865398283928,24.88945034498809,3988.1231436270255,,,,3.125e-06,,0.2253214877939993,0.9392243896120338,67.10745239257812,3980.8653940180297,0.1018365218193941,0.1018365216191097
91,val,0.5526785708609081,0.8691013753414154,0.3774234099047525,0.2495080431302388,0.3210305692184539,0.3774234056472778,0.4518049543812161,0.2033745657120432,40.534846805390856,0.4812453687191009,0.4812453885873158,4400.373227074033,62.0272528330485,4342.417237807766,,,,3.125e-06,62.0272528330485,0.2344411987633932,0.9375025431315104,8.015269756317139,4400.373209635417,0.0977772552342642,0.0977772562986328
92,train,0.5008736560421605,0.951066753396424,0.4163012314708002,0.2620579690061589,0.2580931155431655,0.4163012296281835,0.538254385513644,0.115031271772359,16.31155237331185,0.4950531974274625,0.4950532078422526,3944.984936109153,24.558260604899417,3952.864310288349,,,,3.125e-06,,0.224997724897118,0.939220114741274,67.21698451042175,3944.984600990049,0.1019235855789594,0.1019235855789594
92,val,0.5526785708609081,0.8694460391998291,0.3774759705577578,0.248419810618673,0.3193727078891936,0.3774759663002832,0.454161517676853,0.2070335245558194,40.747763769967214,0.473740979319527,0.4737409849961598,4517.36309233166,62.33841759817941,4457.242273319129,,,,3.125e-06,62.33841759817941,0.2344369902497246,0.9375441528501964,7.973719358444214,4517.363167898996,0.0956480822392872,0.0956480811749185
93,train,0.5006384408922606,0.9508740567071464,0.4163879646408942,0.2619253864852331,0.2577702954251279,0.4163879659227145,0.5367534611654537,0.1150886322702131,15.78207988380104,0.4956673616042701,0.4956673708974674,3946.066225400535,23.976469291153773,3952.961233510232,,,,3.125e-06,,0.2249371197915846,0.9392469419587044,68.69034671783447,3946.06690064297,0.1018738211483083,0.1018738217091047
93,val,0.5526785708609081,0.8615097829273769,0.3756215302717118,0.2515849279505865,0.3298726181189219,0.37562153169087,0.4439761021307536,0.2033027758200963,40.71606935773577,0.4796369061583564,0.4796369089966729,4448.138924734933,62.21015049162365,4393.443767755682,,,,3.125e-06,62.21015049162365,0.2364478622164045,0.937250438190642,8.25468397140503,4448.138837541853,0.0956735305842899,0.0956735302295003
94,train,0.5006720430107527,0.9466513770241892,0.4157234532057598,0.2628119314710299,0.2616742659480341,0.4157234556091729,0.5327485351552886,0.1166258687053316,15.914691743030344,0.4965379672345295,0.496537977489092,3824.243012089883,23.86886098307948,3831.4183799872094,,,,3.125e-06,,0.2243400418790437,0.9393084875998958,68.6224958896637,3824.2430102440617,0.1012498704736591,0.1012498706338867
94,val,0.5526785708609081,0.8727114143825713,0.3771774243740808,0.247406012955166,0.3163481510820843,0.3771774272123973,0.4540570115759259,0.2050109424051784,40.65495609101795,0.4829322965372176,0.4829323036330087,4413.721391950335,61.72451582409087,4359.787932054925,,,,3.125e-06,61.72451582409087,0.2345464286350068,0.9375147904668536,8.136967658996582,4413.721284412202,0.0959856935909816,0.0959856914622443
95,train,0.5001008065157039,0.9490110741187168,0.4162153169833203,0.2624349888934884,0.2606283677842027,0.4162153178645718,0.5366590831388709,0.1168713334106629,16.000351757131597,0.4969861233426678,0.4969861351995058,3816.424731223814,24.10231344674224,3823.48367778123,,,,3.125e-06,,0.2250074935696458,0.9391813768494514,67.6468825340271,3816.4250677785567,0.1014304272029348,0.1014304272830486
95,val,0.5526785708609081,0.885095599151793,0.379265485065324,0.241971778018134,0.302698586668287,0.3792654871940613,0.4683637349378495,0.2126157748557272,40.99734106517973,0.4892512233484359,0.4892512304442269,4473.533514113653,62.06213515145438,4410.78105172822,,,,3.125e-06,62.06213515145438,0.2325912259873889,0.9378510344596136,7.83080267906189,4473.5334705171135,0.0976901813631966,0.0976901802988279
96,train,0.5009072580004251,0.9491023370014724,0.4158200867554193,0.2618415390932432,0.2582102659889447,0.4158200855537127,0.5354309602770754,0.1182015624538224,16.10452865785168,0.4965857249754731,0.4965857347493531,3798.6631478545487,23.851367481293217,3805.8670228694814,,,,1.5625e-06,,0.2246548888343636,0.939362015455,66.65340566635132,3798.662820877568,0.1013259033281957,0.1013259030477975
96,val,0.5526785708609081,0.8773725203105381,0.3784690428347814,0.2455360470783142,0.3107402019557498,0.3784690414156232,0.4606760995728629,0.2073486188337916,40.98279144650414,0.4879959296612512,0.4879959339187258,4501.090765090215,62.42509033566429,4445.004086766098,,,,1.5625e-06,62.42509033566429,0.2331438447747911,0.9379619757334392,8.111504793167114,4501.090674990699,0.098363843347345,0.0983638444117137
97,train,0.5010752687531133,0.9480033975134614,0.4158730621459663,0.2628128426850483,0.2607475956601481,0.4158730617453975,0.5346732558582419,0.1188755180206029,15.904201333240795,0.4955887767255947,0.4955887850574267,3896.377412324311,23.96321392572054,3903.913740370009,,,,1.5625e-06,,0.2256910516529955,0.9390552409233586,67.47423267364502,3896.3774112988544,0.101964314698532,0.1019643154195559
97,val,0.5526785708609081,0.8742928022430057,0.3788825003873734,0.2467551791951769,0.3124069159939175,0.378882497549057,0.4603513053485325,0.2084124955747808,40.55433781941732,0.4904276913120633,0.4904277083419618,4430.126025971912,62.03181257702055,4374.189414654356,,,,1.5625e-06,62.03181257702055,0.2323582264639082,0.9377838657015846,7.952786207199097,4430.125959123884,0.1002596730277651,0.1002596730277651
98,train,0.5010416667948487,0.9482374856228468,0.4158335445869353,0.2626306433030354,0.260540518469067,0.415833541222157,0.5349839986652456,0.1179053638611109,16.14343194038637,0.4956641240466025,0.4956641375057159,3774.933121670959,24.51748339847852,3780.615023156368,,,,1.5625e-06,,0.2253614523878661,0.939150107163255,68.38481330871582,3774.932784870107,0.1018462487927047,0.1018462485123065
98,val,0.5511904756228129,0.878678458077567,0.3779152560801733,0.2432992380289804,0.3081992048592794,0.3779152560801733,0.462924865030107,0.21115276714166,41.72530837286087,0.475597314891361,0.4755973290829431,4554.76902843657,62.53167733691988,4495.978397253788,,,,1.5625e-06,62.53167733691988,0.2341115687574659,0.9375490971973964,7.96721339225769,4554.768903459822,0.0952782098736081,0.0952782109379768
99,train,0.5006384408922606,0.9495507424236626,0.4162953498382722,0.2621709661137673,0.2581078349262155,0.4162953483161106,0.5356957772245972,0.1183960055431691,15.666639033184255,0.4964896035130306,0.4964896137675931,3848.143746693929,23.265247021951986,3855.7748122603807,,,,1.5625e-06,,0.2251422806612907,0.9392910423458264,67.27332353591919,3848.144090221774,0.1011032559858855,0.1011032557455442
99,val,0.5526785708609081,0.8691344545001075,0.3766411684808277,0.2490223802271343,0.3237582076163519,0.3766411713191441,0.4501260284866605,0.2073252573609352,41.636177244640535,0.4749725347473508,0.4749725418431418,4511.639011928013,62.61458206176758,4464.643800307766,,,,1.5625e-06,62.61458206176758,0.2358069668213526,0.9376444674673534,7.944699287414551,4511.638904389881,0.0964291198622612,0.0964291205718403
100,train,0.5004704301395724,0.945985363375756,0.4157746382938918,0.2637439435047488,0.2642652498938704,0.4157746379734367,0.5334076590195138,0.1148994196286445,15.939439850468789,0.4960068090949007,0.4960068246369721,3999.505744175244,24.009092082259475,4006.758435942268,,,,1.5625e-06,,0.2259464986542219,0.9389773398958228,68.1314492225647,3999.505744770009,0.1014315055342771,0.101431506615813
100,val,0.5511904756228129,0.8683440316291082,0.3771896631944747,0.2480931367192949,0.3188670447894505,0.377189658937,0.4536789435715902,0.2094840545739446,40.70404252551851,0.4806636926673707,0.4806636983440036,4474.269650413877,62.27230299086798,4421.778793797348,,,,1.5625e-06,62.27230299086798,0.2345077196756998,0.937661486012595,8.26857614517212,4474.269670758928,0.0968147150817371,0.0968147133077893
101,train,0.5012096775475369,0.9515443219933458,0.4162727274721668,0.2614989698093424,0.2565188744375782,0.4162727271517117,0.535919493725223,0.116151243067717,15.90450462987346,0.4972433374133161,0.4972433463860584,3869.290526031166,23.76550720584008,3876.867730014172,,,,1.5625e-06,,0.2252641022205352,0.939116955444377,67.1263542175293,3869.291202422112,0.1009540865898773,0.1009540867901617
101,val,0.5511904756228129,0.8855909478096735,0.3782473987057095,0.2425881361677533,0.3059123243604387,0.3782474001248677,0.4640095893825803,0.2112198461379323,41.65911011468796,0.4972742994626363,0.4972743051392691,4561.44093250093,62.77686237153553,4504.922940340909,,,,1.5625e-06,62.77686237153553,0.2354511136100405,0.9373342848959424,7.982639312744141,4561.441086542039,0.0960201415277662,0.0960201418825558
102,train,0.5010416667948487,0.9451301442359084,0.4153645864577703,0.2632538974285126,0.2627755375478857,0.4153645827725369,0.5309778892144721,0.1154622714365682,15.842634608668666,0.4964330891768138,0.4964331000722864,3964.320889093543,23.51641905435952,3972.088037171027,,,,1.5625e-06,,0.2256429369250933,0.9388367171569536,67.73195028305054,3964.321221874606,0.10111510889825,0.1011151086579087
102,val,0.5526785708609081,0.871659782670793,0.3758138851040885,0.2468621560505458,0.3195071482942218,0.3758138780082975,0.4515555948019027,0.2056615139756883,41.19358071826753,0.4789297240121024,0.4789297268504188,4454.466273716518,62.03959610348656,4399.46572265625,,,,1.5625e-06,62.03959610348656,0.2371279817251932,0.9374333364622932,8.07334017753601,4454.466273716518,0.0947567121613593,0.0947567114517802
103,train,0.5004704301395724,0.9484119873533968,0.4160945990713693,0.2630081962673894,0.2616148337882052,0.4160945978696628,0.5341609780506421,0.1194439721644245,15.623651307116273,0.4968106120183904,0.4968106265990964,3941.385551985874,23.58550249632969,3948.8854137484873,,,,1.5625e-06,,0.2255084910379943,0.9390766966727472,67.20902395248413,3941.3855540367854,0.1011809221198482,0.1011809219195637
103,val,0.5511904756228129,0.8654391169548035,0.3770883594240461,0.2496964512836365,0.3229859570662181,0.3770883608432043,0.4509068408182689,0.2067940426724297,41.16744613647461,0.4803176749320257,0.4803176735128675,4570.670529320127,62.81419245402018,4518.724760298295,,,,1.5625e-06,62.81419245402018,0.2344943490766343,0.937744589078994,8.03034520149231,4570.670636858259,0.0969267881342342,0.0969267877794447
104,train,0.5008400537634409,0.9469844455360084,0.4157879891735251,0.2629505693912506,0.2607576369598348,0.4157879899746628,0.5323807912007454,0.1143825389444828,15.114200510004515,0.4967816183643956,0.4967816305416886,3857.291104429512,22.878730373997843,3863.8590782499473,,,,1e-06,,0.2258400856967895,0.9389671334015426,66.85438203811646,3857.291104142384,0.1012392189473875,0.1012392188672737
104,val,0.5511904756228129,0.8795259013062432,0.37916081008457,0.2438712361313048,0.3070751783393678,0.3791608143420446,0.4655002085935502,0.2107288464903831,40.615856624784925,0.4921598519597734,0.4921598704088302,4502.108962286086,62.27559507460821,4444.642678740531,,,,1e-06,62.27559507460821,0.232139188618887,0.9378762926374165,8.206908226013184,4502.109043666294,0.0992649233057385,0.0992649250796863
105,train,0.5005040322580645,0.949188200696822,0.4160125329289385,0.2622666487129785,0.2589375902247685,0.4160125367743995,0.5359658587683913,0.1194713055807095,15.58263473869652,0.4966516142250389,0.4966516249602841,3958.026853233255,23.57508652697328,3965.8977834682273,,,,1e-06,,0.2259786227537739,0.9388154898920368,66.83834838867188,3958.026185333088,0.1012174662162539,0.1012174662563108
105,val,0.5511904756228129,0.875538645755677,0.37908916530155,0.2464325364146913,0.313283173810868,0.3790891582057589,0.461221613344692,0.2096358367374965,40.840325400942845,0.488383792695545,0.4883838026296525,4509.087007068452,62.373724074590776,4452.11171875,,,,1e-06,62.373724074590776,0.2327277951297305,0.9379743678229197,8.229451417922974,4509.086896623884,0.0988127663731575,0.0988127677923157
106,train,0.5006720430107527,0.9450918245379644,0.4154733504338931,0.2635315536491333,0.2638221577771248,0.4154733514753721,0.5321919865185215,0.1136223065756982,15.65468636379447,0.4966048944380976,0.4966049021290195,3866.6407506389,23.517745387169622,3874.1997273968527,,,,1e-06,,0.2261432145712196,0.9388812229197512,67.25733470916748,3866.6407522796303,0.1011086802489014,0.1011086806094133
106,val,0.5511904756228129,0.8647501340934208,0.3762005056653704,0.2506260914461953,0.3284253733498709,0.3762005042462122,0.446921753741446,0.2061334101571923,41.00299689883278,0.4813408440067654,0.4813408596175058,4516.953031994048,62.60164369855608,4466.254018702652,,,,1e-06,62.60164369855608,0.2362739032223111,0.9375019130252656,7.997223138809204,4516.95315406436,0.0961098699342636,0.0961098692246845
107,train,0.5005040322580645,0.9492177266267038,0.4158529477414264,0.2625595914420261,0.2613992526005673,0.4158529441763637,0.5340965738800424,0.1146682832309956,15.700050061748874,0.4969265781423097,0.4969265848718663,3895.136088607132,23.78942333754673,3902.9712540649,,,,1e-06,,0.2264089682890523,0.9387677635556908,67.18362617492676,3895.1357480120914,0.1011837458097806,0.1011837458097806
107,val,0.5526785708609081,0.8661666469914573,0.3758927626269204,0.249808757787659,0.326460036493483,0.3758927612077622,0.447217862520899,0.2086134169782911,41.53318541390555,0.4822744684559958,0.482274469875154,4548.553042457217,62.85013444083078,4496.613174715909,,,,1e-06,62.85013444083078,0.2377965095497313,0.9371703011648996,7.941072463989258,4548.552943638393,0.0948497411750611,0.0948497418846402
108,train,0.5004704301395724,0.9476050992486298,0.4161386719794683,0.2633439540382354,0.2625746941694649,0.4161386707777618,0.5365182312345633,0.1154153634223245,15.32624675381568,0.4963008524269186,0.4963008644439841,3800.6836146282894,23.18919369738589,3807.280410119259,,,,1e-06,,0.2261340085376975,0.9389196294610218,67.34881067276001,3800.683617007348,0.1013948185149059,0.1013948189955885
108,val,0.5526785708609081,0.8667430579662323,0.3762639938365845,0.2491815835237503,0.3232407647938955,0.3762639959653218,0.4493759884720757,0.2062171676329204,40.88658532642183,0.4803707968621027,0.4803708153111594,4464.25130498977,62.12794530959357,4414.200440932766,,,,1e-06,62.12794530959357,0.2369059537138257,0.937252802508218,7.982976913452148,4464.25143577939,0.0945515352345648,0.094551536653723
109,train,0.5004704301395724,0.9483113641379982,0.4159524199622934,0.2628077855033259,0.2597184764441623,0.4159524208435448,0.5342151633193416,0.1144969920397445,15.537046668350056,0.4971401691436767,0.4971401768345986,3941.938375657605,23.394981699605143,3949.220418047664,,,,1e-06,,0.226584144978113,0.9387688486165898,66.96028566360474,3941.938038754207,0.1012845220424795,0.1012845225231621
109,val,0.5526785708609081,0.8642825924214863,0.3759976809933072,0.2509224996680305,0.3283205770310901,0.3759976809933072,0.4458270420630773,0.2058793980450857,40.9700787862142,0.4849573487327212,0.4849573657626197,4471.219090053013,62.36264637538365,4421.500183475378,,,,1e-06,62.36264637538365,0.2370312001023973,0.9371777517454964,7.89936089515686,4471.219302222842,0.0950437589060692,0.095043757486911
110,train,0.5001008065157039,0.9463237198770688,0.415834712966155,0.2631395189191705,0.2625596840535441,0.415834714007634,0.5320571749120631,0.1153581949571768,15.115973341849545,0.4983039363738029,0.4983039434238147,3887.993197225756,22.849262032457577,3895.166968410505,,,,1e-06,,0.226553610335755,0.93883137709351,68.23468518257141,3887.9928568768246,0.1008978131958233,0.1008978139569041
110,val,0.5526785708609081,0.8686426821209136,0.3758544496127537,0.2488251222031457,0.3231416642665863,0.3758544467744373,0.4487906268664768,0.2070095801637286,41.04626019795736,0.4846957325935364,0.4846957453659603,4462.145432245164,62.15935153052921,4407.526343513257,,,,1e-06,62.15935153052921,0.2377463188909349,0.9368629483949572,8.555782794952393,4462.145420619419,0.0949482272068659,0.0949482275616555
111,train,0.5001008065157039,0.9441689749558768,0.4157154708299586,0.2643107812731496,0.2678664772100346,0.4157154726725752,0.5287770562434709,0.114696153109112,15.55766080015449,0.4963391641134856,0.49633917164418,3658.786512067241,23.17077473671205,3666.24947596078,,,,1e-06,,0.2265737422050968,0.9389104429752596,67.51188707351685,3658.786511410949,0.1020042274988466,0.1020042274988466
111,val,0.5526785708609081,0.8689043550264268,0.3771252178010486,0.2490012368985585,0.3204106092453003,0.3771252192202068,0.4517805775006612,0.2068974815663837,40.82711664835612,0.4930138176395779,0.4930138162204197,4462.645109630767,62.19410941714332,4408.310375236742,,,,1e-06,62.19410941714332,0.2363078757410957,0.9372081671442304,8.156017303466797,4462.645036969866,0.0970651879906654,0.0970651869262967
112,train,0.5006720430107527,0.9486159539671356,0.4160806690492937,0.2628673983197058,0.2605937051196252,0.4160806670063926,0.5344177278219372,0.1140899982663893,15.813247865246188,0.4977314114891072,0.4977314195004843,3901.209581395631,23.661781029034685,3908.85270231613,,,,1e-06,,0.2264589466234689,0.9388721312886924,68.48278164863586,3901.209919468049,0.1013370856883064,0.1013370857684202
112,val,0.5526785708609081,0.8703233173915318,0.3754829849515642,0.2481526959510076,0.3243391762177149,0.3754829806940896,0.4487179787386031,0.2051517200611886,41.09682310195196,0.4879872259639558,0.4879872358980633,4482.799627394903,62.32854552496048,4434.684804095644,,,,1e-06,62.32854552496048,0.2387227345080602,0.9368181994983128,7.995859622955322,4482.799688430059,0.0951396134637651,0.0951396145281337
113,train,0.5002688172683921,0.9482448809249426,0.4162651773502109,0.2630435274012627,0.2614356360288076,0.4162651790726569,0.536126891171099,0.1160758265484404,16.021226818843555,0.4973856026446947,0.4973856127390297,3922.406679420061,23.680770556132,3919.685006559738,,,,1e-06,,0.2265611077027936,0.9388620949560595,68.93076992034912,3922.406685449744,0.1013373813081172,0.1013373811078328
113,val,0.5526785708609081,0.8709689265205747,0.3774139348949705,0.2476798523040045,0.3165470219793774,0.3774139341853914,0.4547690649827321,0.2066024045149485,40.66554587227957,0.4872584413914453,0.4872584570021856,4436.079740978423,61.80538577125186,4385.659969815341,,,,1e-06,61.80538577125186,0.2363605846961339,0.9372257107780092,7.909037828445435,4436.07953171503,0.0965133571908587,0.0965133571908587
114,train,0.5008400537634409,0.9468911565760132,0.4156929949919383,0.262476109609168,0.2601378913367948,0.4156929937902317,0.5335127226607774,0.1157022718420272,15.296662822846445,0.4977666520944205,0.4977666642717135,3735.0656039330265,23.16347198845238,3741.980078412708,,,,1e-06,,0.2260130342616829,0.9389283016163816,66.3239483833313,3735.065599708147,0.1013856780945613,0.1013856785351871
114,val,0.5511904756228129,0.8623380064964294,0.3770720391046433,0.2512103645574479,0.3256975305931909,0.3770720433621179,0.448818883725575,0.2067818606183642,40.94418126060849,0.4784443520364307,0.4784443733238038,4518.823739188058,62.57083338782901,4465.039077296402,,,,1e-06,62.57083338782901,0.2350331296523412,0.9375664506639751,8.216362714767456,4518.823683965774,0.0976729332691147,0.0976729318499565
115,train,0.5004704301395724,0.94680111462711,0.415829704733946,0.2632327066153608,0.2624910432164387,0.415829702971443,0.5320413719902757,0.113583541505279,15.269479846441618,0.4980994257875668,0.4980994317159858,3823.780091111378,22.712973005028186,3831.24742537476,,,,1e-06,,0.2261980702319453,0.9388638093907344,66.79690051078796,3823.780092834144,0.1011939519836056,0.101193951863435
115,val,0.5526785708609081,0.8566191906020755,0.3739522468476068,0.2534705847501755,0.3402041608379,0.3739522525242397,0.4370062911794299,0.2051090869520391,41.50765228271485,0.4768525262673695,0.4768525404589517,4534.731253487723,62.78646033150809,4492.105442116477,,,,1e-06,62.78646033150809,0.2404175741331917,0.9367672999699912,7.999151706695557,4534.731189546131,0.0947763245730173,0.0947763242182277
116,train,0.5006384408922606,0.9445534595238264,0.4155102582868709,0.2637090126192697,0.2642225110402671,0.415510257565847,0.533697303224315,0.1120129937446245,15.180707031680692,0.4972463189273752,0.4972463319058059,3806.063255884314,22.907296619107647,3812.846876253584,,,,1e-06,,0.2267395723410832,0.9388028207004712,66.68984723091125,3806.0625802522063,0.1016564232207113,0.1016564236613371
116,val,0.5526785708609081,0.8579830286048707,0.3754916120143163,0.2521580329963139,0.3316556641033718,0.3754916120143163,0.4431613818520591,0.2052584929125649,40.89657819838751,0.4773988454114823,0.4773988411540076,4490.379458472842,62.53976286025274,4442.733925189394,,,,1e-06,62.53976286025274,0.2369203780378614,0.93695220493135,7.866299152374268,4490.379493350074,0.0961463469124975,0.0961463479768662
117,train,0.5006720430107527,0.9445500846511574,0.4154066870449692,0.2634051237856188,0.2648370428591646,0.4154066870449692,0.5311738629775342,0.1131245732828173,15.843127053271058,0.498271480843585,0.4982714907776925,3974.48061688741,23.555546734922675,3982.048879891855,,,,1e-06,,0.2264423246986122,0.9388196811240208,66.82308650016785,3974.4802924125424,0.1008383171853198,0.1008383168648648
117,val,0.5526785708609081,0.8692112366358439,0.3772807674748556,0.2490983236403692,0.3219486602715083,0.3772807667652766,0.4519461095333099,0.2056542865577198,41.075851531255815,0.4880370639619373,0.4880370668002537,4518.231613885789,62.56075740995861,4467.092859256629,,,,1e-06,62.56075740995861,0.2358322966666448,0.9373452266057332,7.959191083908081,4518.231602260044,0.0964518118472326,0.096451811492443
118,train,0.5005040322580645,0.9483413028140222,0.4155495157164912,0.2630124471841319,0.2645188634914736,0.4155495152358086,0.5324355032174818,0.1129896416258747,15.285616964422246,0.4985210988470303,0.498521107659545,3894.353999824934,23.18183191104601,3901.372699570576,,,,1e-06,,0.22622467865867,0.9390076328349368,67.39187574386597,3894.353666695216,0.1010542447848986,0.101054244664728
118,val,0.5526785708609081,0.8621069547675905,0.3758640757628849,0.2519676777578535,0.3313772735141572,0.3758640778916223,0.4438858266387667,0.2021001181786968,41.04325839451381,0.4811118216741653,0.4811118372849056,4521.195661272322,62.52144168672108,4474.170078716856,,,,1e-06,62.52144168672108,0.2378463887033008,0.9370219395274209,8.084505796432495,4521.1956467401415,0.0964859046396755,0.0964859042848859
119,train,0.5005040322580645,0.9466849852313276,0.4156620661097188,0.2629205642207976,0.2622984179886438,0.4156620651483536,0.5354030542476202,0.1147404385990994,15.809462754957137,0.4982071349056818,0.4982071462818371,3748.893994567215,23.69266296202137,3756.2713389078776,,,,1e-06,,0.2266908540360389,0.9389807921583936,68.7138102054596,3748.8943281686434,0.1013019624096091,0.1013019632908605
119,val,0.5526785708609081,0.8677816461949122,0.3767849306265513,0.2480319653238569,0.3200660113777433,0.3767849348840259,0.4527964024316697,0.2057231763998667,40.81086730957031,0.4811674186161586,0.481167428550266,4451.299871535528,62.11419995625814,4397.329474431818,,,,1e-06,62.11419995625814,0.2351499980404263,0.9373864304451716,7.964660882949829,4451.299891880581,0.0970994652736754,0.0970994642093068
120,train,0.5007056452894724,0.9463604470734956,0.4155242419851723,0.2631151440643495,0.2638019265667085,0.4155242414243759,0.5325249076210042,0.114271752636439,15.685599247614542,0.4980723841856884,0.4980723954016162,3861.516316485661,23.37899947422807,3868.930775590377,,,,1e-06,,0.2271741660692358,0.938868598912352,66.73046588897705,3861.516315665296,0.1013088275187759,0.1013088273986052
120,val,0.5511904756228129,0.8716928291888464,0.3758901400225503,0.2487593122891017,0.3247498571872711,0.3758901435704458,0.4484665478978838,0.206007155634108,41.45974131992885,0.4900869372345152,0.4900869400728316,4546.558413550967,62.78617668151856,4493.76415719697,,,,1e-06,62.78617668151856,0.2395278378611519,0.9367754203932626,8.243096351623535,4546.558480398996,0.0954004930598395,0.0954004902215231
120,val_periodic_epoch_120,0.5511904756228129,0.8716928291888464,0.3758901400225503,0.2487593122891017,0.3247498571872711,0.3758901435704458,0.4484665478978838,0.206007155634108,41.45974131992885,0.4900869372345152,0.4900869400728316,4546.558413550967,62.78617668151856,4493.76415719697,,,,1e-06,,0.2395278378611519,0.9367754203932626,8.332106113433838,4546.558480398996,0.0954004930598395,0.0954004902215231
121,train,0.5010416667948487,0.9460265607603134,0.4153390046890064,0.2629071768092852,0.2632597414876825,0.4153390031668447,0.5310127333767952,0.1153901422656672,15.28548671865976,0.4988047703299471,0.4988047849106532,3717.4779282436575,23.27818797224312,3724.4232140537865,,,,1e-06,,0.2267150229984714,0.9388588711779604,67.42384552955627,3717.4779285307854,0.1011362703897619,0.1011362698690224
121,val,0.5511904756228129,0.86337092093059,0.3771538081623259,0.2510868970836912,0.3254990769284112,0.3771538067431677,0.4490529057525453,0.2038459401755105,40.622952506655736,0.4903142296132587,0.4903142409665244,4469.227608816965,62.23120934622629,4419.82060250947,,,,1e-06,62.23120934622629,0.2353323236817405,0.9375787065142676,7.971063613891602,4469.227664039248,0.0985782089687529,0.0985782103879111
122,train,0.5004704301395724,0.946111092323898,0.4157710285276495,0.2631680438274978,0.2647327082131498,0.4157710302901524,0.5335290524908292,0.1110708873759033,14.766656680773664,0.4991066691375548,0.4991066761875665,3737.692919269685,22.48363531533108,3745.132102848143,,,,1e-06,,0.2264951990656955,0.9389505408784394,67.80989956855774,3737.692918592884,0.1009884755057032,0.1009884755457601
122,val,0.5511904756228129,0.8713869140261695,0.3778259718701953,0.2474442081792014,0.3176686423165457,0.3778259747085117,0.4560949639195487,0.2081206362871896,40.8906364440918,0.4840133133388701,0.4840133360454014,4492.403945196243,62.40308452787853,4432.883460582387,,,,1e-06,62.40308452787853,0.2344676199413481,0.937740405400594,7.858102321624756,4492.403741745722,0.0982736327818461,0.0982736334914252
123,train,0.5008736560421605,0.9458210856042882,0.4155513659440061,0.263270106927682,0.2626635092560963,0.4155513648224133,0.534454366252307,0.1125977044344268,15.580980165030368,0.4987668568088162,0.4987668632179178,3708.476193458803,23.190090123043262,3715.517742323956,,,,1e-06,,0.2267245248921456,0.938801234447828,67.47028088569641,3708.4761948124055,0.1013912460416235,0.1013912466424767
123,val,0.5526785708609081,0.8642622643993014,0.3760332763195038,0.2516050906408401,0.3297633769966307,0.3760332734811873,0.4446570234639304,0.2040248137144815,40.71568452744257,0.4896365773110163,0.4896365900834401,4438.825895763579,62.10877491178967,4387.863751775568,,,,1e-06,62.10877491178967,0.2387357567037855,0.9370214286304656,8.147297143936157,4438.825875418527,0.0970719552465847,0.0970719545370056
124,train,0.5010752687531133,0.9449372286758116,0.4151636173808447,0.2630790721184464,0.2638673862462403,0.4151636191433476,0.5312501971199307,0.1138304166335572,15.1897987627214,0.4991497386206863,0.4991497533616199,3695.270691902407,22.837151927332723,3702.625962896379,,,,1e-06,,0.2267400308321881,0.938788741506556,66.99373698234558,3695.2710261601273,0.1011414652469978,0.1011414653271116
124,val,0.5511904756228129,0.872916355019524,0.3777234284650712,0.2473760914234888,0.3175128535145805,0.3777234298842294,0.4559223559640702,0.2050013169646263,40.911274955386205,0.4948314201264154,0.4948314229647318,4559.388968331473,62.53302383422852,4502.239388020834,,,,1e-06,62.53302383422852,0.2362595853351411,0.93705857083911,8.210752725601196,4559.388965425037,0.096897844402563,0.0968978433381943
125,train,0.5007056452894724,0.9490721882671438,0.4156379330382552,0.2628467252818487,0.2623167225430088,0.4156379319166624,0.5375678337990276,0.1132701427465485,15.676097641709031,0.498713317898012,0.4987133230252932,3869.6025450511647,23.375641107559204,3877.4532050649727,,,,1e-06,,0.2273669831695095,0.938647827794475,66.84929299354553,3869.602546117639,0.1016210145767658,0.1016210146568795
125,val,0.5511904756228129,0.8695751669861022,0.3772238471678325,0.2483776665869213,0.3189193074192319,0.3772238500061489,0.4532020170064199,0.2064341228632699,40.885227839152016,0.4929008200055077,0.4929008214246659,4475.926539829799,62.12861115591867,4417.939612926137,,,,1e-06,62.12861115591867,0.2369291349535896,0.9368892113367716,7.870133876800537,4475.926560174851,0.0966391772741363,0.0966391762097676
126,train,0.5010752687531133,0.9444375392249836,0.4151680778752091,0.2633115419296808,0.2659994332540419,0.4151680777149816,0.5309756185899499,0.1100801549531439,15.783259776330762,0.4993718731146986,0.4993718812863032,3883.212361653646,23.65313011087397,3890.9355304859305,,,,1e-06,,0.2272110817733631,0.9388077688473528,66.6761314868927,3883.212023458173,0.1014417591354539,0.1014417589351695
126,val,0.5511904756228129,0.8743592912242526,0.3782140782901219,0.2460920945519492,0.3125192962941669,0.3782140811284383,0.4594138555583499,0.2055043741351082,40.83042925880069,0.4903192945889064,0.4903193016846974,4476.128734770276,62.038458778744655,4416.273123816288,,,,1e-06,62.038458778744655,0.234926599122229,0.9373155151094708,8.12515115737915,4476.128705705915,0.0978060205067907,0.0978060205067907
127,train,0.5004704301395724,0.9456695992779988,0.4155830558269254,0.2640118269670394,0.2671242807340878,0.4155830562274943,0.5297197293570285,0.1124701574244486,15.463636811061573,0.4992815948301746,0.499281604764282,3733.3043652401175,23.3569245210258,3740.390902042068,,,,1e-06,,0.2272905703353625,0.9385875418622006,65.98696851730347,3733.30436612201,0.1011639700862028,0.1011639702063734
127,val,0.5511904756228129,0.8684287127994356,0.3777203645024981,0.2486568760304223,0.3202827402523586,0.3777203715982891,0.4541942094053541,0.2047581395932606,41.273963928222656,0.4822538069316319,0.4822538182848975,4565.774466378348,62.836190723237536,4508.332993016098,,,,1e-06,62.836190723237536,0.2350188699506578,0.9376148609887986,7.873158931732178,4565.774611700149,0.0976456907533463,0.0976456896889777
128,train,0.5001008065157039,0.944052960603468,0.4155153733908489,0.2640869771280596,0.2663093717187964,0.4155153738715315,0.5278326816936975,0.1124832218172409,14.927002694017144,0.4998515060832423,0.4998515176196252,3726.4706867177,22.36588514492076,3733.510177581479,,,,1e-06,,0.2275002415301979,0.9386276647608768,66.30528926849365,3726.470690778506,0.1012560142384421,0.1012560147591816
128,val,0.5511904756228129,0.8763346076011658,0.3783678767226991,0.2450604147854305,0.3105944586651666,0.3783678753035409,0.4615777603217533,0.2049261746662003,40.93990089779808,0.49223783044588,0.4922378474757785,4481.877923874628,62.173066820417134,4419.663802083333,,,,1e-06,62.173066820417134,0.2344829702661151,0.9375636180241904,8.071041345596313,4481.87787155878,0.0985906010582333,0.0985906007034438
129,train,0.5008736560421605,0.944947134262772,0.4151470384770824,0.2629895572380353,0.2631141291029991,0.415147036153783,0.5296644804378351,0.1118774636378211,15.27752144362337,0.5014010664596352,0.5014010768744254,3809.524000065301,23.196661513338807,3816.985783268065,,,,1e-06,,0.2270556491228842,0.9386750978808248,66.63489699363708,3809.52400383898,0.1005624625230989,0.10056246212253
129,val,0.5511904756228129,0.8697912976855323,0.3777825285991033,0.2486080967244647,0.3194435593627748,0.3777825307278406,0.4543438113871075,0.2059565967037564,41.13891864958264,0.4885054500330062,0.4885054656437465,4519.184279668899,62.60363978431339,4462.790651633522,,,,1e-06,62.60363978431339,0.2353280697550092,0.9374096705800012,8.236834049224854,4519.184209914434,0.0977715505730538,0.097771551992212
130,train,0.5005040322580645,0.9435539197537208,0.4151426584169428,0.2641106133339225,0.2674406230930359,0.415142658016374,0.5321021901984369,0.1096790248067468,15.089098958558932,0.5001597769798771,0.5001597857923918,3819.217083961733,22.720949224246446,3826.55101967757,,,,1e-06,,0.2276360632110667,0.9385470100628432,68.41201281547546,3819.217078711397,0.1010857526893897,0.1010857529697879
130,val,0.5511904756228129,0.864876409371694,0.3764246787343706,0.2507124089059375,0.3276989069722947,0.376424674476896,0.4472990575290861,0.2035632750817707,41.13394074212937,0.4900911705834525,0.4900911705834525,4572.618416922433,62.853575206938245,4521.387482244319,,,,1e-06,62.853575206938245,0.2376683907849448,0.9370134671529134,7.987635850906372,4572.618332635789,0.0958395451307296,0.0958395454855192
131,train,0.5010752687531133,0.944504713499418,0.4149950091396608,0.2634317507987381,0.2654489313242256,0.4149950094601159,0.5301594687725908,0.1102340618769327,15.095677093792988,0.5006219023658384,0.500621913261311,3739.240531941896,22.30674635979437,3745.963411417232,,,,1e-06,,0.2278659431043491,0.9386655233239616,69.18207097053528,3739.240533787717,0.1012015861449062,0.1012015859846786
131,val,0.5511904756228129,0.8707557164487385,0.3779680544421786,0.2475180320796512,0.3167075536080769,0.3779680487655458,0.4567508271762303,0.2039420718238467,40.69157109941755,0.4921748538812001,0.4921748737494151,4492.2445562453495,62.21950739905948,4431.841722892992,,,,1e-06,62.21950739905948,0.2350398380131948,0.9374904888016836,7.948904991149902,4492.244634719122,0.0993681337152208,0.0993681333604313
132,train,0.5007056452894724,0.94405875859722,0.4149519442230142,0.2636152048425008,0.2667811187685177,0.4149519450241519,0.5308728394729476,0.1103269444998874,14.98466315064379,0.5012081233404015,0.5012081335949642,3702.853396713093,22.79714584863314,3710.257853138728,,,,1e-06,,0.2277006116765801,0.9385399824829512,68.73633098602295,3702.8537421277774,0.1005529618311312,0.1005529615106762
132,val,0.5511904756228129,0.8680494257381984,0.3785247930458614,0.2491368367558434,0.3187601559218906,0.3785247958841778,0.4561477828593481,0.2028083645162128,40.47251837594168,0.4994233860856011,0.499423405953816,4425.355172293527,61.99430147806803,4368.916426964962,,,,1e-06,61.99430147806803,0.2335267790726252,0.9376874282246545,7.9789958000183105,4425.355125790551,0.1017728231492496,0.1017728245684078
133,train,0.5003024193868842,0.9427386913248288,0.4150955299696615,0.2640803188726466,0.2665222316018997,0.4150955294889788,0.5267188626752105,0.1115504771430966,14.775329130952075,0.5011177253659054,0.5011177437920724,3697.869489034017,22.40862199311616,3704.4190114030935,,,,1e-06,,0.2276914556340504,0.9385563471624928,70.12906885147095,3697.869154817314,0.1012411160414577,0.1012411160014009
133,val,0.5526785708609081,0.876088179293133,0.3758850608553205,0.2478714620783215,0.3232534705173401,0.3758850615648996,0.4495054980119069,0.2037039849729765,41.31482069832938,0.5022463500499725,0.5022463585649218,4514.990397135417,62.49014445713589,4462.22558297822,,,,1e-06,62.49014445713589,0.2418732962438038,0.936371658529554,7.918745517730713,4514.990368071057,0.0968828016803378,0.0968828020351273
134,train,0.5005040322580645,0.941674588348276,0.4147421736871042,0.2644694302511471,0.2693930683276986,0.4147421723251702,0.5312014681597551,0.1120987075871677,15.010580965267714,0.5009435402449741,0.5009435511404469,3623.7991410532304,22.343824778833696,3631.146525224371,,,,1e-06,,0.2277445928544126,0.9385931969329876,68.80573892593384,3623.7991368898784,0.1016999965393415,0.1016999966595121
134,val,0.5526785708609081,0.8694393592221397,0.3768545389175415,0.2470538233007703,0.3174806996470406,0.3768545417558579,0.4543764498971757,0.2043025025299617,40.75034523010254,0.4885205782595135,0.4885205938702538,4487.933500744048,62.21679841904413,4428.590512547348,,,,1e-06,62.21679841904413,0.2360547057219914,0.93695695911135,7.893306255340576,4487.933587937128,0.0969670269460905,0.0969670269460905
135,train,0.5005040322580645,0.9438114257589464,0.4151514519446639,0.2642263355915264,0.2681242515162755,0.4151514537071669,0.5290479696485945,0.111539623690068,15.114671776371615,0.5012325790300164,0.5012325915277646,3689.598330056796,22.685772726612708,3696.1435292459096,,,,1e-06,,0.2283305704433431,0.9383862829336556,66.49462676048279,3689.598336414624,0.1011924009409643,0.101192401021078
135,val,0.5526785708609081,0.8696557198251996,0.3768826538608187,0.2476716992400941,0.3179450127340498,0.3768826538608187,0.4535366254193442,0.2018942730057807,40.887473605927966,0.4945387371948787,0.4945387471289861,4465.7813226609005,62.15496408371698,4409.930519057765,,,,1e-06,62.15496408371698,0.2363558603184563,0.9370602823439098,8.006726026535034,4465.781215122768,0.0969334028306461,0.0969334035402252
136,train,0.5008736560421605,0.9433468275813646,0.4147549088123024,0.2633058987157319,0.2653874739684084,0.4147549120168532,0.529358165679119,0.1100663324637759,14.80751867704494,0.5018903537783571,0.5018903624306443,3586.4807324973485,22.108448064455423,3593.504189827145,,,,1e-06,,0.2278331142439637,0.9384444577078666,66.91946125030518,3586.4807306925454,0.1008693539006735,0.1008693535802185
136,val,0.5526785708609081,0.8665983449845087,0.3772986070031211,0.2493435094753901,0.3214616931620098,0.3772986041648047,0.4521366946754001,0.2033518421508017,40.80171348935082,0.4912560936950502,0.4912561036291576,4485.809547061012,62.335985002063566,4428.862064985796,,,,1e-06,62.335985002063566,0.2352897475163141,0.9374185090973264,7.966150283813477,4485.809579031808,0.0983190969342277,0.0983190997725441
137,train,0.5008736560421605,0.9412312135901504,0.4146638958845087,0.264475246831294,0.2698299651665072,0.4146638935612094,0.5249903803310727,0.1084686738228605,14.864310669642622,0.5034310337035887,0.5034310434774686,3661.008325966456,22.59882700315086,3668.2505304612696,,,,1e-06,,0.2277579108072865,0.9385913197071322,67.50543570518494,3661.008658542428,0.1006207672418445,0.1006207673219583
137,val,0.5526785708609081,0.8639086101736341,0.3751613511925652,0.2519886358862832,0.3340529934281394,0.3751613540308816,0.4418718545209794,0.2031483075448445,41.3746140797933,0.4967959551584153,0.4967959622542063,4540.721604120164,62.72510156177339,4491.505270478219,,,,1e-06,62.72510156177339,0.2405642526490347,0.9364103107225328,7.927291631698608,4540.721615745908,0.096019012587411,0.0960190111682528
138,train,0.5008400537634409,0.9416933035658251,0.4146854427232537,0.2642098783805806,0.2678630583549058,0.4146854435243914,0.5296967651254387,0.1096254593983132,15.011486197030672,0.5032490740219752,0.5032490825140348,3724.1963821124,22.540743512492025,3731.733470744637,,,,1e-06,,0.2278393893152155,0.93851020643788,66.74081778526306,3724.196724614789,0.1007487324056446,0.1007487319650188
138,val,0.5526785708609081,0.8694721290043422,0.3764268777200154,0.2482044278156189,0.3217564523220062,0.3764268770104363,0.4511399730330422,0.2043467586239179,41.176880518595375,0.4922002454598744,0.4922002568131401,4526.126104445684,62.43988772800991,4472.197241950757,,,,1e-06,62.43988772800991,0.2381314500456764,0.9370052331969853,9.098103046417236,4526.126145135789,0.0963752670657067,0.0963752663561276
139,train,0.5008400537634409,0.9396709868664382,0.4143802016492813,0.2647896863279804,0.2719101685509887,0.4143801994862095,0.5268592642600177,0.1084675044221903,14.830281380684143,0.5036034561613555,0.5036034619295469,3691.667801354521,22.199034583184027,3698.307548055424,,,,1e-06,,0.2277585690220197,0.9385652381886718,67.6615960597992,3691.6677957350207,0.1011136043215951,0.101113604361652
139,val,0.5526785708609081,0.8622606027693975,0.3764013193902515,0.2513809871105921,0.3283996894246056,0.376401315842356,0.4466077131884439,0.2051737265927451,41.02097411382766,0.492519226812181,0.4925192452612377,4548.339503696987,62.808084578741166,4497.381693892045,,,,1e-06,62.808084578741166,0.2367436708438964,0.9372186972981408,8.286494493484497,4548.339582170759,0.0973678727944691,0.0973678738588378
140,train,0.5008064516449487,0.943252371844425,0.4145473343550518,0.2647658036921614,0.2711739398298725,0.4145473341948242,0.5251975859845838,0.1085486513792827,15.465176546445456,0.5038345592316761,0.503834574933975,3772.105923621885,22.830675299449634,3779.147129436454,,,,1e-06,,0.2279248433888599,0.938535923598915,69.21566653251648,3772.106261817358,0.1011268830587787,0.1011268834994044
140,val,0.5526785708609081,0.8650935235477629,0.3741880570139204,0.2514411509037018,0.3356623436723436,0.3741880541756039,0.4401808821019672,0.2038181644110452,41.78118533179874,0.4949781014805748,0.4949781142529987,4567.659923735119,62.92138353983561,4522.171431107955,,,,1e-06,62.92138353983561,0.2419769111133757,0.9364336501984368,8.032151460647583,4567.659880138579,0.0961915066554432,0.0961915066554432
141,train,0.5011760752688172,0.9394503166919114,0.41450892821435,0.2650618094910857,0.2709814307670439,0.4145089270126435,0.5254143246559686,0.1073544125763639,14.763379453330913,0.5045320045563483,0.5045320128881803,3648.945170863982,22.34557983439456,3656.0861788663,,,,1e-06,,0.2278969047531004,0.9385685478487322,68.5081856250763,3648.945171356201,0.1009591287502678,0.1009591288303816
141,val,0.5526785708609081,0.8623804350694021,0.3765961002735865,0.2508874159483683,0.3253243466218312,0.3765961024023238,0.4480400000299726,0.2041343053181966,40.80702318464007,0.5021864033880687,0.5021864090647016,4439.226789202009,62.29177039010184,4389.155311908144,,,,1e-06,62.29177039010184,0.2357329917805535,0.9372283021608988,7.94272780418396,4439.226792108445,0.0988283405701319,0.0988283402153423
142,train,0.5007056452894724,0.9385951393714516,0.4141938693581088,0.2649414828547867,0.2724327480280271,0.4141938698387915,0.5259995517391031,0.1062361545540312,15.069727195206507,0.5045116639906361,0.504511674084971,3773.46352164976,22.47484569139378,3780.600308607725,,,,1e-06,,0.227811419354972,0.9385317003214232,68.28794288635254,3773.46351955783,0.1011260448684615,0.1011260448684615
142,val,0.5511904756228129,0.8608450619947343,0.376258923184304,0.2516194404590697,0.3281677691709427,0.3762589260226204,0.4460052116995766,0.202662709568228,40.72130330403646,0.4948643715608687,0.4948643928482419,4467.987856910342,62.18145906357538,4408.853929924242,,,,1e-06,62.18145906357538,0.2366967385723477,0.9371601655369712,7.959956884384155,4467.98773484003,0.096837760082313,0.0968377604371025
143,train,0.5012768817845211,0.9359893449532088,0.4135487118074971,0.265896694394209,0.2765850520903064,0.4135487124484072,0.5224317202484736,0.1056167631339962,14.513008507349156,0.5050754066436521,0.5050754141743465,3739.308919045233,22.00446883581018,3746.373284090087,,,,1e-06,,0.2278828962195304,0.9384263939754938,67.82952356338501,3739.308921198691,0.1006884430685351,0.1006884424276249
143,val,0.5511904756228129,0.8712965661571139,0.377992502280644,0.2471289173478172,0.3157101670900981,0.3779925029902231,0.4575131443284806,0.2052210629695937,41.06209764026461,0.500133080141885,0.5001330985909417,4531.828433082217,62.67933164324079,4466.022369199811,,,,1e-06,62.67933164324079,0.2346681583495367,0.9373297208831424,7.9796741008758545,4531.828456333706,0.0997826506694157,0.099782648895468
144,train,0.5009744623976369,0.93878176888471,0.4143124540005961,0.2657896808238439,0.2739854154567565,0.4143124550420751,0.5251013632983931,0.1068800995026224,14.86661083467545,0.5057967867582075,0.505796800858231,3756.3231918991255,22.47155307441629,3763.160701106936,,,,1e-06,,0.2282333063983148,0.9385987164512756,68.94526839256287,3756.32319107876,0.1009280834226839,0.100928083382627
144,val,0.5526785708609081,0.8638006505512056,0.3754053250664756,0.2512000586305346,0.3287102558783122,0.3754053222281592,0.4440028227510906,0.2025539506049383,41.44616254170736,0.497316837310791,0.4973168429874238,4513.718918573289,62.45849246070499,4457.225662878788,,,,1e-06,62.45849246070499,0.2395179314272744,0.936523471559797,8.255261182785034,4513.7189040411085,0.09542704444556,0.09542704444556
145,train,0.5006720430107527,0.9396488447022694,0.4143033204700357,0.265428659095559,0.2741994216076789,0.4143033213512871,0.5247848148067151,0.105611078080631,15.62722658854659,0.5054779925974466,0.5054780031724643,3900.710677936513,23.44760020573933,3908.1289670385495,,,,1e-06,,0.228187882772056,0.9385349564654852,67.97607111930847,3900.7106855248894,0.1012944198183475,0.1012944211001678
145,val,0.5526785708609081,0.8640340467294058,0.3755423156988053,0.2500838516723542,0.3279634089696975,0.3755423156988053,0.445991385550726,0.205953564672243,41.62264460609073,0.4888648050171988,0.4888648050171988,4616.211324055989,63.08858635312035,4562.198845880682,,,,1e-06,63.08858635312035,0.2380233392828986,0.9369489664123172,8.3011314868927,4616.211376371838,0.0949222793181737,0.0949222803825423
146,train,0.5010416667948487,0.9359694994905944,0.4138260885912885,0.266363107148678,0.2785076856292704,0.4138260873895819,0.5217720992783065,0.1059995510324996,14.8091161558705,0.5066893353898038,0.5066893470864142,3709.746316397062,22.24339190862512,3716.711041157013,,,,1e-06,,0.2283151586369801,0.9384985739184964,66.63869905471802,3709.746653895224,0.1008759904452549,0.1008759896841741
146,val,0.5526785708609081,0.8586032277061826,0.3748873834099088,0.2531134826796395,0.3357332902295248,0.3748873834099088,0.4396944124074209,0.2024220135949906,41.08197103227888,0.4971277472518739,0.4971277742158799,4528.960553850447,62.58700588771275,4476.88789358428,,,,1e-06,62.58700588771275,0.2401332798458281,0.9367122025716872,8.00849461555481,4528.960600353423,0.0960750253427596,0.0960750260523387
147,train,0.5007056452894724,0.9359534152092472,0.4135278867938185,0.2659951712815992,0.2771502780497715,0.4135278877551838,0.5202686930055259,0.106012399378483,14.410626003819129,0.5072803239348114,0.5072803351507392,3608.062889345231,21.868725510053736,3612.84333874224,,,,1e-06,,0.2285457397660901,0.9385157368516408,67.09359455108643,3608.062890329669,0.1008770507109421,0.1008770500299751
147,val,0.5526785708609081,0.8617001615819477,0.3745492100715637,0.2511985649665196,0.3332766223521459,0.3745492100715637,0.4419274748790832,0.2034039224187533,41.55529040382022,0.4933754830133347,0.4933754915282839,4604.823468889509,62.88856751578195,4552.100819720644,,,,1e-06,62.88856751578195,0.2412756794974917,0.9361499775023688,7.997549533843994,4604.8233642578125,0.0946128584799312,0.0946128591895103
148,train,0.5010416667948487,0.9341205901676608,0.4133899274372285,0.2667628660477618,0.2811399598115234,0.4133899263957495,0.5201767131445869,0.1047690869659505,14.892304802453646,0.5067442827006822,0.5067442943972926,3754.164129810949,22.581466587640907,3761.532236940532,,,,1e-06,,0.2289417217816076,0.9383516568009572,68.45030331611633,3754.164131164551,0.1010370171999418,0.1010370172399987
148,val,0.5526785708609081,0.8568572132360368,0.3762046680563972,0.253661709172385,0.3316438041982196,0.3762046708947136,0.4431165243898119,0.2017620450684002,40.37024815877279,0.5049119861353011,0.5049120031651997,4458.766677129836,62.00162687755766,4406.865592447916,,,,1e-06,62.00162687755766,0.2367861795993078,0.9368601725215004,7.940892219543457,4458.766575404576,0.0989588662272407,0.0989588655176616
149,train,0.5008400537634409,0.934297241991566,0.4135138196169689,0.2667119640816924,0.2791865919065732,0.4135138191362863,0.5211389026334209,0.1077897960460314,15.137635074635988,0.507407332299858,0.5074073481623844,3671.906333554176,22.49239310910625,3679.0957726064353,,,,1e-06,,0.2281207229181002,0.9383978975075548,69.37092065811157,3671.9060023318057,0.1002972340311414,0.1002972333101175
149,val,0.5526785708609081,0.8593347867329916,0.3754994358335222,0.2525073445978619,0.3325207559835343,0.3754994351239431,0.4424912447021121,0.2032336088873091,41.05162547883533,0.5001791204724994,0.5001791431790307,4550.063412620908,62.80525262015207,4497.289802320076,,,,1e-06,62.80525262015207,0.2371193362133843,0.9370951993124824,8.224250078201294,4550.063464936756,0.0970690931592668,0.0970690928044773
150,train,0.5006720430107527,0.9344560042504342,0.413603206395462,0.267178180317084,0.2805399004650372,0.4136032057545518,0.5197938223599746,0.1060934871314994,14.51459111449539,0.5067205513997745,0.506720559571379,3577.415412082467,21.97406777002478,3582.929818982468,,,,1e-06,,0.2286591674050977,0.938134588221068,68.51258492469788,3577.4154133130146,0.101110609228252,0.1011106092683089
150,val,0.5526785708609081,0.8531295458475748,0.3735998471577962,0.2554145242486681,0.3453253521805718,0.373599852834429,0.4329603683380854,0.2049202220070929,41.0039907182966,0.4989840814045497,0.4989840885003407,4468.410987490699,62.43569510323661,4423.628335108901,,,,1e-06,62.43569510323661,0.2404028042441322,0.9366323068028404,8.397172451019287,4468.411051432292,0.096498806916532,0.0964988054973738
150,val_periodic_epoch_150,0.5526785708609081,0.8531295458475748,0.3735998471577962,0.2554145242486681,0.3453253521805718,0.373599852834429,0.4329603683380854,0.2049202220070929,41.0039907182966,0.4989840814045497,0.4989840885003407,4468.410987490699,62.43569510323661,4423.628335108901,,,,1e-06,,0.2404028042441322,0.9366323068028404,8.12830138206482,4468.411051432292,0.096498806916532,0.0964988054973738
151,train,0.5008400537634409,0.9305607963313338,0.412791509541773,0.267692684886917,0.2856113868214751,0.4127915101826832,0.5168346847577762,0.1078597979359729,15.29077922913336,0.5075649862648338,0.507564999083037,3699.929857889811,23.036393547570835,3706.83112544307,,,,1e-06,,0.2290369139243197,0.9382135256003308,68.53227615356445,3699.93020322246,0.1009917874089492,0.1009917882501438
151,val,0.5526785708609081,0.8590962077890124,0.3733156224091847,0.2513105486120496,0.3350024514255069,0.3733156252475011,0.4388268327429181,0.2037440964153834,41.09271748860677,0.5004962625957671,0.5004962867214566,4436.261524018787,62.19118508838472,4388.923555871213,,,,1e-06,62.19118508838472,0.2400537204174768,0.9363341388248262,7.991728067398071,4436.261547270276,0.0957509140883173,0.0957509140883173
152,train,0.5013440860215054,0.9310253203235648,0.4128651217186964,0.2679021494683399,0.2854243101131531,0.4128651213581844,0.5175930602496029,0.1053269821349331,14.772258274016842,0.5072373528313893,0.5072373651689098,3714.817338164135,22.35268360568632,3722.2435372709024,,,,1e-06,,0.2287165003438149,0.9383361637592316,67.73007559776306,3714.817334123837,0.1009670683853728,0.1009670683853728
152,val,0.5526785708609081,0.8523279811654773,0.3738214543887547,0.2559098608437039,0.3444971669287908,0.3738214529695965,0.4330836917672838,0.2044571446520941,40.90369179135277,0.5003692152954283,0.5003692380019596,4478.428437732515,62.298108509608674,4429.320744554924,,,,1e-06,62.298108509608674,0.2408196734530585,0.936383287111918,8.15805196762085,4478.428414481027,0.0967555070916811,0.096755506382102
153,train,0.5006720430107527,0.9297939131977736,0.4125379835085202,0.2682681855975941,0.2883414737479661,0.412537982547155,0.5170161274652327,0.1046849214822374,14.354378687438144,0.5070129059335237,0.5070129169892239,3697.049762561757,21.78880318774972,3703.970124832308,,,,1e-06,,0.2287135894099871,0.938410811206346,67.05561327934265,3697.049766171363,0.1007722111478928,0.1007722101865276
153,val,0.5526785708609081,0.8545008826823461,0.3736822378067743,0.2534941413572856,0.3384528458118438,0.3736822349684579,0.4366011314448856,0.2039703670002165,40.80106544494629,0.4947081506252289,0.4947081690742856,4493.070280529204,62.23431941441128,4442.530533854167,,,,1e-06,62.23431941441128,0.2400189851011548,0.9365234119551522,8.093521356582642,4493.070213681176,0.0949679166078567,0.0949679151886985
154,train,0.5011760752688172,0.930054905594036,0.4125836045351079,0.2680656468515755,0.2874187835121667,0.4125836053362456,0.5176346380944534,0.1053016383441225,15.011177816698629,0.5077099215279344,0.5077099329040896,3657.043744159001,22.530041586968206,3664.147130669488,,,,1e-06,,0.2286113022315886,0.9383189264805086,66.93895363807678,3657.044414766373,0.1007286123931407,0.1007286132743922
154,val,0.5526785708609081,0.8619169507707868,0.3748043065979367,0.2507276059616179,0.328335770538875,0.3748043058883576,0.4433375306072689,0.2040737540948958,41.27604121253604,0.5030508367788225,0.5030508396171388,4510.564679827009,62.48609606424967,4459.856667258523,,,,1e-06,62.48609606424967,0.2383854140837987,0.9366944829622904,7.982620716094971,4510.564592633928,0.0963598053370203,0.0963598042726516
155,train,0.5011760752688172,0.9288950509602024,0.4121955029906765,0.268227928668581,0.2882954642497083,0.4121954996258982,0.5178161777395714,0.1033352756452175,14.972288308605073,0.5075292329313934,0.5075292503961952,3622.955670777188,22.311983095702303,3629.810727329447,,,,1e-06,,0.2290916920349162,0.9383141581089266,67.57593178749084,3622.9553385703794,0.1012345606521252,0.1012345598109306
155,val,0.5526785708609081,0.851944509006682,0.3747945094392413,0.2544842128242765,0.3373276875132606,0.3747945144062951,0.4382101680551256,0.2049438258012136,40.88309914725168,0.4996765355269114,0.4996765454610188,4517.693237304688,62.59268806094215,4468.001059422349,,,,1e-06,62.59268806094215,0.2367505133152008,0.9369409992581322,8.022051095962524,4517.693307059152,0.0989868931827091,0.09898689247313
156,train,0.501008064516129,0.928997429948981,0.4123697330554326,0.2684236293037732,0.2894723336863261,0.4123697329753188,0.5202741201125807,0.1033419747386247,15.21506585869738,0.5072935536023109,0.5072935617739155,3576.7391450943487,22.5944823962386,3583.774257837161,,,,1e-06,,0.2287792132426333,0.9383185986549624,69.91250276565552,3576.739824110462,0.1012896169978444,0.1012896168776737
156,val,0.5526785708609081,0.862137374423799,0.3745813284601484,0.2500207452546982,0.3279404775017783,0.3745813242026737,0.4439132660627365,0.2048543134615534,41.5409730275472,0.4996873878297351,0.4996873949255262,4585.296950567336,62.92247045607794,4532.011112097538,,,,1e-06,62.92247045607794,0.2384535826387859,0.9365904927253724,8.22909688949585,4585.296799432664,0.0951673910021781,0.0951673892282304
157,train,0.5009744623976369,0.928215756691912,0.4124082667773129,0.2692097340540219,0.2911456275370813,0.4124082662165165,0.5139227292890991,0.1024784752998941,14.614726907463483,0.5075085813640267,0.5075085922594993,3796.712408291396,22.11474219188896,3804.3161105172,,,,1e-06,,0.2293189764022827,0.9381762643655142,67.35420656204224,3796.712745666504,0.1011095175579671,0.1011095165565449
157,val,0.5526785708609081,0.8500682143937974,0.3724374565340224,0.2550121481929506,0.3458168889795031,0.372437447309494,0.431189143941516,0.2029695035446257,40.74726840427944,0.5068371154013134,0.5068371281737373,4446.754278273809,62.20559919448126,4399.087067945075,,,,1e-06,62.20559919448126,0.2402636451380593,0.9361267600740704,8.066397190093994,4446.754231770833,0.0956091075426056,0.0956091075426056
158,train,0.5008064516449487,0.9274381436006998,0.4121710960102338,0.2694738068247354,0.2932475721964272,0.4121710965710302,0.5181217215234234,0.1050092924826888,14.964340558616064,0.5072359186346813,0.5072359300108367,3706.2961080817768,22.34143894462176,3713.309914575442,,,,1e-06,,0.2291466163531426,0.938217508216058,67.75360369682312,3706.296442421534,0.1012605953040302,0.1012605955043146
158,val,0.5526785708609081,0.8565026266234261,0.3732574057011377,0.252713837084316,0.337984181585766,0.3732574071202959,0.4363020339182445,0.2038220734823317,41.18213444664365,0.4939362051941099,0.4939362094515845,4518.999793643043,62.4806870960054,4468.074073745265,,,,1e-06,62.4806870960054,0.2406198474622908,0.9363935816855656,8.10182499885559,4518.999866303943,0.0956617182209378,0.0956617189305169
159,train,0.501008064516129,0.9254574222910787,0.4116406143512777,0.2700198581942948,0.2976681137437461,0.4116406139507088,0.5123142673363609,0.1056860053050582,14.803004990341844,0.5067350281182156,0.5067350351682274,3671.793660645844,22.04787847047211,3679.051031894877,,,,1e-06,,0.2292806647157156,0.938347844667332,67.36960744857788,3671.793993426908,0.1015854829982403,0.1015854825976715
159,val,0.5526785708609081,0.8495798252877735,0.3743357686769394,0.2565690577030182,0.3433993785154252,0.3743357693865186,0.4336735765848841,0.2039575839326495,40.957154410226,0.505354425736836,0.5053544271559942,4549.137241908482,62.815942400977725,4499.097523082386,,,,1e-06,62.815942400977725,0.2378848528578168,0.9367190485908872,8.138962745666504,4549.137291317895,0.0977581487525077,0.0977581491072972
160,train,0.5007728495264566,0.9244890663252082,0.4117832464236085,0.2705080409043578,0.3000707672007622,0.4117832468241774,0.5139886168062046,0.1053904934876388,15.211731431304768,0.5063196372601294,0.506319648155602,3747.2693208263768,22.80390751746393,3744.631564464634,,,,1e-06,,0.2290070354938507,0.9384216172720796,66.71065163612366,3747.268985850837,0.1019770764215018,0.1019770766618431
160,val,0.5526785708609081,0.8738235263597398,0.3743352762290409,0.2486464757294882,0.3238584477277029,0.3743352776481992,0.4449474932182403,0.2031423538213684,42.15988422575451,0.5285686495758238,0.5285686609290895,4538.630885532924,62.579864501953125,4481.265127840909,,,,1e-06,62.579864501953125,0.2428229174443653,0.9361666497730072,8.244837999343872,4538.630891345796,0.0981063346068064,0.0981063367355437
161,train,0.5012096775475369,0.9219356344271732,0.4108888649491853,0.270517486077483,0.3010931757669295,0.4108888651094129,0.5110737617297839,0.1050670580357633,14.94514613254096,0.5075742884348797,0.5075743010928554,3663.457190359793,22.45107210836103,3670.052529198232,,,,1e-06,,0.2292357877858223,0.9383788400439804,67.25728559494019,3663.457530729232,0.1010219185983622,0.1010219177171107
161,val,0.5526785708609081,0.8542033433914185,0.3719741595642907,0.2548262505304245,0.346759143329802,0.371974161693028,0.4300371057220867,0.2046403026296979,41.75027847290039,0.5000078195617312,0.5000078266575223,4559.65851702009,62.66953114100865,4507.106560724432,,,,1e-06,62.66953114100865,0.2434253678435371,0.9361679383686612,8.019119501113892,4559.658339727493,0.0952003782703762,0.0952003775607971
162,train,0.5007728495264566,0.922207514124532,0.4111771734171016,0.2709186657942751,0.3031498033513305,0.41117717189494,0.5101102745180489,0.1051605135923431,15.072008566189838,0.5070319159697461,0.5070319252629434,3748.1686946909913,22.619329685805948,3755.7421522301056,,,,1e-06,,0.2296639288304954,0.9382377920612212,68.17518377304077,3748.168362771311,0.1014319298168023,0.1014319288153802
162,val,0.5526785708609081,0.851151290394011,0.3717207709948222,0.2558338812419346,0.3498133789925348,0.3717207653181894,0.4278531972141493,0.2018583743345169,41.34934443519229,0.5064048610982441,0.5064048681940351,4541.876682826451,62.56264940897624,4494.137822561553,,,,1e-06,62.56264940897624,0.2437028232074919,0.9359465667179652,8.117286920547485,4541.876662481399,0.0959917665237472,0.0959917675881158
163,train,0.5011760752688172,0.921311551845202,0.4107366016795558,0.2704247537479606,0.3037219625967805,0.4107366025608073,0.5107049199361955,0.1055871989698179,15.08045240884186,0.5074780040210293,0.507478014916502,3693.5547783144057,22.57885149473785,3700.759728644272,,,,1e-06,,0.2290940380865527,0.9382886130322692,69.92058610916138,3693.5547820470665,0.1008425095388966,0.1008425092985553
163,val,0.5526785708609081,0.8450740377108256,0.3727804578485943,0.2572155126503536,0.3488921381178356,0.3727804592677525,0.4290668297381628,0.2031120111544927,41.02512804667155,0.5017181748435611,0.5017181861968267,4546.659002394903,62.61145818801153,4494.005927438447,,,,1e-06,62.61145818801153,0.239148477713267,0.9364913191114154,8.021556615829468,4546.658944266183,0.0955926896560759,0.0955926917848132
164,train,0.5007728495264566,0.9185111705333956,0.4105001180883377,0.2717632890869212,0.3070499467593367,0.4105001149639006,0.505850924359214,0.1034108986777644,14.903926726310484,0.5055198707888203,0.5055198778388321,3730.126457439956,22.44262895532833,3736.583417302912,,,,1e-06,,0.2294362234652683,0.9383767417041204,67.90824723243713,3730.126456311954,0.1016493238588815,0.1016493227773456
164,val,0.5526785708609081,0.8616499262196677,0.3724397222201029,0.2509954898130326,0.3378901616448447,0.3724397215105238,0.4366433315333866,0.2048705276988801,42.27449271792457,0.499090001696632,0.4990900116307394,4663.671331496465,63.42520822797503,4609.305007102273,,,,1e-06,63.42520822797503,0.2417606285640171,0.9364055537042164,8.040790319442749,4663.671299525669,0.0953589564278012,0.0953589553634325
165,train,0.501108871031833,0.9207455410111336,0.4107203982690329,0.2711020065571672,0.3053799846800424,0.4107203971474401,0.5068684036052356,0.1031142828525394,14.70939826965332,0.5071722506194987,0.5071722587911032,3679.240658585744,22.46494427034932,3685.176950864439,,,,1e-06,,0.2290072474748857,0.9383160084165552,68.79756784439087,3679.2403221540553,0.1008349577746083,0.1008349576143808
165,val,0.5526785708609081,0.8504542736780076,0.3727420618136723,0.253093584662392,0.3393913550036294,0.3727420575561977,0.4350241380078452,0.2025983376162392,41.07206499008905,0.4982076854932876,0.4982076869124457,4527.537917364211,62.50496619088309,4472.882794744318,,,,1e-06,62.50496619088309,0.2386176919653302,0.9367840403602236,8.713186025619507,4527.537894112723,0.0957143775054386,0.0957143753767013
166,train,0.501747311763866,0.9186068906258512,0.4100494110776532,0.2711517393428792,0.306044671163764,0.410049411478222,0.5053330391485203,0.1015841524487221,14.527079287395685,0.5063434521998128,0.506343464697561,3501.5728794426045,21.862912652313067,3507.8384468052927,,,,1e-06,,0.2295519641490392,0.9380601654129644,68.60105967521667,3501.572882580501,0.1008787654260153,0.1008787659066979
166,val,0.5526785708609081,0.8469256985755194,0.3724598373685564,0.2554130958659308,0.345753251796677,0.3724598331110818,0.4308540636584872,0.2027359849640301,41.34345663161505,0.4993581232570466,0.4993581374486287,4553.76121593657,62.789772487822034,4502.25663766572,,,,1e-06,62.789772487822034,0.2388315832331067,0.9368910079910642,8.509482860565186,4553.761332194011,0.095880861438456,0.095880861438456
167,train,0.5017137098056014,0.919043906754063,0.40997694657054,0.2703737670215227,0.3054823587818812,0.4099769453688334,0.5048893749393443,0.1038533644049718,14.655042702151883,0.5078909893830618,0.5078910079694563,3704.803546987554,22.483036841115645,3712.2640779129183,,,,1e-06,,0.2291177727522388,0.9383090305072004,67.46385717391968,3704.803876835813,0.1003303057964771,0.1003303057964771
167,val,0.5526785708609081,0.8470838112490517,0.372418632819539,0.255030747680437,0.3443641818705059,0.3724186314003808,0.4314856749205362,0.202045790141537,40.62891605922154,0.5032515100070408,0.5032515284560976,4458.262939453125,62.20178322564988,4404.750230823864,,,,1e-06,62.20178322564988,0.2385948016529991,0.9364160980497088,8.313740491867065,4458.262971423921,0.0965133362582751,0.0965133366130647
168,train,0.5014784946557014,0.9177130284488842,0.4101564825702739,0.2719738045206634,0.3096496063054249,0.4101564818492499,0.5054134494995558,0.1035483187284841,15.053160549491963,0.5054304681478008,0.5054304776012256,3667.352664496309,22.63175215772404,3673.956179388284,,,,1e-06,,0.2298005959519776,0.9381085864959224,68.70385980606079,3667.3530080651726,0.1009813592398679,0.1009813590796404
168,val,0.5526785708609081,0.8545462645235515,0.3728181854599998,0.2522968167350405,0.3386656670343308,0.3728181882983162,0.4364112984566461,0.2025355058056967,41.63326526823498,0.5021432482060932,0.5021432567210424,4638.311622256324,63.12730616614933,4579.401157078599,,,,1e-06,63.12730616614933,0.2397253328845614,0.93645027137938,8.00560474395752,4638.3117443266365,0.0959669571547281,0.0959669585738863
169,train,0.5017137098056014,0.9175607307303336,0.4098645503963193,0.2714653313159942,0.309263036936842,0.4098645474321098,0.5082027563244425,0.1038649160495047,14.885912823420698,0.5053620825531662,0.505362095852052,3533.345924315914,22.28196730664981,3540.592288886176,,,,1e-06,,0.2299209712173349,0.938104756096358,68.26463556289673,3533.3459224290746,0.1013465970754623,0.1013465967550072
169,val,0.5526785708609081,0.8484658173152378,0.3728098926090059,0.2543966053497223,0.3407087098984491,0.3728098997047969,0.4335775613075211,0.2011339714129766,40.43035352797735,0.5140375665255955,0.5140375736213866,4463.44268217541,62.15320568992978,4405.459265506629,,,,1e-06,62.15320568992978,0.238565757161095,0.9363642562003364,7.942753791809082,4463.442708333333,0.0974647427598635,0.0974647427598635
170,train,0.501008064516129,0.9241295639545688,0.4102890189456683,0.2704808775295493,0.3080809343886632,0.4102890178240755,0.508100306555148,0.1040473795465884,15.282375363893406,0.5066250102814808,0.5066250247019594,3786.6722232039256,22.709544643279045,3794.0443072489215,,,,1e-06,,0.2297350275580601,0.938059736003158,67.21063184738159,3786.671892637848,0.1004130934435193,0.1004130931631211
170,val,0.5526785708609081,0.8510242785726275,0.3729483201390221,0.2541086581491288,0.3403600099540892,0.3729483251060758,0.4340363755112603,0.2023369953745887,41.10439309619722,0.505390057961146,0.5053900721527281,4546.348063151042,62.567524864560085,4490.25907907197,,,,1e-06,62.567524864560085,0.2387090077002843,0.9365537507193428,7.9718968868255615,4546.348039899553,0.0956956577442941,0.095695657034715
171,train,0.5013440860215054,0.9183538230837032,0.4098495356337998,0.2714179174233508,0.3104588624931151,0.4098495349127759,0.5037907764555947,0.1040188726638594,14.96747200719772,0.5058986812189061,0.5058986900314209,3783.229127063546,22.43593284391588,3790.6078887322938,,,,1e-06,,0.2299415816863378,0.9382521426805884,67.76804733276367,3783.228461398873,0.1006735127859859,0.1006735134669529
171,val,0.5526785708609081,0.8565215879962558,0.373313124690737,0.2518201314267658,0.3345044943548384,0.3733131275290534,0.4382572301796504,0.2024884451003301,41.42564937046596,0.5081805232025328,0.5081805430707478,4611.786167689732,62.92300097147624,4552.373097182765,,,,1e-06,62.92300097147624,0.2382892341840835,0.9367185206640334,8.367478609085083,4611.78607468378,0.0958675408647174,0.0958675405099278
172,train,0.5013440860215054,0.914641779116405,0.4092979685112994,0.2723157127057352,0.313089094335033,0.4092979672294791,0.5022313147382711,0.1048452373874443,14.99156371752421,0.505478185992087,0.5054781951250569,3608.723091289561,22.3709911992473,3613.39168300436,,,,1e-06,,0.2300414878033822,0.9381797179099052,68.55287671089172,3608.723094447967,0.1014501128786353,0.1014501121576114
172,val,0.5526785708609081,0.8465425230207897,0.3717234489463624,0.2560661364169347,0.3502263440972283,0.3717234517846788,0.4281026227843194,0.2033555741821016,41.58227929614839,0.4951952667463393,0.4951952908720289,4622.9496663411455,62.91742188589914,4567.603352864583,,,,1e-06,62.91742188589914,0.2411278798466637,0.9364610598200844,8.161921262741089,4622.94976515997,0.0950506340180124,0.0950506308249064
173,train,0.5009744623976369,0.9141572446271936,0.4095369708794419,0.2728240944204791,0.314912819253501,0.4095369679953462,0.503393574026964,0.1058270715737855,15.208546861525504,0.5043162334990757,0.5043162434331833,3615.122822218044,22.757190222381265,3621.690825326836,,,,1e-06,,0.2299930035907735,0.9382665843091984,67.49791240692139,3615.122821438697,0.1019591709939382,0.1019591707936538
173,val,0.5541666660990033,0.8431806592714219,0.3710528441837856,0.256955732901891,0.3537834471180325,0.3710528399263109,0.4249652574459712,0.2025716762457575,41.39989435105097,0.5033291379610697,0.5033291535718101,4539.9906325567335,62.66672661190941,4487.863189512311,,,,1e-06,62.66672661190941,0.2411846759773436,0.936234658672696,8.122607231140137,4539.990527925037,0.0953449748811267,0.0953449763002849
174,train,0.5016801075268817,0.9153827299033442,0.4094895485748527,0.2720880688678834,0.3127235858350671,0.4094895490555353,0.5021835199046519,0.1059630576481101,14.771869172332108,0.5047904110403472,0.5047904217755923,3635.727515169369,22.24530401281132,3642.636332070707,,,,1e-06,,0.2301783782820547,0.938166239569264,67.01089310646057,3635.727179209391,0.1008795172136317,0.1008795173338023
174,val,0.5526785708609081,0.8491778402101426,0.3732167808782486,0.2546868260417665,0.3407725869190125,0.3732167808782486,0.4340573208672659,0.2021852110822995,40.984923771449495,0.5012484348955608,0.5012484391530355,4570.59475562686,62.64054252987816,4514.743699692235,,,,1e-06,62.64054252987816,0.2385402804329282,0.936888229279291,8.094171285629272,4570.594819568452,0.0966322858418737,0.096632284777505
175,train,0.5005712365751626,0.915281269018368,0.409808454294038,0.273269924665651,0.3156945195890242,0.4098084518505681,0.5019552434484164,0.1043064866655616,14.64256057687985,0.5048553347587585,0.5048553406871775,3631.064229944701,22.11713134088824,3634.191723509509,,,,1e-06,,0.2299403897536698,0.9382785295927396,69.09090924263,3631.063894374396,0.1008843478736698,0.1008843471927027
175,val,0.5526785708609081,0.8454822358630952,0.3714583232289269,0.2559680732942763,0.3512158081645057,0.3714583260672433,0.4274661026540257,0.2028968029078983,41.82664780389695,0.4894202919233413,0.489420310372398,4648.929696219308,63.27821994963146,4597.682898319129,,,,1e-06,63.27821994963146,0.2411534928140186,0.9366531457219806,8.067379713058472,4648.929638090588,0.0950358744178499,0.0950358754822186
176,train,0.501108871031833,0.9172234182716698,0.4098205909293185,0.2720803010367578,0.3119050197864091,0.4098205889264742,0.5039122976282592,0.1018134117206578,14.907874766216484,0.5052316842540618,0.5052316961108997,3764.690417751189,22.54281863858623,3771.265999842172,,,,1e-06,,0.2299757507699792,0.9380594472731312,66.62941002845764,3764.6900868979833,0.1005312095005666,0.1005312089397702
176,val,0.5526785708609081,0.8423175031230563,0.3711108309882028,0.2568721678994951,0.353812107018062,0.3711108309882028,0.4255531877279281,0.2022682084214119,41.06013425191244,0.5004733786696479,0.5004733758313316,4558.970813569568,62.92380659920829,4513.216524621213,,,,1e-06,62.92380659920829,0.2400970579612822,0.9363892617679778,7.36276650428772,4558.97073218936,0.0966157945139067,0.0966157969974336
177,train,0.501377688300225,0.9141095585079604,0.4090918022938954,0.2723974727334515,0.3148461085173391,0.4090918026944642,0.500750174004865,0.1022370656531664,14.83828394130994,0.5043502805694458,0.5043502914649184,3548.8666625484343,22.030671470908707,3555.2971114547163,,,,1e-06,,0.2301910528412429,0.9381951907629608,60.83266043663025,3548.8666651325843,0.1011982178015093,0.1011982181620213
177,val,0.5526785708609081,0.8448696562222072,0.3725934468564533,0.2563262326376779,0.3472361933617365,0.3725934496947697,0.4301659642230896,0.2021578663871401,40.81879125322615,0.5019137348447528,0.5019137490363348,4540.288193475632,62.64313543410528,4490.830495383523,,,,1e-06,62.64313543410528,0.2384902132408959,0.9366561742055984,7.48515510559082,4540.288103376116,0.0984848194888659,0.0984848198436555
178,train,0.5015120967741935,0.9156145525555456,0.4093959261012334,0.2723593335318309,0.3150576615045147,0.409395927623395,0.5048533325153653,0.1049889090160528,15.148347370086178,0.5042538110927869,0.5042538227893973,3689.411609854749,22.4681369925058,3696.827565110332,,,,1e-06,,0.2307481284263313,0.9380934674252746,61.17547011375427,3689.41127252066,0.1015625969376615,0.1015625974183441
178,val,0.5526785708609081,0.8428009450435638,0.3711456855138142,0.2571855762175151,0.3547277379603613,0.3711456819659188,0.4249410494452431,0.2015486224776222,41.49848302205404,0.4992242398716154,0.4992242469674065,4584.45164562407,62.826432364327566,4532.899727746212,,,,1e-06,62.826432364327566,0.2408893236092158,0.936608938943772,7.338747024536133,4584.45168922061,0.0956575224796931,0.0956575228344826
179,train,0.5022513440219305,0.916581635994296,0.4090340736332119,0.2720823682123615,0.3160470573491947,0.4090340743942927,0.5036255303890474,0.1041467834704665,15.586560933820662,0.503895222980489,0.503895232754369,3734.749358269476,23.344352050494123,3742.347402918138,,,,1e-06,,0.23028139898213,0.9381361055758692,60.76180124282837,3734.7483495896863,0.1010449336421105,0.1010449339625656
179,val,0.5526785708609081,0.8448806263151623,0.3720920426504953,0.2564714529684612,0.3485601785637083,0.3720920355547042,0.4287672876602127,0.2026350118574642,41.01831545148577,0.5033909181753794,0.5033909266903287,4558.263671875,62.56043688456217,4502.237053148674,,,,1e-06,62.56043688456217,0.2398094144605455,0.93654918102991,7.33119010925293,4558.26371547154,0.0965680487099148,0.0965680490647043
180,train,0.5015120967741935,0.912147100894682,0.4089100457006885,0.2732657688439533,0.3185068885645559,0.4089100470626226,0.4985199863071082,0.1020308716362843,14.51314595437819,0.5041031081189391,0.5041031161303161,3640.926427779659,22.047499897659467,3646.3927142107927,,,,1e-06,,0.2305710455102305,0.9380808245110256,62.095781087875366,3640.926428394933,0.1011212678045354,0.1011212671636253
180,val,0.5526785708609081,0.8433444797992706,0.3711520305701664,0.256594296722185,0.3523248377300444,0.3711520334084828,0.425860074304399,0.2016712980610983,41.3989143371582,0.5012974994523185,0.5012975065481096,4559.972141810826,62.87844022115072,4514.301352391099,,,,1e-06,62.87844022115072,0.240542946826844,0.9362213583219618,7.462124347686768,4559.972104027158,0.0961584484293347,0.0961584470101765
180,val_periodic_epoch_180,0.5526785708609081,0.8433444797992706,0.3711520305701664,0.256594296722185,0.3523248377300444,0.3711520334084828,0.425860074304399,0.2016712980610983,41.3989143371582,0.5012974994523185,0.5012975065481096,4559.972141810826,62.87844022115072,4514.301352391099,,,,1e-06,,0.240542946826844,0.9362213583219618,7.394402742385864,4559.972104027158,0.0961584484293347,0.0961584470101765
181,train,0.5013104839030132,0.9121780276939432,0.4087826186610806,0.2730311656831413,0.3186983518222326,0.4087826201031285,0.4997819757429502,0.103357385203082,14.5987389087677,0.5035282238837211,0.5035282359007867,3613.471791298159,22.168265588821903,3619.6904289065774,,,,1e-06,,0.2306256630728321,0.9380649655095992,62.12582325935364,3613.471796630531,0.101201323732253,0.1012013244933338
181,val,0.5556547613370986,0.8278970945449102,0.3674180273498807,0.2649730266559691,0.3884917880807604,0.3674180337360927,0.4048939634646688,0.2001328503801709,41.17667361668178,0.5046642294951847,0.5046642294951847,4545.2444254557295,62.70734178452265,4506.058552320076,,,,1e-06,62.70734178452265,0.2491858566091174,0.9348932192439124,7.66562294960022,4545.2444080171135,0.0962847031298137,0.0962847034846033
182,train,0.5013104839030132,0.912874178540322,0.408928752506292,0.2728546932339668,0.3172647983476679,0.4089287533074296,0.499229167177472,0.1031799110513861,14.40267695406432,0.5031400223573049,0.503140031009592,3611.977678257932,21.49316865141673,3618.784468566689,,,,1e-06,,0.2305101757889152,0.9380769691159648,61.04614019393921,3611.97768369285,0.1011234378862765,0.1011234380064472
182,val,0.5526785708609081,0.8519762598332905,0.3722941612913495,0.2529513601745878,0.3403345027140209,0.3722941584530331,0.4338714352675846,0.2035507084358306,41.6986867813837,0.4961018959681193,0.4961019044830685,4658.617071242559,63.32574953351702,4605.030794270833,,,,1e-06,63.32574953351702,0.2398324473982765,0.9364324666204906,7.633232116699219,4658.617033458892,0.094590395334221,0.0945903942698524
183,train,0.501377688300225,0.9131782426629016,0.4087300105120546,0.2724616748671378,0.316596841539747,0.4087300090700067,0.5013148891589334,0.1025302954899367,14.824001725002002,0.5036256835665754,0.5036256914177248,3739.576491038005,22.391814749727967,3746.020075305464,,,,1e-06,,0.2301910894532357,0.9381566672555862,62.44732713699341,3739.576487756544,0.1010738650877629,0.1010738651678767
183,val,0.5526785708609081,0.8437496182464418,0.3723307294504983,0.2562883446613948,0.3471033686683291,0.3723307308696565,0.4297232077944846,0.2036201162707238,40.72770254952567,0.4911694356373378,0.4911694555055527,4511.132751464844,62.29576474144345,4461.029175544508,,,,1e-06,62.29576474144345,0.2378577916395096,0.9369620879491172,7.330747127532959,4511.132658458892,0.0970379057384672,0.0970379050288881
184,train,0.5017137098056014,0.9126142314685288,0.4086557236570184,0.2727210901437267,0.3175226122301112,0.408655724458156,0.5022997397889373,0.1036455139557841,14.701720240295574,0.5029296389510555,0.5029296503272108,3670.818285644695,21.960854986662504,3678.02604142006,,,,1e-06,,0.2306397453110705,0.938147904411439,61.3808958530426,3670.818298729517,0.1013940377661617,0.1013940377661617
184,val,0.5526785708609081,0.8430666284901756,0.3710997466530119,0.2570846258174805,0.3541999586990901,0.3710997416859581,0.4251251241990498,0.2017816553513209,41.65924998692104,0.5021337057862963,0.502133731331144,4639.599187941778,63.27819133940197,4586.083283025569,,,,1e-06,63.27819133940197,0.2412851871479125,0.9359811147054036,7.375183343887329,4639.599173409598,0.0956781162392525,0.0956781144653047
185,train,0.5011424731503251,0.914158837449166,0.4090613653903366,0.2725910941759745,0.3178348267270672,0.4090613662715881,0.5032162935503067,0.1008559562746555,14.891698519388834,0.5035278907706661,0.5035279015059112,3585.588503683767,22.47406893391763,3592.643051250214,,,,1e-06,,0.2303358127353011,0.9380985344609908,61.4776918888092,3585.588170205393,0.1006398594747948,0.1006398589540553
185,val,0.5526785708609081,0.8494458439804259,0.3730344204675583,0.2545630924758457,0.3403892275832948,0.3730344162100837,0.433818512729236,0.2038745759498505,41.08944048200335,0.5042633343310583,0.5042633357502165,4604.367684500558,62.75023587544759,4546.379865056818,,,,1e-06,62.75023587544759,0.2390064909344627,0.9364492751303172,7.318008422851562,4604.367855980283,0.0966694156328837,0.0966694135041464
186,train,0.5018817205582896,0.9121651530906718,0.4084856263411942,0.2727855387874829,0.3185622077635539,0.4084856273025595,0.4997197490145442,0.1011722008547475,13.794186420338129,0.5036190357259525,0.5036190471021078,3653.539477030436,21.26492109093615,3660.7635894878144,,,,1e-06,,0.2309102992056518,0.937823704814398,62.23878145217896,3653.539812231576,0.1009713957707087,0.100971395650538
186,val,0.5526785708609081,0.8506447374820709,0.3720410430715197,0.2527310926289785,0.3409652511278788,0.3720410423619406,0.4336983362833659,0.2031225551451955,41.67996224902925,0.4967133062226431,0.4967133275100163,4617.426969982329,63.22982161385672,4565.059232954545,,,,1e-06,63.22982161385672,0.2385584222418921,0.936891291822706,7.448024272918701,4617.426874069941,0.0962614846371469,0.0962614864110946
187,train,0.5020833332692424,0.911818667284904,0.4082612758201937,0.2725097613949929,0.3178636793007133,0.4082612754196249,0.5025024825046139,0.0991466962682303,14.2684485091958,0.5034291098515192,0.5034291236310877,3557.35814410384,21.261965100483227,3563.5452621100326,,,,1e-06,,0.2309203687854992,0.9380296923780954,62.61143493652344,3557.358473603444,0.1008646528647151,0.1008646520635774
187,val,0.5526785708609081,0.8474916801566169,0.3720633884270986,0.2537719323521569,0.3407412128789084,0.372063384169624,0.4325411390690576,0.2008530295320919,40.777552105131605,0.5070304686114901,0.507030481383914,4456.964154924665,62.13356690179734,4404.168243963069,,,,1e-06,62.13356690179734,0.2386216109707242,0.936329044046856,8.702555656433105,4456.964210146949,0.0979120273675237,0.0979120266579446
188,train,0.5017137098056014,0.9136009615275168,0.4087038496008483,0.2724106621838385,0.3174971973383299,0.4087038508826686,0.500076192841735,0.1044540268078606,14.695410020889774,0.5033313138510591,0.503331323624939,3666.95982826397,22.125558491676085,3670.605720144972,,,,1e-06,,0.2304471624634599,0.9380363334891616,64.61632919311523,3666.95982217276,0.1007553152740001,0.1007553155944552
188,val,0.5541666660990033,0.8417070181596846,0.3700395226478576,0.2598192826623008,0.3646352433022998,0.3700395212286994,0.418076842313721,0.2019666557510694,41.35708890642439,0.5073448107356117,0.5073448164122445,4581.869460332961,63.03008224850609,4530.331909919508,,,,1e-06,63.03008224850609,0.2441459581965492,0.9359823578879948,7.307018995285034,4581.869489397322,0.0968875792764482,0.0968875789216586
189,train,0.5014784946557014,0.9134817193913204,0.4087829458457167,0.2730273174983199,0.3192546617600225,0.4087829455252617,0.5025358985188186,0.102583599427054,14.722137589608469,0.502728259371173,0.5027282680234602,3669.342394531414,22.08531575561852,3676.432654692268,,,,1e-06,,0.2307174555076065,0.938062043600185,60.43803000450134,3669.342730122228,0.1013874861421764,0.1013874857816644
189,val,0.5526785708609081,0.8463488306318011,0.3705324161620367,0.2536811268045789,0.3477220045668738,0.3705324133237203,0.4288487569207236,0.2006013606275831,41.59905297415597,0.4964589930716015,0.4964590058440253,4597.978236607143,62.80005155290876,4538.195886600379,,,,1e-06,62.80005155290876,0.2423144848573775,0.9360381620270866,7.684509754180908,4597.978195917039,0.0937286977257047,0.0937286973709151
190,train,0.5016465054083896,0.9114751275829088,0.4083198550888287,0.2728355915475917,0.3205522124164848,0.4083198546882599,0.4999454646341262,0.1030103727894765,15.049126691715692,0.5033778934389033,0.503377906737789,3583.366616566976,22.09433162853282,3590.2855764472524,,,,1e-06,,0.2313167553755545,0.937998656944562,61.14218616485596,3583.3662830270746,0.1010002509079953,0.1010002511483366
190,val,0.5541666660990033,0.8291904983066377,0.3693962153934297,0.2619625627994537,0.3705110067412966,0.3693962196509043,0.4143227796469416,0.2017756395396732,41.02532277788435,0.493325065998804,0.4933250759329114,4509.829988025484,62.4332472483317,4464.905297111743,,,,1e-06,62.4332472483317,0.2415842023633775,0.93642182577224,7.352969884872436,4509.829851422991,0.0964597438772519,0.0964597456511997
191,train,0.5016801075268817,0.91812614840205,0.4085697534904685,0.2720790204181466,0.3166536551008942,0.4085697511671692,0.502400550911183,0.1033701587828897,14.6478744270981,0.5026056468486786,0.5026056548600556,3616.999560735559,21.77620275558964,3622.549774539832,,,,1e-06,,0.2312697764205676,0.9377884355283552,62.28918242454529,3616.9998964699366,0.1010361504090088,0.1010361512101465
191,val,0.5526785708609081,0.844014272803352,0.3720112357820783,0.2569626988399596,0.3506345408303397,0.3720112301054455,0.4276476949453354,0.2012556273312795,41.06155241103399,0.4986412255536942,0.4986412354878017,4607.426603771392,62.74845177786691,4553.049417021781,,,,1e-06,62.74845177786691,0.2399975962582088,0.936643239997682,7.468101263046265,4607.426688058035,0.0964021689835048,0.0964021682739257
192,train,0.5018817205582896,0.9097057505640932,0.4077834012687847,0.2731625259883942,0.3242576049380405,0.4077834005477608,0.4976599888615711,0.1033675668020081,14.780298225341305,0.5025956742866065,0.5025956855025343,3573.185707051267,22.20136823449084,3580.204258404356,,,,1e-06,,0.2311061043091999,0.9379994052071724,61.65009498596192,3573.185711235129,0.100943597494274,0.1009435970937052
192,val,0.5526785708609081,0.8440582085223425,0.3715790666285015,0.2555493591796784,0.3485935898054214,0.3715790637901851,0.4286676127286184,0.2027036647001902,41.19285047621954,0.5030800146715981,0.50308001325244,4590.181846981957,62.90507053193592,4535.393211410985,,,,1e-06,62.90507053193592,0.2400280641657965,0.9363181023370653,7.6025550365448,4590.181873139881,0.097395000003633,0.0973950003584225
193,train,0.5020161290322581,0.9140623513088432,0.4085304103391144,0.2721125900104482,0.3182218718913294,0.4085304099385456,0.4996801448925849,0.1023037028649161,14.175700436356248,0.5039656216739327,0.5039656346523633,3515.064028647638,21.626652171534875,3522.0029216419566,,,,1e-06,,0.2310913349351575,0.9380061382888466,62.23378252983093,3515.0643650588167,0.100471388027873,0.100471388027873
193,val,0.5526785708609081,0.8408480144682384,0.3720026697431292,0.2569694079103924,0.3495717226039795,0.3720026718718665,0.4281007392065866,0.2019826372464498,40.82071504138765,0.4961792996951512,0.4961793153058915,4536.087059384301,62.65424755641392,4488.603761245266,,,,1e-06,62.65424755641392,0.2383200143064771,0.9367811112176804,7.394970893859863,4536.087050664993,0.0994570450413794,0.0994570443318003
194,train,0.5016801075268817,0.9127460937666636,0.4084974818973131,0.2727951211954957,0.3191045167785818,0.408497478772876,0.5006476529343153,0.1018786823116643,14.106514810233987,0.5031443722145532,0.5031443853532115,3584.917678668935,21.229574134272912,3591.9473972410465,,,,1e-06,,0.2312708388893835,0.9379830873140724,61.31627297401428,3584.917678874026,0.1012866700929339,0.1012866697724788
194,val,0.5526785708609081,0.8488365582057408,0.3715517166114989,0.2539589802424113,0.3432774536666416,0.3715517137731824,0.430917169366564,0.2006560830133301,41.13662465413412,0.501639207204183,0.5016392199766069,4543.315900530134,62.53192565554664,4488.802982954546,,,,1e-06,62.53192565554664,0.2408756677593503,0.936480973448072,7.500382661819458,4543.315813337053,0.0957307301106907,0.0957307283367429
195,train,0.5018817205582896,0.9095308311203476,0.4079940759687013,0.2733687851377713,0.3218147469464169,0.4079940756482462,0.4978476166725158,0.1019001047136963,14.331053180079309,0.5027554664880999,0.5027554805881234,3542.3745419492,21.47707672016595,3549.63300818241,,,,1e-06,,0.23189305658302,0.93775481081778,61.44125938415527,3542.374203712709,0.1012968066879498,0.1012968072086893
195,val,0.5541666660990033,0.8449557948680151,0.370404513109298,0.2557065344992138,0.353093500648226,0.370404513109298,0.4252673657167525,0.2019365105245794,41.90111578078497,0.4951466137454623,0.495146625098728,4640.25924827939,63.35427910940988,4594.199277935606,,,,1e-06,63.35427910940988,0.2424032532033466,0.9362132010005768,7.5592041015625,4640.259129115513,0.0954084531182334,0.095408453473023
196,train,0.5014784946557014,0.9168776525284654,0.4088545955156767,0.2715495973024317,0.3160410714085384,0.4088545979190898,0.5002770608951969,0.1003477135573023,14.643547058105469,0.5040477048004827,0.5040477145743626,3618.0844982516383,22.07637469486524,3625.2869949803207,,,,1e-06,,0.2310705080788622,0.938039723262992,64.30432629585266,3618.084835872856,0.1004751313037128,0.1004751315440542
196,val,0.5526785708609081,0.8417786317212241,0.3715547465142749,0.2569718758265177,0.3516647162891569,0.3715547486430123,0.4266375743207477,0.2027065714909917,41.18990861801874,0.4938662605626242,0.4938662648200989,4580.806809198289,62.92851266406832,4530.017779356061,,,,1e-06,62.92851266406832,0.2396248834473746,0.9368613192013332,8.375604152679443,4580.806881859189,0.0976626855276879,0.0976626851728984
197,train,0.5011424731503251,0.9119150199556864,0.4084101400227957,0.2727547349628582,0.3205012659872732,0.4084101405835921,0.4975664012374416,0.1021291952059474,14.345058507816766,0.5030926765613658,0.503092685213653,3611.6885055213847,21.69595132591904,3617.9927221638586,,,,1e-06,,0.2318032028213624,0.9378553452671216,61.39032340049744,3611.688841091689,0.1008154766293623,0.1008154757080539
197,val,0.5541666660990033,0.8455247226215544,0.3723095456759135,0.2553838314045043,0.3448908520596368,0.3723095463854926,0.4309117921761104,0.2016855056087176,40.991538547334216,0.5037303354058947,0.5037303382442111,4551.700878324963,62.78726968311128,4500.882300544507,,,,1e-06,62.78726968311128,0.2390405996924355,0.936552799883343,7.291365623474121,4551.700956798735,0.098539399249213,0.0985393985396339
198,train,0.5013104839030132,0.91072982117053,0.4082276709778334,0.2731030992763016,0.3229143577077055,0.4082276737818154,0.4989188077148571,0.102703139165877,15.009587013593285,0.5024517317933421,0.5024517401251741,3712.2516585729454,22.543866354932067,3719.6658330538457,,,,1e-06,,0.2314405645574292,0.9378867354444278,62.38972759246826,3712.251659926548,0.100800592332117,0.1008005925324014
198,val,0.5541666660990033,0.8515299317382631,0.3708360379650479,0.252228489943913,0.3448175638914108,0.3708360365458897,0.4315428542239325,0.2028928729040282,41.86094129653204,0.4993945686590104,0.4993945743356432,4669.708964029948,63.33523686726888,4614.641338186553,,,,1e-06,63.33523686726888,0.2424369688544954,0.9359192848205566,7.459544658660889,4669.70896984282,0.0948604274363744,0.0948604292103222
199,train,0.5009408602791448,0.9142147498105162,0.408805149457147,0.2717656574902996,0.3163032036635183,0.4088051476145303,0.5018648590131473,0.1017330679241367,14.513015390724265,0.5039567271227477,0.5039567389795857,3683.30958015688,21.91133984186316,3690.418524539832,,,,1e-06,,0.2318875043783136,0.9377790936218796,61.8894681930542,3683.309246227305,0.1010504817209577,0.1010504823618678
199,val,0.5556547613370986,0.8426980262710935,0.3682676553726196,0.2595345306964147,0.3707681347926457,0.3682676539534614,0.4144889556226276,0.2001518126399744,41.89087086632138,0.5138382897490547,0.5138383039406368,4583.492818196614,62.82488931928362,4532.205551609848,,,,1e-06,62.82488931928362,0.2499646239337467,0.9349967723801024,7.36889123916626,4583.492751348586,0.0969813231910978,0.0969813253198351
200,train,0.5015456990529132,0.9123049224576644,0.4082635247739412,0.2729386335579298,0.3226408485763816,0.408263524854055,0.5026168315320887,0.1052501431556158,15.176424987854496,0.5014494923494195,0.5014494998801139,3632.728018360753,22.352868346757788,3639.0527488631433,,,,1e-06,,0.2321308421832259,0.9377432904576742,61.37450361251831,3632.728018832463,0.1011519097192313,0.1011519095990606
200,val,0.5541666660990033,0.844919088340941,0.36916883076940266,0.2582154068208876,0.36330741501989816,0.3691688293502444,0.4184324439792406,0.202169707488446,41.93475786844889,0.5135837410177503,0.5135837580476489,4635.333173479353,63.155999501546226,4584.093048650569,,,,1e-06,63.155999501546226,0.2480259977635883,0.9350281613213676,7.756059169769287,4635.333237420945,0.09579130758841832,0.09579130936236609
