epoch,phase,bucket_acc,bucket_ce,bucket_distance_l1,bucket_entropy,bucket_expectation_l1,bucket_index_l1,bucket_prior_kl,calorie_from_map_l1,calorie_mae,calorie_map,calorie_map_l1,calorie_mse,calorie_rmse,loss,lr,scheduler_metric,segmentation,segmentation_dice,time_sec,total_calories,volume,volume_mae
1,train,0.5542674731182796,0.6289110068351992,0.422167132858948,0.5888352958104943,2.382213352187988,0.4221671315771277,0.1008048739825045,0.7983897160137853,130.12350472070838,0.1749216839270566,0.1749216863705266,34545.678965578794,168.00379090668054,0.6455277356635842,0.0001,,0.6467180018142987,0.7371494457606347,89.68781924247742,0.2630626203752653,0.0782130952443807,0.0782130947837265
1,val,0.5511904756228129,0.7380355057262239,0.3857238491376241,0.4110907557464781,1.0310068130493164,0.3857238533950987,0.2277821981835933,0.546121514978863,93.07739984421502,0.2429199658689044,0.2429199701263791,20885.81002371652,135.35053507486978,0.443212350209554,0.0001,135.35053507486978,0.540825210866474,0.8470366710708255,10.041763544082642,0.172605860091391,0.0923864954993838,0.0923864940802256
2,train,0.5002016130314079,0.8648234424732064,0.4189077014884641,0.3517520810647677,0.7303512293484903,0.4189076998861887,0.3966337760049169,0.4947047466712613,94.50573744825138,0.26106903645941,0.2610690410258949,22635.41173660114,132.16687899763866,0.5676095422269519,0.0001,,0.4610408858586383,0.8744624779429487,92.7154414653778,0.1652649204617226,0.0906725605569219,0.0906725596356135
2,val,0.5511904756228129,0.6999629806904566,0.3625812686624981,0.3594741111709958,0.8390442728996277,0.3625812757582891,0.2624860200143996,0.5820706955024174,97.98799823579334,0.2896223664283752,0.2896223692666916,18144.685570126487,131.01524353027344,0.5595758268327424,0.0001,131.01524353027344,0.4593920225188845,0.8654369030679975,10.535327434539797,0.1668656181011881,0.102771945297718,0.1027719467168762
3,train,0.5006048387737685,0.92630970013398,0.4225336075710353,0.3094260490709735,0.5666766208346172,0.4225336070903527,0.465341275257449,0.4558440800155363,92.01419186335738,0.2683761816031189,0.2683761892940408,20869.082734795025,127.1313783994285,0.6649868726730347,0.0001,,0.4004885264301813,0.8842296340773182,90.4291353225708,0.1556387641216798,0.0906630034648603,0.0906630034248034
3,val,0.5511904756228129,0.7921824568793887,0.374505402076812,0.3243236059234256,0.6530869702498118,0.374505402076812,0.3284068689459846,0.3993948130380539,100.88273765927268,0.2613922577528726,0.2613922605911891,17168.505929129464,127.12030501592729,0.6393374898216941,0.0001,127.12030501592729,0.4248489354337965,0.867634239650908,13.736011028289797,0.1611437967845372,0.1214940249919891,0.1214940253467787
4,train,0.4995967742576394,0.9581996893049568,0.4247451816355028,0.2949361751476924,0.5197731793247243,0.4247451809144789,0.4971907795757376,0.4125939428165395,87.50727848340107,0.2819089256627585,0.2819089283065129,20236.49214746619,121.99566970332975,0.7645611815179638,0.0001,,0.3688011537956935,0.8924168553403629,89.40869402885437,0.1456426599173135,0.0916257271923685,0.0916257273525961
4,val,0.5511904756228129,0.8528883599099659,0.3820469450382959,0.2854292115994862,0.4883050350915818,0.3820469407808213,0.394660007031191,0.3801102297646658,81.56594412667411,0.333395215727034,0.3333952214036669,15085.873767671132,115.2950948079427,0.6973970037518126,0.0001,115.2950948079427,0.3825608846687135,0.8903297100748334,10.87518572807312,0.1314955573706399,0.0835658645346051,0.083565863825026
5,train,0.5002016130314079,0.9503138820009848,0.4232354345981792,0.2901449076911455,0.4883556638353614,0.4232354340373829,0.4986185981461438,0.38858101324689,82.48018713920347,0.293792138016352,0.2937921460277291,18436.101590064263,115.96332736681866,0.8507213526703292,0.0001,,0.3514608944295555,0.8963010734127413,94.2006058692932,0.1316698552559941,0.0916153147255861,0.0916153149258705
5,val,0.5511904756228129,0.9138489053362892,0.3773687758616039,0.2616685444400424,0.5077298539025443,0.3773687815382367,0.4146518416347958,0.3562515562488919,80.67435073852539,0.3223417287781125,0.3223417358739035,14705.957647414434,114.32675061907086,0.8229025111053929,0.0001,114.32675061907086,0.3699911563169388,0.8864932627904982,12.04261827468872,0.1297760843521072,0.0899439026557263,0.0899439019461472
6,train,0.5002016130314079,0.9560133231583462,0.4229977247054859,0.287987943378187,0.4727612871636626,0.4229977235037793,0.5082319461670454,0.3676711468286411,81.62177518619004,0.2918175853067828,0.2918175913954294,18015.695051295785,113.6976051740749,0.8358420317020481,0.0001,,0.336445106453793,0.8999634529313734,89.15988564491272,0.1274841255758718,0.0924980724530835,0.0924980728536523
6,val,0.5511904756228129,0.9100338277362642,0.3892280211051305,0.2643454571564992,0.4373113981315067,0.3892280253626051,0.4442679463397889,0.3367441403014319,74.14062445504325,0.3068214598156157,0.3068214669114067,12584.754871186757,105.5144916716076,0.775599658127987,0.0001,105.5144916716076,0.3536845218567621,0.8886224485578991,10.70122003555298,0.1112485554601464,0.0897847002460843,0.0897846993591104
7,train,0.5002016130314079,0.954010774531672,0.4219216764453918,0.2840438064548277,0.4555398193738794,0.421921678127781,0.5073896794910392,0.3657639326267345,77.86489847654937,0.2987959373702285,0.2987959386520488,16993.056330855175,109.05986221887731,0.8195709122150434,0.0001,,0.329536880857201,0.902286257154198,92.3580436706543,0.119227961106326,0.0923246219754219,0.0923246219754219
7,val,0.5511904756228129,0.8609909897758847,0.3742282468648183,0.2714849071843283,0.4910110135873158,0.3742282525414512,0.3966318713057609,0.3616497651452109,76.7858499799456,0.3172252107234228,0.3172252164000556,13707.65584309896,110.0383787609282,0.7918893918846592,0.0001,110.0383787609282,0.3454852458976564,0.8944256192161923,12.76171588897705,0.1201596620182196,0.085996789591653,0.0859967910108112
8,train,0.4993951613063453,0.9536959546548064,0.4218377467765603,0.2839442505951851,0.4557522879813307,0.4218377466964465,0.5104133273244545,0.3567441706695864,77.25383820072297,0.2957182906327709,0.2957182941577768,17147.86933094968,108.93627320566485,0.8132299229753539,0.0001,,0.31782884735574,0.906314992456026,90.41408395767212,0.1183590913712177,0.0940529369218375,0.0940529368417237
8,val,0.5511904756228129,0.94776865981874,0.3778671693234217,0.2445367042507444,0.4626321849368867,0.3778671593893142,0.4471834748983383,0.3820739679393314,80.10064006987072,0.3136220758869534,0.3136220872402191,15193.106340680804,117.94658751714798,0.8313546433593287,0.0001,117.94658751714798,0.3430904817013513,0.9003901510011583,11.540680170059204,0.1361074291524432,0.0860078813774245,0.0860078797808715
9,train,0.4997983871288197,0.951650306902906,0.4210307605324253,0.2823627521434138,0.4380567492817038,0.4210307622949282,0.5064647386791885,0.3323555394846906,75.2718717205909,0.2985866521635363,0.2985866582521828,15978.182994555402,106.11286782705656,0.791729101669106,0.0001,,0.3134156290882377,0.9076920494597446,84.8966178894043,0.1119151072556613,0.0944915405845129,0.0944915411853662
9,val,0.5511904756228129,0.7944606599353609,0.3706862954866318,0.2986707183576765,0.5336544868491945,0.3706862983249482,0.3574484583167803,0.3325773108573187,82.45970698765346,0.3286486324809846,0.3286486381576174,12975.089518229166,110.53024437313988,0.776979289632855,0.0001,110.53024437313988,0.3260869951475234,0.9034219469342912,11.890780448913574,0.1258502764006455,0.111509193267141,0.1115091943315097
10,train,0.5006048387737685,0.9551234842949016,0.4199692659801052,0.2822988372175924,0.4432285877485429,0.4199692679028357,0.5084924671037864,0.3468832478568118,75.26015168877058,0.2993701002610627,0.2993701057087991,15995.8481320617,105.50284188793552,0.8001580134786741,0.0001,,0.3068220884569229,0.9089215753539917,91.47973608970642,0.1117204784826245,0.0955515230294837,0.0955515227891424
10,val,0.5511904756228129,0.962696963832492,0.3895458110741207,0.2287957199982234,0.3427439147517794,0.3895458110741207,0.5075927667674565,0.3412150002661205,67.69750649588448,0.2618051128728049,0.2618051192590168,11153.956688290553,97.20964885893322,0.7521277106169498,0.0001,97.20964885893322,0.3202163591271355,0.9049346305075144,11.483544111251833,0.1005411658968244,0.0824011927914051,0.0824011919044312
11,train,0.5,0.9480337976447998,0.4198147578425305,0.2839626774832766,0.4338721971838705,0.4198147568010514,0.50918274052361,0.3389509748467194,73.42830323660246,0.3124796996514002,0.3124797047786815,15676.287164503528,103.64502629926127,0.7871249721507834,0.0001,,0.3020140709736014,0.9111792070250356,88.32611465454102,0.1075436052395611,0.0966474027723394,0.0966474027322825
11,val,0.5511904756228129,0.8842493409202212,0.3895721556175323,0.274536282533691,0.4229793151219685,0.3895721492313203,0.4358682220890408,0.3251966472182955,76.07210795084636,0.3264967103799184,0.3264967259906587,11403.910877046132,100.19827470325288,0.7507360924373974,0.0001,100.19827470325288,0.3171917952242352,0.9110865592956544,13.677146196365356,0.1042471386137462,0.1065207283411707,0.106520727276802
12,train,0.4995967742576394,0.9487934809538626,0.4189985283119704,0.2787666969722317,0.4253935132135627,0.4189985289528806,0.5107982493135877,0.3229997996841707,70.332060926704,0.3124279342992331,0.3124279386253767,14874.8946296938,99.83832884347568,0.7706200538660942,0.0001,,0.2931022091257956,0.9135125532586088,90.53849172592165,0.1010220179194083,0.0962664185752791,0.0962664184951654
12,val,0.5511904756228129,0.8784538876442682,0.3723659941128322,0.2596438307137716,0.4334112874099186,0.3723659955319904,0.4146009399777367,0.3194678127765655,64.79194023495629,0.3385910519531795,0.3385910590489705,9515.367931547618,92.32375590006512,0.7307507334333477,0.0001,92.32375590006512,0.3116582873321715,0.9078492039725894,10.001103162765505,0.0900541462358974,0.0932765280206998,0.0932765255371729
13,train,0.5,0.9505652139584224,0.4198416740663589,0.2792930375504237,0.415477873096543,0.419841673345335,0.5106658323077105,0.3143419342175607,69.34163221748926,0.3099202906252235,0.3099202970343251,14527.682790448587,97.58322147656511,0.7616757816738553,0.0001,,0.2875690415341367,0.915174392602777,97.7180881500244,0.0971659907860861,0.0973822047473282,0.0973822054683521
13,val,0.5511904756228129,0.9599067228181022,0.3866720000902812,0.226448084626879,0.3499665487380254,0.3866720029285976,0.500546898160662,0.3389191776514053,62.687598818824405,0.3112816086837223,0.3112816143603552,10240.622192382812,94.52617045811245,0.7397518172408595,0.0001,94.52617045811245,0.3000837053571428,0.908800556546166,11.481161832809448,0.0921829677231255,0.0884835290766897,0.0884835280123211
14,train,0.4995967742576394,0.9470976826644713,0.4183785536436624,0.278091662993995,0.4037169705155075,0.4183785542845726,0.5077969592905813,0.3067648444044333,66.72073042264549,0.312341823212562,0.3123418288205259,13686.115685247603,94.27050645889774,0.7459153612856111,0.0001,,0.2839947719407338,0.9167340429880286,84.86408495903015,0.0901665237722217,0.0972977498526214,0.0972977503733609
14,val,0.5511904756228129,0.9564124175480434,0.3812272222269149,0.2269551172142937,0.3601491217102323,0.3812272222269149,0.4856831821657362,0.308124419479143,70.60956428164528,0.3264213090851193,0.3264213176000686,12131.413754417785,102.39153489612396,0.7485036015510559,0.0001,102.39153489612396,0.3063368811493828,0.9098201791445414,12.551265001296995,0.1076981849258854,0.0822961985000542,0.0822961988548437
15,train,0.4997647850103275,0.95234368565262,0.4191746286326839,0.2765870201651768,0.3988639611390329,0.4191746257485882,0.5152248546320904,0.2960216307271552,65.75769442896689,0.3113415217207324,0.3113415258866484,13819.065099572625,94.2318628782867,0.741696422469335,0.0001,,0.278355957359396,0.9181653123389008,89.75607943534851,0.0896293210386428,0.098317682222333,0.0983176820621054
15,val,0.5511904756228129,0.9084820463543848,0.382839954325131,0.2460953344901403,0.3706071639344805,0.382839954325131,0.4610294869967869,0.2842705810353869,66.8057013012114,0.3362431086245037,0.3362431143011365,12278.760021391368,100.81930396670388,0.7256403554569592,0.0001,100.81930396670388,0.294061283270518,0.9143644230706351,11.437737464904783,0.1057976065647034,0.0759879419846194,0.0759879418072246
16,train,0.5005712364950488,0.946411392861797,0.4167711685902329,0.2756676809281431,0.3935108996366941,0.4167711691510293,0.509267283423293,0.2888979896182014,64.25031809653005,0.3174613879252506,0.3174613964173101,13210.510510516424,91.6824024979786,0.7312002703396961,0.0001,,0.2732774850822264,0.919512592015728,89.30581665039062,0.0855458153772258,0.098218691805678,0.0982186921661899
16,val,0.5511904756228129,0.9146274895895096,0.382692148288091,0.2391169227304913,0.3668607799779801,0.3826921525455656,0.4734399382557188,0.3212832503375553,65.41492643810454,0.3042770056497483,0.3042770113263811,11147.060421898252,97.36983471825008,0.732054463299838,0.0001,97.36983471825008,0.2900256471974509,0.9146433926763988,12.355556011199951,0.1001570583986384,0.0824757871173677,0.0824757865851833
17,train,0.4997983871288197,0.9507195188473628,0.4179242573758607,0.2752890112579509,0.3892778000363739,0.417924255533244,0.5168090417420351,0.2876174346573891,64.16855937178417,0.3155928266945705,0.3155928340650374,12969.839133642054,90.25888116898076,0.7289801102294665,0.0001,,0.2684874376782807,0.92091586448813,85.7254388332367,0.08391402431974,0.0982566527942175,0.0982566522334211
17,val,0.5511904756228129,1.0797379726455325,0.3989875032788231,0.1952540413254783,0.3566942413647969,0.398987508955456,0.5943464594227927,0.4303845181351616,88.89208566574823,0.3158487564041501,0.3158487592424665,16966.17702520461,121.68269584292456,0.8808503093141498,0.0001,121.68269584292456,0.308374673128128,0.9126328882716952,12.39398717880249,0.1514396809396289,0.0798959073921044,0.0798959068599201
18,train,0.500739247247737,0.9539725993589688,0.4177313032810406,0.2720801585143612,0.3758916483130506,0.4177313034412681,0.5169056168887564,0.2762689606877424,60.992509595809445,0.3148936651727205,0.3148936722227322,12493.392733666204,86.98843595033051,0.7158318730717155,0.0001,,0.2692628039788174,0.9196874089138484,86.24548053741455,0.078646356970953,0.0975645817015119,0.0975645819819101
18,val,0.5556547613370986,0.8648514435404823,0.3724558559202012,0.2569764575787953,0.4091913927169073,0.3724558559202012,0.4189813534418742,0.2899191266014462,61.98017283848354,0.3050818329765683,0.3050818485873086,8335.372331891742,87.17109534853981,0.6990065990072308,0.0001,87.17109534853981,0.2829916718460264,0.9161334804126194,11.043889999389648,0.0812745279676857,0.0933377522797811,0.0933377522797811
19,train,0.5003360215053764,0.9598307622376308,0.4178533142292371,0.2695164912009752,0.3624744722920079,0.4178533147099197,0.5230444527922138,0.2583939340967004,57.87831457199589,0.3150774602608014,0.3150774660289928,11666.73390640751,83.11021446925338,0.6997730017912508,0.0001,,0.2612896904509554,0.923340614444466,90.720849275589,0.071822637066205,0.096926077238975,0.0969260774392594
19,val,0.5511904756228129,0.9385132108415876,0.3809071985029039,0.2272922836598895,0.3223500847816467,0.3809072034699576,0.4858299075138001,0.2939794063568115,61.71861067272368,0.3415549454234895,0.3415549539384387,9115.948640369234,88.48517245338077,0.6999746907841076,0.0001,88.48517245338077,0.2725549269290197,0.9202343083563304,11.413207292556764,0.0855522016506819,0.0820027469169525,0.0820027454977943
20,train,0.5005040322580645,0.9502257339416011,0.4175467376587211,0.2719116975222864,0.3785504804503533,0.4175467360564457,0.5178760990941076,0.2744578115481843,58.53276572688933,0.3203984742523521,0.3203984784182682,11879.68261062458,84.0059321413758,0.7103272309608331,0.0001,,0.2588178825474554,0.9232502813621234,84.62358665466309,0.0744364030048331,0.0977073929082321,0.0977073931485734
20,val,0.5511904756228129,0.9486615487507412,0.3866558855488187,0.2273692843459901,0.3315285231385912,0.3866558961925052,0.5026803257919493,0.2984611331706955,66.98735754830497,0.3221011800425393,0.3221011956532796,11320.654261997768,97.67591276622954,0.7247705748586943,0.0001,97.67591276622954,0.2793598600796291,0.91958372933524,11.32334017753601,0.1008079793481599,0.0773478643525214,0.0773478661264692
21,train,0.5005376345367842,0.9521141846974692,0.4171516710231381,0.2697871099075963,0.3661885344853965,0.4171516683793837,0.5239562741530839,0.2631857124387577,58.44961163305467,0.319074615996371,0.3190746216043349,11693.84549540858,83.52256851811563,0.7023169028237212,0.0001,,0.2557475734301793,0.9241055660350348,88.45873928070068,0.0735424949527187,0.0965655864646998,0.0965655857436759
21,val,0.5511904756228129,0.907606411547888,0.3817002865530196,0.2426741116103671,0.358922561719304,0.3817002822955449,0.4653395648513521,0.2828293151798702,57.6317503792899,0.3347334067026774,0.3347334095409938,7730.687331426711,83.4871826171875,0.6863285928061514,0.0001,83.4871826171875,0.2714559464227585,0.918229321638743,11.038190841674805,0.0740934160671063,0.0922941828057879,0.0922941838701566
22,train,0.4999663978815079,0.9545868311517982,0.4180421902127163,0.2684806580505063,0.348749456827038,0.4180421880496445,0.5248981654964467,0.2518649960477506,54.72811405633085,0.32228725780082,0.3222872650110593,11020.150532384072,78.74925361141082,0.6833526208344534,0.0001,,0.2539712843555276,0.9235273958534322,83.53067374229431,0.0648951436523147,0.0961456944144541,0.096145694454511
22,val,0.5511904756228129,0.9151137315091632,0.3831463371004377,0.2397611744347073,0.3321634644553775,0.3831463356812795,0.4714250912268956,0.2947786932899838,61.45713987804594,0.3219289368107205,0.3219289453256698,8756.330688476562,86.76714942568825,0.6920479472839471,0.0001,86.76714942568825,0.2682431765965053,0.9239766285532997,11.393131256103516,0.0810362357823621,0.0882192317928586,0.0882192310832795
23,train,0.500134408634196,0.9582625302255796,0.4184018698751285,0.268953580209004,0.3544447859448771,0.4184018709166076,0.5271858175595602,0.2501729872598442,55.6775275199644,0.3232885054362717,0.3232885136078762,10864.81477634881,79.02472312476046,0.6868824006732466,0.0001,,0.2475451094809398,0.9273621949457354,88.8941113948822,0.0654518794348483,0.0965933157231218,0.0965933154827805
23,val,0.5511904756228129,0.9493893611998784,0.3930457631746928,0.2326763847044536,0.3316909940469832,0.3930457560789017,0.516679374235017,0.3986278346606663,62.73780114310129,0.3120281809852236,0.3120281880810147,9570.890555245536,90.98351197015673,0.7475750283761458,0.0001,90.98351197015673,0.2606613252844129,0.9252923187755404,12.062612533569336,0.08795213353421,0.0976126343011856,0.097612633946396
24,train,0.5014112902584896,0.95631617371754,0.4173086296406484,0.2676869287926663,0.342416205313257,0.4173086300412172,0.525687506262173,0.2342894940526895,51.89732494149157,0.325257622426556,0.3252576302777054,9943.620708178449,74.07904467018702,0.6687257197569516,0.0001,,0.2455725157132712,0.9284122656750424,97.87756514549255,0.0575988014599168,0.0968551633739343,0.0968551635341618
24,val,0.5511904756228129,0.9061296128091358,0.383963487687565,0.2432477658703213,0.3393959502379099,0.383963487687565,0.4723156541585922,0.2633564369309516,56.64292253766741,0.3359928329785664,0.3359928414935157,7471.804007393973,80.15460114252,0.6691459345095085,0.0001,80.15460114252,0.255857650013197,0.9226217979476564,10.136228322982788,0.0711837002031859,0.0941220380011059,0.0941220372915268
25,train,0.5008736560421605,0.958802542218598,0.4178804080652934,0.2648553012679981,0.3316826424611512,0.4178804063829042,0.528913675336748,0.2385711905856927,51.82923570243261,0.3272348136030217,0.3272348198518958,9856.571830175257,73.48660370611375,0.6670909248217187,0.0001,,0.2413883307768452,0.9287181310756232,84.82751893997192,0.057660319567007,0.0968927077708705,0.0968927082114963
25,val,0.5511904756228129,0.885784809078489,0.3826596800770078,0.2509827422244208,0.3620619348117283,0.3826596829153242,0.4581992473630678,0.2677232041245415,60.04281670706613,0.31512441663515,0.3151244223117828,8070.726539248511,85.26614361717587,0.6777122880473282,0.0001,85.26614361717587,0.2568354769831612,0.9245919925825936,11.007517099380491,0.0775992279606206,0.0928377459446589,0.0928377459446589
26,train,0.5009408602791448,0.9552898815562648,0.4162908826944648,0.2661070735544287,0.335022997151139,0.4162908818933271,0.5229752372589803,0.2349284548032027,50.87670412371236,0.330230065411137,0.3302300698975081,9732.533568023351,72.93199014150969,0.663634492612447,0.0001,,0.2379454363898564,0.9290095151111644,88.87487769126892,0.0558131747248192,0.0970356355831828,0.0970356359837516
26,val,0.5541666660990033,0.9215892624287378,0.3803538261424927,0.2343150121825082,0.3177549200398581,0.3803538296903883,0.4756255852324622,0.2435320473852611,55.87184179396856,0.3495191846575056,0.3495191988490876,6909.782604399182,78.72795177641369,0.6549583548849279,0.0001,78.72795177641369,0.2532488334746587,0.924387534459432,10.185434818267822,0.0664376453274772,0.0869084823699224,0.0869084834342911
27,train,0.5012096775475369,0.95330315331618,0.4164092660110484,0.2651763383739738,0.3310232480527252,0.4164092667320723,0.5253434768046743,0.2364691324051349,50.20265733042071,0.3295982515299192,0.3295982574583381,9624.434681225848,70.6508827927292,0.6599895286640334,0.0001,,0.2373555526938489,0.929182764343036,95.6778028011322,0.0534899683208555,0.0962017191754233,0.0962017191353664
27,val,0.5541666660990033,0.8723161064443135,0.3757738492318562,0.255183254679044,0.3740507917744772,0.375773847812698,0.4313419514468738,0.2551979848316738,56.50534856887091,0.3401018125670297,0.3401018139861879,7477.957130068824,81.23823565528507,0.666453974535971,0.0001,81.23823565528507,0.2559268928709484,0.923045175416129,9.256443738937378,0.0720952327939726,0.0907193738080206,0.0907193723888624
28,train,0.5017809140425856,0.9524445210092812,0.4166194333504605,0.2652375778203369,0.3282875341753806,0.4166194327095503,0.5240191516856993,0.2221093457793035,49.61148673231884,0.3306381702423095,0.3306381772923213,9542.802725515055,70.36743756776215,0.6524057082455568,0.0001,,0.2357954737800423,0.929919937285044,93.50715923309326,0.0523943149244352,0.09672994418971,0.0967299440294824
28,val,0.5511904756228129,0.8734498180094219,0.3782253464063008,0.2512511795475369,0.3439614737317675,0.3782253435679844,0.4453626118955158,0.243507302233151,52.470290229434056,0.3468368564333234,0.346836853595007,6441.152884347098,76.68794395810082,0.6444636940956116,0.0001,76.68794395810082,0.2475579019103731,0.9252235123089382,8.760362386703491,0.0642092645700488,0.0938678490264075,0.0938678476072493
29,train,0.5005376345367842,0.9587821186550202,0.4168897190241403,0.2634118496570536,0.3240625248641096,0.4168897182230026,0.5300567200587641,0.2288770281098863,48.64786268049671,0.3338582209681952,0.3338582257750214,9374.093011671495,69.36659112540625,0.6548707580726958,0.0001,,0.2332389260171562,0.9300056263323752,91.11177015304564,0.0518710769122085,0.0972825500673504,0.0972825496667815
29,val,0.5541666660990033,0.9154857283546812,0.3787629973320734,0.2301507876032874,0.3028032673256738,0.3787629930745987,0.4807127167781194,0.2439891958520526,52.69122287205288,0.3524332287765684,0.3524332372915177,6204.692964099702,75.87143144153413,0.6418382742188193,0.0001,75.87143144153413,0.2461098106134505,0.9273468397912524,9.933084726333618,0.0620389760782321,0.0902155102008865,0.090215510555676
30,train,0.5012432795058015,0.955086604561857,0.4166797418748179,0.2633946596454548,0.3155874762964505,0.4166797434770933,0.5315304123345883,0.2115211598575115,47.208027070568455,0.3334960165203258,0.3334960246919304,8858.156017344485,67.19108225709648,0.6406227566377081,0.0001,,0.2298347140031476,0.9316683895485376,88.30490207672119,0.0477235682699228,0.097490491766122,0.0974904923269184
30,val,0.5511904756228129,0.860617193437758,0.3802711410181863,0.2587082925296965,0.3805672455401647,0.3802711424373445,0.440953655611901,0.2569384468453271,58.74893206641788,0.334072151354381,0.334072151354381,8461.886898949033,86.43766167050316,0.6756898226159992,0.0001,86.43766167050316,0.2458800638005847,0.9269953710692268,9.667937755584717,0.0807691989910034,0.0981637927747908,0.0981637931295803
30,val_periodic_epoch_30,0.5511904756228129,0.860617193437758,0.3802711410181863,0.2587082925296965,0.3805672455401647,0.3802711424373445,0.440953655611901,0.2569384468453271,58.74893206641788,0.334072151354381,0.334072151354381,8461.886898949033,86.43766167050316,0.6756898226159992,0.0001,,0.2458800638005847,0.9269953710692268,9.39468502998352,0.0807691989910034,0.0981637927747908,0.0981637931295803
31,train,0.501008064516129,0.9448983150143776,0.4154270090242868,0.2668850165541454,0.3353571294135944,0.4154270073418976,0.5221197444905517,0.2293078735550885,49.88886268164522,0.3322664406350863,0.3322664478453256,9591.921933738136,70.47124573492235,0.6549448532688898,0.0001,,0.2276015497183287,0.9321707115378433,85.35190296173096,0.0533906663567709,0.0976860082998711,0.0976860082598142
31,val,0.5511904756228129,0.958856244881948,0.3828571836153666,0.2176493385008403,0.2827195702564148,0.382857186453683,0.510105835539954,0.2944813214597248,63.28196725391207,0.3349160183043707,0.3349160282384781,8436.503609793526,86.85621061779204,0.6880026578903198,0.0001,86.85621061779204,0.2442498299337568,0.9283694255919684,8.668376684188843,0.0810134953686169,0.0770923477553185,0.0770923463361603
32,train,0.5006720430107527,0.9581821655393928,0.4171738543657846,0.2618416808946158,0.3122953130833564,0.4171738554072636,0.5370392691223852,0.2097344136125938,45.14443290874522,0.3340980399359939,0.3340980461848679,8686.161033056116,64.49334901379001,0.637401794584512,0.0001,,0.2250979803101991,0.9336309823938596,87.70575451850891,0.0456518997107782,0.0981291513289174,0.098129150447666
32,val,0.5541666660990033,0.9316576350302924,0.381549806821914,0.2278975844383239,0.3055576398259118,0.3815498018548602,0.4868106827849433,0.2611658835694903,57.769402821858726,0.3295203206085023,0.3295203262851351,7819.877935500372,83.55395562308175,0.669754353797797,0.0001,83.55395562308175,0.2412152120045253,0.9291447571345738,10.536866664886476,0.0763289851713038,0.0832585053784506,0.0832585060880297
33,train,0.500739247247737,0.9497251233426474,0.4161118884240427,0.2648322989222824,0.3250284489764962,0.4161118879433601,0.5286872718803665,0.2200443245150068,48.18078696343206,0.3337986506121133,0.3337986589439453,9249.363533594274,69.0145668009276,0.6476758685978976,0.0001,,0.2235976924659103,0.934154583561805,91.19550967216492,0.0510047570431745,0.0987262789119956,0.0987262785915405
33,val,0.5526785708609081,0.8681907980214982,0.3753809765690848,0.251854046469643,0.3543932054724012,0.3753809751499267,0.4379529172465914,0.2593254223465919,53.75749124799456,0.3496150232496716,0.3496150275071462,6616.2622302827385,77.85827872866676,0.6527945691888982,0.0001,77.85827872866676,0.2380140239284152,0.9324818906329928,11.374531030654907,0.0650989864731118,0.0940301716327667,0.0940301709231876
34,train,0.5010752687531133,0.9554490011225464,0.4161139265984617,0.2620080156672385,0.3090276165354636,0.4161139252365276,0.5306585459939895,0.2083029462605394,44.42388485323998,0.3353645498714139,0.335364560286204,8388.274569931851,63.49177859931864,0.632158589603925,0.0001,,0.2213982240326943,0.9342060252543418,87.11669874191284,0.0433208977613317,0.0980858614127482,0.098085861813317
34,val,0.5556547613370986,0.8551532995133173,0.3718031822215943,0.2492534951085136,0.3491888642311096,0.3718031836407525,0.433884138862292,0.2295130015838714,50.6947443825858,0.3407475082647233,0.3407475224563053,5629.049781436012,71.49261765252976,0.6257350258754961,0.0001,71.49261765252976,0.2395913430622645,0.9284401280539376,11.172003746032717,0.0560367479033413,0.0914069438974062,0.091406942478248
35,train,0.5012096775475369,0.9542434824410304,0.4160363909698302,0.2614818744121059,0.3043418505819895,0.4160363909698302,0.532911206565557,0.2017661796942834,43.465392604950935,0.3357203481017902,0.3357203567540773,8309.65524882655,62.031974054151966,0.626259817900481,0.0001,,0.2200234650123504,0.934274149197404,83.08473038673401,0.04183178099363,0.0978347693159375,0.0978347693559944
35,val,0.5526785708609081,0.8890983178502038,0.3775511575596673,0.2397484346514656,0.3147953805469331,0.3775511568500882,0.4611284519944872,0.2193756699562072,49.569825671968005,0.3396586761588142,0.339658674739656,5681.34228515625,70.9712032136463,0.623324533664819,0.0001,70.9712032136463,0.2384921851612272,0.9287619817824592,9.273706674575806,0.057051682401271,0.0881906421411605,0.0881906410767918
36,train,0.5011424731503251,0.9569777871972772,0.4167408221351203,0.2615968339866207,0.3052843066473161,0.4167408225356891,0.5349314802436418,0.1967375853689768,43.06186342752108,0.336231606621896,0.3362316138321353,8291.75434530935,61.826322760633246,0.6253225965531988,0.0001,,0.2189141759468663,0.9351918450606768,85.32478666305542,0.0414998887647544,0.0971180155713071,0.0971180159718759
36,val,0.5571428565751939,0.8830708009856088,0.3762451140653519,0.243019136644545,0.3308766129471007,0.3762451176132474,0.4523855398098628,0.230690421802657,53.75878306797573,0.3311257844879514,0.3311257972603753,6194.961088634673,75.51816794985817,0.6333692691542886,0.0001,75.51816794985817,0.231817942290079,0.9313757334436688,9.395846366882324,0.0612145283569892,0.0947603175327891,0.0947603164684204
37,train,0.5015120967741935,0.9587183573874094,0.4167009827590758,0.26106023700327,0.305508955351768,0.4167009827590758,0.5352016524361667,0.2001725951590204,43.69350439502347,0.3361007018435386,0.3361007071310474,8314.618421985257,62.546193820174025,0.6283055458004627,0.0001,,0.2161401023948064,0.9356591169552136,82.09644556045532,0.0426554759158202,0.097604199843381,0.0976041997632672
37,val,0.5511904756228129,0.9755254075640724,0.3913518275533403,0.2143949695995875,0.2873456513597852,0.391351831810815,0.5410884356214887,0.2972778954676219,63.24750491550991,0.3290943758828299,0.3290943801403045,9507.797526041666,90.31364041283015,0.7055055863929517,0.0001,90.31364041283015,0.2244166987282889,0.9337919155756632,9.742469310760498,0.0899085340400536,0.0946986451745033,0.0946986441101346
38,train,0.5004032258224743,0.9602559413961184,0.4176117223036545,0.2612572865140053,0.3036594489409077,0.4176117227843371,0.543105078801032,0.2050700527365489,43.568328529275874,0.3390512889431369,0.3390512967942863,8441.944524949597,62.63714307354343,0.6295298478418729,0.0001,,0.2160258887596027,0.9357151799304512,87.35239028930664,0.0424638349632982,0.0978297267549781,0.0978297266348074
38,val,0.5586309518132891,0.8587220822061811,0.3666820575793584,0.2449727328050704,0.3759321485246931,0.3666820597080957,0.4252056500741413,0.2959478220769337,55.34792927333287,0.368529010386694,0.3685290259974343,7198.089378720239,81.27627944946289,0.6732467703747027,0.0001,81.27627944946289,0.2326702936774208,0.9320160150527954,10.88994288444519,0.0704832926747344,0.0908576221693129,0.0908576200405756
39,train,0.5022513440219305,0.9497595365329456,0.4153265701506727,0.2633455293152922,0.3188382139609706,0.4153265684682836,0.5326555537119988,0.2111118612911111,45.17399419764037,0.3437790974814405,0.3437791034098594,8678.31989575458,64.28810646713421,0.6362070075791292,0.0001,,0.2154350262335551,0.935466689768658,85.01466059684753,0.0449018378000986,0.0982953361686198,0.0982953360083923
39,val,0.5541666660990033,0.8389320714133126,0.3728157558611461,0.260910893479983,0.372891902923584,0.3728157544419879,0.4192397764750889,0.2406437790819577,53.56172561645508,0.3515132807549976,0.3515132864316304,5946.279331752232,74.3971781049456,0.6353553107290557,0.0001,74.3971781049456,0.2279246910696938,0.9338160696483794,10.999112606048584,0.0601139134239582,0.1021898154701505,0.1021898172440983
40,train,0.5005376345367842,0.959599942289373,0.4170475535655534,0.2602531590288685,0.2976614919400984,0.417047552684302,0.5405070102342995,0.1895224770070404,41.38081160924768,0.3411847519618208,0.3411847602936529,8073.505016531995,59.11782621568249,0.6187928902581084,0.0001,,0.2127211109925341,0.9358632067839304,84.85142064094543,0.0392286532298131,0.0989089039785246,0.0989089044592072
40,val,0.5541666660990033,0.8306441945689065,0.3696255059469314,0.2596991537582306,0.3914867384093148,0.369625503108615,0.4137139958994729,0.2460985290152686,55.1104006086077,0.3561689314388093,0.3561689513070242,6111.589646112351,76.40197245279948,0.6420906988057223,0.0001,76.40197245279948,0.2261933663061686,0.9329630108106703,11.042660474777222,0.0617393681868201,0.0958153836074329,0.0958153825430642
41,train,0.5014448925372093,0.9560336191808024,0.4163769831260045,0.2612395834538244,0.2948510613973423,0.4163769814436153,0.5377320800657555,0.1899744770539704,40.73639961981005,0.3388162351423694,0.3388162442753392,7845.3486725181665,58.296922458115446,0.6143938317443385,0.0001,,0.211558575030937,0.9366896431292256,86.49507856369019,0.0374287854910137,0.0985851536194483,0.0985851534992776
41,val,0.5526785708609081,0.8811106483141581,0.3745616199005218,0.2453585650239672,0.3435699159190768,0.3745616248675755,0.4460533147766476,0.223978320757548,49.80669475737072,0.3746641931079683,0.3746642016229175,5355.3125232514885,69.63232240222749,0.6277472109505624,0.0001,69.63232240222749,0.225368524591128,0.9335007468859354,11.2211594581604,0.0536623796714203,0.0903299159946895,0.0903299163494791
42,train,0.5011424731503251,0.954018827728046,0.4159677595861496,0.260177382698623,0.2990160735063655,0.4159677585446706,0.5351446170800476,0.18710616110794,41.02121683346328,0.3394648559311384,0.3394648637822879,7795.311526883033,59.04686361743558,0.614752462656811,0.0001,,0.2073845490012117,0.937861943116752,89.77331328392029,0.0380926966436848,0.0984083103236331,0.09840831036369
42,val,0.5526785708609081,0.8946502918288821,0.3755789448817571,0.2414357279028211,0.3279383367016202,0.3755789555254437,0.4506210273220425,0.2102633877879097,48.64022073291597,0.3640375236670176,0.3640375222478594,5744.103710356213,70.62312907264347,0.625252202424136,0.0001,70.62312907264347,0.2218897002083914,0.933998133455004,10.914763689041138,0.0570626766864387,0.0884989542620522,0.0884989535524731
43,train,0.5014112902584896,0.9601786777537356,0.416427573129054,0.257179836111684,0.2789491023267469,0.416427575933036,0.5409318306433257,0.1835739544082072,39.03166110028503,0.3371637061398516,0.3371637122284981,7241.550303633495,55.27710460334696,0.6051294611359285,0.0001,,0.205915157112383,0.9380910601667178,79.21224236488342,0.0341295027624695,0.0984440019694707,0.0984440025302671
43,val,0.5526785708609081,0.9440561249142602,0.3830471492948986,0.2202616035938263,0.2818393898861749,0.3830471485853195,0.5079318412712642,0.2393824990306581,50.2634528023856,0.3525578918911162,0.352557897567749,5889.367576962426,71.96472349621001,0.638294378193942,0.0001,71.96472349621001,0.2181559240534192,0.9351913134256998,11.551332235336304,0.0586194459437614,0.0880605095908755,0.0880605103004546
44,train,0.5006048387737685,0.9671236702831842,0.4179330354416242,0.25745324285761,0.2852839135354565,0.4179330361626481,0.5454150781195651,0.1806362675082299,39.27835925932853,0.3370103151887976,0.337010323039947,7587.837457308206,56.02395884195963,0.6094722396998293,0.0001,,0.2050157174948723,0.9389032792019588,86.9382553100586,0.0358089804136124,0.0984712306370017,0.0984712307171155
44,val,0.5526785708609081,0.9467680340721494,0.3820605632804689,0.2231629356032326,0.2945551638092313,0.3820605604421525,0.4982426741293498,0.2305116305748621,51.51617704119001,0.3590415247849056,0.3590415247849056,6062.029288155692,73.3386660076323,0.6433377356240244,0.0001,73.3386660076323,0.2168118953704834,0.937163063458034,10.569035768508911,0.0606211975571655,0.0880659527721859,0.0880659520626068
45,train,0.5010416667948487,0.9602413417831543,0.4169442663269658,0.2583075342800027,0.2846307025481296,0.4169442639235527,0.5398232666074588,0.1809618231509962,38.85205296547182,0.3403207606846286,0.3403207678948679,7483.786364483577,55.70249891793856,0.6068620182448364,0.0001,,0.2035258891441488,0.9390877155206536,91.95241022109984,0.035171871889703,0.0985267955849888,0.098526795504875
45,val,0.5571428565751939,0.8895618901366279,0.3773352170274371,0.2426022972379412,0.3204811946267173,0.3773352141891207,0.4558375605515071,0.2593945704755329,51.73482894897461,0.3362360454740978,0.3362360497315724,5926.163760230655,73.54914547148205,0.6405800627939628,0.0001,73.54914547148205,0.2168296774228414,0.9371436266672044,11.098369598388672,0.0597689430273714,0.1025805444944472,0.1025805455588159
46,train,0.5009744623976369,0.9589652967068456,0.4167095938677428,0.2578288863903732,0.2817474308834281,0.4167095946688806,0.5411840403672828,0.1767105249467716,38.1151173704414,0.3403094495816897,0.340309455029426,7244.1204240040115,54.60886759399086,0.6017798830764463,0.0001,,0.2034022425932269,0.9398093691436192,88.93970704078674,0.0330460001889776,0.098507995607071,0.0985079960877536
46,val,0.5541666660990033,0.8958614213126046,0.3752718312399728,0.2375801929405757,0.3211810766231446,0.3752718241441817,0.457041988770167,0.2254208553405035,50.05647196088518,0.359947396176202,0.3599474046911512,5755.3616943359375,72.09341503324963,0.628632606159557,0.0001,72.09341503324963,0.215232138122831,0.9362100050562904,9.65049123764038,0.0576775639007488,0.0878139383026531,0.0878139347547576
47,train,0.5015120967741935,0.956477148878959,0.4161237547154067,0.2582769517296104,0.2835630012616034,0.4161237551960894,0.5409712487411115,0.1772873537434685,37.44719417120821,0.3395568967185994,0.3395569032879286,7057.05547866001,53.90120496032058,0.600915769976799,0.0001,,0.2009345901108557,0.9397018535803724,87.04612183570862,0.0324550205541233,0.098613172569262,0.0986131728496602
47,val,0.5511904756228129,0.9393890556834992,0.3839355182080042,0.2197014597200212,0.2863149848722276,0.383935523884637,0.5132110111770176,0.2249831010897954,55.213671366373696,0.3516199290752411,0.3516199333327157,7128.288504464285,79.39580862862724,0.6467742616480047,0.0001,79.39580862862724,0.2145597182569049,0.9361028131984528,10.917499780654907,0.0701682231433334,0.0898585897826013,0.089858587653864
48,train,0.5007392473278507,0.9631824217816836,0.4168348321991582,0.2541672694747166,0.2595616845834639,0.4168348330804097,0.5499065319697062,0.1507622284354061,33.32063947698121,0.3398240365648782,0.3398240421728421,6453.364100958712,48.18976120282245,0.5795807792281462,5e-05,,0.1991243379250649,0.9400996290227418,82.3104076385498,0.0265351233012493,0.0995457536911451,0.099545753731202
48,val,0.5556547613370986,0.8964874176752,0.3754380622080394,0.2348149213052931,0.3106235826299304,0.3754380607888812,0.4628335386514663,0.2019495992433457,45.69743701389858,0.3515501632576897,0.3515501845450628,4880.906441824777,66.96678561256046,0.6092888077100118,5e-05,66.96678561256046,0.2146136987776983,0.9362585686502004,11.15144419670105,0.0493480866508824,0.0896309206173533,0.0896309206173533
49,train,0.501008064516129,0.9658861022482635,0.4170752103610705,0.2529367706788483,0.2511595334977873,0.4170752093997052,0.5515573768205541,0.1404302792763838,31.01122681299845,0.3388947421504605,0.3388947479186519,6166.241951070806,44.62969662040793,0.5712708268904124,5e-05,,0.198345845665342,0.9403647661850016,92.82894849777222,0.0235229180324622,0.0994157274403879,0.099415727400331
49,val,0.5541666660990033,0.8705722746394929,0.3749705609821138,0.2438983342477253,0.3262098694131488,0.3749705581437974,0.4473053032443637,0.204698289434115,47.40466726393927,0.3517517433280036,0.3517517490046365,4928.2690197172615,68.01326279413132,0.6064765182408419,5e-05,68.01326279413132,0.2103658070166905,0.9379078320094516,12.950403690338137,0.0498932843939179,0.0944697438251404,0.0944697452442986
50,train,0.5016465054083896,0.9657330351170672,0.4168585222414744,0.2525684458594168,0.2487610407894657,0.4168585202386302,0.551491123534018,0.1400374622755153,30.2344560879533,0.3387089461408635,0.3387089552738333,5902.141923965946,43.64440379604216,0.5685197373030563,5e-05,,0.1962077336445931,0.9411790636918878,86.07597160339355,0.0222315661526555,0.0994648568091854,0.0994648572498111
50,val,0.5556547613370986,0.8867473474570683,0.3760764549175898,0.2368155448209671,0.305842807605153,0.3760764556271689,0.4618747071141288,0.1944098884151095,44.91702988034203,0.3466760998680478,0.3466761069638388,4681.989996047247,65.97216706048874,0.5983251878709505,5e-05,65.97216706048874,0.2090647589592706,0.9375386578696114,12.696420431137083,0.0471722384293874,0.0942108911417779,0.0942108914965675
51,train,0.5023521505376344,0.977098693770747,0.4174265875130571,0.249674312289684,0.2519072839008864,0.4174265865516919,0.5522130087658923,0.1472341045737266,34.60450845636348,0.3379837393119771,0.3379837476438092,6867.6668184341925,49.79306818849297,6875.211530178083,5e-05,,0.196506032940521,0.9415284404831548,93.66901421546936,6867.66683910739,0.0985493214941153,0.0985493206529207
51,val,0.5541666660990033,0.854243407646815,0.3770566738787151,0.258330389147713,0.3337873305593218,0.3770566738787151,0.4353197451148714,0.2157127161820729,47.98718625023251,0.3258764374823797,0.3258764417398543,5073.49185907273,68.26831617809478,5052.09785452178,5e-05,68.26831617809478,0.2129327541305905,0.9383624678566342,10.863117218017578,5073.491893949963,0.107183389365673,0.1071833890108835
52,train,0.5017809140425856,0.969194527595274,0.417425181195941,0.255806853854528,0.2653665500943378,0.4174251790328692,0.544655214915032,0.1579617649236674,35.70138836419711,0.3378592537295434,0.3378592611000102,7082.494443339686,51.53672040918822,7090.261891867898,5e-05,,0.2011588145327824,0.9401953028094384,88.36956691741943,7082.494098786385,0.0990338635140208,0.0990338636742484
52,val,0.5571428565751939,0.8504967192808787,0.3711826560043153,0.2529782369023278,0.3486254286198389,0.3711826574234735,0.4263491964056378,0.2041143161200341,45.86225409734817,0.3361847542581104,0.3361847684496925,4528.93551781064,64.94594483148484,4489.987932054924,5e-05,64.94594483148484,0.2166976048832848,0.9376461789721534,10.756157398223875,4528.935593377976,0.0941174115453447,0.0941174140288716
53,train,0.5025873655273069,0.9544551218709638,0.4150395898088332,0.2589333694308035,0.2756926732999022,0.4150395887673542,0.5363509743925063,0.1528559477739436,33.26917264282063,0.3365489838905232,0.3365489886973494,6859.23083512501,48.71718713288666,6872.491277891217,5e-05,,0.2048325275862088,0.9393155901662764,87.22642755508423,6859.230823968046,0.0993207548094052,0.0993207546892345
53,val,0.5556547613370986,0.8584070007006327,0.3744554533844902,0.2504283771628425,0.3401900856267838,0.3744554533844902,0.4408821421010153,0.2293227038213185,45.141482126145135,0.3355425624620347,0.3355425709769839,5280.596470424107,67.92130225045341,5238.49530658144,5e-05,67.92130225045341,0.2187550883917581,0.9367393737747556,11.697908401489258,5280.596435546875,0.0955175257154873,0.0955175281990142
54,train,0.5012096774273662,0.946991122057361,0.4144289193134154,0.2621603052141846,0.2883022041410528,0.4144289191531878,0.5295458630688729,0.1511791774662592,32.348008648041755,0.3367269623984573,0.3367269700893792,6648.674139863701,47.34787957386304,6659.475519024884,5e-05,,0.2078447566237501,0.9387508150069944,88.0357072353363,6648.674117549773,0.0981818283357287,0.0981818286561837
54,val,0.5541666660990033,0.8618701866694859,0.3724949175403231,0.247962223631995,0.334981368411155,0.3724949175403231,0.4371187871410733,0.2115210894317854,43.6887507665725,0.3400597288495018,0.3400597359452929,4761.08025251116,64.63700394403367,4738.707057883523,5e-05,64.63700394403367,0.2235668109995978,0.93490051087879,11.270153045654297,4761.080333891369,0.0961935924632208,0.0961935921084313
55,train,0.5016465054083896,0.9455585790577756,0.4139070332210551,0.2609734906945177,0.2816407605204531,0.4139070329807138,0.5317265920901811,0.1526203330566165,31.474987635048485,0.337097335406529,0.3370973442190437,6453.739625500095,45.50259502985144,6462.532273253367,5e-05,,0.2102387560311184,0.9378535542436826,89.67891383171082,6453.739277993479,0.0981720706387873,0.0981720709992993
55,val,0.5526785708609081,0.8834497375147683,0.3763281717186882,0.2444931737014225,0.322457784698123,0.3763281731378464,0.4523287965428261,0.2177491024846122,46.92623619806199,0.3523191625163668,0.3523191781271071,5210.569187709263,67.43489347185407,5182.156193773674,5e-05,67.43489347185407,0.2244305560986201,0.9344649627095176,12.596415758132936,5210.56917608352,0.0912799966477212,0.0912799959381421
56,train,0.5022513440219305,0.9462890958273282,0.4140474074470099,0.2615591402175606,0.2783258425933058,0.4140474083282614,0.5264833807865138,0.1496726249054234,29.49341878070626,0.3366427319024199,0.336642740554707,6027.248312181042,43.25437880587834,6038.840637659144,5e-05,,0.2129583505372847,0.9366318240601528,87.64467430114746,6027.2486524684455,0.0983917680318637,0.0983917681119775
56,val,0.5556547613370986,0.8902655797345298,0.3768383080051058,0.2399085057633263,0.3088320309207553,0.3768383072955267,0.4611689235482897,0.2186937254099618,43.68268221900577,0.3514380880764552,0.3514381093638284,5054.261724562872,65.96684964497884,4988.014769767992,5e-05,65.96684964497884,0.2280196221101851,0.9322605700719924,12.330082416534424,5054.261864071801,0.0914072805926913,0.0914072809474808
57,train,0.5011424731503251,0.9447594674364213,0.4142958551485051,0.2626029800183029,0.279229671724381,0.4142958549882776,0.5258378617225155,0.1541052482100904,28.941908703055432,0.3366436830130956,0.3366436876596943,6101.95482471425,42.51914269437072,6111.810491552898,5e-05,,0.214666476012558,0.9360349598110363,84.6828727722168,6101.9548243861045,0.0975611274761538,0.0975611271156418
57,val,0.5526785708609081,0.8822091817855835,0.3748807509740193,0.2453705966472625,0.3405016185272307,0.3748807523931776,0.4465661598812966,0.2238892426802998,49.4831782749721,0.3503155807654063,0.3503155892803555,5472.247546968006,71.51803334554036,5432.666281960227,5e-05,71.51803334554036,0.2355753594920748,0.9300223276728676,12.497621774673462,5472.24755859375,0.085194160186109,0.0851941623148464
58,train,0.5017137098056014,0.950264047070216,0.4148446258998686,0.2603737692679128,0.2734150139074172,0.4148446277424853,0.5342081234820427,0.1533227006514226,28.79123943595476,0.3358449323843884,0.3358449410366755,6002.427797461069,42.38774239632391,6013.410841611098,5e-05,,0.2162868084926759,0.935628524070145,80.62214469909668,6002.427460865308,0.097878141308664,0.0978781420296879
58,val,0.5556547613370986,0.8796099325021108,0.3735516610599699,0.2435688688641502,0.3301847137155987,0.3735516638982863,0.4474164453290757,0.2163210245115416,44.9045664469401,0.3527034052780696,0.3527034066972278,5043.996256510417,66.39676629929315,5006.229527698863,5e-05,66.39676629929315,0.2323491005670456,0.9320512953258696,10.091853618621826,5043.996349516369,0.0916070224983351,0.0916070210791769
59,train,0.5016801075268817,0.9385521469577668,0.4129051601374021,0.2632469565317195,0.2843025039120387,0.4129051581345578,0.5238345788130837,0.1445374468000986,27.408166429047945,0.3352589070476511,0.3352589134567527,5636.571903023669,40.43021863506687,5644.959025887127,5e-05,,0.2174597062891529,0.9358374550137468,86.58394122123718,5636.57157504174,0.0980380814402334,0.0980380815203471
59,val,0.5541666660990033,0.8715983075754983,0.3728561727773575,0.2453485067401613,0.3327155475105558,0.3728561713581994,0.4418675019627526,0.2118072240125565,43.82855787731352,0.3579052488009135,0.3579052573158627,4473.967279343378,64.83301308041527,4457.168016098485,5e-05,64.83301308041527,0.2343660500787553,0.9323127638726008,11.394110202789308,4473.967413039434,0.0922780331401597,0.0922780324305806
60,train,0.5015456990529132,0.9418087103354034,0.4131315528385101,0.2618146910462328,0.2808607239877024,0.4131315529987376,0.5250285000249904,0.1443168931510499,28.23519777995284,0.3345324188791295,0.3345324264098239,5608.296091715495,41.18078543550224,5617.5552270754415,5e-05,,0.2214161135977314,0.9342246292739786,88.5195050239563,5608.295422379689,0.0975353837173472,0.0975353829963232
60,val,0.5526785708609081,0.8722737374759856,0.374100733371008,0.2457673741238457,0.3316487953776404,0.3741007319518498,0.444495168470201,0.2237108307225363,44.83651924133301,0.3493957803362891,0.3493957774979727,5114.874441964285,67.38572184244792,5085.312286931819,5e-05,67.38572184244792,0.2382151995386396,0.9308166390373592,11.785917520523071,5114.874366396949,0.0908328383451416,0.0908328383451416
60,val_periodic_epoch_60,0.5526785708609081,0.8722737374759856,0.374100733371008,0.2457673741238457,0.3316487953776404,0.3741007319518498,0.444495168470201,0.2237108307225363,44.83651924133301,0.3493957803362891,0.3493957774979727,5114.874441964285,67.38572184244792,5085.312286931819,2.5e-05,,0.2382151995386396,0.9308166390373592,11.154717445373535,5114.874366396949,0.0908328383451416,0.0908328383451416
61,train,0.5011760752688172,0.9344600878095114,0.4128438654926515,0.2647110319105528,0.2869044652068487,0.4128438639704899,0.5231821893123529,0.1430173319594193,24.936787620667488,0.3348837249702023,0.3348837297770284,5472.364953810169,36.95366913785217,5482.874786109795,2.5e-05,,0.2236314036192432,0.933745643784923,93.81076097488403,5472.364959060505,0.0972106592549431,0.0972106598157395
61,val,0.5541666660990033,0.8629945701076871,0.3749045743828728,0.249988942628815,0.3399351381120227,0.374904575802031,0.4412063736291158,0.2138692314426104,42.94788805643717,0.3409274490106673,0.3409274518489837,4714.914306640625,64.82577605474563,4706.195137902462,2.5e-05,64.82577605474563,0.2374995343741916,0.930281590847742,8.750118494033813,4714.914225260417,0.0941144774357477,0.0941144777905373
62,train,0.5020833332692424,0.9365430277201438,0.4129746315940734,0.2641991095677499,0.2813800755207256,0.4129746318344147,0.5201364935085337,0.1357337877514862,24.19848574874221,0.3346617925231174,0.3346617981310814,4939.339548992854,35.5281396578717,4946.861127304951,2.5e-05,,0.2232852821709007,0.9339736033511418,85.45045495033264,4939.339223800167,0.0974685270940103,0.0974685270940103
62,val,0.5526785708609081,0.8595343402453831,0.3736284928662436,0.2515174214329038,0.3457088527225312,0.3736284942854018,0.4362938421822729,0.2168321020546413,42.90463565644764,0.3472766507239568,0.3472766592389061,4751.398280552456,65.87391753423782,4734.099692234849,2.5e-05,65.87391753423782,0.2372579929374513,0.930770598706745,11.17085099220276,4751.398257300967,0.0952937634927885,0.0952937620736303
63,train,0.5021505376664541,0.9360005506264266,0.4128327604022718,0.264229198216751,0.2817503280376875,0.4128327615238646,0.523260082969422,0.1351599251671183,24.049643183267246,0.3337537808123455,0.3337537864203094,5298.329790505029,35.21423970499346,5303.648054273201,2.5e-05,,0.223557746137983,0.9338219864394076,86.09734511375427,5298.329792637979,0.0973184125558022,0.0973184129563711
63,val,0.5526785708609081,0.8650025469916207,0.3749862987370718,0.2491079441138676,0.3328695552689688,0.3749863015753882,0.4445547844682421,0.2103538683482579,40.21733238583519,0.3395673249449049,0.3395673362981705,4427.068504696801,63.18548438662575,4400.118448153409,2.5e-05,63.18548438662575,0.2384878922076452,0.9301696221033732,11.865339756011965,4427.068504696801,0.0942138036092122,0.0942138018352644
64,train,0.5008064516449487,0.9403790805929452,0.4139136455712779,0.2629110161014782,0.2765469603961514,0.4139136457315055,0.5275936689908787,0.1417282813338823,23.317247293328727,0.3339015628381442,0.3339015689267907,5211.594256411317,34.76276748923845,5221.447872339114,2.5e-05,,0.2269001907558851,0.9326983539647954,88.45273280143738,5211.593914811329,0.0970760657181663,0.0970760655178818
64,val,0.5526785708609081,0.8773255972635179,0.3771185676256816,0.2463739138273965,0.3272283048856826,0.3771185612394696,0.4524889574164435,0.2270170145091556,43.21226837521508,0.3442074798402332,0.3442074869360242,5023.130283900669,66.86699803670247,5006.642338423296,2.5e-05,66.86699803670247,0.2416024420942579,0.9297299072855996,10.831767559051514,5023.130254836309,0.0971851902348654,0.0971851902348654
65,train,0.5013440860215054,0.9390864151139412,0.4136062216374181,0.2640777892002495,0.2790625713044597,0.4136062219578733,0.5235179713176142,0.1393042532827264,22.47656528924101,0.333855644669584,0.3338556491559551,4959.81794119394,33.66888336468769,4969.021326875526,2.5e-05,,0.2276211296839098,0.9325349596879816,92.31984090805054,4959.817259675713,0.0969989443578386,0.0969989444780093
65,val,0.5541666660990033,0.8936744800635746,0.3782705451760973,0.239020029703776,0.3029504801545824,0.3782705465952555,0.4669072074549539,0.2266719447714942,42.66378402709961,0.34483754776773,0.3448375520252046,4738.44384765625,64.728333791097,4704.951272490531,2.5e-05,64.728333791097,0.2405685534079869,0.930030229545775,11.363110542297363,4738.443934849331,0.0933749317413284,0.0933749324509075
66,train,0.5011760752688172,0.9384058531253568,0.4130783027378462,0.2626609431319339,0.2778932008371558,0.4130783028580168,0.5287365709501569,0.1421186460522554,23.000185863946072,0.3341798503552713,0.3341798585268759,5111.942545490881,33.97350437923144,5120.269068369239,2.5e-05,,0.2276793341002156,0.9325083580709272,91.90062999725342,5111.942557714318,0.0976240389369508,0.0976240390971783
66,val,0.5526785708609081,0.8792360495953333,0.3749131006853921,0.2452155926397868,0.3263456530514217,0.3749131049428667,0.447583743149326,0.2112138984458787,42.04319917588007,0.3468639268761589,0.3468639297144754,4418.533296130952,62.71977415538969,4382.269918915719,2.5e-05,62.71977415538969,0.245274876554807,0.9282527651105608,10.02955174446106,4418.533371698289,0.0939804922257151,0.0939804904517673
67,train,0.5008400537634409,0.93738346667059,0.413343252273657,0.2636006532176848,0.278768441930253,0.4133432503509265,0.5263397365167577,0.1363939028433574,22.09278389202651,0.3336623822168637,0.3336623851009594,4882.677942993821,32.44574327366326,4890.315537824535,2.5e-05,,0.2274027824882538,0.9326252940521446,92.69047904014587,4882.677943527057,0.0977353427599194,0.0977353425996918
67,val,0.5526785708609081,0.8723749844800859,0.3764089927786872,0.2467044258401507,0.3226003497838974,0.3764089941978454,0.4511083520594097,0.2166745144696462,41.96858978271485,0.3360892846470787,0.3360892874853952,4471.3330979120165,63.44059462774368,4420.089154237689,2.5e-05,63.44059462774368,0.2423810362815857,0.9288245070548284,10.312679052352903,4471.333025251116,0.0958242207056,0.0958242199960209
68,train,0.5007056451693017,0.9380999914100092,0.4136275989554261,0.2635333515623564,0.2772363186363251,0.4136275989554261,0.5266548993606721,0.1456758042256678,22.005216372910365,0.3345807318084983,0.3345807399801028,4881.449474621844,32.57113645410025,4888.488878778015,2.5e-05,,0.2287457308141134,0.93245271905776,90.25812649726868,4881.449487583612,0.0972932136507444,0.0972932134905169
68,val,0.5526785708609081,0.8769194398607526,0.3759208449295589,0.2452715770119712,0.3241455001490457,0.3759208428008215,0.4517730329008329,0.2297689719569115,42.29022325788225,0.3391639845711844,0.3391639959244501,4662.415945870535,63.67537661961147,4608.538307883523,2.5e-05,63.67537661961147,0.2476129333178202,0.928009399345943,10.50114679336548,4662.416082473028,0.0940646635634558,0.0940646632086663
69,train,0.5007728495264566,0.9346808336114372,0.4129081133713004,0.2648225598918494,0.2842669141709164,0.4129081147332345,0.5219472460048173,0.1572275085635082,21.482291770237747,0.3330954696222018,0.3330954755506208,4806.844085365214,31.96271611798194,4815.066072632247,2.5e-05,,0.2333513975784343,0.9310451803668852,88.80352520942688,4806.843758531796,0.0967373632855953,0.0967373634458229
69,val,0.5526785708609081,0.8767193782897222,0.3753548860549927,0.2429936741079603,0.3212972297554924,0.3753548888933091,0.4540440383411589,0.2336124160460063,42.35728972298758,0.3420136599313645,0.3420136627696809,4639.904308500744,63.38020978655134,4626.849224668561,2.5e-05,63.38020978655134,0.2463754011051995,0.9284827084768386,9.66937017440796,4639.90432593936,0.0928624797435034,0.0928624804530825
70,train,0.5010752687531133,0.9341394201081288,0.4122394522832286,0.2640699537531022,0.2820448864211318,0.4122394534048214,0.5224448661970836,0.1567585549607712,21.730957144050187,0.3332389339964877,0.3332389389635414,4704.699208577474,32.135758210253975,4713.991727938154,2.5e-05,,0.2326466256091671,0.9314843432236743,89.85874104499817,4704.698880923692,0.0967561982732306,0.0967561982331737
70,val,0.5511904756228129,0.8781949934505281,0.3763815306481861,0.2445810635884603,0.3192548609915234,0.3763815349056607,0.4532416533856165,0.2331658651431401,40.70873015267508,0.3384051663534982,0.3384051734492892,4373.625633603051,62.70839455014183,4305.570066879734,2.5e-05,62.70839455014183,0.2454513928719929,0.9284805201348804,8.700772285461426,4373.625499906994,0.0922138456787381,0.0922138431952113
71,train,0.5014112902584896,0.9285337932968653,0.4115385061470411,0.2658542121450106,0.2914014884861566,0.4115385070282926,0.5189910675248792,0.1543120352090687,21.633604854665776,0.3323106188927927,0.3323106249814392,4631.056668927593,32.08476176825903,4639.643404072463,2.5e-05,,0.2320120064641839,0.9314063008754484,90.78576946258544,4631.056997237667,0.0967592997176031,0.0967592991568068
71,val,0.5541666660990033,0.8693113085769472,0.37539080565884,0.2474730639230637,0.3239923807836714,0.3753908063684191,0.4464842308135259,0.2346976094302676,42.07945333208357,0.3337341107073284,0.3337341178031194,4527.297427222842,64.19397063482376,4472.540195904356,2.5e-05,64.19397063482376,0.2456018562827791,0.9281149676867894,9.510097742080688,4527.2974039713545,0.0975190798441569,0.0975190784249987
72,train,0.5008400537634409,0.934381117904058,0.4122255124071592,0.2639946255792854,0.2821321916035426,0.4122255141696622,0.5199668826435202,0.1533034624712121,20.295500539964245,0.3328231167729183,0.3328231243036126,4521.150288079374,30.64349994864515,4529.094356323653,2.5e-05,,0.2324773639600764,0.9311402728480678,90.15318775177002,4521.149955093219,0.0969992908098364,0.0969992909700639
72,val,0.5511904756228129,0.8664669962156386,0.3766687817516781,0.2500427741379964,0.3337493035055342,0.3766687831708363,0.4463361902605919,0.2288652147565569,42.02774865286691,0.3321500832126254,0.3321501002425239,4621.895083472842,63.4912173861549,4562.043708570076,2.5e-05,63.4912173861549,0.2481035043795903,0.9270459952808562,10.03485369682312,4621.895086379278,0.0948612448715028,0.0948612466454505
73,train,0.5003024193868842,0.9360151723507912,0.4134707845827585,0.2647623446199201,0.2789858083731384,0.4134707833009381,0.5244202636763133,0.1516401761321611,19.66572178563764,0.3316509613106327,0.3316509680401894,4572.2589580576905,29.363282398511004,4580.631431050413,1.25e-05,,0.2325051610348045,0.931063881163956,93.1403238773346,4572.259298550185,0.097038755253438,0.0970387553335518
73,val,0.5511904756228129,0.8652165872710091,0.3753299046130407,0.2489372867913473,0.3312951070921762,0.3753299074513571,0.4443652949162892,0.2274484669878369,40.9105661483038,0.3373687352452959,0.3373687451794034,4412.597632998512,62.5981882186163,4381.308507930871,1.25e-05,62.5981882186163,0.2469683615934281,0.9273182465916588,10.55594563484192,4412.597609747024,0.0942468181962058,0.0942468167770476
74,train,0.5015793010111778,0.9330783133865684,0.4124346954687949,0.2648067367012783,0.2795448342478403,0.4124346938665195,0.5188761772487753,0.1534652470821334,18.32942997511997,0.3316151800976005,0.3316151866669296,4439.056972831808,27.269737074452063,4447.659234721893,1.25e-05,,0.2327493699167364,0.9308387175683052,91.14672422409058,4439.057314390777,0.096918477005856,0.0969184762447752
74,val,0.5511904756228129,0.8639810596193586,0.3752004284234274,0.2501741583858217,0.3368870041200092,0.3752004312617438,0.4424942689282553,0.2305449460233961,40.76727603730701,0.3409652596428281,0.3409652738344101,4400.252101353237,62.21595319112142,4379.283647017045,1.25e-05,62.21595319112142,0.247658888498942,0.9272363015583583,9.704841136932371,4400.252188546317,0.0951975562742778,0.0951975562742778
75,train,0.5007056452894724,0.9344959605124687,0.4131405404017818,0.2653465248564238,0.2808889509529196,0.4131405404017818,0.5208464382636931,0.1506891077965177,17.845239024008475,0.3316082167689518,0.3316082230178259,4454.877652486165,26.6581157407453,4463.861573683614,1.25e-05,,0.2335080995514828,0.9304320741725224,89.56153893470764,4454.87765424995,0.0968868360323931,0.0968868366733033
75,val,0.5511904756228129,0.8747134378978184,0.3762779406138828,0.246476384855452,0.3254188093401137,0.3762779406138828,0.4503992540495736,0.2334142025737535,41.17550177801223,0.3433830000105358,0.3433830099446432,4590.52880859375,63.44147455124628,4556.181229285038,1.25e-05,63.44147455124628,0.2522100366297222,0.9257183699380784,11.191303253173828,4590.528930664063,0.092627880119142,0.0926278818930898
76,train,0.5014112902584896,0.9310935940793764,0.4122054583282881,0.2660582696878782,0.2860339215846472,0.412205456966354,0.5210474586534884,0.1447036324209103,18.429775904583675,0.3317239233242568,0.3317239306947236,4438.428688008298,27.963609433943223,4447.147166252778,1.25e-05,,0.2352222434936031,0.9298980909009134,93.13915848731996,4438.428344685544,0.0967897625780233,0.0967897624578527
76,val,0.5511904756228129,0.871865451335907,0.3755827524832317,0.248097885222662,0.3323970479624612,0.375582748225757,0.4459338677780969,0.2298496351355598,41.05482410249256,0.3450742264588674,0.3450742378121331,4573.32861328125,63.29152697608585,4547.510301254735,1.25e-05,63.29152697608585,0.2526581457683018,0.9256519646871656,10.394715547561646,4573.328624906994,0.0926882716871443,0.0926882727515129
77,train,0.5012096775475369,0.9294180209918688,0.4120114590291694,0.2667500617843802,0.2899430052086871,0.4120114607115586,0.5190921549995741,0.1503562540697154,18.231840789958994,0.3315203635282414,0.3315203707384807,4273.56377193492,27.325513578230336,4281.918952011982,1.25e-05,,0.2378793888354814,0.9288781535240912,87.4874906539917,4273.563438989783,0.0969126169239321,0.0969126171242165
77,val,0.5511904756228129,0.8592026489121574,0.3733341033969606,0.2529834842398053,0.3538593351840973,0.3733340977203278,0.4332672879099846,0.2216795030094328,41.23019109453474,0.3528428900809515,0.3528428985959008,4470.32565452939,63.34790347871326,4443.754515861742,1.25e-05,63.34790347871326,0.2550137163627715,0.9249368565423148,9.28995394706726,4470.325590587798,0.0931158406393868,0.0931158406393868
78,train,0.5006384408922606,0.9269189086332116,0.4117099640350188,0.2673016249011921,0.2923845948391063,0.4117099658776355,0.5153738498607631,0.1496226999668344,17.47064821694487,0.3316890262467887,0.3316890305729322,4219.647962549681,26.64887410338207,4227.642794933383,1.25e-05,,0.2358391954693743,0.9297211996970638,87.08362889289856,4219.648287127095,0.0967842040443292,0.0967842046852393
78,val,0.5511904756228129,0.8767287589254833,0.3753039347273962,0.2454651757365181,0.3309562121118818,0.3753039354369754,0.4497376382350921,0.2317937122923987,40.9833003452846,0.3455751467318761,0.3455751623426165,4564.593598865327,62.9188107081822,4533.786191998106,1.25e-05,62.9188107081822,0.2539343067577907,0.9256103379385812,9.752186059951782,4564.593639555432,0.0908538770107995,0.0908538759464309
79,train,0.5003024193868842,0.930514307111822,0.4123970605032418,0.2662304060593728,0.288282530762816,0.4123970606634694,0.5182260840089732,0.1504201808123178,18.175964734887565,0.3309733739463232,0.3309733805156523,4135.132805444861,27.193777474023964,4142.596242289431,1.25e-05,,0.2361890092011421,0.929770226440122,88.00331592559814,4135.132810900288,0.0969544592243368,0.0969544591041662
79,val,0.5511904756228129,0.860682935941787,0.3730509174721582,0.2491632409038998,0.3438915603217624,0.3730509160529999,0.4392917234273183,0.2252151866753896,40.89679200308664,0.3426506121953328,0.3426506235485985,4316.280343191965,62.12505685715448,4294.222333688447,1.25e-05,62.12505685715448,0.2528007704587209,0.9249453204018728,9.084657192230225,4316.280354817708,0.0923156702802294,0.0923156702802294
80,train,0.5012432795058015,0.9314505241570934,0.4116709683370846,0.2660579982624259,0.2895165418264686,0.4116709685774259,0.5201029691003984,0.151557486944942,17.710004721918413,0.3306899325501534,0.3306899375172071,4215.168979275612,26.487230167594007,4222.813662709451,1.25e-05,,0.23652239496349,0.9297417120266986,90.22813391685486,4215.168298905895,0.0971368657405017,0.0971368663814119
80,val,0.5511904756228129,0.8634380911077771,0.3750363240639369,0.2504577601239794,0.3419331312179565,0.3750363212256205,0.4418645731749989,0.2306429041283471,41.05544925871349,0.3398764871415637,0.3398764913990384,4581.048552013579,63.427795682634624,4553.923887310606,1.25e-05,63.427795682634624,0.2538889199495315,0.9256781623477028,9.694975852966309,4581.048592703683,0.0934939973411106,0.0934939962767419
81,train,0.5008400537634409,0.9275073418694156,0.4117165294385725,0.2671417593955993,0.2922176945433822,0.4117165317618719,0.5161781167230939,0.1497493010134466,17.597166704875168,0.3315709156374777,0.3315709201238488,4207.049568135251,26.87513445269677,4214.922987442787,1.25e-05,,0.2370268427716788,0.929637077995526,89.62173891067505,4207.049576913157,0.0967032918606394,0.0967032916603549
81,val,0.5511904756228129,0.8722301991212935,0.3752495334261939,0.2468042323986689,0.3339638802267256,0.3752495284591402,0.447487956001645,0.2411503153187888,42.80982644217355,0.342406819264094,0.3424068419706254,4848.750540597098,64.51976040431431,4813.440340909091,1.25e-05,64.51976040431431,0.2547853191693623,0.926008817695436,10.991074562072754,4848.750636509487,0.0922397328984169,0.0922397343175751
82,train,0.5010416667948487,0.9295959730622588,0.4121345171845087,0.2666064388649438,0.2889252721622426,0.4121345159026884,0.5140598020566407,0.1551313606962081,18.29691885363671,0.3314661090412447,0.3314661186548971,4287.652532064786,27.675075971952047,4295.968816748211,1.25e-05,,0.2380720948179563,0.9291379342796982,90.93759727478027,4287.652530793221,0.0966744855126386,0.0966744853123541
82,val,0.5511904756228129,0.8708728140308744,0.375485557885397,0.2461485614379247,0.3285600578501111,0.3754855607237135,0.4500465925250734,0.2431469779639017,41.54409744626,0.3444069709096636,0.3444069709096636,4722.471383231027,64.104185013544,4700.912242542614,1.25e-05,64.104185013544,0.2550788259222394,0.9251036473682948,11.092464685440063,4722.4713948567705,0.0954833435160773,0.0954833449352355
83,train,0.5014784946557014,0.9247443272221472,0.4108521817352182,0.2671373637933885,0.292804850685981,0.4108521806536823,0.5162211703236705,0.1494551554162015,17.641178536158737,0.3313442233108705,0.3313442269961039,4119.256707058158,26.38796018272318,4126.511944559527,1.25e-05,,0.2384423469343493,0.9289385958384442,89.6131067276001,4119.256035630421,0.0968766572174205,0.096876657057193
83,val,0.5511904756228129,0.8534433103743053,0.3723645430235636,0.254850189600672,0.3599751506532941,0.3723645345086143,0.4292635303877649,0.2249418639001392,40.61272357759022,0.346962190809704,0.3469622021629697,4282.90133812314,61.79285576230004,4265.931010298295,1.25e-05,61.79285576230004,0.2588454818441754,0.9240358102889288,10.88805079460144,4282.901343936012,0.089857382433755,0.0898573838529132
84,train,0.5005040322580645,0.9242500566667126,0.4110612078940355,0.2684260840697955,0.2986275060202485,0.4110612082144906,0.5156400987217503,0.1444874523628142,17.456117714605025,0.3315929680742243,0.3315929752844636,4026.098134317706,26.433763606573947,4024.8429739698418,1.25e-05,,0.2396248846605259,0.9285572933894332,89.15751814842224,4026.098145351615,0.096672774763197,0.0966727751637658
84,val,0.5511904756228129,0.8577891531444731,0.3727541480745588,0.2521204529773621,0.35271465636435,0.372754149493717,0.4336293041706085,0.2254078757195245,40.66398393540155,0.3371753422986893,0.3371753479753221,4360.971511114211,61.99138532366072,4338.901337594697,1.25e-05,61.99138532366072,0.2565713155837286,0.9239194620223272,11.096572875976562,4360.971766880581,0.0892380593078477,0.0892380600174268
85,train,0.5011760752688172,0.92429541948662,0.4107462048370351,0.267673117739539,0.2982937585442297,0.4107462068398793,0.5146206900156954,0.1446284650354295,17.257750729078886,0.3316585839756073,0.3316585931085771,4018.176020509453,25.94294966933548,4025.278119204743,1.25e-05,,0.2407325591130923,0.9282935091885188,89.5280089378357,4018.176693536902,0.0967289065962196,0.0967289067163903
85,val,0.5511904756228129,0.855647148120971,0.3736477125258672,0.2526829306568418,0.3467161854108174,0.3736477068492344,0.4344865136912891,0.2254586918723015,41.19390160696848,0.3363671075730097,0.3363671231837499,4481.365414574033,62.66206051054455,4449.62744732481,1.25e-05,62.66206051054455,0.2535354934987567,0.9256539884067716,8.912341117858887,4481.365373883928,0.0928484105638095,0.0928484102090199
86,train,0.5012096775475369,0.9222107596935764,0.410645389669044,0.2687416337029908,0.3014731091517274,0.4106453915116607,0.5104120117361828,0.1465770677533201,17.90178067453446,0.3314162582479497,0.3314162649775064,4260.6308691783615,27.11543684108283,4269.100466826468,1.25e-05,,0.2391698035181209,0.9289957647041608,89.34107542037964,4260.63087250084,0.0965632713369784,0.0965632716574335
86,val,0.5511904756228129,0.8699631662595839,0.373982929048084,0.248397362374124,0.3409094186056228,0.3739829276289259,0.4418982302858716,0.2266925190176282,41.00098346528553,0.3570522495678493,0.3570522566636403,4591.969892229353,63.21584828694662,4565.24512310606,1.25e-05,63.21584828694662,0.2590312241088776,0.9238036274909972,9.69487190246582,4591.969790504092,0.0909024572798184,0.0909024547962915
87,train,0.5006720430107527,0.9212248309325146,0.4107031593880346,0.2694190061220559,0.3018973321523717,0.4107031585868969,0.510415502813875,0.1422687593687285,17.002310124776695,0.3314835286589079,0.3314835361896022,4016.718671285978,25.48360361591462,4024.723496428724,1.25e-05,,0.2400869980294217,0.928522623995299,87.35224175453186,4016.718676495296,0.0966094123019326,0.0966094115809086
87,val,0.5511904756228129,0.8566993233703432,0.37302232782046,0.2528934379418691,0.3526853464898609,0.3730223264013018,0.433425964698905,0.2242183323417391,40.27499044509161,0.3423005470207759,0.3423005470207759,4411.873500279018,62.1479731968471,4379.415432646781,1.25e-05,62.1479731968471,0.2578361105351221,0.9245377211343676,11.10845708847046,4411.873471214658,0.0915745908305758,0.0915745918949445
88,train,0.5006720430107527,0.9185737280115004,0.4100987424933782,0.2703649467358025,0.3076221749026288,0.4100987448967913,0.5071036247636682,0.1411604014455631,17.06369307733351,0.3311267382996056,0.3311267450291623,3984.76364373648,25.41873857026459,3992.5044722740095,1.25e-05,,0.2410334735628097,0.9285125588217088,91.37655353546144,3984.763646935904,0.0967302423731614,0.096730242493332
88,val,0.5511904756228129,0.8636581216539655,0.3729354668231237,0.2512661616007487,0.3494415900536946,0.3729354710805984,0.4353179023379371,0.2206236571073532,41.614660989670526,0.347693756932304,0.3476937668664114,4502.202375139509,63.34545498802548,4465.860289417614,1.25e-05,63.34545498802548,0.2594764126198632,0.9239848114195324,10.08290719985962,4502.20246233259,0.0890084959211803,0.0890084952116012
89,train,0.5006720430107527,0.9202937507821668,0.4104072080664737,0.2698621306047645,0.3055065085170089,0.4104072090278389,0.5093218823995,0.142790268405631,16.98560311461008,0.3314418217507742,0.3314418289610135,3870.994651384251,25.4809620149674,3878.836153953886,1.25e-05,,0.2419614024380202,0.9281521593370744,89.0841691493988,3870.994987159647,0.0967662541536233,0.0967662536328838
89,val,0.5511904756228129,0.8579651344390142,0.3727377475727172,0.2525181018170856,0.3548172087896438,0.3727377518301918,0.4331450994525637,0.2373972130673272,41.50282541910807,0.3491036125591823,0.3491036224932897,4685.186197916667,64.30250676472981,4653.028577769886,1.25e-05,64.30250676472981,0.2648920998686835,0.9231172317550296,8.806153774261475,4685.186378115699,0.0945521028978484,0.094552103962217
90,train,0.5002352150697862,0.916945777112438,0.4102116651752943,0.2710299303614965,0.3105562144229489,0.4102116648548393,0.5089999491408947,0.1450769436615769,16.810659598278743,0.3307717766172142,0.3307717865513217,3880.0623113570673,25.21054470923639,3883.629666374027,6.25e-06,,0.2428179124510416,0.9278085782963742,91.0782663822174,3880.062653121128,0.0967991400550129,0.0967991397746147
90,val,0.5511904756228129,0.8598065177599589,0.3727897150175912,0.2506166717835835,0.3473065417437326,0.3727897192750658,0.4359831760327021,0.2315440504323868,40.91324188595726,0.341775316567648,0.3417753321783883,4535.347691127232,63.01893325079055,4499.50683001894,6.25e-06,63.01893325079055,0.2610440495468321,0.9231844743092856,11.095781326293944,4535.347638811384,0.0921369319160779,0.0921369322708674
90,val_periodic_epoch_90,0.5511904756228129,0.8598065177599589,0.3727897150175912,0.2506166717835835,0.3473065417437326,0.3727897192750658,0.4359831760327021,0.2315440504323868,40.91324188595726,0.341775316567648,0.3417753321783883,4535.347691127232,63.01893325079055,4499.50683001894,6.25e-06,,0.2610440495468321,0.9231844743092856,12.622234582901,4535.347638811384,0.0921369319160779,0.0921369322708674
91,train,0.501377688300225,0.9171566088353434,0.40960861285848,0.2702002319437201,0.3082626954682411,0.4096086093334741,0.5062266915475809,0.1421688651485789,15.884575302882862,0.331320412216648,0.3313204192666597,3846.078288211617,24.10586610917122,3849.029427165536,6.25e-06,,0.2442757778110042,0.9272764533437708,94.82418179512024,3846.07828349452,0.0967700368454379,0.0967700364048122
91,val,0.5511904756228129,0.8609699124381656,0.3736492806956881,0.2508715334392729,0.3433432678381602,0.3736492792765299,0.4380845172064645,0.2250736096785182,40.42244193667457,0.3429894277027675,0.3429894291219257,4394.636218843006,62.52539262317476,4358.129891690341,6.25e-06,62.52539262317476,0.2596746548300698,0.9234206534567332,11.005775451660156,4394.636242094494,0.093919178204877,0.0939191774952979
92,train,0.5003024193868842,0.920405585919657,0.4106384514961191,0.2704854652445803,0.3062204408549493,0.4106384494932749,0.5072949823512826,0.140703624514963,15.421373062236334,0.3311323236714127,0.3311323302407418,3691.23006135674,23.2466235878647,3698.3298061794703,6.25e-06,,0.2443346710455033,0.9272062528517938,89.5280990600586,3691.2300613977577,0.0967154129137916,0.0967154131941897
92,val,0.5511904756228129,0.8624834247997829,0.3736656953891118,0.2499262534436725,0.3403713688963935,0.373665703194482,0.4396534171842393,0.2311387771651858,40.26426124572754,0.3464478467191969,0.3464478495575133,4448.498570033482,62.58790879022507,4411.452941524622,6.25e-06,62.58790879022507,0.2605164831592923,0.9232912829944064,10.616870641708374,4448.498639787947,0.0940817246834437,0.094081723619075
93,train,0.5009744623976369,0.91781150333343,0.4102049984278217,0.2709015997186784,0.309145998169658,0.4102049989085043,0.5064281324545542,0.1399412490627778,15.806098343223654,0.3311369444734306,0.3311369534461729,3981.958815420828,23.908095208547447,3989.20319760512,6.25e-06,,0.2442913791665467,0.927170991897583,84.96347904205322,3981.959155769758,0.0967208913337158,0.0967208909732039
93,val,0.5511904756228129,0.8552395190511431,0.371377632021904,0.2543314872753052,0.361765817517326,0.371377632021904,0.4267506219801448,0.2191270412433715,40.40507107689267,0.3516764867873418,0.3516764981406076,4273.700840541294,62.06831468854632,4239.70996389678,6.25e-06,62.06831468854632,0.263776652869724,0.9228356395448956,11.26149320602417,4273.700887044271,0.0912261892642293,0.0912261892642293
94,train,0.5011760752688172,0.9181494683988632,0.4100071961681048,0.2708328667507377,0.3090068888600155,0.410007196809015,0.5080422998596263,0.1406623377835237,15.974499992145006,0.3308943944272174,0.3308944025988219,3744.7771005527934,24.014563509213023,3752.233137990008,6.25e-06,,0.244185424059309,0.927352959750801,89.6836211681366,3744.777098994101,0.0967602843959485,0.0967602838351521
94,val,0.5511904756228129,0.8612856836546035,0.3738612085580826,0.2502463523830686,0.3435645926566351,0.3738612142347154,0.4396562682730811,0.227239075870741,40.85065778096517,0.3415013267880394,0.3415013381413051,4522.186168852307,63.043342771984285,4493.711153527463,6.25e-06,63.043342771984285,0.2585852657045637,0.9233333241371882,11.397036790847778,4522.186197916667,0.094435650677908,0.0944356489039602
95,train,0.5011760752688172,0.9161241918161352,0.4095238152370658,0.2712091791533654,0.3125515573768205,0.4095238157177484,0.5049995224802725,0.1405828422716548,15.509535635671307,0.330683147714984,0.3306831570081813,3685.820503521991,23.47944263232652,3691.4791451296815,6.25e-06,,0.2447625917773093,0.9272387620582376,90.10459280014038,3685.8205006507137,0.0964234079164202,0.0964234083570459
95,val,0.5511904756228129,0.8647400566509792,0.3729458394504729,0.2489960704530988,0.3434067489135833,0.3729458366121564,0.4387788282973425,0.2280359935192834,40.59227071489607,0.3476457922231583,0.3476457978997911,4490.53791155134,62.60132326398577,4463.0623046875,6.25e-06,62.60132326398577,0.2618723490408489,0.9231886920474824,11.245524644851685,4490.53788248698,0.092188455519222,0.0921884572931698
96,train,0.5006720430107527,0.916665746479906,0.4100668432731782,0.2713316831217017,0.3104951580365498,0.4100668445549985,0.5083820282892194,0.1434279712698151,15.32533424131332,0.3305975374996021,0.3305975432677935,3744.7721591662335,23.228769030622257,3752.218182157266,6.25e-06,,0.2456930150748581,0.9269960096446416,90.15832614898682,3744.77249961771,0.0964329222677856,0.0964329229487526
96,val,0.5511904756228129,0.8517997222287315,0.3716376047758829,0.2543131105956577,0.3613352392401014,0.371637598389671,0.4280170943765413,0.2255038789340428,40.3427963256836,0.3455789571716672,0.3455789614291418,4374.011625744048,62.32506942749024,4351.123872514205,6.25e-06,62.32506942749024,0.2623980002743857,0.922734723204658,12.603631973266602,4374.011573428199,0.0902573256975128,0.0902573260523024
97,train,0.5003024193868842,0.9157168679339912,0.4101156114089873,0.271641554771572,0.3115875137749538,0.4101156114891011,0.505779825391308,0.1438369921618892,15.799412186427784,0.3301769624794683,0.3301769701703902,3902.062842543407,23.756056980420183,3909.601082726681,6.25e-06,,0.2456342474587502,0.9270410556947032,91.0966455936432,3902.062838892783,0.0967074105095478,0.0967074109101167
97,val,0.5511904756228129,0.8432349931626093,0.3710873715934299,0.2576364292984917,0.3721268020925067,0.3710873673359553,0.422139887653646,0.2246582437129247,40.50022761027018,0.3405295397554125,0.3405295284021468,4286.437953404018,62.063546316964285,4257.145590672349,6.25e-06,62.063546316964285,0.2634921272595723,0.9226190192358834,11.800849437713625,4286.438098725818,0.0911942305309432,0.0911942312405223
98,train,0.500739247247737,0.915439329160157,0.4096618377233064,0.2712123689632262,0.3115812133877508,0.4096618369221687,0.5050393392642339,0.1423220677321316,15.22797885761466,0.3308554200395461,0.3308554274100129,3780.099324175106,22.698896638808712,3787.7333025485977,3.125e-06,,0.2464751980157308,0.9266949680543716,84.45781016349792,3780.099324257143,0.0964605778215393,0.0964605774209704
98,val,0.5511904756228129,0.8511566434587751,0.3726645835808345,0.2541288506417047,0.3559850880077907,0.3726645864191509,0.4313540575759751,0.2335394088711057,40.804937998453774,0.3414941316559201,0.3414941344942365,4497.841732933408,63.04132316226051,4470.438230942234,3.125e-06,63.04132316226051,0.2628656604460307,0.9227087866692316,10.842408180236816,4497.841715494792,0.0929998666757629,0.0929998677401315
99,train,0.5001008065157039,0.9138688385807058,0.4096449413286742,0.272173948265532,0.3165673634377859,0.4096449435718597,0.5043057755276721,0.1428534799125246,15.185310048441734,0.3306423552254194,0.330642363717479,3731.9163846046695,22.91998766827327,3739.355267662793,3.125e-06,,0.2468684357340617,0.9266606617358424,84.8220887184143,3731.9167179189694,0.0963370162713271,0.0963370163514409
99,val,0.5511904756228129,0.8594172823996771,0.3727244933446248,0.2514094916127977,0.3516841913972582,0.3727244961829412,0.4347031222922461,0.2280101988996778,40.29731777736119,0.3428043765681131,0.3428043850830623,4452.85894484747,62.53284399850028,4424.023446377841,3.125e-06,62.53284399850028,0.2635146869080407,0.9227454094659716,10.781546592712402,4452.85906110491,0.091423209579218,0.0914232088696389
100,train,0.5006384408922606,0.9158521698367212,0.409948823592996,0.2714532165117161,0.3130095077938931,0.4099488241537924,0.505814901442938,0.141553380696844,15.219360100325718,0.3309367696444193,0.3309367773353412,4032.282965116604,23.38620358385065,4039.887188844007,3.125e-06,,0.2470685905346306,0.9268366748927742,85.46674251556396,4032.2826300385177,0.0966756405128586,0.0966756401924035
100,val,0.5511904756228129,0.8576806854634058,0.3733229268164861,0.2513118733962377,0.3477449665466944,0.3733229183015369,0.4370555831562905,0.2271979933693295,40.29366048177084,0.3440191334202176,0.3440191405160086,4392.199038550967,62.1587168375651,4366.554539535985,3.125e-06,62.1587168375651,0.261314033752396,0.9227617099171592,10.968648672103882,4392.199085053943,0.0944128710599172,0.0944128710599172
101,train,0.5005040322580645,0.914798280084005,0.4098114349669026,0.2716850564684919,0.313369225830801,0.4098114341657649,0.5052013332324643,0.1389164400877811,14.689172901133055,0.3309512039025624,0.3309512117537119,3908.264761729907,22.68348065242973,3916.05398582176,3.125e-06,,0.2464036438413845,0.9270094879852828,85.77408957481384,3908.264419063445,0.0964950299070727,0.0964950299471296
101,val,0.5511904756228129,0.8602335651715597,0.3731964415027982,0.2508988550731114,0.3500483348256066,0.3731964415027982,0.4371549998010908,0.2279277841250101,40.24015626453218,0.3446506829488845,0.3446506886255173,4422.868489583333,62.4005366734096,4391.92236328125,3.125e-06,62.4005366734096,0.2644178626083192,0.9223573605219524,11.51803207397461,4422.868600027902,0.0927212788235573,0.0927212784687678
102,train,0.5001008065157039,0.9168020232069876,0.4103964517513911,0.2718422641196558,0.3123064185342481,0.4103964520718461,0.5088750798535603,0.1385196842333322,14.86486908953677,0.3309179547653403,0.3309179603733042,4000.8720869248914,22.47014154926423,4008.608777739143,3.125e-06,,0.2468203500874581,0.9266982479121096,91.026917219162,4000.872085038052,0.0966050169000061,0.0966050177011438
102,val,0.5511904756228129,0.8630327412060329,0.3725730123974028,0.2529949872266678,0.359622516802379,0.372573013816561,0.431926742196083,0.2230489253997802,40.874012720017205,0.3505571073009854,0.3505571172350928,4527.935529436384,62.9482167561849,4495.578867779356,3.125e-06,62.9482167561849,0.269553583292734,0.9218922938619342,10.494588613510132,4527.935506184896,0.0876607706858998,0.0876607713954789
103,train,0.5008736560421605,0.914360130185722,0.4095562878315166,0.2721281581988898,0.316714426122045,0.4095562855883311,0.5092802340545322,0.1377415208406345,15.56430321098656,0.3311494247567269,0.331149433088559,3961.307212398898,23.30347839734888,3969.019908373284,3.125e-06,,0.2471061971399092,0.9266855892955616,81.58310055732727,3961.30687924867,0.0964373934172814,0.0964373930167126
103,val,0.5511904756228129,0.8536955515543619,0.3725138107935588,0.2540380387079148,0.3571193956193469,0.372513819308508,0.4305740190403802,0.2263506941852115,40.45671126956032,0.3415215199901944,0.341521524247669,4412.128354027158,62.44995589483352,4377.511692116477,3.125e-06,62.44995589483352,0.2655845142546154,0.9216486102058774,10.52400279045105,4412.128365652902,0.0910951392281623,0.0910951417116891
104,train,0.501108871031833,0.914195443834028,0.4093607189834758,0.2720216712163341,0.3149394369734231,0.409360719624386,0.5056153021913062,0.1348205602938129,14.75654338764888,0.3310035064976702,0.3310035103431312,3626.7557046746697,22.51412093254828,3633.318095567491,3.125e-06,,0.2476504780752684,0.9264844723286167,84.5193190574646,3626.755369842693,0.0965164474421931,0.0965164476424776
104,val,0.5511904756228129,0.8366558977535793,0.3716158739158085,0.2596824445894786,0.3690028857617151,0.3716158668200175,0.4210950608054797,0.2253361227256911,40.89221391223726,0.3388443546635764,0.3388443575018928,4451.456043061756,63.280747731526695,4419.098748224432,3.125e-06,63.280747731526695,0.2608053059805007,0.9225903550783792,9.990456104278564,4451.456072126116,0.0960747329961685,0.0960747308674312
105,train,0.5007056452894724,0.915032781900898,0.4096031759374885,0.2716897261399095,0.3141111713904206,0.4096031785011291,0.5034883584306445,0.1361147350761839,15.157056452125632,0.3314619520979543,0.3314619583468283,3733.043208952873,23.004816993590325,3740.154481090199,3.125e-06,,0.2477646752070355,0.9265085519641958,91.44047784805298,3733.0432064302495,0.0963168219132449,0.0963168217129604
105,val,0.5511904756228129,0.8521852024963924,0.3720468651680719,0.2540816480205172,0.359280207327434,0.3720468694255465,0.42962375496115,0.2227139047213963,40.57993334815616,0.3483036032744816,0.3483036146277473,4388.613461449033,62.36587342761812,4363.089003314394,3.125e-06,62.36587342761812,0.2640405006351925,0.9223994896525428,11.482076406478882,4388.613478887649,0.0942912087554023,0.0942912098197709
106,train,0.5006384408922606,0.9137337946443148,0.4096078440066307,0.2720499220554546,0.3160050851042553,0.40960784388646,0.5014743643101826,0.1323232909524312,14.803244408740792,0.3315731484082437,0.3315731567400758,3902.099703634939,22.44314030165313,3909.470069962319,1.5625e-06,,0.2482234059322265,0.926320932885652,90.46426510810852,3902.0997028966094,0.0962699885249778,0.096269988124409
106,val,0.5511904756228129,0.8574214151927403,0.3722320596377055,0.2529549591598056,0.3590575201170785,0.3722320610568637,0.4316233378790673,0.2237876753012339,40.598485129220144,0.3516750349884942,0.3516750307310195,4465.16385904948,62.61519877115885,4435.738266453598,1.5625e-06,62.61519877115885,0.2655863918009258,0.9219806847118196,12.14422082901001,4465.163975306919,0.0914113745093345,0.0914113745093345
107,train,0.5008064516449487,0.911964599003074,0.4094322335015061,0.272721004421993,0.3170870983151979,0.40943223422253,0.5042711010863704,0.1319198523077272,14.259622186742805,0.331276453470671,0.3312764566752218,3779.05366569437,21.715898790667133,3785.693931399772,1.5625e-06,,0.2481939879957065,0.9264033786071244,88.52763557434082,3779.0536693860126,0.0965426378753236,0.0965426378753236
107,val,0.5511904756228129,0.8603359418255943,0.3725102770896185,0.2526963949203491,0.3550614487557184,0.3725102756704603,0.4322377808746837,0.2212831704389481,40.5356620606922,0.3585437678155445,0.3585437720730191,4388.795747302827,62.22429457164946,4358.263639322917,1.5625e-06,62.22429457164946,0.2680959318365369,0.9215923036847796,9.633427143096924,4388.795636858259,0.0920571606783639,0.0920571624523117
108,train,0.5010416667948487,0.9125157665180904,0.4090939569937926,0.2719471567580777,0.31584843208072,0.4090939563528825,0.5019381837418644,0.1335117249519273,14.38063105460136,0.3317278431307885,0.3317278498603451,3653.699002255676,21.71199567087235,3660.849916698314,1.5625e-06,,0.248033102081027,0.9263057657467422,89.66562247276306,3653.699001189201,0.0964584110244627,0.0964584112247472
108,val,0.5511904756228129,0.8489768448330107,0.3725143600077856,0.2554548311801183,0.3599794563793,0.372514355750311,0.4288939688177335,0.224513427842231,40.58248120262509,0.3459727650596982,0.3459727650596982,4437.043544224331,62.7818610781715,4403.284283262311,1.5625e-06,62.7818610781715,0.2631486122097288,0.922689559913817,8.036352157592773,4437.043625604539,0.0952330380678176,0.0952330387773967
109,train,0.5005040322580645,0.9147174252617744,0.4099053963618252,0.2723471199472745,0.3142020856981636,0.4099053964018821,0.5063495748145606,0.1313049466178942,14.371064565515006,0.3317447936022153,0.3317447995306343,3626.4387048290623,21.601922568454537,3633.317541462805,1.5625e-06,,0.2483230773159252,0.926332127342942,90.58933782577516,3626.439036461615,0.0964174461701223,0.0964174464104637
109,val,0.5511904756228129,0.8594243540650323,0.3726536461285182,0.2538004113095147,0.3603662734939938,0.3726536468380973,0.4308656603097915,0.2201925356473241,40.32082385108585,0.3493704143024626,0.3493704213982537,4395.703427269345,62.212218693324495,4362.645842211175,1.5625e-06,62.212218693324495,0.2676945527394612,0.921598127910069,11.596413850784302,4395.703537713914,0.0901134081539653,0.0901134085087549
110,train,0.5004032258224743,0.9147355675056416,0.4099793394887319,0.2720995152829796,0.3149004396732136,0.4099793379665702,0.5043114374882431,0.1316048389761358,14.20155292685314,0.3314714511876465,0.3314714556740176,3779.986236531248,21.655787957611903,3786.458458034117,1.5625e-06,,0.247926034193526,0.9263939678028066,89.55692172050476,3779.9862347469534,0.096520801265073,0.0965208006642198
110,val,0.5511904756228129,0.8457887115932646,0.3715525915225346,0.2573006415650958,0.3699615909939721,0.371552593651272,0.4235870823973701,0.2175802052730605,40.44275420052664,0.3389213312239874,0.3389213411580948,4343.14163062686,62.196554456438335,4311.886594460228,1.5625e-06,62.196554456438335,0.2643147366387503,0.9220123716763088,12.257582187652588,4343.141607375372,0.0910243686465989,0.0910243679370198
111,train,0.5004704301395724,0.9171464720400432,0.4101425578357071,0.2710613710905916,0.3102515155589708,0.4101425586368448,0.507124113059172,0.1315276447523345,14.395255901480231,0.3320620266660567,0.3320620316331104,3854.284489416307,21.685256158151933,3861.733554580637,1.5625e-06,,0.2477681503020307,0.9264897845124686,88.39907550811768,3854.284152287309,0.0967391130504428,0.0967391130103859
111,val,0.5511904756228129,0.8634277355103266,0.3722388006391979,0.2512743288562411,0.3548725034509386,0.3722388006391979,0.4335267941157023,0.2199286328894751,40.12793622698103,0.3544832496416001,0.3544832595757076,4324.4416271391365,61.79094496227446,4294.843764796402,1.5625e-06,61.79094496227446,0.2679859868117741,0.9212564911161152,10.776302099227903,4324.441603887649,0.0881511139727774,0.0881511136179878
112,train,0.5004704301395724,0.9132986672783412,0.4097346802472427,0.2721562943952058,0.3154989471358637,0.4097346802472427,0.5043875176099039,0.1302362890533542,14.503842725548694,0.3319024887456688,0.3319024956354531,3763.828406959452,21.93713866510699,3770.940025129222,1.5625e-06,,0.2481505919688491,0.9263249696582876,84.18947720527649,3763.828409830729,0.0965083372048152,0.0965083366840757
112,val,0.5511904756228129,0.8538331573917752,0.3721096430506025,0.2547003889367694,0.36298677892912,0.3721096402122861,0.4283193105033466,0.2165934017726353,40.23442259288969,0.3498342519714719,0.3498342647438958,4345.540591285342,62.08905828566778,4313.620466382576,1.5625e-06,62.08905828566778,0.2665576537450154,0.9218213785262336,10.21423602104187,4345.540515718006,0.0926441936975433,0.0926441929879642
113,train,0.5010752687531133,0.9128767650934958,0.4092182707722469,0.2721768356459115,0.3163706032178735,0.4092182688495164,0.5031277623868757,0.1287606065712308,14.184032635022236,0.3320368667764048,0.3320368744673267,3615.2114859140047,21.550441377906388,3622.385062056519,1.5625e-06,,0.2484056227790412,0.9264057365155988,86.8232581615448,3615.2114837400377,0.0964570934333468,0.0964570934734036
113,val,0.5511904756228129,0.8459389947709584,0.3719502063024612,0.2571079276856922,0.3682967523733775,0.3719501992066701,0.4248415384264219,0.2191876009816215,40.69820313226609,0.3464628273532504,0.3464628273532504,4404.481137230283,62.44574701218378,4376.925710227273,1.5625e-06,62.44574701218378,0.2658522001334599,0.922146717707316,9.057446241378784,4404.48113141741,0.0947639111961637,0.094763910131795
114,train,0.5003024193868842,0.91270709021758,0.4095373678431716,0.2726662035590859,0.3185210390597261,0.4095373651193034,0.5037371801833311,0.1292030812311236,13.906047110916466,0.3321684767161646,0.3321684856889068,3620.705921398696,21.251556622084752,3627.2223012802174,1e-06,,0.2484251640496715,0.9263542723912064,92.11106944084167,3620.705584864463,0.0965287185884932,0.0965287187487207
114,val,0.5511904756228129,0.8617112608182997,0.3719414075215657,0.2524948318799336,0.3590004344781239,0.3719414103598821,0.4310196311700912,0.2143354266881942,40.22916012718564,0.3593048538480486,0.3593048637821561,4268.363188244048,61.5503423781622,4236.997389914773,1e-06,61.5503423781622,0.2690207433132898,0.9208544833319527,9.162551641464232,4268.363205682664,0.0895747318863868,0.0895747308220182
115,train,0.5010416667948487,0.914613645724071,0.4096171984909683,0.2717114525937265,0.3138839419811002,0.4096171980903995,0.5042456761403109,0.128004618069177,14.067115209435904,0.3319920710017604,0.3319920769301794,3823.308334207022,21.423709059274326,3830.994062060218,1e-06,,0.2484228157548494,0.926321743957458,87.7586498260498,3823.308337406445,0.0965783819155667,0.0965783815149979
115,val,0.5511904756228129,0.8515624560060955,0.3729896148045857,0.2542425557261422,0.354448622181302,0.3729896148045857,0.4319136355604444,0.2180755432872545,40.38512665884836,0.3401260532083965,0.3401260588850294,4364.360206240699,62.15514482770647,4339.375331439394,1e-06,62.15514482770647,0.2620938704127357,0.9230823204630896,9.965178966522217,4364.36032249814,0.0943799902285848,0.0943799870354788
116,train,0.5004704301395724,0.9146497776751876,0.4100651990181656,0.2724915859840249,0.3148107039191389,0.4100651993386207,0.5094423519187076,0.1282430021192437,14.65926694357267,0.3319101511470733,0.3319101573959473,3726.728754884453,22.072181014604467,3732.833287669994,1e-06,,0.2485997646406132,0.9262533341684648,92.6568534374237,3726.729089101156,0.0967271734950363,0.0967271729342399
116,val,0.5511904756228129,0.8698939950693221,0.3728632118020739,0.2503648975065776,0.352592674039659,0.3728632146403903,0.436261266824745,0.2151558700771559,40.43193926130022,0.3592869596821921,0.3592869681971414,4396.430855887277,62.12874130975632,4362.804222892993,1e-06,62.12874130975632,0.2697347274848393,0.921392301718394,10.4613995552063,4396.430972144717,0.0871876389497802,0.0871876396593593
117,train,0.4997647850103275,0.914612266485409,0.4100649731774484,0.272752172604043,0.3170223982744319,0.4100649727768795,0.502831330983549,0.1271853354829613,14.27288435864192,0.3323028308729971,0.332302838563919,3811.627664894186,21.962983513391148,3818.999612519235,1e-06,,0.2483918303123084,0.9263900534440112,90.820481300354,3811.628002966604,0.0965739070007237,0.0965739068004392
117,val,0.5511904756228129,0.8437746323290325,0.3719867510454995,0.2585491076821372,0.3698489509877704,0.3719867489167622,0.4229258951686677,0.2192911413453874,40.6702812739781,0.3443025180271694,0.3443025251229604,4445.292471749442,62.70990789504278,4416.194004498106,1e-06,62.70990789504278,0.2655169864495595,0.9222402175267538,9.99670934677124,4445.29242234003,0.0929984340355509,0.0929984333259718
118,train,0.5006720430107527,0.9162106704647824,0.40979246955405,0.2718752415910844,0.3151884888128567,0.4097924700347326,0.5041024220646709,0.1282566401666851,14.565278112247428,0.3323063954550733,0.3323064001016719,3582.2908675080985,22.13440882775092,3588.715223894216,1e-06,,0.2480196186932184,0.9264283817942424,86.49391984939575,3582.290866605697,0.0966579724623951,0.0966579718615419
118,val,0.5511904756228129,0.8427033850124904,0.3718346101897103,0.2582596554642632,0.3705147362890698,0.3718346087705521,0.4231001646036193,0.2153838354916799,40.361463001796174,0.3370652596155802,0.3370652695496877,4354.200648716518,62.08068720499674,4326.850985440341,1e-06,62.08068720499674,0.2649627554984319,0.9218206292106992,9.324698686599731,4354.2006429036455,0.0935721759285245,0.0935721748641559
119,train,0.5006048387737685,0.9118373003057254,0.4093622987869606,0.2727323684000199,0.3171333846866443,0.4093622985466193,0.5047626945200145,0.1264392989136839,14.611512007251862,0.332364973041319,0.3323649797708757,3616.776382794944,22.10122452500046,3623.391068234428,1e-06,,0.2486504347574326,0.9262334733240066,84.77705264091492,3616.7760456864553,0.0965429016899678,0.0965429018902522
119,val,0.5511904756228129,0.8582599872634524,0.3719859137421563,0.2538174809444518,0.3611209420930771,0.3719859151613144,0.4291566642267363,0.2142990884326753,40.332482110886346,0.3484747920717512,0.3484748105208079,4363.474958147322,61.98710468837193,4331.179157788826,1e-06,61.98710468837193,0.2671504361288888,0.92167238678251,10.232693910598757,4363.474870954241,0.0874525666946456,0.0874525666946456
120,train,0.501108871031833,0.91164067836218,0.4089713199965415,0.2726903890249549,0.318196501222349,0.4089713188749487,0.504763141675021,0.1246267513882729,14.300766152720298,0.3326256605245734,0.3326256646904894,4039.73021088877,21.52120520991664,4047.676523772474,1e-06,,0.2490335602753906,0.9260916914991152,84.08411979675293,4039.729869268274,0.0966463562461637,0.096646355805538
120,val,0.5511904756228129,0.8496858335676647,0.3727812561250868,0.2555575001807439,0.3586877910863785,0.372781257544245,0.4292121941135043,0.2190501718294052,40.84469213939848,0.3493365687983377,0.3493365744749705,4450.474432082403,62.882382256644114,4417.702775804924,1e-06,62.882382256644114,0.2649526922475724,0.9219409567969186,10.333919763565063,4450.474417550223,0.0960960778452101,0.0960960781999996
120,val_periodic_epoch_120,0.5511904756228129,0.8496858335676647,0.3727812561250868,0.2555575001807439,0.3586877910863785,0.372781257544245,0.4292121941135043,0.2190501718294052,40.84469213939848,0.3493365687983377,0.3493365744749705,4450.474432082403,62.882382256644114,4417.702775804924,1e-06,,0.2649526922475724,0.9219409567969186,10.667794227600098,4450.474417550223,0.0960960778452101,0.0960960781999996
121,train,0.500134408634196,0.915597941766503,0.4096808534476064,0.2721727081844883,0.3167260198663639,0.4096808519254448,0.5048746557966355,0.1250676823559627,14.129212135909706,0.3327012068481855,0.3327012097322813,3609.1191620160175,21.51696533285161,3615.363684328638,1e-06,,0.2485616798362424,0.9262716026716334,87.21968054771423,3609.1188291734265,0.0965950499458979,0.0965950492649309
121,val,0.5511904756228129,0.8511912609849658,0.3724507128908521,0.2557064167090824,0.3637555624757494,0.3724507178579058,0.428005919215225,0.2151719569450333,40.46766553606306,0.3416594309466226,0.3416594451382047,4329.348339262463,61.80576596941267,4295.968971946023,1e-06,61.80576596941267,0.2650426072733743,0.9221120590255374,12.00224542617798,4329.348452613467,0.0914155425769942,0.0914155400934673
122,train,0.5004704301395724,0.9131567962067102,0.409520508140646,0.2721903746326764,0.3165466755788813,0.4095205103037178,0.504305811058129,0.1210412494637953,14.223319766342,0.3328330890145353,0.3328330962247746,3660.77458494453,21.78917294676586,3667.683967934554,1e-06,,0.2489230258650677,0.926155492823611,87.24301767349243,3660.774585928968,0.0967739680681818,0.0967739678278405
122,val,0.5511904756228129,0.8470586325441088,0.3728073097410656,0.2556443278278623,0.3582422492049989,0.3728073097410656,0.4296923506827581,0.2186423288214774,40.70778683253697,0.3358025593417031,0.335802565018336,4415.595953078497,62.573826017833895,4384.984830729167,1e-06,62.573826017833895,0.260917251308759,0.922695653779166,11.384320259094238,4415.595831008184,0.0935357432989847,0.0935357425894056
123,train,0.5005040322580645,0.912147613943264,0.4093688360305242,0.2727150033398341,0.3178183186438776,0.4093688355498416,0.5004189996229064,0.1216969128537883,13.902063126205116,0.3331909335108213,0.3331909410415157,3470.9921598947176,21.1485530279016,3477.33590877032,1e-06,,0.2489942035046957,0.9260619455768216,89.42754197120667,3470.9921603049,0.0965175932293297,0.0965175939102967
123,val,0.5511904756228129,0.856569630759103,0.3727563144195647,0.2526623273179644,0.3551988034021286,0.3727563108716692,0.4333934542678651,0.2125915203775678,40.44525391714914,0.3488472685927436,0.3488472742693765,4317.142037527902,61.912010919480096,4288.340707859848,1e-06,61.912010919480096,0.2644676835764022,0.9220396933101472,11.686529397964478,4317.142020089285,0.094229288754009,0.0942292891087986
124,train,0.500033602158549,0.9198111603336948,0.4102797599569444,0.2717913058336063,0.3151306480329524,0.410279761479106,0.5050145003103441,0.1183631880989959,14.527670714163012,0.3334504862626393,0.3334504910694655,3741.256516979586,21.952296157037058,3733.558362145215,1e-06,,0.2487726308485513,0.9261614782835847,85.09111905097961,3741.256510601249,0.0966762521814915,0.0966762521013777
124,val,0.5511904756228129,0.8788287398361024,0.3731915368920281,0.2461144420362654,0.3402625890005202,0.3731915354728699,0.4433016847996485,0.2142121564774286,40.84209378560384,0.3685630077407473,0.3685630105790637,4480.020310174851,62.65860294160389,4448.308469460228,1e-06,62.65860294160389,0.2695843591576531,0.921209250177656,10.56004548072815,4480.0202229817705,0.0871006949316887,0.0871006974152156
125,train,0.5001680107526881,0.9132012800183348,0.4093872836680822,0.2724575871421444,0.3181024188155769,0.4093872831072858,0.5048181706218309,0.1215704258090706,14.479757534560337,0.3332673075699037,0.3332673114153646,3717.442923022855,21.768666241758613,3724.6574384798505,1e-06,,0.2491949256709827,0.9259159811722336,84.32047080993652,3717.4429187569567,0.0968577010176515,0.0968577007773102
125,val,0.5511904756228129,0.8511930846032643,0.3723862455004737,0.2549032086417788,0.3621341742220379,0.3723862497579484,0.4292346242637861,0.2150213839042754,40.34343901134672,0.3426238780929929,0.3426238837696257,4360.583897181919,62.01477268763951,4334.984330610795,1e-06,62.01477268763951,0.2634512775001071,0.922268759636652,10.549638986587524,4360.583902994792,0.0916627297798792,0.0916627304894583
126,train,0.5005376345367842,0.912572423617045,0.4094209155888967,0.272251025963855,0.316652419746563,0.4094209135860525,0.5038946947503474,0.1183241136291975,14.139982961839245,0.3336028797972586,0.3336028900518212,3660.702288719916,21.408994954119446,3668.16528523763,1e-06,,0.2490901982271543,0.9260661166201356,90.61874055862428,3660.7022906682814,0.0967106744246457,0.0967106745047595
126,val,0.5511904756228129,0.8583234733059293,0.3725214082570303,0.2533661630891618,0.359270277477446,0.372521413224084,0.4312758985019865,0.2136662495987756,40.36465063549223,0.3541879838421231,0.3541879909379141,4343.609630766369,62.007299332391646,4313.191663707386,1e-06,62.007299332391646,0.2684540819554102,0.9209981390408108,11.56580376625061,4343.6098400297615,0.0924124529673939,0.0924124519030253
127,train,0.500134408634196,0.9145959965003434,0.4096939521290922,0.2722315462206,0.3169895279952275,0.4096939528501161,0.5043171407074056,0.1192007643841607,13.844679424839637,0.3338965844082576,0.3338965911378143,3658.6394007693057,21.166519041984312,3665.7069628166414,1e-06,,0.2491893267599485,0.9260128220563294,90.05192589759827,3658.638726818946,0.0965087546776699,0.0965087545174424
127,val,0.5511904756228129,0.8473244650023324,0.3714693827288491,0.2567269837572461,0.3677660539036705,0.3714693869863237,0.4242730839621453,0.2119242179961431,40.70674269539969,0.3494819473652613,0.3494819487844194,4314.990914481027,61.969957987467446,4288.687482244318,1e-06,61.969957987467446,0.2654806403886704,0.9218446867806572,10.213488340377808,4314.990879603794,0.0915450145091329,0.0915450155735015
128,train,0.5003024193868842,0.9127722744659712,0.4094152430533081,0.2720379136422629,0.3165748197064605,0.4094152435339907,0.5011946929077948,0.1179001605318438,13.872138761704967,0.3343840170932072,0.3343840238227639,3505.695917293589,20.950231836688133,3512.1555025967687,1e-06,,0.2492600992642423,0.925825438832724,84.31585597991943,3505.6955808003745,0.0964860616111627,0.0964860612907076
128,val,0.5511904756228129,0.8534666384969439,0.3726576460259301,0.2545567616110756,0.3604888518651326,0.3726576495738256,0.4302020349672862,0.2127463764378002,40.337278820219495,0.3486198768729255,0.3486198967411404,4353.246288481213,61.90112831479027,4323.912434895833,1e-06,61.90112831479027,0.2660413270904904,0.921422648997534,10.15030002593994,4353.246372767857,0.0927753569114775,0.0927753551375298
129,train,0.5008736560421605,0.9134069729235864,0.4095356350624433,0.2723301321428309,0.3171421157256249,0.4095356361039223,0.5042441323880227,0.1155926029207885,14.155369881660707,0.3344136974824372,0.3344137059744968,3774.892637047717,21.65101638404272,3782.531895606044,1e-06,,0.2491850674312601,0.9259672424485608,81.56451916694641,3774.892298072897,0.0965911500075812,0.0965911500075812
129,val,0.5511904756228129,0.8445884017717271,0.3720383530571347,0.258145469994772,0.3687373726140885,0.3720383544762929,0.4237147395809491,0.2122002378815696,40.60533323742094,0.3446314121995653,0.3446314178761981,4414.29120454334,62.45477049691336,4386.463446969697,1e-06,62.45477049691336,0.2665021291800907,0.9218968465214684,10.671610832214355,4414.29117547898,0.09450356981584,0.0945035701706295
130,train,0.5004704301395724,0.912003577396434,0.409498871494365,0.273347165635837,0.3203184562985615,0.409498868690383,0.50156882637611,0.1163031535563609,14.076022824933451,0.3342945604555069,0.3342945689475664,3812.758878031085,21.589359678247924,3818.524328120068,1e-06,,0.2495142424138643,0.925989160294174,83.23575568199158,3812.758876308318,0.0967837510810744,0.0967837508006762
130,val,0.5511904756228129,0.851550354844048,0.3712569688047681,0.2567512754883085,0.3721108507542383,0.3712569716430846,0.4233424876417432,0.2085052856377192,40.66381063915434,0.3615594052133106,0.3615594108899434,4295.245436895461,61.67867206391834,4266.03936138731,1e-06,61.67867206391834,0.2705381796473548,0.9209497400692532,11.509167194366457,4295.245428176153,0.0926766221721967,0.0926766218174071
131,train,0.5003360215053764,0.911655514310765,0.4092092363424198,0.2724285950904251,0.3178494921134364,0.4092092342594618,0.5017556545715178,0.1133912836992612,13.605519958721692,0.3346786712126065,0.3346786795444386,3552.5291911914783,20.68544424990172,3559.04028817636,1e-06,,0.2498002942371112,0.9257878744474022,86.24509501457214,3552.528857036304,0.0967021217990306,0.096702121638803
131,val,0.5511904756228129,0.8441574758007413,0.3718652427196502,0.2577316356556756,0.3697369964349837,0.371865241300492,0.4240851923823356,0.2110427880571002,40.39849381219773,0.3447461497215998,0.3447461454641251,4378.267365955171,62.11617378961472,4350.724470288826,1e-06,62.11617378961472,0.2650309389545804,0.9221130439213344,11.47431993484497,4378.267363048735,0.0939248488062904,0.0939248488062904
132,train,0.5008736560421605,0.911871305716935,0.4091213170078493,0.2726797741907899,0.3190337009327386,0.4091213177288732,0.5055440326611842,0.1154808308528636,14.302168228292976,0.3350028424493728,0.3350028520630252,3615.529141005649,21.698999645889447,3622.946010643545,1e-06,,0.2496802516041263,0.9258682650904502,85.95748376846313,3615.529812864078,0.0966154560446739,0.0966154558443894
132,val,0.5511904756228129,0.8511378367741903,0.3727220857427233,0.2550334064733414,0.3593758671056656,0.3727220829044069,0.4299029104766391,0.20962534312691,40.34112385341099,0.3409482822531745,0.340948292187282,4369.849359421503,62.09369550432478,4341.279811789773,1e-06,62.09369550432478,0.263921483641579,0.9221112103689284,9.183780670166016,4369.849260602678,0.0921221893458139,0.0921221889910243
133,train,0.5005376345367842,0.9125979784675824,0.4093258859569667,0.2725210178603408,0.3172692126163872,0.40932588655782,0.5039082502806058,0.1133279003483313,14.163055609631282,0.3352544977459856,0.3352545043153147,3542.508186032695,21.382498948804795,3549.6204020387795,1e-06,,0.2498118596211556,0.9257304668426514,83.77775025367737,3542.508523776967,0.0967755084556918,0.0967755085358055
133,val,0.5511904756228129,0.8564292107309613,0.3724871504874456,0.2530567653122402,0.356990499155862,0.3724871519066038,0.431949417860735,0.2108158497583298,40.52893947419666,0.3558444664591834,0.3558444863273984,4443.711658296131,62.43299302600679,4412.518764796401,1e-06,62.43299302600679,0.2694866004444304,0.9212234814961752,9.94102382659912,4443.711571103051,0.0936543788938295,0.0936543778294608
134,train,0.5009072580004251,0.9114204824611704,0.4090183171373541,0.2725122786497557,0.3178072482027033,0.4090183179384918,0.5007460037226318,0.1128619531149505,13.929186610765354,0.3351568517185027,0.3351568622935202,3751.4356570090017,21.31495357072481,3758.0238775696416,1e-06,,0.2498685365883253,0.9257173182502868,84.26310706138611,3751.435660741663,0.0968447695736603,0.0968447698941153
134,val,0.5511904756228129,0.8436274216288612,0.3724588964666639,0.2576509934096109,0.3649903663567134,0.3724588978858221,0.4257560588774227,0.2098798329631487,40.433472224644255,0.3428348444757007,0.3428348629247574,4384.078125,62.29382742018927,4357.973943536932,1e-06,62.29382742018927,0.2644584462756202,0.9215710049583798,11.16473937034607,4384.078119187128,0.0953036135151272,0.0953036135151272
135,train,0.5004704301395724,0.9126594284529328,0.4095353521807219,0.2728654211086611,0.3171553840880753,0.4095353517801531,0.503837477135402,0.1128352661967597,14.051636516406973,0.3354039599177658,0.3354039636029992,3737.2138871223697,21.28959576801587,3744.534378801853,1e-06,,0.2493167364148683,0.925751362116106,91.42340517044067,3737.213888558008,0.0964488660295804,0.0964488664301492
135,val,0.5511904756228129,0.8588950094722566,0.372568068759782,0.2524535130886804,0.3560945235547565,0.3725680680502028,0.4328461002026285,0.2092607205822354,40.220270429338726,0.3563094096524374,0.3563094139099121,4416.382440476191,62.08327538626535,4384.665477035985,1e-06,62.08327538626535,0.2671078429335639,0.9218439715249198,10.19746470451355,4416.382469540551,0.0923006034323147,0.0923006034323147
136,train,0.5009072580004251,0.9093388173208442,0.4086779489792803,0.2732514965758529,0.320913352392694,0.4086779482582564,0.5009715876351761,0.110625840563287,13.54178576571967,0.3359001213183967,0.3359001264456779,3670.066000784597,20.71606687320176,3677.562374359028,1e-06,,0.249979404191817,0.9255988139619108,90.02011394500732,3670.065659676829,0.096410516168802,0.0964105163290295
136,val,0.5511904756228129,0.8484946063586644,0.3717712504523141,0.2569881337029593,0.3692890604337056,0.3717712511618932,0.424571832375867,0.2099510101335389,40.61619595118931,0.3555231378191993,0.3555231463341486,4377.726007370722,62.07850292750767,4352.581909919508,1e-06,62.07850292750767,0.2681059383210681,0.9207412600517272,9.849830627441406,4377.726094563802,0.0929832767163004,0.0929832767163004
137,train,0.5004704301395724,0.9127354705205528,0.4094932755475403,0.2726726906914865,0.3187345106915761,0.4094932759481092,0.5023951830082042,0.1143382284189424,13.87166654935447,0.3357598060561764,0.3357598148686911,3613.8230457511,21.1628353493188,3621.0775959772695,1e-06,,0.2502040790133579,0.9257420855824664,85.852224111557,3613.8233792294736,0.0967017120170977,0.0967017123375528
137,val,0.5511904756228129,0.8485752571196783,0.3717444908051264,0.2555966540461495,0.3642457638468061,0.3717444915147054,0.426777378079437,0.2062406696024395,40.16008422488258,0.3481312138693673,0.3481312223843166,4255.662202380952,61.378189813523065,4230.987236624053,1e-06,61.378189813523065,0.264477585043226,0.9220604527564276,11.043752193450928,4255.662121000744,0.0933537830909093,0.0933537834456988
138,train,0.5003024193868842,0.912671215591892,0.4092805369566845,0.2718507603451769,0.3162287521746851,0.4092805360754331,0.5030175658964342,0.1123859904586307,14.099015615319692,0.3362200703992638,0.3362200777697307,3733.8462925162366,21.76676332053318,3741.116476738413,1e-06,,0.2499501402339627,0.9256891534533552,90.47850465774536,3733.846300617341,0.0965992735438449,0.0965992734236742
138,val,0.5511904756228129,0.8516305131571633,0.3723498050655637,0.2541086446671259,0.3587946820826757,0.3723498050655637,0.4303358119158518,0.2065166401721182,40.138633728027344,0.3432707147938864,0.3432707162130446,4375.47900390625,61.953361329578215,4348.624189157197,1e-06,61.953361329578215,0.2651601277646564,0.9213513391358512,10.294244289398192,4375.479015531994,0.0921386487427212,0.0921386476783525
139,train,0.5004704301395724,0.9117325842380524,0.4092664006416515,0.2726253981712044,0.3188984216220917,0.4092664001609689,0.5003465943999829,0.1120797266122154,13.860122678100424,0.3361392801487318,0.3361392844748753,3473.802882327828,21.01631139939831,3480.5810691859183,1e-06,,0.250026627814257,0.925464790674948,89.11409997940063,3473.8028831481934,0.0965192883165292,0.0965192876756191
139,val,0.5511904756228129,0.863916297753652,0.3726021179131099,0.2504969068935939,0.3508974129245394,0.3726021172035308,0.4358165398949668,0.2074352978240876,40.17235964820499,0.3615304174877348,0.3615304203260512,4380.289765857515,61.96240597679501,4351.487269176137,1e-06,61.96240597679501,0.2688552893343426,0.9213575493721736,11.336572408676147,4380.289800734747,0.0916277911691438,0.0916277883308274
140,train,0.500739247247737,0.9132303172542204,0.4092003582946716,0.2720317818144316,0.3169882033941566,0.4092003582145578,0.5046299474854623,0.1112388938825617,14.01627505466502,0.3360472419249114,0.336047246251055,3562.299525763399,21.156787251913418,3569.1716706041534,1e-06,,0.2504120443456916,0.9255147912809926,86.95318388938904,3562.2998585034443,0.0966492338126064,0.0966492333719807
140,val,0.5511904756228129,0.8463136397656941,0.3718327766373044,0.2562763449691591,0.3658509297030313,0.3718327752181461,0.4261191075756436,0.2086857323135648,40.50830032711937,0.35373379219146,0.3537338049638839,4387.203845796131,62.31373650687082,4360.523188920454,1e-06,62.31373650687082,0.2659717273144495,0.9211628295126416,11.79736351966858,4387.203845796131,0.096545897424221,0.0965458967146419
141,train,0.5002688172683921,0.9118845679907388,0.4094557923975811,0.2728677116414552,0.3190291904473817,0.4094557953617906,0.5052131478905036,0.1089370724374568,14.025719442675191,0.3358627788482173,0.3358627854175465,3666.947898700673,21.0607806687714,3674.314383592188,1e-06,,0.2499105075514444,0.925756242967421,88.27360010147095,3666.9478994390015,0.0968213187911177,0.0968213182703782
141,val,0.5511904756228129,0.8543687704063597,0.3720384985208511,0.2546738002981458,0.362889058533169,0.372038490715481,0.4281909568678765,0.2055550285038493,40.25623575846354,0.3566566663128989,0.3566566620554243,4318.103294735864,61.683064415341335,4289.411937736742,1e-06,61.683064415341335,0.2685664608365014,0.9211463786306836,11.820701360702516,4318.103294735864,0.0917242442568143,0.0917242446116038
142,train,0.5005040322580645,0.91186577946909,0.4089898636103958,0.2724475629868046,0.3197461237670272,0.4089898636905096,0.5007200563146222,0.1101570762293313,14.049301819134785,0.3360687976562849,0.3360688040653865,3536.5487210878764,21.407036296782955,3543.5839344268697,1e-06,,0.2503386843268589,0.9255280872826936,90.03035426139832,3536.548720226493,0.0967004360050283,0.0967004363254834
142,val,0.5511904756228129,0.8420975236665635,0.3711679272708438,0.2578948977447691,0.3706688185532887,0.3711679244325274,0.4221281671807879,0.2065550120813506,40.51044782002767,0.3465706422215416,0.3465706493173326,4310.574055989583,61.836309523809526,4283.546513967803,1e-06,61.836309523809526,0.2647108009883335,0.9219533772695632,11.687997102737429,4310.574085053943,0.0937671860059102,0.0937671842319624
143,train,0.5004704301395724,0.9106404355136296,0.4090196610458435,0.2726809421694406,0.319757809481954,0.4090196609657298,0.4992750527397279,0.1105439394351936,14.084848839749572,0.3362726899244452,0.3362726971346845,3535.8654889547697,21.24475327614815,3542.529525869864,1e-06,,0.2500627572818469,0.9256223235079036,89.34295296669006,3535.864821034093,0.0966360041451069,0.0966360040649931
143,val,0.5511904756228129,0.8461476280575707,0.3722885903858003,0.2560934247005553,0.3608700462750026,0.3722885989007495,0.4276133818285806,0.2065400037737119,40.43801625569662,0.3409557441870371,0.3409557640552521,4341.820719401042,62.08380508422852,4314.780297111743,1e-06,62.08380508422852,0.2642003808702741,0.92146935349419,9.025317907333374,4341.820789155506,0.0943926161243802,0.0943926147052219
144,train,0.4999327957630157,0.9118198760414636,0.4094930154181296,0.2730849151329327,0.3206139095528151,0.4094930169402912,0.5032299595173969,0.1076205142483275,13.819267980514034,0.3361192430539798,0.3361192480210335,3736.1584709126464,21.2774688736085,3743.468381549052,1e-06,,0.250155587189941,0.9256973308260724,88.90689420700073,3736.158136224234,0.0965361583537312,0.0965361593952102
144,val,0.5511904756228129,0.8558179409731002,0.3721140637284233,0.253767348471142,0.361139083192462,0.3721140608901069,0.4299893052805038,0.2048657891296205,40.21511377607073,0.3566145315056755,0.3566145371823084,4349.885431198847,61.8547169821603,4323.578773082387,1e-06,61.8547169821603,0.2678881613981156,0.9215610197612216,9.82726240158081,4349.885521298364,0.0918341942486308,0.0918341931842622
145,train,0.500739247247737,0.9110911889101868,0.408708593377503,0.2723844435106041,0.3200804231468067,0.4087085924962515,0.5014119205936309,0.1091120878574989,13.866320817701276,0.3363355934940358,0.3363355992622273,3824.964303703718,21.420941875826927,3832.234251573351,1e-06,,0.2500353953050029,0.9255630063113346,86.06541728973389,3824.9646372641287,0.0964735525670231,0.0964735521263973
145,val,0.5511904756228129,0.8459340901601882,0.3719361786331449,0.2563403106871105,0.3626872868764968,0.3719361757948285,0.4263664320820853,0.2060585997643925,40.32644980294364,0.3496194978555043,0.3496195035321371,4358.521827334449,62.19400324140276,4327.743918678977,1e-06,62.19400324140276,0.2640803697563353,0.9218758571715582,10.784786939620972,4358.521827334449,0.0946872865869885,0.0946872880061467
146,train,0.5004704301395724,0.910563501138841,0.4088286772290224,0.2731221962359644,0.321687315740893,0.4088286774693638,0.5022307133442292,0.1077991738034191,14.229907302446264,0.336004075984801,0.3360040820734475,3827.705104520244,21.528122091806065,3834.880865971729,1e-06,,0.2499871636911105,0.9255418915261504,88.22403192520142,3827.704769831832,0.0966120980760102,0.0966120987569773
146,val,0.5511904756228129,0.8544642840112958,0.3723853549786976,0.2532618727002825,0.3565400767894018,0.3723853549786976,0.4315242550912357,0.2033892075220743,40.22493544079008,0.3446470541613443,0.3446470640954517,4407.787208193824,62.130918593633744,4376.312751538826,1e-06,62.130918593633744,0.2651718883287339,0.9218405485153198,13.547070026397703,4407.787155877976,0.0901784932329541,0.0901784942973227
147,train,0.5005040322580645,0.9090753548568294,0.4084633735399092,0.2727878704186409,0.3216663814520323,0.4084633718575201,0.5015332520568884,0.1095907630458954,14.103410723388835,0.3366554629418157,0.3366554712736478,3667.297568085373,21.42790065273162,3674.350942428024,1e-06,,0.2496728541389588,0.9257536751608696,83.36979579925537,3667.2975727204353,0.0967145041833,0.0967145047841533
147,val,0.5511904756228129,0.8485740877333141,0.3720119552952902,0.2556610902150472,0.3637430710451944,0.3720119567144485,0.4272776384438787,0.2065076987658228,40.59872509184338,0.3476783022994086,0.3476783037185669,4436.36572265625,62.48051797775995,4405.449582741478,1e-06,62.48051797775995,0.2655540577002934,0.9211638342766536,11.53123688697815,4436.365827287947,0.0929036477491969,0.0929036463300387
148,train,0.5003360215053764,0.9110041122923616,0.4089283045902047,0.2730222189778922,0.321813419220909,0.4089283037089532,0.5020979593998642,0.1103818570213612,14.399490964028145,0.3362304358392633,0.3362304441710954,3552.4062635565315,21.90396065609429,3558.816462126966,1e-06,,0.2499185270199211,0.9257115843475506,92.14418935775755,3552.405932744344,0.0966923264486174,0.0966923264085605
148,val,0.5511904756228129,0.8479891305878049,0.3712442290215265,0.2559189257167634,0.3660476676055363,0.3712442276023683,0.4249152555352166,0.2045336386987141,40.534272965930754,0.3537397157578241,0.3537397299494062,4345.629696800595,62.04419181460426,4318.756951349432,1e-06,62.04419181460426,0.2667978845891498,0.9215913045974004,10.704556226730348,4345.629667736235,0.0939019148548444,0.0939019173383712
149,train,0.5007056452894724,0.91060437278081,0.4085388999151927,0.2725200418342826,0.3201345949563929,0.4085388988737137,0.49955597231465,0.1088534849545648,13.72624146810142,0.3360011012002986,0.3360011053662146,3554.209372202555,20.896466409006425,3561.432555186468,1e-06,,0.2499889890833567,0.9255745350032724,84.31533789634705,3554.209041267313,0.0966683331356253,0.0966683326549427
149,val,0.5511904756228129,0.8471307357152303,0.3722314777828398,0.2554981240204402,0.3594363502093723,0.372231472106207,0.4283891923370815,0.2049556594519388,40.41159657069615,0.3436286775838761,0.3436286903563,4372.524913969494,62.13477034795852,4343.231427556818,1e-06,62.13477034795852,0.2632422617503575,0.9220603108406068,10.278729915618896,4372.524954659598,0.094248966092155,0.0942489646729968
150,train,0.5010752687531133,0.9089799707615248,0.4081886925043598,0.2727016602312365,0.321702860135545,0.4081886942668628,0.5005987724790009,0.1100152403877307,13.71491193258634,0.3357983781124956,0.3357983864443276,3856.5094581727058,21.190619799398608,3863.822294334129,1e-06,,0.2501380780050831,0.9256913005023876,84.57989931106567,3856.509121289818,0.0967650955482836,0.0967650958286818
150,val,0.5511904756228129,0.8426574553762164,0.3721541159209751,0.2579349733534313,0.3671522310801914,0.3721541166305542,0.4246945948827834,0.2025109415962582,40.2831175667899,0.3378149583226159,0.3378149639992487,4316.372721354167,61.750057583763486,4290.155823863636,1e-06,61.750057583763486,0.264550636212031,0.9212283690770467,12.711004972457886,4316.372930617559,0.094548137415023,0.0945481377698126
150,val_periodic_epoch_150,0.5511904756228129,0.8426574553762164,0.3721541159209751,0.2579349733534313,0.3671522310801914,0.3721541166305542,0.4246945948827834,0.2025109415962582,40.2831175667899,0.3378149583226159,0.3378149639992487,4316.372721354167,61.750057583763486,4290.155823863636,1e-06,,0.264550636212031,0.9212283690770467,10.12741208076477,4316.372930617559,0.094548137415023,0.0945481377698126
151,train,0.5002688172683921,0.9091264403635456,0.4087318718753835,0.2740142020166561,0.3254931930412528,0.4087318713145871,0.5010192730734425,0.105922008614226,13.811543182660175,0.3355985770943344,0.3355985819011606,3861.782359215521,21.333542754573205,3863.320604913885,1e-06,,0.2500021933547912,0.9257888037671324,88.87021470069885,3861.7823583541376,0.0966896130352892,0.0966896135560286
151,val,0.5511904756228129,0.8509694337844849,0.3704022332316353,0.2570044930492128,0.3760944548107329,0.3704022339412144,0.4207864964292163,0.2032005492420423,40.59429777236212,0.3643709889480045,0.3643709889480045,4313.513078962053,61.74245325724284,4285.566861979167,1e-06,61.74245325724284,0.2713236808776855,0.9210068441572644,10.710407972335815,4313.513177780878,0.0901193576199667,0.0901193583295458
152,train,0.5012768817845211,0.9082836101772964,0.4080645466844241,0.2734504777096933,0.3252764325789226,0.4080645445213523,0.5002484224656577,0.1098421053780663,14.142060169609644,0.3358253586676813,0.3358253661983756,3507.300027334562,21.38119403264856,3514.1396929397324,1e-06,,0.2499387877923186,0.9257774926641936,88.01865792274475,3507.300695193712,0.0966649765288958,0.0966649761283269
152,val,0.5511904756228129,0.8347040840557644,0.3715647686095464,0.2612027142729078,0.3744297481718517,0.3715647678999674,0.4187165445515087,0.2054524925493058,40.69363893781389,0.3386104461692628,0.3386104433309464,4360.983186267671,62.17907224382673,4336.980741003787,1e-06,62.17907224382673,0.2641235490640004,0.9218476074082512,10.581256866455078,4360.983145577567,0.0969110638612792,0.0969110642160688
153,train,0.5006384408922606,0.9101576468636912,0.4086242337380686,0.2730691672493053,0.3236529912839653,0.4086242367022781,0.4993954006061759,0.1067044850118378,13.819121873506935,0.3357778556885258,0.3357778588930766,3604.983990351359,20.85726663117768,3611.906928497212,1e-06,,0.2499908221665249,0.9256816621749632,87.14523100852966,3604.984322681222,0.0966911329537309,0.096691132232707
153,val,0.5511904756228129,0.8529098218395597,0.3720906114294415,0.2544456628106889,0.3605588844844273,0.3720906057528087,0.4289529848666418,0.2028709103663762,40.35755983988444,0.3516628855750674,0.3516628884133838,4354.602754138765,61.90230978102911,4324.042101680871,1e-06,61.90230978102911,0.2669935893444788,0.9217412727219718,10.93147897720337,4354.602835518973,0.0946896122325034,0.0946896118777138
154,train,0.5001008065157039,0.9098728675675648,0.4087620022636588,0.2733113440454647,0.3229782491601923,0.4087620000204732,0.4990244093601421,0.1080875322422994,13.67918510078102,0.3362170885647497,0.3362170956147614,3558.1920793799945,20.958073428882063,3563.670908918285,1e-06,,0.2504152722897068,0.9256537479739037,87.69898056983948,3558.1924151964085,0.096528780957063,0.096528780596551
154,val,0.5511904756228129,0.846629037743523,0.3706885767834527,0.2570663761524927,0.3728119773524148,0.3706885739451363,0.4218466888581003,0.2028748190828732,40.131794974917455,0.3511051195008414,0.3511051379498981,4297.594781784785,61.46673384166899,4271.255492424242,1e-06,61.46673384166899,0.267752699908756,0.9205804609117054,10.98209834098816,4297.594656808035,0.0900232458398455,0.0900232476137933
155,train,0.5003024193868842,0.9078957170888942,0.408250264022299,0.2736317026679233,0.3259686784398171,0.4082502627404787,0.4989835825418272,0.1061654212253709,13.777381299644388,0.3355379527614963,0.3355379601319631,3466.3944606986097,20.958238796521258,3472.771066808219,1e-06,,0.2502923610229646,0.9257069444784554,86.39225316047668,3466.394796515024,0.096536768980885,0.0965367685803162
155,val,0.5511904756228129,0.8625880792027428,0.3713634099279131,0.2531666549898329,0.3623045271351224,0.3713634156045459,0.4283793699883279,0.2025570039238248,40.38376962570917,0.370397945245107,0.3703979466642652,4285.4447021484375,61.63458451770601,4254.68329486269,1e-06,61.63458451770601,0.2719916772274744,0.9203176242964608,8.558414459228516,4285.444661458333,0.0901124264512743,0.0901124275156429
156,train,0.5006720430107527,0.908910505713955,0.4083667427141179,0.2735044486740584,0.3250488640480144,0.4083667442362795,0.5006902835942725,0.1059203068575551,13.682188551913026,0.3351485376716941,0.3351485474455741,3497.9063617952406,20.80341669051878,3504.929732721502,1e-06,,0.2504913681136664,0.925577982779472,91.94085383415222,3497.9060264505365,0.0967608463539872,0.0967608472752955
156,val,0.5511904756228129,0.8491740638301486,0.3715398183890751,0.2560836921135584,0.36578445207505,0.3715398169699169,0.4253260301692145,0.2029012494853564,40.10074960617792,0.3473182107721056,0.347318233478637,4305.54350062779,61.58321035475958,4276.473526278409,1e-06,61.58321035475958,0.2665093157972608,0.921571754273914,10.63461971282959,4305.543358212426,0.0914744873132024,0.0914744866036233
157,train,0.5006720430107527,0.9076095367631604,0.4081600539145931,0.2737365710318729,0.3263331362476913,0.408160053594138,0.4968637691870812,0.1099033222523748,13.5601738883603,0.3352877997582958,0.3352878060071699,3696.4471045258224,21.07014056174986,3702.764462126144,1e-06,,0.2504978732716653,0.9253578480853828,92.9980125427246,3696.447101100799,0.0965163522670345,0.0965163520667501
157,val,0.5511904756228129,0.8469390060220446,0.3708085226161139,0.25765251545679,0.3723288760298774,0.3708085261640094,0.4209314229942503,0.2022778934666088,40.57752264113653,0.3579571885722024,0.3579571843147278,4359.773411342076,62.13941701253256,4331.667921401515,1e-06,62.13941701253256,0.2707098424434662,0.9206977600143068,10.785771369934082,4359.773376464844,0.0937117643299556,0.0937117653943243
158,train,0.500134408634196,0.9074184585322616,0.4081409199423687,0.2740478102237947,0.3279678019624884,0.4081409214645303,0.497335222299381,0.107387397858885,14.045109989822553,0.3353262212007276,0.335326228731422,3671.4195892375,21.407658397510488,3676.76702091718,1e-06,,0.2504143457739584,0.9254661820909028,94.14582681655884,3671.419248478387,0.096583401523931,0.0965834018443861
158,val,0.5511904756228129,0.8432842918804714,0.3702714585122608,0.2588457294872829,0.3789788271699633,0.3702714570931026,0.4181079846762475,0.2021135269176392,40.29411933535621,0.3476907596701667,0.3476907724425906,4339.708949497768,61.78017153058733,4312.056483783144,1e-06,61.78017153058733,0.2690468033154805,0.9205716536158608,11.228670597076416,4339.708993094308,0.0907217668635504,0.0907217657991818
159,train,0.4996975806531726,0.9086223267098908,0.4085834602755244,0.2739651753537117,0.3274973126989539,0.4085834605158657,0.5018452307790198,0.107354433946712,14.484194776063324,0.335417537439254,0.3354175441688107,3574.926760006977,21.820010249332714,3574.4586374404857,1e-06,,0.2508417909504264,0.9254234478037844,94.63237237930298,3574.926422283213,0.0967986880531234,0.0967986882133509
159,val,0.5511904756228129,0.832197538443974,0.3698653032382329,0.2621773048525765,0.3850896557172139,0.3698653110436031,0.412929372773284,0.2027804163240251,40.386528923397975,0.3410553847040449,0.3410553804465702,4363.373901367188,62.046777361915225,4340.136005563447,1e-06,62.046777361915225,0.2664769462176731,0.921237099738348,10.880430221557615,4363.373956589472,0.093044723428431,0.0930447230736414
160,train,0.5005040322580645,0.9082925670569942,0.4080056584169788,0.2732954363348663,0.3248073317671335,0.4080056604999368,0.4971644600392669,0.106757537451803,13.901580797728672,0.3356854460572683,0.3356854511845496,3557.9620238888647,21.43490537776741,3564.966350116152,1e-06,,0.2509670441028892,0.9253721464705724,93.30875825881958,3557.962019499912,0.0964842638982239,0.0964842639382808
160,val,0.5511904756228129,0.8466060317697979,0.3714249999750228,0.256699060400327,0.3672485167071933,0.3714250042324974,0.4240923062676475,0.204267415971983,40.41742188589914,0.3482108314832051,0.3482108414173126,4429.895234607515,62.40271132332938,4399.291716974431,1e-06,62.40271132332938,0.2672486007213592,0.9214976458322436,10.805406332015991,4429.895228794643,0.0945839988333838,0.0945839981238047
161,train,0.5014448925372093,0.9062271744653744,0.4074547766677795,0.2736476550820053,0.3272230485754628,0.4074547749052765,0.4959459592017435,0.1066998747748232,13.836316018976191,0.3356096053956657,0.3356096102024919,3387.291709694812,20.96177096520701,3393.959435531668,1e-06,,0.250801783415579,0.9252673015799574,92.76188898086548,3387.291371048137,0.0964338769034672,0.0964338768634104
161,val,0.5511904756228129,0.8387637947286878,0.3705161362886429,0.2593793251684734,0.375747609706152,0.3705161348694846,0.4182360871207146,0.2034484336063975,40.377155758085706,0.3498955737976801,0.3498955922467368,4341.6909906296505,61.97776649111793,4308.953924005682,1e-06,61.97776649111793,0.2695272195906866,0.9205210975238256,10.83155870437622,4341.691022600447,0.096521513447875,0.0965215130930855
162,train,0.5008400537634409,0.9080564850761044,0.4077946681489227,0.2733540193688485,0.3262376469630067,0.4077946705523357,0.4974941536784172,0.1076213291055092,14.008749241470008,0.3358811091992162,0.3358811125639946,3562.4038274621453,21.49588839725781,3568.87308483188,1e-06,,0.2508210663994153,0.92550277902234,93.2623541355133,3562.404165739654,0.0965244885814446,0.0965244891822979
162,val,0.5511904756228129,0.8503923274221874,0.3717312273525056,0.2553948022070385,0.3640287121136983,0.3717312330291384,0.4267440988194375,0.2036869976492155,40.445643742879234,0.3493000737258366,0.349300076564153,4418.461966378348,62.34046309334891,4383.89550189394,1e-06,62.34046309334891,0.2688165165129162,0.920686193874904,10.866634368896484,4418.46194312686,0.094261470295134,0.0942614713595027
163,train,0.5008736560421605,0.905010590309738,0.4074108109519045,0.2744987470007712,0.3308302620726247,0.4074108122337249,0.4963491833818856,0.1060291331221339,13.587303138548329,0.3351857115825017,0.3351857181518308,3816.4881102038967,20.74213295598184,3823.938625841751,1e-06,,0.2510531571122907,0.9253978751679902,94.02171111106873,3816.488105097125,0.0968413677827645,0.0968413681432765
163,val,0.5511904756228129,0.8441270405337924,0.3715921824886685,0.2562418842599505,0.3623840099289304,0.3715921824886685,0.4258125037664458,0.2025577791389964,40.15398261660621,0.3400753807453882,0.3400753892603375,4317.647179013207,61.80211902800061,4288.840701941288,1e-06,61.80211902800061,0.2646922100157964,0.9217492398761568,10.766173839569092,4317.647205171131,0.0945797697419212,0.0945797711610794
164,train,0.5014784946557014,0.9061248483516836,0.4070336630828278,0.2729463327315546,0.3269296092211559,0.4070336634032829,0.4958086556564736,0.1076344574090614,13.612163518064763,0.3355350975067385,0.3355351043965227,3720.980747961229,20.794690416705222,3727.9950457126606,1e-06,,0.2506794541753748,0.9254620116884992,91.94246530532835,3720.980410340012,0.0965602999973681,0.0965603002377094
164,val,0.5511904756228129,0.8384069544928414,0.3706707329977126,0.2587362109195618,0.372903877780551,0.3706707372551873,0.419894961019357,0.2029923761174792,40.200183050973074,0.3405702951408568,0.3405702993983314,4327.737083798364,61.80039196922665,4302.650692471591,1e-06,61.80039196922665,0.2647164336272648,0.9217737118403116,11.05639624595642,4327.737095424107,0.0946188462632043,0.0946188451988356
165,train,0.5008400537634409,0.9081652079538632,0.40780137919931,0.2727573697445213,0.3254962872753861,0.4078013797601064,0.4973391573275289,0.1044932071480058,13.50339267587149,0.3356448389509672,0.3356448463214341,3746.0490269199495,20.55098986625672,3753.698133464775,1e-06,,0.2509959522754915,0.9252020107802524,93.06274747848512,3746.048356743269,0.0965519173331158,0.0965519177737415
165,val,0.5511904756228129,0.8426634286131177,0.3714463341803777,0.2571932517346881,0.3643531458718436,0.3714463384378524,0.424099485434237,0.2031088570753733,40.36582474481492,0.3425899360861097,0.3425899417627425,4345.268153599331,61.97236769539969,4314.866332267992,1e-06,61.97236769539969,0.264708555880047,0.9213962526548476,10.629546880722046,4345.26800827753,0.0940365667144457,0.0940365670692353
166,train,0.5009408602791448,0.9070406240481202,0.4074152861070889,0.2732704835393095,0.3279001309025672,0.4074152853059512,0.4967952171560897,0.1055747373730585,13.450550148564,0.335420403429257,0.3354204087167657,3502.2523152341123,20.413751340681507,3508.701676308988,1e-06,,0.2512144847742973,0.9252874293634968,91.73356771469116,3502.2526546601325,0.0966502288256281,0.0966502283850023
166,val,0.5511904756228129,0.8307198825336638,0.3698694578238896,0.2626024924573444,0.3862549577440534,0.3698694620813642,0.4123757460287639,0.2035446436632247,40.57777177719843,0.3413826567786081,0.3413826624552409,4422.744364420573,62.44250442868187,4387.8646484375,1e-06,62.44250442868187,0.2701112585408347,0.9204685262271336,10.957454919815063,4422.744280133928,0.0949646511248179,0.094964651834397
167,train,0.5010416667948487,0.9096020463333336,0.4077552061888479,0.2735001636288499,0.3277183159865359,0.407755206509303,0.4980844329762202,0.1062649900434158,13.96456040105512,0.3353454707771219,0.335345477346451,3489.0032636170745,21.09836091790148,3496.03478882658,1e-06,,0.2512995535808225,0.925258622374586,92.55266761779784,3489.002934261035,0.0968429349282736,0.0968429349683305
167,val,0.5511904756228129,0.8494291319733575,0.371860418291319,0.2555173571620668,0.3631672078654879,0.3718604168721607,0.4269817173480987,0.2019120092902864,40.28863516308012,0.3455571205843062,0.3455571361950466,4380.83866373698,61.82806151253836,4351.886798650568,1e-06,61.82806151253836,0.2670312438692365,0.920863838422866,11.68701171875,4380.838710239956,0.0934539792083558,0.0934539781439872
168,train,0.5010416667948487,0.9078020713021678,0.4074712348400905,0.2728550045560765,0.3270873253544171,0.4074712358815696,0.4946877273821061,0.1046318869877566,14.042474767213228,0.3356057544869761,0.3356057607358502,3363.974635893299,21.111329683693505,3370.549141849813,1e-06,,0.2513435002296201,0.92506135375269,92.89623665809631,3363.974970704766,0.0967578264253754,0.0967578274267976
168,val,0.5511904756228129,0.8485614274229322,0.3712286899487177,0.2545565849258786,0.3597400060721806,0.3712286885295595,0.4269500694104603,0.2029224662553696,40.2559928894043,0.348261915502094,0.348261915502094,4314.324541364397,61.76032838367281,4283.793859493371,1e-06,61.76032838367281,0.2675279605956304,0.920719339734032,10.664058208465576,4314.324550083706,0.0956966795382045,0.0956966795382045
169,train,0.5008736560421605,0.9065199818021508,0.4071322217263201,0.2740742284604298,0.3317174372333352,0.407132224530302,0.4968800146673475,0.1050068748293704,13.606122360434584,0.3350931085566038,0.3350931205736693,3756.088441377045,20.719232061857817,3763.0480877706095,1e-06,,0.2515420441025047,0.9250348392994172,93.43475604057312,3756.088440105479,0.0965395347485619,0.0965395349087894
169,val,0.5511904756228129,0.8450729619889032,0.3710357291357858,0.2562644900310607,0.365249616759164,0.3710357348124186,0.4240667362298284,0.2032597625539416,40.2471977415539,0.3446629118351709,0.3446629146734873,4282.881911504836,61.68705041067941,4257.74609375,1e-06,61.68705041067941,0.2658274315652393,0.9209124417532056,10.982496976852415,4282.88186500186,0.0949307250834646,0.0949307254382542
170,train,0.501008064516129,0.906997118265398,0.4075208500588453,0.2736640334610016,0.3276198231565055,0.4075208486568543,0.4983212099440636,0.1062588328796048,14.323827374366022,0.3349513999556982,0.3349514086079854,3530.6289910757414,21.62973257034056,3537.4624773943865,1e-06,,0.25174803927701,0.9251138455765222,93.23699402809144,3530.628991978143,0.0967566617714461,0.0967566610103653
170,val,0.5511904756228129,0.8339859403315044,0.3701737296013605,0.2603481404838108,0.3778568023727053,0.3701737267630441,0.4163827505849656,0.2052986380599794,40.40827369689941,0.3435429632663727,0.3435429675238473,4355.736165364583,62.09025246756418,4326.066841264204,1e-06,62.09025246756418,0.2662881924992516,0.9209238915216356,10.005322456359863,4355.736147925967,0.0976105623302005,0.0976105623302005
171,train,0.5001008065157039,0.909105949183946,0.4079461987781268,0.2731551954983383,0.3277331773311861,0.4079461983775579,0.500339641245783,0.10660512673278,14.475027204841696,0.3348000833103733,0.3348000895592474,3830.185995430075,22.414603399974045,3825.577680388685,1e-06,,0.2511108125890455,0.9254181798427336,93.356449842453,3830.185998260334,0.0968829861251256,0.0968829856043861
171,val,0.5511904756228129,0.8581277245566958,0.3706309412206922,0.2540117835714703,0.3672127042497907,0.3706309341249011,0.4255749455520085,0.2004536344181923,40.48480451674688,0.3562706623758588,0.3562706723099663,4378.564830961682,61.877800986880345,4346.127216500947,1e-06,61.877800986880345,0.2715779642264048,0.91990803253083,10.330310344696043,4378.564842587426,0.0878973993517103,0.0878973982873417
172,train,0.5006720430107527,0.9061518183318518,0.407098111366072,0.2735438643283741,0.3300461514342215,0.4070981120069821,0.495461202717276,0.1048932934520385,13.363250196620982,0.3354354644975355,0.3354354691441341,3491.9429995424,20.36353521193228,3498.8327929153184,1e-06,,0.2512464914270627,0.9251330164811944,92.35252451896667,3491.942656014556,0.0964012657121945,0.0964012661528202
172,val,0.5511904756228129,0.8442776387646085,0.3704375213100797,0.2575818683419908,0.3728946617671421,0.3704375227292378,0.4204723398600306,0.2013492750979605,40.5101379212879,0.3529900936853318,0.3529901135535467,4355.881742931548,62.01351020449684,4325.819620028409,1e-06,62.01351020449684,0.2704678192025139,0.9209861954053244,10.561382055282593,4355.881742931548,0.0966181744422231,0.0966181730230649
173,train,0.5016129032898975,0.9066253841243764,0.4069838124097034,0.2730833348087085,0.3277602130046455,0.4069838133710687,0.4983532565736001,0.1057236369659182,13.949979195030789,0.334820268455372,0.3348202742235635,3494.429086028889,21.03232628299344,3500.754480966896,1e-06,,0.2510360597923238,0.9254877089813192,94.46803379058838,3494.4294225015947,0.0967098411613254,0.0967098413616098
173,val,0.5511904756228129,0.8383731898807344,0.3698854957308088,0.2593541365294229,0.3773124090262821,0.3698854936020715,0.4168376017894064,0.2013143144902728,40.34071440923782,0.3478913789703732,0.3478913860661642,4318.21843610491,61.79630624680292,4290.78516216856,1e-06,61.79630624680292,0.2680933489685967,0.9212968945503236,10.390629529953005,4318.218395414807,0.094588021437327,0.0945880217921166
174,train,0.5001008065157039,0.9077001534482484,0.4077452949138098,0.2737606598805355,0.329145716162779,0.4077452938723307,0.5005152324835459,0.1038881512058358,13.89939772954551,0.3347526134983186,0.3347526173437795,3443.884945572064,20.87619391820764,3450.505046497692,1e-06,,0.2514862453424802,0.9253637076065104,91.77903294563292,3443.885279337565,0.0968746871397059,0.0968746869794784
174,val,0.5511904756228129,0.8409760310536339,0.3694942472946076,0.2579097052415212,0.376087615887324,0.3694942465850285,0.4180702340035211,0.2004080964695839,40.12922559465681,0.3444734684058598,0.344473469825018,4244.942464192708,61.33383532932827,4219.978690222538,1e-06,61.33383532932827,0.2670999467372894,0.9209777258691334,11.016409635543823,4244.9424554734005,0.0912233977800323,0.0912233991991905
175,train,0.5010752687531133,0.907547598083814,0.407009328885745,0.2726888279280355,0.3286325925941108,0.4070093261618768,0.4956314388302065,0.1050731407338252,13.644533229130571,0.3354633649190267,0.3354633695656253,3512.2788836366385,20.86259244847041,3519.107318721476,1e-06,,0.2514179688628002,0.9252536117389638,94.45196890830994,3512.2792216372745,0.0965812950124663,0.0965812950525232
175,val,0.5511904756228129,0.8528942934104374,0.3720136086146037,0.2528597215811412,0.3534622256244932,0.3720136100337619,0.431202552148274,0.2035681073154722,40.67349470229376,0.3456127161071414,0.3456127246220906,4537.373046875,62.80162366231283,4505.123564749053,1e-06,62.80162366231283,0.2665053080944788,0.9214078415007818,10.142647981643677,4537.372930617559,0.0950539949394407,0.0950539942298616
176,train,0.5012768817845211,0.9067847350592254,0.4067629464771798,0.2724081260222261,0.3271762999475643,0.4067629457561559,0.4989938025352775,0.1069886271631525,13.850331409003145,0.3356673007690778,0.3356673100622751,3694.163968055479,20.803570206447315,3701.28922207508,1e-06,,0.2517789273813207,0.9249915256295153,92.19752049446106,3694.163630680371,0.0966474311726708,0.0966474315331828
176,val,0.5511904756228129,0.8357191937310355,0.3697966308820815,0.2593665002357392,0.3759841266132536,0.3697966351395562,0.4169300808793023,0.200750966157232,40.3529170808338,0.3426589185283297,0.3426589313007536,4307.587367466518,61.83841069539388,4281.599742542614,1e-06,61.83841069539388,0.2665822165352957,0.921250547681536,10.890360355377195,4307.58722795759,0.0956922098994255,0.0956922109637941
177,train,0.5008400537634409,0.9060208310363114,0.4068142052299233,0.2729885179188944,0.3297625434014105,0.4068142036276479,0.4957676440557485,0.106500126261224,13.459507516635362,0.3356679647520024,0.3356679727633794,3633.767301785048,20.742301997318062,3640.088814084859,1e-06,,0.2512831472421205,0.9252960435164872,91.41121530532835,3633.766631505823,0.0965607673811015,0.0965607671808171
177,val,0.5511904756228129,0.842263712769463,0.369935243612244,0.2568143726814361,0.3710301617781321,0.3699352429026649,0.4205374146501223,0.1991754986700557,39.92694291614351,0.3411693771680196,0.3411693828446524,4300.72360374814,61.622131166004,4269.881924715909,1e-06,61.622131166004,0.2670427376315707,0.9211102411860512,9.96335244178772,4300.723475864956,0.0928983567726044,0.0928983578369731
178,train,0.5015456990529132,0.9063161239829116,0.4067132597168286,0.2727432021050043,0.3286877224041569,0.4067132593162598,0.4937882803941286,0.1059825504899665,13.462730325678343,0.335801500146107,0.3358015071961187,3416.810331406132,20.535604118019023,3423.500286382296,1e-06,,0.2513070841950754,0.9252691268920898,91.5371744632721,3416.81032746838,0.0964737672719263,0.096473767712552
178,val,0.5511904756228129,0.8564526793502626,0.3709328302315303,0.2525116730303991,0.3600550804819379,0.3709328316506885,0.4289057943082991,0.2016818186356908,40.17724373227074,0.3568956908725557,0.3568956908725557,4384.102835518973,61.95520546322777,4355.368507339015,1e-06,61.95520546322777,0.2689872071856544,0.9209334623245966,10.498886346817017,4384.102876209077,0.0937494018248149,0.093749402534394
179,train,0.5008064516449487,0.9061150993070296,0.4069600827110711,0.2733896142372521,0.3304428397327341,0.4069600818298196,0.4951742455283159,0.1048206313443119,13.58251497309695,0.3353708950422143,0.3353709054570044,3809.300004774525,21.02036761724821,3815.999945705427,1e-06,,0.2517770167480233,0.9250882136565384,93.02011823654176,3809.2996673583984,0.0965876094195791,0.0965876093394653
179,val,0.5511904756228129,0.8472183971177965,0.3699659967706317,0.2551488613798505,0.3679783131395067,0.3699659932227361,0.4228340500877017,0.2005004648651395,40.06701878138951,0.344714662858418,0.3447146784691584,4302.114868164063,61.59051677158901,4276.004539535985,1e-06,61.59051677158901,0.2675460108688899,0.920719461781638,11.204024314880373,4302.114897228423,0.092239998281002,0.0922399975714229
180,train,0.5006384408922606,0.9068000162801436,0.4071821551569687,0.273705150090879,0.3315347277669496,0.4071821525132143,0.4960790636238231,0.1057062002439652,13.702712092348325,0.3351051591096385,0.3351051643971474,3798.080110119235,20.919146622380904,3805.5918065132114,1e-06,,0.2516432943683798,0.9251263157654834,91.66224455833436,3798.079771021361,0.0964704897374876,0.0964704900579426
180,val,0.5511904756228129,0.8470794416609264,0.3703698984214237,0.2555551486355917,0.366951170421782,0.3703699012597402,0.4233443804440044,0.2008678196441559,40.137235913957866,0.3448114309992109,0.3448114423524765,4348.877490815662,61.77943801879883,4318.73778705019,1e-06,61.77943801879883,0.2670142877669561,0.9211400122869582,9.714188575744627,4348.877598353794,0.0926969604832785,0.0926969601284889
180,val_periodic_epoch_180,0.5511904756228129,0.8470794416609264,0.3703698984214237,0.2555551486355917,0.366951170421782,0.3703699012597402,0.4233443804440044,0.2008678196441559,40.137235913957866,0.3448114309992109,0.3448114423524765,4348.877490815662,61.77943801879883,4318.73778705019,1e-06,,0.2670142877669561,0.9211400122869582,8.944539785385132,4348.877598353794,0.0926969604832785,0.0926969601284889
181,train,0.5018481182795699,0.9058296832666602,0.4063858651826458,0.2722481104635423,0.3290794885126493,0.4063858642212806,0.4912995030322382,0.1064871142828656,13.563978323372462,0.3356599145999518,0.3356599261363347,3543.005207636023,20.52723726405892,3550.0593567716555,1e-06,,0.2515536910423668,0.9250927596322952,93.07961916923524,3543.005207861624,0.0965490142504374,0.0965490142504374
181,val,0.5526785708609081,0.8444014049711681,0.369780828555425,0.2552666706698281,0.3665477420602526,0.3697808228787921,0.4224449541597139,0.2017153668261709,39.96872402372814,0.3445783711615063,0.3445783725806645,4358.092942010789,61.94520714169457,4330.237926136364,1e-06,61.94520714169457,0.2662275930245717,0.9215170088268462,10.266671895980837,4358.092982700893,0.093373584250609,0.0933735860245568
182,train,0.5007728495264566,0.9062553884521608,0.4069944954607435,0.2736213929871077,0.332764235475371,0.4069944944192645,0.4957970309882394,0.1073864618496548,14.362577763936851,0.3348200712152707,0.3348200805084679,3554.998652181317,21.71699600835,3561.9069748592697,1e-06,,0.2520631996373976,0.9251654007101572,94.4209635257721,3554.998321820331,0.0966093456072192,0.0966093454870485
182,val,0.5511904756228129,0.8429352981703622,0.3702862986496517,0.256072339557466,0.3663821859019143,0.370286294392177,0.422733625130994,0.2010660164412998,40.05752290998186,0.3453186622687748,0.345318663687933,4289.143333798364,61.50783938453311,4259.212958688447,1e-06,61.50783938453311,0.2653791436127254,0.921384748958406,11.063718318939207,4289.143313453311,0.0960205066062155,0.0960205044774782
183,train,0.5009408602791448,0.9073422299597852,0.407076040983841,0.2729324997272542,0.3305922639305874,0.407076043387254,0.49515157777776,0.1071059544200217,13.630034503116402,0.3355679457546562,0.3355679550478535,3434.737154519686,20.78142358923472,3441.783739885016,1e-06,,0.2517120426380506,0.9252722561359406,93.04687929153442,3434.736818211053,0.0963917833662802,0.0963917832861664
183,val,0.5511904756228129,0.8482499122619629,0.3705953536998658,0.254776099608058,0.3635434210300445,0.3705953494423911,0.4249884028519903,0.2000344590771766,40.08373469398136,0.347640403679439,0.3476404079369136,4269.696576799665,61.4380258832659,4239.329267282197,1e-06,61.4380258832659,0.2668163478374481,0.921587878749484,10.99230456352234,4269.696652367002,0.0940113198899087,0.0940113174063818
184,train,0.5004704301395724,0.905351623892784,0.4067237397996328,0.2734199242405994,0.3329579929510752,0.4067237406007705,0.4939277048713417,0.1041944538273157,13.68221906692751,0.335302425808804,0.3353024314167679,3648.258046632172,20.752291835764403,3655.672216211184,1e-06,,0.2517957731440503,0.9251833090218164,92.157368183136,3648.257711554086,0.0966241386548806,0.0966241385347099
184,val,0.5511904756228129,0.8535598459697905,0.3709408257688795,0.2529914570706231,0.3595374723275502,0.3709408257688795,0.4282008423691704,0.2003638471166292,40.24024808974493,0.3514136331421988,0.3514136430763063,4379.610119047619,61.8353264218285,4348.077243134469,1e-06,61.8353264218285,0.2693165412970951,0.9205923846789767,10.702556133270264,4379.610020228794,0.0943428927234241,0.0943428905946867
185,train,0.5004704301395724,0.908525598305528,0.4071389806847418,0.2728707901732896,0.3322146466823034,0.4071389804844574,0.4955244366860678,0.1038154867748099,14.383174204057262,0.3354349682728449,0.3354349754830842,5258.233610132689,21.95376855070873,5266.915449498238,1e-06,,0.252242535993617,0.9249500798922712,93.31742119789124,5258.233948328162,0.0965885120614241,0.0965885120213672
185,val,0.5511904756228129,0.8508163463501703,0.3694841244391033,0.2555895979915346,0.3743354365939185,0.369484129406157,0.4205931811815216,0.1995311602950096,40.06357456388928,0.3547826295807248,0.3547826366765158,4284.488083612351,61.34207135155087,4253.074970407197,1e-06,61.34207135155087,0.2711390171732221,0.9205062020392644,10.330904483795166,4284.48807779948,0.0906378506194977,0.0906378499099186
186,train,0.501008064516129,0.9061408230373936,0.4065266467871204,0.2727359731992085,0.3312829249007727,0.4065266483893958,0.4963614587341585,0.1046179755320472,13.473158308254774,0.3358071489680198,0.3358071547362112,3417.8654751931467,20.557288754370905,3424.6132610385266,1e-06,,0.2519140189854048,0.9250069690007036,93.1870777606964,3417.865473593435,0.0966525761190281,0.0966525762792556
186,val,0.5511904756228129,0.8527592704409644,0.3702928920586903,0.2540829891250247,0.3657471878187997,0.3702928878012158,0.4247691670343989,0.1990073266483488,40.15458352225168,0.3520958849361965,0.3520958977086203,4305.638340541294,61.50684828985305,4280.98827533144,1e-06,61.50684828985305,0.2708680431048075,0.9200966443334307,10.407333135604858,4305.638445172991,0.0919003284403256,0.0919003273759569
187,train,0.5011760752688172,0.9067976123863652,0.4068355720530274,0.2732291578926066,0.3319584883509143,0.4068355729342788,0.4955918865418562,0.1023154433776614,13.493279321219331,0.3357074520280284,0.3357074560337169,3557.904689460672,20.46800535468645,3565.1235342520254,1e-06,,0.2520756912968492,0.9250931752625332,92.32653045654295,3557.904691716676,0.0964415205582495,0.0964415206383633
187,val,0.5511904756228129,0.8458973751181648,0.3693423718214035,0.2567676724422545,0.375223954518636,0.3693423789171945,0.4189408900482314,0.1997812698994364,40.01717031569708,0.3525967853409903,0.3525967981134142,4264.839730398996,61.25600251697359,4236.340654592803,1e-06,61.25600251697359,0.2709184359936487,0.920031135990506,10.483576774597168,4264.839823404948,0.0920309016392344,0.0920309027036031
188,train,0.5008064516449487,0.907417771957254,0.4068312877288428,0.2727686870963343,0.3296424175302188,0.4068312892910614,0.4967575702836276,0.1011955372147983,13.687540923395463,0.3355241711101224,0.3355241760771761,3693.5838437644384,20.803556319205992,3692.4444115430015,1e-06,,0.2523445309970968,0.9250172764383336,94.3848135471344,3693.583841651999,0.0964121419575906,0.0964121419575906
188,val,0.5511904756228129,0.8444920948573521,0.3697821710790906,0.256262678475607,0.3708051726931617,0.3697821717886698,0.4209746455862408,0.2018944592702956,40.21763283865793,0.3448536168961298,0.3448536211536044,4320.2416759672615,61.58038829621815,4294.798393110796,1e-06,61.58038829621815,0.2679858221894219,0.920520910194942,10.238018989562988,4320.241844540551,0.0921427018585659,0.0921427022133554
189,train,0.5015456990529132,0.9030503878990808,0.4060773878328262,0.2737478506501003,0.335059387308936,0.4060773851890717,0.4945601163612258,0.1053626968335079,13.74609601113104,0.3354261528740647,0.335426160084304,3609.98344954624,21.041218393592423,3617.212225372623,1e-06,,0.2522940005986921,0.924777332493054,90.46966934204102,3609.983789997716,0.0964976709376099,0.0964976711378943
189,val,0.5511904756228129,0.8494255117007664,0.3696702541339965,0.2556246703579312,0.3718265124729701,0.3696702555531547,0.4210706048068546,0.1999581005601655,40.25056021554129,0.3568951444966452,0.3568951473349616,4315.54782249814,61.61276372273763,4286.330672940341,1e-06,61.61276372273763,0.2712324545496986,0.9208607162748064,10.794351816177368,4315.547810872396,0.0929689368321782,0.0929689375417573
190,train,0.5007728495264566,0.907748939529542,0.4070381986838515,0.2728632670096171,0.3301375840780555,0.4070382007668095,0.4976457036550968,0.1043592317290203,13.732938212733115,0.3352545520631216,0.3352545571904028,3636.0990669906782,21.004184702391264,3642.29015441278,1e-06,,0.2520643101744754,0.9251186078594577,93.44585633277892,3636.0990674213695,0.0964850883890864,0.0964850880285745
190,val,0.5511904756228129,0.841923448301497,0.3693308844452813,0.2581951703344072,0.3790364308016641,0.3693308887027559,0.4168289601802826,0.201071126120431,40.4045478275844,0.3560784189474015,0.3560784274623507,4333.727504185268,61.814689454578215,4307.734446022727,1e-06,61.814689454578215,0.2709649403889974,0.9199822062537784,10.542425394058228,4333.727463495164,0.0956285787480218,0.0956285791028113
191,train,0.5017137098056014,0.905146997061468,0.4063367404604471,0.2728750929236412,0.330179199175809,0.4063367380570339,0.4951292145396432,0.1054815212164514,13.015266720966626,0.3354987894655555,0.3354987944326093,3388.29216237222,20.044484440998364,3394.8367843268293,1e-06,,0.2523065455338006,0.9248315086287836,93.78988313674928,3388.291826945479,0.0964165444896426,0.0964165451706096
191,val,0.5511904756228129,0.8383429703258333,0.3691256826832181,0.2583099121139163,0.3774871811980292,0.3691256770065853,0.4166064915202913,0.1991908706369854,39.96035930088589,0.3444491937046959,0.3444491937046959,4254.033150809152,61.35860043480282,4228.210996685606,1e-06,61.35860043480282,0.2668265004952748,0.9215609317734128,10.697914600372314,4254.033214750744,0.0932455304123106,0.0932455311218897
192,train,0.501377688300225,0.9060964185384012,0.4063100532818866,0.2724375475638656,0.3314422028519774,0.4063100530415452,0.4944748788351013,0.1032664313992505,13.36965653973241,0.3356678199063065,0.3356678251938153,3566.2487768767983,20.628915181723976,3573.419360392664,1e-06,,0.2525988935783345,0.9247199889793192,92.60420894622804,3566.249114785144,0.0964478408937813,0.0964478412142364
192,val,0.5511904756228129,0.8432290114107586,0.3703629842826298,0.2552063379968916,0.362939335051037,0.3703629821538925,0.4243957421609333,0.2013120491589818,40.18313807532901,0.3403872563725426,0.3403872549533844,4377.06830124628,61.94005693708147,4349.29970703125,1e-06,61.94005693708147,0.2639912693273453,0.92213621593657,10.779486179351808,4377.068324497768,0.0961126770292009,0.0961126770292009
193,train,0.5003024193868842,0.9060672209147485,0.4065205196860016,0.2729817819531246,0.3328788782800397,0.4065205196058878,0.4949135038480964,0.1049463278664055,13.8019913857983,0.3358570093749672,0.3358570189886196,3425.9577545248053,20.833558423544773,3432.383366584136,1e-06,,0.2524043896826364,0.9249939831995196,92.21457242965698,3425.9577593034314,0.0966096210784168,0.0966096210784168
193,val,0.5511904756228129,0.8504514268466404,0.3708710258915311,0.2539357784248534,0.3617800247101557,0.3708710280202684,0.4268271248965036,0.1998369605058715,40.19258789789109,0.3442142563206808,0.3442142648356301,4341.155058361235,61.77009146554129,4312.940160392993,1e-06,61.77009146554129,0.2673481575080326,0.9210970941044035,9.650083303451538,4341.15509905134,0.0938081602965082,0.09380815887735
194,train,0.5009744623976369,0.9064187125493122,0.4065515187478835,0.2724731762402801,0.3306480908906588,0.4065515204302726,0.4947938766450651,0.1039200131130475,13.28110607208744,0.3361925803205018,0.3361925854477831,3436.970022201538,20.30888597426876,3443.6910703305844,1e-06,,0.2522043105094663,0.9250666973411396,93.0178382396698,3436.9706912502165,0.0962274622933198,0.0962274622933198
194,val,0.5511904756228129,0.8552315604119074,0.3703402202753794,0.2532454516206469,0.3624908455780574,0.3703402224041167,0.426190194274698,0.200281360674472,40.19546072823661,0.3576180651074364,0.3576180736223857,4282.419985816592,61.476876758393786,4251.538884943182,1e-06,61.476876758393786,0.2701616343997773,0.9206827084223428,10.741398096084597,4282.419811430432,0.0941620905484472,0.0941620916128158
195,train,0.5008400537634409,0.9084958386036658,0.4068471455285626,0.2719108686652234,0.3264759464129325,0.4068471472109518,0.4949373653338801,0.1045838659529083,13.382703768309726,0.3360827440215695,0.3360827523534015,3644.518262535013,20.46266021779789,3651.7557452577535,1e-06,,0.2522309456941902,0.9248621662457784,94.29085969924928,3644.5179293437673,0.0964882958640334,0.0964882959040903
195,val,0.5511904756228129,0.8603790061814445,0.370895763238271,0.2507876214526948,0.3539955204441434,0.37089575614248,0.4310006435428347,0.2001006131370862,40.79473559061686,0.3597756610030219,0.3597756567455473,4456.288609095982,62.56034633091518,4420.135002367424,1e-06,62.56034633091518,0.2724066717284066,0.92035269453412,10.47289490699768,4456.288760230655,0.0938538075202987,0.0938538068107196
196,train,0.5004704301395724,0.9062471644532296,0.4065426414211591,0.2729134473108476,0.3327809720430323,0.4065426405399076,0.4970422788493095,0.1047844997737356,13.985492370461904,0.3356019463590396,0.3356019537295064,3540.718790731122,21.252049166669128,3547.2076324976656,1e-06,,0.2522093645667517,0.9252427358140228,92.12290287017822,3540.7194629997334,0.0965872950130893,0.0965872948528618
196,val,0.5511904756228129,0.8427998494534266,0.3698096928142366,0.2565737480208987,0.3696089344365256,0.3698096857184455,0.420689440199307,0.2008847959694408,40.26255080813453,0.3474583682559785,0.3474583696751367,4323.85545421782,61.76443245297386,4294.933466500947,1e-06,61.76443245297386,0.2677880851995377,0.9210450791177296,10.65054178237915,4323.855407714844,0.0942680218390056,0.0942680204198474
197,train,0.5009744623976369,0.9056865196394664,0.4063888005511735,0.2723045035075115,0.3305361786036081,0.4063888018329938,0.4917173526620352,0.1035072365074708,13.23305328430668,0.3358700280227968,0.3358700376364492,3491.2951576889204,19.958827464811264,3498.2738156610867,1e-06,,0.2523964666711387,0.9248930869563934,92.15920424461363,3491.295492828533,0.0966008585947816,0.0966008590354073
197,val,0.5511904756228129,0.8562451373963129,0.3700899268899645,0.2525992535409473,0.3628290196259816,0.3700899240516481,0.4265071146544956,0.1992752328515052,40.292115347726,0.3527132882958367,0.3527132882958367,4335.535400390625,61.6312076931908,4306.464562618371,1e-06,61.6312076931908,0.2703490257263183,0.9204914229256768,9.7823748588562,4335.535368419829,0.0918809125820795,0.0918809108081318
198,train,0.5004032258224743,0.9101578783924862,0.4073116799355835,0.2720594883605998,0.3277993454567848,0.4073116808969487,0.4999528642122944,0.1059751692678659,13.97400127944126,0.3354701824406141,0.3354701869269853,3466.23673998925,20.967576796008693,3459.86619030474,1e-06,,0.2525924563568125,0.9248024497621804,90.56067371368408,3466.237075149372,0.0965310461739058,0.0965310464142471
198,val,0.5511904756228129,0.850768024013156,0.3697983296144576,0.2545360149372191,0.3691035991623288,0.3697983267761412,0.4231546106083052,0.1998117849940345,40.28286924816313,0.3469093555495852,0.3469093640645345,4307.331356956845,61.49245307559059,4279.582883522728,1e-06,61.49245307559059,0.2691583619231269,0.9205929977553232,8.639390230178833,4307.331356956845,0.091167383250736,0.0911673821863674
199,train,0.5011424731503251,0.90768151177514,0.4064324999688774,0.2722186387706828,0.3316221553632008,0.40643250044956,0.4957231444216544,0.1012214568233297,13.38271242059687,0.3353395152796981,0.3353395210478895,3387.6485100817936,20.261698399820634,3393.8460441615043,1e-06,,0.2529489369161667,0.9247096805803238,93.91111373901369,3387.648176931566,0.0967622255125353,0.0967622257528766
199,val,0.5511904756228129,0.8448070543152946,0.3687096252327874,0.2577573642844245,0.3809725358372643,0.3687096266519455,0.4156705364584923,0.1989643485063598,40.30704507373628,0.3537148733933766,0.3537148904232752,4258.298607235864,61.36823127383278,4229.32294921875,1e-06,61.36823127383278,0.2715247656617846,0.920526351247515,9.363861560821531,4258.298589797247,0.0919599220866248,0.0919599231509935
200,train,0.5013104839030132,0.9076505591792444,0.4068727783297979,0.2726822263130578,0.3300173700817169,0.4068727764871813,0.494085754838682,0.1035462909287983,13.591810703277588,0.3356727880816306,0.3356727932089118,3669.3505106485018,20.720956161458005,3671.718225796375,1e-06,,0.2523478398560196,0.9248346349885388,91.5602843761444,3669.350508023334,0.0964725930043446,0.0964725930043446
200,val,0.5511904756228129,0.8464501400788625,0.3698809813885462,0.25515366523038774,0.3672763095015571,0.36988097996938796,0.42266060944114414,0.19958579611210597,40.119415646507626,0.3444406617255438,0.3444406674021766,4276.816874186198,61.434128806704564,4249.907049005682,1e-06,61.434128806704564,0.26739610660643803,0.9209053800219581,10.38988471031189,4276.816818963914,0.09243873258431752,0.09243873293910708
