epoch,phase,bucket_acc,bucket_ce,bucket_distance_l1,bucket_entropy,bucket_expectation_l1,bucket_index_l1,bucket_prior_kl,calorie_from_map_l1,calorie_mae,calorie_map,calorie_map_l1,calorie_mse,calorie_rmse,loss,lr,scheduler_metric,segmentation,segmentation_dice,time_sec,total_calories,volume,volume_mae
1,train,0.5391801076550637,0.6333783091075958,0.43357493127546,0.6097002923488617,2.519989897486984,0.4335749301538673,0.0922989526823643,0.9685011328228058,129.69003008770687,0.2616584749231415,0.2616584784481474,35409.863444010414,170.47183467495827,0.6723702227025723,0.0001,,0.6532665989411774,0.7252066305247686,72.7458701133728,0.2654645504049396,0.114196289290664,0.1141962892506071
1,val,0.5083333339009967,0.719742320832752,0.39842137552443,0.445718846150807,1.1431870659192402,0.3984213847489584,0.2539877483532542,0.6966231791746049,95.26300085158576,0.3575973751999083,0.3575973822956994,20463.142566499257,135.8940013703846,0.4704524184718276,0.0001,135.8940013703846,0.5531549936249143,0.8135645616622198,7.778623342514038,0.1784556128439449,0.1307056549759138,0.1307056571046511
2,train,0.5,0.8654175862189262,0.4206943900514674,0.3545563576682921,0.7321314850161152,0.4206943906923776,0.3993658618701081,0.480210160456037,93.20765807038994,0.3125578453463892,0.3125578507941256,22186.980378181703,130.88284248434087,0.5634004346449367,0.0001,,0.4449063759016734,0.8622769867220232,64.68201279640198,0.1630397212481306,0.1167412578498804,0.1167412575694822
2,val,0.5083333339009967,0.8158523525510516,0.4041605861414046,0.3593804424717313,0.72072852793194,0.4041605903988793,0.3719235020024435,0.4774979906422751,109.33741505940756,0.4830777581248964,0.4830777779931113,19239.33582124256,136.00081598191034,0.5731064745874116,0.0001,136.00081598191034,0.4827294676076798,0.8707633188792637,7.605931758880615,0.1872751734086445,0.1036728404107548,0.1036728377498331
3,train,0.5,0.935946209135876,0.423753439498845,0.3058552407128836,0.5528295184335401,0.4237534389380485,0.47785188694815,0.4368053453583871,88.42061934932586,0.3204689883096244,0.3204689974425941,20464.20019399992,122.96558978993406,0.6534061078672055,0.0001,,0.3951746403209625,0.8850086546072395,64.28355884552002,0.1484363892826662,0.1139185711420992,0.113918570501189
3,val,0.5083333339009967,1.1325605994179135,0.4304374456405639,0.2215380746693838,0.406502400125776,0.4304374506076177,0.6474600221429553,0.4444415995052883,115.35361626034693,0.3653279223612377,0.3653279266187123,26642.19617280506,157.23781513032458,0.750493382323872,0.0001,157.23781513032458,0.4182325559003012,0.890517220610664,7.516694784164429,0.2294557247133482,0.1528017432207153,0.1528017457042421
4,train,0.5,0.958119537400943,0.4251567682111135,0.2943185678412837,0.5031451062169127,0.4251567668491794,0.4977394210234765,0.4027995271708375,84.19964673442226,0.28268119981212,0.2826812049394013,19229.75713389407,119.6270253171203,0.7510485109656748,0.0001,,0.3655244402026617,0.8910530203132219,67.01014447212219,0.139181806205181,0.1117239551598666,0.1117239555203786
4,val,0.5083333339009967,0.9020378490289052,0.4079778627270743,0.2953359058925083,0.5191681512764522,0.407977860598337,0.4718256096045176,0.4115088120812461,86.09319069271996,0.3416991929213206,0.3416991971787952,16005.78849283854,119.9293065752302,0.7496308850519585,0.0001,119.9293065752302,0.3786390281858898,0.886859002567473,7.74048900604248,0.1472884229428711,0.1070664925944237,0.1070664943683715
5,train,0.5005376345367842,0.9519491509724688,0.4230402751315024,0.2924929419031707,0.4994630483529901,0.4230402760127539,0.4980159527572092,0.4112219017359518,84.97652246618783,0.3268289918540626,0.3268289990643019,19286.934263824136,118.29021833276236,0.869236761391765,0.0001,,0.3559071520964305,0.894895919869023,60.38429641723633,0.1381924243403538,0.1133479548077429,0.113347955128198
5,val,0.5083333339009967,0.8654479455380213,0.4147799795582181,0.3286797276565006,0.5401381098088764,0.4147799795582181,0.4384079185270128,0.4122055896690914,93.80646333240328,0.5448045091969627,0.5448045177119119,15294.391996837798,119.92085302443732,0.8648814624006098,0.0001,119.92085302443732,0.4005677813575381,0.887814876579103,7.366684198379517,0.1482202641311146,0.0971919344294638,0.0971919337198847
6,train,0.4997983871288197,0.9547727767338036,0.423273936474836,0.2873820863584036,0.4688457933965549,0.4232739371157462,0.5105671022608075,0.3720981954566894,79.48444575648153,0.3233649249999754,0.3233649326908973,17542.274441626763,112.4633731021676,0.8325930981122284,0.0001,,0.3422015474368167,0.89828315729736,64.64602160453796,0.1244033690121385,0.1130391937750642,0.1130391940154055
6,val,0.5083333339009967,0.8942499373640332,0.4064570175749915,0.2875246079195113,0.4334683106059119,0.4064570161558333,0.4816391531910215,0.3641616013788041,73.01829946608771,0.3445741094294048,0.3445741165251959,12092.646879650298,103.40381404331752,0.7816706281719785,0.0001,103.40381404331752,0.3632484646070571,0.8958500481787182,7.620985746383667,0.1124558473626772,0.1146662299122129,0.1146662313313711
7,train,0.4997983871288197,0.9554985242505228,0.4230314091008196,0.2849612779194309,0.4620869914370198,0.4230314104627537,0.511441257131356,0.3566989285010163,78.47205354834115,0.3171007243856307,0.3171007279106366,17344.01164393271,110.01356625300582,0.8207053327399874,0.0001,,0.3317889737826521,0.9000444300072168,66.63513994216919,0.1211482921755442,0.1125344935684434,0.1125344933281021
7,val,0.5083333339009967,0.9026639575049992,0.4126817654995691,0.2923188841059094,0.4235592598006839,0.4126817598229363,0.4898415988399869,0.3589156142302921,69.80759956723168,0.3445004920164744,0.3445005076272147,11325.813627697173,100.92549859909784,0.7766122261683146,0.0001,100.92549859909784,0.349162818420501,0.8987074182147071,8.373778343200684,0.1080212149591673,0.115657641064553,0.1156576414193425
8,train,0.4993951613063453,0.9540119113460664,0.4223982640492019,0.2839591396591996,0.4479606601820197,0.4223982666128425,0.5142761719643428,0.3383769123784957,75.65034856078445,0.3103895099252783,0.3103895155332422,16333.358284242691,106.7280905323644,0.8009709523583101,0.0001,,0.3194027760977386,0.9014869063131272,64.56358623504639,0.113875279733811,0.1127267964184284,0.1127267966988266
8,val,0.5083333339009967,1.0588374506859553,0.4282729483786083,0.2353333412181763,0.3542743360712415,0.4282729497977665,0.6220678012995493,0.3694921064944494,79.40634355090913,0.3074031791516712,0.3074031940528324,14420.902471633184,115.5620382399786,0.8377178918231617,0.0001,115.5620382399786,0.3278687851769583,0.9012156100500196,7.484467029571533,0.1351231168955564,0.1183255297087487,0.1183255304183278
9,train,0.4997983871288197,0.9538760563378692,0.4203993618808767,0.2778881568742055,0.421254963724203,0.4203993597979186,0.5105277653583276,0.3235311377593266,70.62683790473528,0.3036771964642309,0.3036772022324224,14887.27321764218,100.0015036059964,0.7728958071281613,0.0001,,0.3122066222531821,0.9046091072020992,67.17948317527771,0.1008211705753559,0.1106746001269227,0.1106746001669796
9,val,0.5083333339009967,0.9950843652089436,0.4184950448217846,0.2552143782377243,0.3771790734359196,0.4184950434026264,0.5564271289677847,0.3770012741997128,72.96591023036412,0.4233845699401128,0.4233845685209547,12213.128580729166,103.9914901370094,0.8032405289736662,0.0001,103.9914901370094,0.3520583382674626,0.901319838705517,8.18854308128357,0.1138071753971633,0.1209944674656504,0.1209944667560713
10,train,0.4997983871288197,0.9550705258884736,0.4212704791977841,0.2803295545520321,0.4338670340917444,0.4212704792778979,0.5170817395612117,0.3177159781097084,72.43351032913372,0.3211308323567913,0.3211308374840726,15479.24661812731,102.47312045353716,0.7816026724950231,0.0001,,0.3068474431832631,0.9045988936578074,65.23305368423462,0.1066768494464697,0.1109777618079416,0.1109777621283967
10,val,0.5083333339009967,1.0464983497347151,0.4226578360512143,0.2363650812989189,0.364871703443073,0.4226578367607934,0.6010086706706456,0.3618795325358708,85.2273199898856,0.3521429527373541,0.3521429612523034,16297.299641927084,121.73686763218473,0.8471718737573335,0.0001,121.73686763218473,0.3155292031310853,0.906722000667027,7.83306074142456,0.1491681809226671,0.1329561855111803,0.1329561862207594
11,train,0.5,0.9610325420095076,0.4215826851225668,0.2784530050972456,0.4323299999038378,0.4215826830396088,0.5217398366620464,0.3165438534912242,73.78906708378946,0.3331590205110529,0.3331590256383342,15967.527440224923,103.64326036104592,0.7858639929832433,0.0001,,0.2988658686799387,0.9092131712103404,65.6905312538147,0.1096960774783085,0.1108638197584177,0.1108638197584177
11,val,0.5083333339009967,0.8266455247288659,0.3885760584047862,0.3047357549269994,0.519869727747781,0.3885760591143653,0.4132835112866901,0.3819289633205959,68.22964114234561,0.3610667430219196,0.3610667486985524,9952.452241443452,96.42258780343192,0.7742200136184693,0.0001,96.42258780343192,0.325987859850838,0.9024685791560582,8.041566848754883,0.0974901618347281,0.1046353784345445,0.1046353773701758
12,train,0.4997983871288197,0.9542498974710384,0.4202235468452976,0.2769929891632449,0.4121262077842989,0.4202235460441599,0.5146362879263457,0.3038902972494402,68.17112762697282,0.3280817996109685,0.3280818087439383,14758.366911201068,97.48940771369524,0.7584809997667769,0.0001,,0.2973525128377381,0.9092590882573076,63.9876012802124,0.0975258066969853,0.1092975416010425,0.1092975420817252
12,val,0.5083333339009967,1.004593483039311,0.4214710061039243,0.2469159698202496,0.3592135225023542,0.4214710061039243,0.5815557695570446,0.3918563531977789,81.12740707397461,0.340353691861743,0.3403536989575341,16177.581752232143,119.92308553059895,0.8377943674723307,0.0001,119.92308553059895,0.3184713508401598,0.9081324878193084,7.597660064697266,0.1465728847043854,0.1195201281280744,0.1195201288376535
13,train,0.4999663978815079,0.9554001354081656,0.4209671475554025,0.2780537147836018,0.4084023451132159,0.4209671480360851,0.515081898699845,0.3023300405631783,67.4231925882319,0.3296952279665137,0.3296952330937949,14174.487882224465,95.6928220359228,0.7547873546780159,0.0001,,0.292940898928591,0.909221109203113,64.03442692756653,0.095114426156606,0.1091999865026884,0.1091999866629159
13,val,0.5083333339009967,0.996104705901373,0.4189977035635993,0.2489194799037206,0.3343885101023174,0.4189977021444411,0.5702108208622251,0.3046820951359613,73.08281744094123,0.4058502430007571,0.4058502614498138,12322.24402436756,106.27214831397649,0.7647035378398317,0.0001,106.27214831397649,0.3244060036681947,0.9053727842512584,7.45083737373352,0.1160778354498602,0.1243507709531556,0.1243507670504706
14,train,0.5003360215053764,0.9484888020382132,0.4183951020641352,0.2761525511741638,0.4082980945065457,0.4183951008624287,0.517332731195355,0.2903659911726111,67.28677319967619,0.3202361318693366,0.3202361403613962,14226.75454810358,96.42673244271226,0.7468612781678787,0.0001,,0.2898643688168577,0.9089253935762632,64.59840297698975,0.0938303713556579,0.1090352990694584,0.1090352987890602
14,val,0.5083333339009967,0.9534023091906592,0.4148699825718289,0.2654059380292892,0.3655153683253697,0.4148699811526707,0.5315876748590243,0.314439961598033,68.43737338838123,0.3545600601605007,0.3545600629988171,10660.931774321056,97.98565837315152,0.7493763284249739,0.0001,97.98565837315152,0.3100695013999939,0.8994674342019218,7.594416856765747,0.1025256128715617,0.1134058524455342,0.1134058517359551
15,train,0.5004032257423606,0.9593140537379892,0.4187706130486662,0.2728127117759438,0.3920671137911017,0.4187706135293489,0.5210148460201679,0.2846607016699929,63.62144726578907,0.315627854197256,0.3156278602859025,13336.747846049648,90.65266063649167,0.7339054636080257,0.0001,,0.2831005981212021,0.9099757597651532,64.44746565818787,0.0848136132893462,0.1086695193443247,0.1086695200252917
15,val,0.5083333339009967,0.893005425021762,0.3990698165836788,0.2793772731508527,0.4141376231397901,0.3990698137453624,0.4708160836072195,0.2880337181545439,60.13274946666899,0.3931008946327936,0.3931009059860593,8042.792672293527,85.54717835925874,0.7099761565526327,0.0001,85.54717835925874,0.3000533069883074,0.9107760531561716,7.603936672210693,0.079866197935882,0.1129576602861994,0.1129576581574621
16,train,0.4995631720590335,0.9563211872372576,0.4187026643945324,0.2734527460509731,0.388489251655917,0.4187026653558977,0.5220112598711445,0.2734857646207655,61.871602396811205,0.3162088471074258,0.3162088539170962,12693.27791078629,89.219058416223,0.723921668007719,0.0001,,0.2778873781683624,0.9124156730149382,65.6172080039978,0.0819797740638336,0.1082836637093174,0.1082836642300569
16,val,0.5083333339009967,0.9640035288674492,0.4063574175039927,0.2591251191638765,0.3699076651107697,0.4063574175039927,0.5205636223157247,0.2938417260135923,74.38614036923363,0.3115019982769376,0.3115020025344122,12312.948218936011,106.5045796348935,0.7600276943409081,0.0001,106.5045796348935,0.3045775847775595,0.910555158342634,7.68299674987793,0.1180955925512881,0.1294410888637815,0.1294410895733606
17,train,0.5007728495264566,0.953838264108986,0.4187003112928841,0.2724622479209336,0.3855638021743425,0.4187003104116327,0.5214071089141471,0.2739749034886719,61.82603183869393,0.3078113169439377,0.3078113251155422,12586.712716379474,88.13417140386437,0.7226058091980841,0.0001,,0.2729259281549402,0.9133945690688268,64.73192501068115,0.0815571744685932,0.1081734290446645,0.1081734293651196
17,val,0.5142857148533776,0.9035338674272808,0.3973113695780436,0.2775766111555554,0.4230757710479554,0.3973113688684645,0.4632474985860643,0.2950684194053922,69.91964394705636,0.3451569122927529,0.3451569151310694,11663.462576729911,102.68005116780598,0.7458379481778,0.0001,102.68005116780598,0.2902214328447978,0.9084083381153288,7.6073994636535645,0.1079093950490156,0.1078402197786739,0.1078402176499366
18,train,0.5002016130314079,0.9648209251062844,0.4200893171051497,0.2702178884578007,0.3680134620717776,0.4200893156631018,0.5299726413382638,0.2648796789268011,60.26307993037727,0.3027927846677841,0.3027927940410952,12188.77408919796,85.64474827756163,0.711483222466928,0.0001,,0.2712411791566879,0.9141503960214636,65.97759914398193,0.0770683885321662,0.1076033557614972,0.1076033560819523
18,val,0.5113095243771871,0.8807530999183655,0.3953837028571537,0.2809138936655862,0.4271357499417804,0.3953837014379955,0.4600141907022113,0.3024486736172721,64.32801455543155,0.3494593195971988,0.3494593366270974,9188.49839564732,90.99305961245582,0.7255724054394346,0.0001,90.99305961245582,0.3069303617590949,0.9110743630500068,7.485722303390503,0.0906636000921328,0.1102725845717248,0.1102725877648308
19,train,0.5,0.9601519038920762,0.4188304081238726,0.2702501119785411,0.3712876334145505,0.4188304082841002,0.5240202308982931,0.2735120235111123,59.2813278834025,0.3188564171714167,0.3188564219782429,14874.618509272092,84.94386894472184,0.708600047461513,0.0001,,0.2703095979748233,0.9161549027889004,68.2992651462555,0.0770094619803531,0.1066509324616642,0.1066509327821193
19,val,0.5083333339009967,1.003608987444923,0.4217367626371838,0.2419406899384089,0.3132392395110357,0.4217367597988674,0.5952299691381908,0.3304201676732018,72.20289975120907,0.3306871837093716,0.3306871865476881,11952.128685360864,104.12670480637324,0.7666936802141594,0.0001,104.12670480637324,0.2784872040862128,0.9124533335367838,7.505053997039795,0.1143360270985535,0.1105844140762374,0.110584414431027
20,train,0.4997983871288197,0.960755625078755,0.4188336693151023,0.2683763612983047,0.3657468055044451,0.4188336709974914,0.5270011580038455,0.246579403358121,57.35715722524992,0.3138755019954455,0.3138755100068225,11615.689481345556,82.02855940788022,0.6971986658645398,0.0001,,0.2678723217498872,0.915042523735313,67.49655055999756,0.0711654480797068,0.1065473566532776,0.1065473567333913
20,val,0.5083333339009967,0.9927023876281011,0.4168243599789483,0.2463146795829137,0.3149248737664449,0.4168243585597901,0.5679993771371388,0.2847076072579338,70.22360465640114,0.3344137824717022,0.3344137909866514,10550.201764787946,97.41176023937408,0.7322271621588504,0.0001,97.41176023937408,0.2761588252726055,0.9166678218614488,8.216775894165039,0.1016785056285914,0.1139536077777544,0.113953604939438
21,train,0.5003360215053764,0.9595879861103592,0.4189350608616106,0.2679850981440595,0.3598292386660012,0.4189350614624639,0.5315553207471165,0.2477822774840939,56.08929019845942,0.3076300475225654,0.3076300571362177,11214.41678873698,80.30453794745989,0.6930815210246076,0.0001,,0.2612435625445458,0.9173530471581284,64.64301228523254,0.0689725761792512,0.106551511153098,0.1065515108726998
21,val,0.5113095243771871,0.9399455814134507,0.4070210719392413,0.265269134016264,0.3628818236646198,0.4070210769062951,0.5101616928974787,0.2850616169827325,63.9737910316104,0.3524727324644724,0.3524727310453142,10693.702816917785,96.1866963704427,0.7280893741231976,0.0001,96.1866963704427,0.2805308884098416,0.912533856573559,7.520084619522095,0.0998374724849349,0.1090544412533442,0.1090544391246069
22,train,0.5003024193868842,0.956186437959312,0.4181336882293865,0.266038576601654,0.3317883907947489,0.4181336837430154,0.5306140998358367,0.216227099219317,50.09079581435009,0.3164474501084255,0.316447455876617,9477.05810710948,71.44372779066845,0.655210570052818,5e-05,,0.2582356235993805,0.918332399219595,65.80232214927673,0.0539559447181521,0.1057831316545445,0.1057831312940325
22,val,0.5083333339009967,0.968841362567175,0.4107380182970138,0.2505664499033065,0.3049324502547582,0.4107380168778555,0.5431740461360841,0.2670611036675317,59.87739744640532,0.3198708693186442,0.3198708792527516,8312.445928664434,86.96468970889137,0.6915750449353998,5e-05,86.96468970889137,0.2657368509542374,0.9166044961838496,7.540006637573242,0.0807083748458396,0.1120252318325496,0.1120252304133914
23,train,0.5015793010111778,0.9606186023322484,0.417841664485393,0.2626091899570598,0.3140278253504025,0.4178416653666445,0.5345360813762552,0.207798506664012,47.47934871591548,0.3068317642775915,0.3068317697253278,9035.915932275915,67.55412209418512,0.6434556038291366,5e-05,,0.2541909024760287,0.9205969764340308,64.16846561431885,0.049383250548334,0.1059568485906047,0.1059568483903203
23,val,0.5083333339009967,0.932473117396945,0.4095138694558825,0.2670036511761801,0.3360010612578619,0.4095138651984079,0.516235127335503,0.2561563310169038,58.54951858520508,0.3424150830223447,0.3424150886989775,8090.037248883928,85.24239422026135,0.6857395352739276,5e-05,85.24239422026135,0.2706636914185115,0.9183571934700012,7.48925518989563,0.0797142972726197,0.1056095503625415,0.1056095510721206
24,train,0.5008736560421605,0.9638892288810464,0.4182508072705679,0.2609715387225151,0.3082606999143477,0.4182508082319331,0.5373758611179167,0.196170204148818,46.22037390226959,0.3005795349036493,0.3005795411525234,8843.863813502814,65.88107097789805,0.6360171040300568,5e-05,,0.2517627407145756,0.9213770105633684,67.15714287757874,0.0470981377988092,0.106148323144323,0.1061483229039817
24,val,0.5098214291390919,0.8900634930247352,0.3985723583471207,0.277229477252279,0.3849125830900101,0.3985723540896461,0.4736155782427106,0.2742218701612381,59.13138435000465,0.3469446173736027,0.3469446202119191,8582.229852585566,88.18114380609421,0.6929275122555819,5e-05,88.18114380609421,0.2692240959122067,0.9180714232581002,8.149529218673706,0.080792091698164,0.1105980170624596,0.1105980195459865
25,train,0.5008064516449487,0.9606608075480308,0.4177202718552723,0.2609904463733396,0.3061340827775258,0.4177202709740208,0.5418207818862572,0.191627550910237,45.24059158243159,0.2922102347497017,0.2922102400372105,8592.012999503842,64.02430300558767,0.6296588770869606,5e-05,,0.2491174436384631,0.9224701780144886,65.47356224060059,0.0443038362534015,0.1057251296456783,0.1057251294453938
25,val,0.5098214291390919,0.9425535088493712,0.4058157595850172,0.258599083338465,0.3265167723099391,0.4058157531988053,0.5187802761793137,0.2538609547274453,60.45550464448475,0.303188050077075,0.3031880529153914,8435.053385416666,87.37866229102725,0.6851704648046782,5e-05,87.37866229102725,0.2641170450619289,0.917079332328978,7.616923809051514,0.0821952834902774,0.1106295124405906,0.1106295117310115
26,train,0.5016801075268817,0.9650884861907651,0.4173654667151871,0.2582512675754486,0.2966988380717975,0.417365466074277,0.5415090207531247,0.1846294504820659,43.715714321341565,0.2901067930844522,0.2901068006151466,8624.795409007738,61.71649385267688,0.6228429306637157,5e-05,,0.2474888497462836,0.9223837307704392,65.11870265007019,0.0418771151828789,0.1056692652724763,0.1056692647917937
26,val,0.5113095243771871,0.913533349831899,0.4037817595970063,0.2709667427199227,0.347701147198677,0.4037817617257436,0.4944441013392948,0.2484724305215336,55.97860981169201,0.3210881125359308,0.3210881352424621,8571.285086495536,85.22916194370815,0.6768617402423512,5e-05,85.22916194370815,0.2590469292231968,0.921374914192018,7.6010706424713135,0.07851376136144,0.0993179430564244,0.0993179430564244
27,train,0.5013440860215054,0.9665662968350996,0.4176579713821411,0.2573530488116767,0.2908451519105383,0.4176579701003208,0.5432672709707291,0.1782126353793247,42.38334563470656,0.2937013059854507,0.2937013135161451,8056.978392242104,60.30050609957787,0.6171699453684617,5e-05,,0.2442925926498187,0.924072475202622,64.82358431816101,0.0403286724436467,0.105691142580522,0.1056911430612046
27,val,0.5083333339009967,0.9435428494498844,0.4120405976261411,0.2605963242905481,0.3127401137635821,0.412040603302774,0.5360769437892097,0.2621708519402004,54.16202563331241,0.2960344907783326,0.2960344992932819,7769.713297526042,83.29779234386626,0.678621151230552,5e-05,83.29779234386626,0.2544554195233753,0.9215862183343796,7.977921485900879,0.0744638894462869,0.0980703894581113,0.0980703912320591
28,train,0.5023521505376344,0.9618791213599583,0.4172385633792928,0.2586614301288,0.2936677504931727,0.4172385646611131,0.53942445986053,0.1848100531565886,41.88335837087324,0.2928342981043682,0.2928343040327872,7884.176984233241,59.158101163884645,0.6173262347275962,5e-05,,0.2435299400039898,0.9247062837564816,64.90031123161316,0.0386403013140924,0.1059101785543144,0.1059101781938024
28,val,0.5098214291390919,0.971933024270194,0.4098779928116571,0.2464392249073301,0.2953195508037294,0.4098779878446034,0.5503845172269004,0.2375112285926228,57.22293708437965,0.3233630231448582,0.3233630373364403,7759.017136346726,83.43982950846355,0.6734599568627098,5e-05,83.43982950846355,0.2544761889037631,0.9221434110686892,7.5359930992126465,0.0755966593112264,0.1174811288004829,0.1174811270265352
29,train,0.5016801075268817,0.9642130575513328,0.4176733230230628,0.2576973820405622,0.2859630869921817,0.4176733215009012,0.5437005205099942,0.1699522401015925,39.53602843130789,0.2852997720562001,0.2852997787857568,7521.242479549941,56.78439682786183,0.6076521323586153,5e-05,,0.2426100963706611,0.9250112852101684,63.9461784362793,0.0359181795940203,0.1061112958817712,0.1061112959218281
29,val,0.5098214291390919,0.953991174697876,0.4086343638953708,0.2556841132186708,0.3132120945623943,0.4086343638953708,0.529272796852248,0.2615937597694851,59.34912509009952,0.2864843649523599,0.2864843677906763,8824.388741629464,88.46979032244,0.68921975366997,5e-05,88.46979032244,0.252815013840085,0.9224031595956712,7.5457940101623535,0.0829061165984187,0.1007031464860552,0.1007031489695821
30,train,0.5018481182795699,0.9647531448512948,0.4174502575269309,0.256528597525371,0.2831275758724059,0.417450256805907,0.5407958588292522,0.171199910102352,39.73848996111142,0.2955899727280422,0.2955899770541857,7631.888615105741,56.78635525447066,0.60689697265625,5e-05,,0.2420815787808869,0.9241392484275244,63.55169987678528,0.0359590307368786,0.1064831844020274,0.1064831850829944
30,val,0.5083333339009967,0.9805548049154736,0.4138300738164356,0.2474220529908225,0.2989599428006581,0.4138300794930685,0.5581934515919004,0.2733898914995648,59.484157017299104,0.3369547440892174,0.3369547554424831,8809.557977585566,89.5391111828032,0.6990276271646673,5e-05,89.5391111828032,0.2510574240060079,0.922692012219202,7.847035646438599,0.0835656592001517,0.1105536864626975,0.1105536875270661
30,val_periodic_epoch_30,0.5083333339009967,0.9805548049154736,0.4138300738164356,0.2474220529908225,0.2989599428006581,0.4138300794930685,0.5581934515919004,0.2733898914995648,59.484157017299104,0.3369547440892174,0.3369547554424831,8809.557977585566,89.5391111828032,0.6990276271646673,5e-05,,0.2510574240060079,0.922692012219202,7.4292731285095215,0.0835656592001517,0.1105536864626975,0.1105536875270661
31,train,0.5021505376664541,0.966220931820972,0.4178520695015948,0.2569626236474642,0.2881617304939096,0.4178520698220499,0.545254518588384,0.1787603523141594,40.91905780505108,0.2959423734936663,0.295942380543678,7781.824466500231,57.35606110480524,0.6133716836120143,5e-05,,0.24059815055901,0.924656750694398,64.58029270172119,0.037272233025281,0.1060671874031584,0.1060671870025896
31,val,0.5083333339009967,0.9092628672009424,0.4034709504672459,0.2685906205858503,0.338654250616119,0.4034709525959832,0.5004940934124447,0.2461692506358737,54.80020613897415,0.3313069386141641,0.3313069386141641,7408.900187174479,80.88517888387044,0.6640786120385834,5e-05,80.88517888387044,0.2522070798135939,0.9218745430310568,7.866175174713135,0.0699347584907497,0.1064296457029524,0.1064296435742151
32,train,0.5006048387737685,0.96907147348568,0.4180835020798509,0.2564483333018518,0.2832969639410255,0.4180835025605335,0.5475746112805541,0.1718038396849747,39.886147058138285,0.2924487827926553,0.292448789201757,7621.463657502205,56.78579683201287,0.60847051404542,5e-05,,0.2378705663866894,0.9262707512224874,63.805155992507935,0.0358912049797714,0.1053442583289197,0.1053442579684078
32,val,0.5083333339009967,0.9383052445593334,0.4077641772372382,0.2628517583722159,0.3283822139104207,0.4077641793659755,0.520257823524021,0.2428308817602339,56.75647226969401,0.308321319875263,0.3083213227135794,7884.539248511905,84.11198007492791,0.6755658597657175,5e-05,84.11198007492791,0.251804259561357,0.9240566321781704,7.956233739852905,0.0760303502458901,0.1163404158183506,0.1163404172375088
33,train,0.5015120967741935,0.9649355879393956,0.4179270664049733,0.2578805327735921,0.2864832170708205,0.4179270647225841,0.5483397035108458,0.1746531294318296,40.97581827512352,0.2951627896037153,0.2951627956923618,7764.345368908298,57.73866510903964,0.611044565314797,5e-05,,0.2373500686659607,0.9262876891961662,63.821117877960205,0.0371526502603564,0.1049291620491653,0.104929162489791
33,val,0.5098214291390919,0.9327695880617414,0.4058237075805664,0.2610211918751399,0.3181744686194828,0.4058237082901455,0.5183297111874535,0.237661888556821,54.65372285388765,0.3056919986293429,0.3056920071442922,7634.805140904018,81.07724598475865,0.6642581863836808,5e-05,81.07724598475865,0.2473988313050497,0.9250015162286304,7.946009397506714,0.0722712972866637,0.1083288217584292,0.1083288228227978
34,train,0.5011760752688172,0.9686685311858372,0.4178020385324314,0.2550949575279349,0.2715887713336175,0.4178020398943655,0.5510277595491179,0.1590330812038593,37.47494527857791,0.2916949985809223,0.2916950080343472,7038.196043281145,53.295539963629935,0.5961787777717668,5e-05,,0.2363707580233133,0.9265975215101756,64.09385991096497,0.0318367713060911,0.1058801261567941,0.1058801261567941
34,val,0.5083333339009967,0.9385156376021248,0.4049868626253946,0.2629541967596326,0.3307142186732519,0.4049868597870781,0.5117785433928171,0.2428947318167913,55.477077302478605,0.3231085893653688,0.3231085950420016,7647.749360584077,83.09798940022786,0.6724444129250267,5e-05,83.09798940022786,0.2504048191365741,0.9254004188946316,8.255275011062622,0.0733941381885891,0.1161608436987513,0.1161608426343827
35,train,0.5014448925372093,0.966443161490143,0.4175048175678458,0.2548918631929223,0.2735117702714859,0.4175048166064806,0.5479076634091075,0.1607034573311447,37.40892748166157,0.2883735839077221,0.2883735893554585,7185.379299368909,53.4022780490178,0.5961630913946364,5e-05,,0.2342427135795675,0.9275391492792356,63.40264272689819,0.031857428604096,0.1059304833091715,0.1059304840301954
35,val,0.5098214291390919,0.9799441184316364,0.4129125809385663,0.2462767618043082,0.2877283578827267,0.4129125802289872,0.5596175506001427,0.251637509890965,59.58942395164853,0.3037700269903455,0.3037700397627694,8265.345023018974,86.04786700294132,0.6843039176680825,5e-05,86.04786700294132,0.2442137989259901,0.9261166850725808,8.725611448287964,0.0809991167237361,0.1092794161467325,0.1092794182754698
36,train,0.501982526913766,0.9715537060332554,0.4184338397556735,0.2539936574876949,0.2667594926171405,0.4184338390346496,0.5492150213929915,0.1566634297130569,36.55567699350337,0.2902800004969361,0.2902800062651275,6778.618446596207,52.18644533875168,0.5928780371893937,5e-05,,0.2327596045309497,0.9280402778938251,64.20124340057373,0.0306426141904266,0.1061143114441825,0.1061143115242963
36,val,0.5113095243771871,0.9033336838086446,0.4038866580951781,0.2746712494464147,0.3421268512805303,0.4038866644813901,0.4918408812511535,0.2345805295876094,53.0693778083438,0.2946526479153406,0.294652650753657,7258.051990327381,79.99837112426758,0.6582871455134768,5e-05,79.99837112426758,0.2428658959411439,0.9269492200442724,7.762396574020386,0.0698565787502697,0.0997403689793178,0.0997403661410013
37,train,0.5023521505376344,0.9629084020853044,0.4168154030076919,0.2561638890415109,0.2730560927221211,0.4168154036486021,0.5449355660427001,0.1571673714826184,35.93764346132996,0.2876865878220527,0.2876865951925195,6682.767714305591,51.04146747178929,0.5910021019704415,5e-05,,0.2310166622522056,0.928667281263618,64.49272322654724,0.0293108343086656,0.1067643744410366,0.1067643745211503
37,val,0.5098214291390919,0.9011929858298529,0.4042049646377563,0.2740631940818968,0.3460560228143419,0.4042049617994399,0.4955692837635676,0.2486079746768588,52.28456097557431,0.3033030827840169,0.3033030842031751,7183.556820824033,80.36375572567894,0.6606695865139817,5e-05,80.36375572567894,0.238856383732387,0.9281003986086164,7.693590641021728,0.0671648641249963,0.1013014036275091,0.1013014054014569
38,train,0.5006048387737685,0.9737869434619464,0.4186731735144251,0.2545539916202586,0.2660725363480147,0.418673172513003,0.5526607661277697,0.1468350398604588,35.389453364956765,0.2870581964010833,0.28705820313064,7066.71743167344,50.465741588223366,0.5884157723850674,5e-05,,0.2288394638447351,0.9288789764527352,66.21914386749268,0.029627606820976,0.106801141814519,0.1068011423352585
38,val,0.5098214291390919,0.901637593905131,0.4025851899669284,0.2733343449376878,0.3451607198942275,0.4025851956435612,0.4910109185037158,0.2322172845403353,52.45003164382208,0.3020947093055361,0.3020947121438526,7077.54736328125,78.70005544026692,0.6531080329056942,5e-05,78.70005544026692,0.2414839218060175,0.9270252471878416,8.157938480377197,0.0666636682692028,0.1000552500287691,0.1000552510931378
39,train,0.5007728495264566,0.9647423328571422,0.4175515760897949,0.2560178403572369,0.2733038563721923,0.417551572925301,0.5494079553391985,0.1547767621695354,36.118561073016096,0.2855620521210855,0.2855620570881392,6962.140851256668,51.87173269128287,0.5918960108500138,5e-05,,0.2296881376094715,0.9287270015926772,64.16283512115479,0.0304151345344801,0.1067918436101047,0.1067918432896496
39,val,0.5113095243771871,0.8840125203132629,0.3995372347888492,0.2792816722676867,0.3720705466611044,0.3995372354984283,0.4749996701166743,0.2307119685269537,55.61535599118187,0.2850314201343627,0.2850314180056254,7632.892761230469,82.24714560735794,0.6606432513757186,5e-05,82.24714560735794,0.2422141830126444,0.9286736732437496,8.205255270004272,0.0718121018615507,0.099055059608959,0.0990550599637485
40,train,0.5018817205582896,0.9703107271143184,0.4176486495041078,0.2527170517752247,0.2628273837348466,0.4176486497444491,0.5551704638186963,0.14482744526799,34.89759988682244,0.2816439730826244,0.2816439780496781,6579.25690648889,49.72618528591689,0.5850372951841515,5e-05,,0.2290129765707959,0.9290790657202402,64.58219861984253,0.0283578089513485,0.1063382760170967,0.1063382761773242
40,val,0.5083333339009967,0.9731533243542626,0.412203448159354,0.2460487818434125,0.2865416627554666,0.4122034509976705,0.5581125758943104,0.2350023630119505,54.05634634835379,0.300496505839484,0.3004965100969587,7130.5029529389885,79.97850672403972,0.6635121677861069,5e-05,79.97850672403972,0.2359015771320887,0.9290005621455965,8.019112348556519,0.0691120904825982,0.108912723050231,0.1089127212762832
41,train,0.5012768817845211,0.9666523842080949,0.4176657155797045,0.2542373845654149,0.2634676557875449,0.4176657167012974,0.5515708735873622,0.1470012524195255,34.72549657924201,0.2808592075141527,0.2808592111192723,6679.089859829154,49.31955275997039,0.5831877911933745,5e-05,,0.2259363228435157,0.9298382824467074,67.50265908241272,0.0275915291971497,0.1074169664293207,0.1074169661889794
41,val,0.5098214291390919,0.956440678664616,0.410240569284984,0.255658032638686,0.3036696293524333,0.4102405657370885,0.5366056320213136,0.2362512821952501,56.68456622532436,0.2900603839329311,0.2900603910287221,7978.19482421875,85.1251102629162,0.6711619528857145,5e-05,85.1251102629162,0.2384907283953257,0.9257199310121084,8.047553777694702,0.0769067205311287,0.1031661565814699,0.1031661590649968
42,train,0.5020497313109777,0.9695159515706442,0.4171779833493694,0.2527796674159265,0.261030120795132,0.4171779840703933,0.5499232101344294,0.1424000791564423,34.25411630445911,0.2797472829459816,0.2797472909573585,6627.912867720409,48.28742258010372,0.5820795670703606,5e-05,,0.2243450889664311,0.9300543008953012,64.91454291343689,0.0277033742412083,0.1077163853151823,0.1077163855154668
42,val,0.5083333339009967,0.9492410165922982,0.4128243632259823,0.2590333251726059,0.3053080056394849,0.4128243646451405,0.5401644798971358,0.226455940022355,52.35002490452358,0.2703959870906103,0.2703959927672431,7522.798438662574,82.06384331839425,0.6602431983658762,5e-05,82.06384331839425,0.2327610637460436,0.9298771790095738,7.587340593338013,0.0714446198904798,0.0974230830158506,0.0974230833706401
43,train,0.5024529570533384,0.9696507545248154,0.4175183088869177,0.2521849874687451,0.2530269381660287,0.4175183116908996,0.5511318541342213,0.1439529082147024,32.913177362052345,0.2781881130831216,0.2781881183706304,6195.21481913905,46.918479324668965,0.5776755399575538,5e-05,,0.2237022473446784,0.9304445119955208,64.59834623336792,0.0252753928709294,0.1071867540638933,0.1071867533829263
43,val,0.5098214291390919,0.9170646582330976,0.4059500552359081,0.2680157806192125,0.3209002500488644,0.4059500580742246,0.5092175028153828,0.2227795131149746,50.225449516659694,0.2772893934022812,0.2772894033363887,6960.1825445266,77.63505744934082,0.6474105755488078,5e-05,77.63505744934082,0.2330489463749386,0.9302537668318976,7.673406362533569,0.0659614616916293,0.0962075786221595,0.0962075782673699
44,train,0.5018481182795699,0.9723324979184776,0.4179476256812772,0.251986374537791,0.2551618647431173,0.4179476260818461,0.5578866812090079,0.1413915833478332,33.05089908517817,0.2752824005901172,0.2752824065185362,6191.379636046707,47.13866406102334,0.5793012544362232,5e-05,,0.2213338187304876,0.931457309312718,63.96431946754456,0.0262584188610054,0.1075912619870837,0.1075912625478801
44,val,0.5113095243771871,0.9527964535213652,0.4096312004895437,0.2541109614429019,0.2949085405894688,0.4096312011991228,0.5379826760008222,0.2197350774492536,50.306762332008,0.2952332127661932,0.2952332255386171,6959.217930385044,77.27972157796223,0.6485638958035094,5e-05,77.27972157796223,0.2303226206983838,0.929989198843638,7.72878623008728,0.0646912785956547,0.1050378651846022,0.1050378673133396
45,train,0.5013104839030132,0.9734922927874392,0.4187128636785733,0.2514364719390869,0.248684147112472,0.4187128617558428,0.5582476043973559,0.1368951797285067,32.53859357936408,0.2849092959396301,0.2849093037907795,6137.860909902921,46.4688814327281,0.5748385200998197,5e-05,,0.2216057710109218,0.931450936102098,65.21910786628723,0.0253011271012045,0.1071785963991636,0.1071785966795618
45,val,0.5098214291390919,0.9658835331598916,0.4110099119799478,0.2490672831024442,0.288366314910707,0.411009913399106,0.5498880743980408,0.225421598979405,50.6894166128976,0.2874896625677745,0.2874896696635655,6980.730358305432,78.28186525617328,0.6543720888369011,5e-05,78.28186525617328,0.228357752873784,0.9315580867585682,7.729668855667114,0.0657541651633523,0.1018488520667666,0.1018488524215562
46,train,0.5020161290322581,0.9705806630913928,0.4176995980162774,0.2516502178804848,0.2521723916613927,0.4176995997787803,0.5569190558006045,0.1373299763848384,32.33872631544708,0.2836003245845918,0.2836003305130107,6150.762287262947,46.3539981021676,0.5748710188400064,5e-05,,0.2211529380211266,0.9320930684766462,64.24879169464111,0.0251624849374576,0.1068942943808212,0.1068942944609349
46,val,0.5113095243771871,0.9169062007041204,0.4031251072883606,0.2672994775431497,0.328872908438955,0.4031251094170979,0.4995626821404412,0.2167966121009417,51.10145060221354,0.2870778654302869,0.2870778739452362,7648.977556501116,80.08483777727399,0.6486109083349054,5e-05,80.08483777727399,0.2286890184595471,0.9312066464197069,7.764558553695679,0.0679479230283981,0.1047296052177747,0.1047296034438269
47,train,0.5018817205582896,0.9677674161490574,0.4175783783517858,0.2530217609738791,0.2558941023965035,0.4175783801944025,0.5528435317739364,0.1364802809492234,32.752123048228604,0.2772594076651399,0.2772594135935589,6447.859828661847,46.61490861831173,0.5754155009282559,5e-05,,0.2192313733600801,0.9330777714970292,65.57756924629211,0.0254950271894334,0.107066055058792,0.1070660546582232
47,val,0.5113095243771871,0.9180783572651092,0.4084531828051522,0.2714435493662244,0.3254693654321489,0.4084531828051522,0.5111923902517274,0.2366378942415827,51.04913529895601,0.2977927724520365,0.2977927852244604,7067.503865559896,78.3133681161063,0.6541606765804868,5e-05,78.3133681161063,0.2278782796292078,0.9321863452593484,7.89081883430481,0.0655406516577516,0.0928149063672338,0.092814904593286
48,train,0.501982526913766,0.9704124651929384,0.4177182646848822,0.2522658646427175,0.2524673880268169,0.4177182634030619,0.5548939915193666,0.1353846948834196,31.679223445154005,0.2819965588309431,0.2819965657207273,6330.823199200374,44.80947540652368,0.5729768690838155,5e-05,,0.2199736438611502,0.9324945099251244,64.53529191017151,0.0239150434374428,0.1065621964873806,0.1065621966476081
48,val,0.5113095243771871,0.9729583717527844,0.4121346090521131,0.2491111719892138,0.2891099807761964,0.4121346104712713,0.5530312295470919,0.2340541474875949,53.93854849679129,0.2937964300314585,0.2937964385464078,7583.423944382441,82.60652487618583,0.6666185162284157,5e-05,82.60652487618583,0.2270328281890778,0.9326556608790444,7.631960868835449,0.0729569782103811,0.1064610300319535,0.1064610310963222
49,train,0.5024193547746186,0.9719105853188422,0.4177864944181775,0.2508561549487934,0.24897556359409,0.417786493216471,0.5580544136865164,0.1332159973080119,31.64523722023092,0.2812776365267333,0.281277641493787,5945.16733419767,44.9246039646928,0.5717179979740169,5e-05,,0.216502256611342,0.9335153980921672,65.76217079162598,0.0237596628834463,0.1075087471274278,0.1075087464865176
49,val,0.5083333339009967,0.9375923361097064,0.4084477091119403,0.2606016269751957,0.3164478398504711,0.4084477112406776,0.5245690849565324,0.2254862235415549,50.835610253470286,0.2839304308096568,0.2839304421629224,7343.385736374628,79.64191200619652,0.6554047414750764,5e-05,79.64191200619652,0.2243581265211105,0.9322785706747144,8.003287076950073,0.0681233323134836,0.1020784104863802,0.102078412260328
50,train,0.5017809140425856,0.9703378238344704,0.4176921068179992,0.2516846712878955,0.248814455083301,0.4176921064975441,0.5532129174599083,0.1319380947538922,31.664741116185343,0.2813721134137081,0.2813721217455402,5806.667584655105,44.888633974136845,0.5694890017862673,5e-05,,0.2159017259555478,0.9331584838769768,67.14196705818176,0.0232274145456231,0.1077257917132429,0.1077257921538686
50,val,0.5113095243771871,0.8750892792429242,0.3968542941978999,0.2782402499800637,0.3607012281815211,0.396854301293691,0.4713627823761531,0.2328062100069863,54.0018725622268,0.3034300137133825,0.3034300165516989,8085.566208612351,84.10508473714192,0.6539525454694575,5e-05,84.10508473714192,0.2271398220743452,0.930014533655984,7.654979705810547,0.0719875339418649,0.1048323547556286,0.1048323558199973
51,train,0.502990591429895,0.9390305891152352,0.4120390194478214,0.2609455313092919,0.2898746303492976,0.4120390184463993,0.5272943640668546,0.1491671091406255,31.091053414088424,0.2821670930071543,0.2821671000571661,6275.629852787141,44.37618649390436,6285.906436927872,2.5e-05,,0.2183844548880413,0.9325040072523136,66.51533436775208,6275.629514632687,0.1070903481975678,0.1070903488785348
51,val,0.5113095243771871,0.8684950868288676,0.3942158364114307,0.2803468328146707,0.3793903504099165,0.3942158435072218,0.4616250307077453,0.2271487421932674,50.37696166265579,0.2808989300614312,0.2808989328997476,7899.389898390997,82.04368609473819,8010.134978693181,2.5e-05,82.04368609473819,0.2302035511959166,0.9306778283346266,7.794396877288818,7899.389840262277,0.0999604782887867,0.0999604797079449
52,train,0.5027889785587146,0.9500233817805526,0.4139113656936153,0.2579820131262143,0.2729557170182146,0.4139113644919088,0.5326811348799095,0.1313796754005134,27.527790797654017,0.2829082029801543,0.2829082066653877,5490.733275874968,39.50645563679357,5497.084813795507,2.5e-05,,0.2187038287520408,0.9322258304524166,66.01175212860107,5490.733943816154,0.107222669868059,0.1072226701084003
52,val,0.5113095243771871,0.9415239407902672,0.4066032682146345,0.2596069247949691,0.3059055315596716,0.4066032710529509,0.5229037609838304,0.2157921787528764,52.133669626145135,0.2868663611866179,0.2868663711207254,7381.124250139509,81.1851305280413,7465.703474195076,2.5e-05,81.1851305280413,0.2316585793381645,0.9300146273204258,7.855100870132446,7381.124296642485,0.1096666345284098,0.1096666348831994
53,train,0.5030241935483871,0.947040127970839,0.4136508109989346,0.2592965286745819,0.2749541667840814,0.4136508127614375,0.5293461810997737,0.1356440304668359,27.65471769148304,0.2800109024329852,0.2800109101239071,5474.622896255985,40.21778821432462,5481.344689735901,2.5e-05,,0.2193105630977179,0.9320797561317362,63.87314414978027,5474.622213712302,0.1072512859859133,0.1072512858256857
53,val,0.5113095243771871,0.94969185761043,0.4090237383331571,0.257996542822747,0.2900060138532093,0.4090237411714735,0.5303780138492584,0.2128392457962036,49.625723339262464,0.2888412716842833,0.2888412787800744,6692.117550804502,76.84935469854446,6756.297819010417,2.5e-05,76.84935469854446,0.2295677995397931,0.9297537008921304,7.610501766204834,6692.117771693638,0.1062631883791514,0.1062631866052037
54,train,0.5024529570533384,0.9500511189301808,0.4140203648036526,0.2590259982533352,0.2752350542333818,0.4140203638422873,0.5308751060116675,0.1329225880364256,26.401668794693485,0.2746337545655107,0.2746337592922231,5576.857315883842,38.48646721788632,5587.18636573252,2.5e-05,,0.220334724793511,0.9318477594724266,63.60580730438232,5576.857308910739,0.1074374733112191,0.107437473711788
54,val,0.5113095243771871,0.9763957063357036,0.4104340374469757,0.2485215231066658,0.2814180978706905,0.4104340381565548,0.5487884808154333,0.2135818362945602,53.41927682785761,0.2806065749554407,0.2806065834703899,7696.553460984003,83.11030696687244,7778.254446318655,2.5e-05,83.11030696687244,0.2302315149988447,0.9308102414721534,7.859499216079712,7696.553495861235,0.1135586858505294,0.1135586847861607
55,train,0.5020161290322581,0.9472168238573176,0.4139519607027371,0.2600313385007202,0.2746885940432548,0.4139519584595516,0.5312878882852934,0.1351021627785377,26.76736913188812,0.2710754333805012,0.2710754415521058,5364.786854405557,39.0837921122069,5370.699374934238,2.5e-05,,0.222645707188114,0.9310648364405478,68.41441178321838,5364.786857194798,0.1076194141260398,0.1076194140058691
55,val,0.5113095243771871,0.9157146272205172,0.404244106440317,0.2697169759443828,0.3273836026589076,0.4042441078594753,0.4999315284547351,0.2325766455559503,49.000859124319895,0.2690987828231993,0.2690987884998321,7241.138044084822,78.08555603027344,7342.844591175426,2.5e-05,78.08555603027344,0.2339254546733129,0.9291522786730811,7.581848859786987,7241.138015020461,0.1030937238108544,0.103093724875223
56,train,0.5021841397849462,0.9393536285046608,0.4129675691646914,0.2625870530803998,0.2840484738029459,0.4129675700459429,0.5268153022694332,0.1356092673996763,25.789876312337896,0.2669505981668349,0.266950603694685,5559.676184131253,37.55970202722857,5569.906877778435,2.5e-05,,0.224094612463828,0.9303803421476836,65.73596262931824,5559.676185033654,0.1078481830015618,0.1078481834421875
56,val,0.5113095243771871,0.9803760278792608,0.4120981075934001,0.2455622830561229,0.277368595912343,0.4120981090125583,0.5585266309125083,0.2162668985270318,51.93972623915899,0.2795531891641162,0.2795531976790655,7523.272370837983,82.12136214120048,7590.650899621212,2.5e-05,82.12136214120048,0.2310099126327605,0.9305161862146288,8.520579099655151,7523.272492908296,0.1127265457596097,0.1127265464691888
57,train,0.5032594085380595,0.9441202005711936,0.4134016307771846,0.2610594409928527,0.2786054515069531,0.4134016300561607,0.5276987132446099,0.1262300743130586,25.52008693961687,0.2676630367835362,0.2676630431926378,5047.742847483645,37.10844929500293,5056.8896754409325,2.5e-05,,0.2246408673223628,0.9301960756701808,65.29007267951965,5047.742845186624,0.1078790463507175,0.1078790458700349
57,val,0.5098214291390919,0.9378445148468018,0.4081522453398931,0.2611974094595228,0.2954874627646945,0.4081522446303141,0.5234357090223403,0.2160036904471261,46.8543955485026,0.2744607769307636,0.2744607854457128,6390.673153831845,75.39979226248605,6471.980443596118,2.5e-05,75.39979226248605,0.2333584626515706,0.928686607451666,7.644860029220581,6390.673008510044,0.1052970201486633,0.1052970183747155
58,train,0.5023185484191423,0.947559428471391,0.4144746324708385,0.2609443707011079,0.2746695461132193,0.4144746321503834,0.5306433253390814,0.1242694242667126,25.46843843049901,0.2689398349292816,0.2689398392554252,5442.150331476683,37.199240228181246,5451.455614001342,2.5e-05,,0.2252623678375316,0.9297763192525474,64.3797242641449,5442.150339270151,0.1077470847515649,0.1077470842708823
58,val,0.5098214291390919,0.9473768983568464,0.4116366292749132,0.2616036073082969,0.3049875937757038,0.4116366306940714,0.5317722466729936,0.2251330312518846,51.69198245093936,0.2663876520735876,0.2663876620076951,7600.741466703869,82.6913443065825,7690.356306226326,2.5e-05,82.6913443065825,0.2358389397462209,0.9284602545556568,8.012637615203857,7600.741420200893,0.1035804532113529,0.103580453920932
59,train,0.5024529570533384,0.9468644189257776,0.4139551970586982,0.2602891415678044,0.2724055328596664,0.4139551964979018,0.5299354452759989,0.1232767680319406,24.428316746988603,0.2653896150089079,0.2653896215782371,5256.409781753376,35.493647360032604,5265.506865283696,2.5e-05,,0.2259715196265969,0.9296922299169724,64.62836956977844,5256.410460933562,0.1075921728405901,0.1075921729207038
59,val,0.5098214291390919,0.9081508162475768,0.4053773276862644,0.2740755329529444,0.3307376603285472,0.4053773269766852,0.4979212546632403,0.2202398102907907,48.22711099897112,0.2680176099141438,0.2680176070758274,6709.384175618489,76.74052510942731,6801.615106386127,2.5e-05,76.74052510942731,0.2350228123721622,0.9287720776739574,7.833800315856934,6709.384370349702,0.0996480190328189,0.0996480169040816
60,train,0.5015120967741935,0.9458826519148325,0.4142156172023025,0.260506591168783,0.2722152316121645,0.4142156155199133,0.5308891690226012,0.1267413700460105,24.05139235014557,0.2660637977783398,0.2660638024249384,4836.868979505313,35.32791348426573,4841.69791494042,2.5e-05,,0.2268121699972819,0.9291504903506208,65.27058100700378,4836.868308528777,0.1077593542555327,0.1077593531339399
60,val,0.5083333339009967,0.93985957191104,0.4076164925382251,0.2625528630756196,0.3120116265047164,0.4076164996340161,0.5199174419755027,0.2205574760834376,49.17602139427548,0.2744321830215908,0.2744321816024326,6558.815127418155,77.15761039370582,6643.618471827652,2.5e-05,77.15761039370582,0.2402824092478979,0.9267528057098388,7.61515736579895,6558.81499953497,0.1089369424042247,0.1089369427590143
60,val_periodic_epoch_60,0.5083333339009967,0.93985957191104,0.4076164925382251,0.2625528630756196,0.3120116265047164,0.4076164996340161,0.5199174419755027,0.2205574760834376,49.17602139427548,0.2744321830215908,0.2744321816024326,6558.815127418155,77.15761039370582,6643.618471827652,2.5e-05,,0.2402824092478979,0.9267528057098388,7.444779396057129,6558.81499953497,0.1089369424042247,0.1089369427590143
61,train,0.501747311763866,0.9471646779647438,0.4143467952487289,0.2615149530672258,0.2740063559944912,0.4143467952487289,0.5304513264407393,0.1282135499741441,23.62607508320962,0.2603795904145446,0.2603795988264904,4849.654272838306,34.453030094023674,4858.742002072318,2.5e-05,,0.2296485717418373,0.9281294425969484,65.48210287094116,4849.654950131652,0.108120367131246,0.1081203663701652
61,val,0.5083333339009967,0.913149600937253,0.4057708666438148,0.2706363797187805,0.3276377462205432,0.4057708609671819,0.5039671418212709,0.2238158243043082,48.32015864054362,0.2679197000605719,0.2679197050276257,6644.126110258557,76.76159232003349,6730.927140299479,2.5e-05,76.76159232003349,0.2372543066740036,0.9279659021468388,7.469760179519653,6644.126273018973,0.1052370827112879,0.1052370788086028
62,train,0.501747311763866,0.9360883445829472,0.4130451124842449,0.2648321012014983,0.2884620557068497,0.4130451122439035,0.5200517860952244,0.1345105415350327,23.79627876897012,0.2555097891117937,0.2555097964822605,5124.47837099465,35.02312609969929,5132.623186700995,2.5e-05,,0.2293328332003726,0.9285572850576012,66.09243535995483,5124.4790541125885,0.1082802143308424,0.1082802138101029
62,val,0.5098214291390919,0.9262437025705972,0.4080099527324949,0.269786441609973,0.3204697235709145,0.4080099513133366,0.5095203717549642,0.2184873890309106,47.06364350091843,0.2673263961360568,0.267326404651006,6504.9218982514885,75.55226335071382,6594.848203716856,2.5e-05,75.55226335071382,0.2413821099769501,0.9263904151462372,7.793939590454102,6504.92181687128,0.1066990647287595,0.1066990668574969
63,train,0.5015120967741935,0.9357938236126336,0.4132381515797748,0.2650376836298614,0.2871284179629818,0.4132381481348827,0.5211195233528332,0.1381945182639424,22.527638332818142,0.2572949422943976,0.257294947742134,4598.81051336309,32.78526788116783,4607.149319776541,2.5e-05,,0.2305980182943805,0.9279547554831352,66.6011095046997,4598.810843272876,0.1081920767263058,0.1081920764459076
63,val,0.5098214291390919,0.9117722539674668,0.4062988055603845,0.2738004333916164,0.3328911278929029,0.4062988055603845,0.5003591492062524,0.234904082758086,46.42665844871884,0.2641026895670664,0.2641026931149619,6744.480922154018,75.97667149135044,6840.087365352746,2.5e-05,75.97667149135044,0.2413984813860484,0.9261510968208312,7.510588884353638,6744.480869838169,0.1055031379773503,0.1055031401060876
64,train,0.5013104839030132,0.9354852599802838,0.4131739688736777,0.2650092828177636,0.287383456383982,0.413173967031061,0.5214781672844002,0.1422829366419264,20.39254945837041,0.2497967835716022,0.2497967890193385,4471.386299543483,30.453053730790334,4477.888157042429,1.25e-05,,0.2309167691135919,0.9276301899263936,65.14838743209839,4471.386640651252,0.1084520866072947,0.1084520874885461
64,val,0.5083333339009967,0.9174231744947888,0.4044229892038163,0.270732180703254,0.3324919272036779,0.4044229955900283,0.4998104990947814,0.2141232568593252,45.975048519316175,0.2544418211494173,0.2544418275356293,6483.68853469122,75.43328784760975,6556.598681640625,1.25e-05,75.43328784760975,0.2438910894450687,0.9252391485940844,7.59114408493042,6483.68853469122,0.1107603911133039,0.1107603904037248
65,train,0.501377688300225,0.935151703575606,0.4132882955093537,0.2656890898942947,0.287297456655451,0.4132882948684436,0.5212321512561332,0.1361286536620188,20.58455518496934,0.249145960695641,0.2491459672649701,4237.742614746094,30.107591085536505,4244.145870529843,1.25e-05,,0.2312534993854902,0.9276520882242468,67.42711806297302,4237.742957330519,0.1085698506444372,0.1085698502839252
65,val,0.5083333339009967,0.9283452999024164,0.4069501218341645,0.2669608259484881,0.3175220305011386,0.4069501211245854,0.511866447471437,0.2201322075866517,45.010417847406295,0.2626153649318786,0.262615367770195,6243.900233677456,74.07694734845843,6325.085933061079,1.25e-05,74.07694734845843,0.2435045795781271,0.9250105307215736,7.957711935043335,6243.900268554688,0.1103734157624698,0.1103734143433116
66,train,0.501747311763866,0.9315099645686404,0.412622589818252,0.2660678379958676,0.2902162424338761,0.4126225899784795,0.520643104668907,0.1379178330622693,19.88854074990877,0.2444084605542562,0.2444084653610824,4295.805486453477,29.436094683985555,4304.321234737101,1.25e-05,,0.2323508216969428,0.92712922698708,65.47322583198547,4295.805152072701,0.1088390582671729,0.1088390577864903
66,val,0.5083333339009967,0.9204866971288408,0.4072134799900509,0.2703592436654227,0.3215003283250899,0.4072134771517345,0.5080762299753371,0.2224581738313039,45.9279541742234,0.2494012862443924,0.2494012912114461,6472.165771484375,75.5531628926595,6555.874641187264,1.25e-05,75.5531628926595,0.2431792411066237,0.9262319576172602,7.592447996139526,6472.165928431919,0.1061630806043034,0.1061630795399348
67,train,0.5008400537634409,0.9342277851156008,0.4134142936397624,0.2657583649120023,0.2872315197381922,0.4134142915568044,0.5226432145523128,0.1386064609052032,20.14973815794914,0.2413308281571634,0.2413308336850135,4653.937924210743,29.77165893329088,4662.6119490601,1.25e-05,,0.2329973112190923,0.9270894399253272,64.39255952835083,4653.938265236475,0.1091686136700132,0.1091686133495582
67,val,0.5083333339009967,0.9377343654632568,0.4086260320175262,0.261704968554633,0.3047663058553423,0.4086260298887889,0.5246176847389766,0.2184647456521079,46.20370229085287,0.2528243334520431,0.2528243384190968,6489.171497163318,75.56231680370513,6573.883039624763,1.25e-05,75.56231680370513,0.2435599153950101,0.9251353627159482,8.264755725860596,6489.171485537574,0.1074612715414592,0.1074612729606174
68,train,0.5006048387737685,0.9409144868453344,0.4135025293436101,0.2649347925538657,0.2885455995477656,0.4135025319873646,0.5277676668859297,0.1340456957658452,19.96596559914209,0.2415600069748458,0.241560011781672,4224.529036409112,29.303947766621903,4230.7833273325705,1.25e-05,,0.2330204044939369,0.9271133602947316,65.95160293579102,4224.529387033114,0.1093107397838305,0.1093107383417826
68,val,0.5083333339009967,0.935248715536935,0.4069113532702128,0.2628592493988219,0.3117988868838265,0.4069113561085292,0.517776472227914,0.2166278071346737,47.262981687273296,0.2508448277200971,0.2508448255913598,6676.733392624628,76.76143264770508,6742.041952237216,1.25e-05,76.76143264770508,0.2457062800725301,0.925124330180032,7.634990215301514,6676.73345656622,0.1126965341113862,0.1126965323374385
69,train,0.5014112902584896,0.9318360370653932,0.4129542786107268,0.2668366251933959,0.2911642932443208,0.4129542786908406,0.519083913535841,0.1346441426224285,19.361334928902245,0.2407230907870877,0.2407230967956204,4706.2724446122365,28.874486010561707,4714.395803658328,1.25e-05,,0.2331521053628255,0.9273391164118244,65.82780694961548,4706.2727812079975,0.109554948104966,0.1095549478646247
69,val,0.5098214291390919,0.9274642694564093,0.4086780441658837,0.2681134612787337,0.3176861937556948,0.4086780455850419,0.5147273015408289,0.2205450428383691,46.6349986848377,0.2515268616733097,0.2515268595445724,6836.766741071428,76.75927098592122,6914.261948094223,1.25e-05,76.75927098592122,0.2423445057301294,0.9268553029923212,7.934522867202759,6836.766909644717,0.1066701685388882,0.1066701660553614
70,train,0.5002688172683921,0.9347134258157463,0.413823331395785,0.2659164117549055,0.2880385724767562,0.413823331395785,0.5241012648148562,0.1327270492310485,18.991942410827964,0.2440689386379334,0.2440689433646458,4120.433923864877,28.178974264411515,4128.1394475969,1.25e-05,,0.2335279426106842,0.9271534751820308,68.67999076843262,4120.433593667964,0.1094083276487166,0.1094083271680339
70,val,0.5083333339009967,0.9256392149698168,0.4082739906651633,0.2655642351933888,0.3136173763445445,0.4082739935034797,0.5184996199040186,0.2214275399843851,45.79833039783296,0.2595331995260148,0.2595332037834894,6477.07781110491,75.11724562872024,6561.780908942945,1.25e-05,75.11724562872024,0.2440241759731656,0.9249621232350668,8.398524045944214,6477.07760765439,0.1046505314963204,0.1046505322058995
71,train,0.5003024193868842,0.930622132875586,0.4130235235457138,0.2670868159301819,0.2944081378399685,0.4130235216229833,0.5173051130747602,0.1336515666015686,19.317348798116047,0.2447435432864773,0.244743547212052,4312.255159029397,28.76340360026206,4318.4522779060135,1.25e-05,,0.234797264299085,0.9266986215627322,66.10148930549622,4312.255166412681,0.1094323001321285,0.109432300652868
71,val,0.5083333339009967,0.910956791469029,0.4071221415485654,0.2733864003703707,0.3305574378796986,0.4071221415485654,0.5035224904616674,0.21566803753376,44.84975642249698,0.2572470165434338,0.2572470236392248,6265.468128022693,74.29541651407878,6345.900561523437,1.25e-05,74.29541651407878,0.2422057092189788,0.9263195707684472,7.671388149261475,6265.46829078311,0.103922066943986,0.1039220690727233
72,train,0.5004704301395724,0.9306047196670244,0.4131157498366089,0.2672339771543779,0.2937655610743389,0.4131157505576328,0.5198823414662833,0.1294303552037285,18.13927633531632,0.2453631923724246,0.2453631984610711,4075.525066867952,27.255002939572897,4082.472970920139,6.25e-06,,0.2348712484041849,0.9268457046760026,66.15255427360535,4075.525063299364,0.1093768215868421,0.1093768221876954
72,val,0.5083333339009967,0.9152087682769412,0.4072447702998206,0.2714306442510514,0.3271334313210987,0.4072447717189789,0.5069351061469033,0.2252763516846157,46.00139908563523,0.2509749702044895,0.250974986524809,6628.333426339285,76.07062494187127,6713.579412286932,6.25e-06,76.07062494187127,0.2441799122662771,0.925649413040706,8.018534183502197,6628.333589099702,0.1052385146419207,0.1052385142871311
73,train,0.5008400537634409,0.9365792314531982,0.4129766382837808,0.2667308862331093,0.2948842740827991,0.4129766382837808,0.5216711213591919,0.1364278018234237,18.01514180757666,0.2422575978662378,0.2422576025128364,3909.556055089479,26.6301680175207,3915.9520334365793,6.25e-06,,0.2358187360949413,0.9262690903038108,65.5976812839508,3909.5557131613455,0.1097220677121352,0.1097220679124196
73,val,0.5083333339009967,0.9073040570531572,0.4062615569148745,0.2751522319657462,0.3343728922662281,0.4062615526573999,0.4984063044899985,0.2286614044791176,45.25260098775228,0.2453404608226957,0.2453404601131166,6417.085559663318,74.76954432896206,6494.559737511837,6.25e-06,74.76954432896206,0.2467709226267678,0.9245032100450424,7.721182823181152,6417.085594540551,0.1050958392165956,0.1050958402809642
74,train,0.501008064516129,0.9295682317467148,0.4129003943294607,0.267833272776296,0.2952393041022362,0.4129003925669577,0.5179837507506212,0.1394007097809545,17.606585643624747,0.2397397767792466,0.2397397813457314,3921.327314766505,26.11658219880956,3927.148838564684,6.25e-06,,0.2356706842459658,0.926620925305992,66.13027286529541,3921.327316489271,0.109884589630109,0.1098845890292557
74,val,0.5083333339009967,0.9048035996300834,0.4053195331777845,0.2763008673985799,0.3439548682598841,0.4053195253724143,0.4947124435788109,0.2268105042832238,45.22813097635905,0.245590886189824,0.2455908918664568,6470.4151611328125,75.13200523739769,6554.724128491951,6.25e-06,75.13200523739769,0.2474018931388855,0.9247112756683712,8.31061577796936,6470.415143694197,0.1067748034284228,0.1067748044927914
75,train,0.5005712365751626,0.9313087771015782,0.4136783305996208,0.2677408785268824,0.2934248451423901,0.413678329798483,0.5226895019251813,0.1331156089661583,17.326055995879635,0.2397725478776039,0.2397725525242026,4254.191924515591,26.04713138969996,4262.040453135686,6.25e-06,,0.2358342735998092,0.92661859784075,65.94371938705444,4254.191584064114,0.1098806906131006,0.1098806908934988
75,val,0.5083333339009967,0.92780663002105,0.4074420034885406,0.2659427779061453,0.3165716039282935,0.4074420006502242,0.5149167016858146,0.2171772739716938,46.62559845334008,0.240808687039784,0.2408086927164168,6654.711861746652,76.23032542637416,6731.941786517519,6.25e-06,76.23032542637416,0.2475338138285137,0.9246981995446342,8.644885778427124,6654.711760021392,0.1076131257272902,0.1076131246629215
76,train,0.5004368280210802,0.929287666755338,0.4131872563432621,0.2676796051122809,0.2933909908257505,0.4131872555421245,0.5191556186845867,0.1337091405225056,17.006911769989998,0.2396714285176287,0.239671432603431,3821.505321092503,25.21662991021269,3828.5507409503566,6.25e-06,,0.2362774060938948,0.9263923341228116,66.83738708496094,3821.505326506912,0.1098245495669944,0.1098245490462549
76,val,0.5083333339009967,0.9119551011494228,0.4071865869419915,0.2734475639604387,0.3307914939664659,0.4071865841036751,0.5035440630856014,0.2242444668497358,44.734792346046085,0.2440473997876757,0.2440474040451504,6280.381992885044,74.29749080113002,6357.6751339074335,6.25e-06,74.29749080113002,0.2465207080046335,0.9250730049042476,7.607638359069824,6280.382004510789,0.1064658934871355,0.1064658927775564
77,train,0.5006720430107527,0.9315566583987204,0.4134089148813678,0.2671332860826164,0.2909172017087219,0.4134089123978409,0.5192216672003269,0.1409593767296242,16.416096164334206,0.2391613457472093,0.2391613502335804,4284.23655856553,25.21519290247271,4292.718194220443,6.25e-06,,0.2359077947274331,0.9264716342572245,67.42767071723938,4284.236559426913,0.1101107343790992,0.1101107347396112
77,val,0.5083333339009967,0.9131047697294326,0.4078875176963352,0.2744248715184983,0.330384910816238,0.4078875176963352,0.5034456976822445,0.22361773394403,44.80738367353167,0.24272031159628,0.2427203165633338,6257.267206101191,74.18997446695964,6335.276691228693,6.25e-06,74.18997446695964,0.2450742735749199,0.9252322571618216,8.101653337478638,6257.267159598215,0.1040387221035503,0.1040387217487607
78,train,0.5001008065157039,0.9300128192670885,0.4134713040404422,0.2681852809844478,0.2949277184983735,0.413471304120556,0.5204339393524713,0.1386449977715489,16.60385142346864,0.2379534480872974,0.2379534522532135,4200.077284495036,25.25634707686721,4208.634535741325,6.25e-06,,0.2354648807837117,0.926919771458513,67.83172583580017,4200.076951426844,0.1100930076853562,0.1100930079256975
78,val,0.5083333339009967,0.9156614144643148,0.4068326907498495,0.2731218118043172,0.3333962389401027,0.4068326850732167,0.5027266009932473,0.2245255290042786,45.18057232811337,0.2417870511611302,0.2417870568377631,6292.570324125744,74.57483491443452,6367.708682528409,6.25e-06,74.57483491443452,0.2486890838259742,0.9244178079423452,7.818756580352783,6292.570219494048,0.110605501348064,0.1106055017028536
79,train,0.5006384408922606,0.929617367764955,0.4132301505374652,0.2675576111482036,0.2933683521164361,0.4132301497363275,0.5212212917945718,0.1430295449431224,16.717459112085322,0.2359979295281953,0.2359979345753628,3827.5646270013626,25.014980121325426,3834.8871388445,6.25e-06,,0.2362081863546884,0.9265636968356308,64.2797749042511,3827.564962079448,0.1104660020960915,0.1104660023764897
79,val,0.5083333339009967,0.917799418880826,0.4065702869778588,0.2704382219484874,0.3297931892531259,0.406570288397017,0.5066379876363845,0.2293806955927894,45.37565994262695,0.2415776337896074,0.2415776401758194,6258.5459216889885,74.65271650041852,6334.53135209517,6.25e-06,74.65271650041852,0.2499426276910872,0.9239275540624348,7.761705160140991,6258.545770554316,0.1109305570522944,0.1109305591810317
80,train,0.5006720430107527,0.9269358360318728,0.41268329426486,0.2682817665639744,0.2972690426213767,0.4126832924222433,0.5164700656808833,0.1461722854004111,16.269214722418017,0.2350075722381633,0.2350075780864685,3798.2532321150575,24.73635166434832,3804.476909023503,3.125e-06,,0.2366075799349815,0.9263904934288352,64.22987413406372,3798.253568136564,0.1104852315238727,0.1104852324051241
80,val,0.5083333339009967,0.9191048457508996,0.4056695415860131,0.2708599077803748,0.331326676976113,0.4056695430051713,0.5033721945115498,0.2270908646640323,44.83409518287296,0.2403280124777839,0.2403280124777839,6146.474963960193,73.78046035766602,6223.615782581676,3.125e-06,73.78046035766602,0.2509290164425259,0.9239830516633534,7.901334285736084,6146.474917457217,0.114137963879676,0.1141379649440447
81,train,0.5012096775475369,0.9255107565913148,0.4124822077411477,0.268995453032755,0.3002742699557735,0.4124822072604651,0.5185117445966249,0.1456578600630965,16.451063827801775,0.2335914890131642,0.2335914923779426,4210.14798063873,24.856947647627965,4217.474840568773,3.125e-06,,0.2367179151824725,0.9264072609204118,65.8281888961792,4210.14798625823,0.1104704081130925,0.1104704083534338
81,val,0.5083333339009967,0.9079670026188804,0.4062981527476084,0.2752047911995933,0.3380517455793562,0.406298150618871,0.4986421898716972,0.2274788476171947,44.9171393258231,0.2393038656030382,0.2393038762467248,6308.929059709822,74.54086212884812,6389.500113932291,3.125e-06,74.54086212884812,0.2490432226941699,0.9240615453038896,7.975822687149048,6308.928920200893,0.1085652325834546,0.1085652322286651
82,train,0.5010416667948487,0.9246098875038086,0.4122235545067377,0.2690743791159763,0.3008463640687286,0.4122235523436659,0.5133187402320164,0.1540525973003397,16.230134723007037,0.2320125135042334,0.2320125179104907,4047.128248932541,24.42595499305315,4055.28323481396,3.125e-06,,0.2376812317518777,0.925878704876028,65.41624307632446,4047.1279113933606,0.1105373754136024,0.1105373750130335
82,val,0.5083333339009967,0.9076911551611764,0.4056065238657452,0.2742717890512375,0.3374060165314447,0.4056065181891123,0.4984774092833201,0.2227760404348373,44.494796026320685,0.2364202106282824,0.2364202134665988,6196.01886858259,74.07627777826218,6274.337835138495,3.125e-06,74.07627777826218,0.2480483679544358,0.9245193260056632,8.946382761001587,6196.018816266741,0.1079237688155401,0.1079237695251192
83,train,0.5006720430107527,0.9281151597538302,0.412861728139462,0.2676010179904199,0.2948650354018775,0.4128617277388932,0.5153258841044159,0.1466465845744135,15.764780016355616,0.2316079871148191,0.231607991681304,4062.50408767372,23.91475227827667,4070.2637616603865,3.125e-06,,0.2366226572663553,0.9265780157299452,67.17756390571594,4062.504430668329,0.110704295737769,0.1107042958178827
83,val,0.5083333339009967,0.9091031835192726,0.407182345078105,0.2752210029533931,0.339431026152202,0.4071823415302095,0.5007895777622858,0.2294644968850272,45.82809293837774,0.2320913381519772,0.2320913416998727,6575.352451869419,76.49857421148391,6654.371762547348,3.125e-06,76.49857421148391,0.2481003332705725,0.9245869063195729,7.613455533981323,6575.352318173364,0.1052942641434215,0.1052942648530006
84,train,0.5005040322580645,0.9281647766149173,0.4132304949866187,0.2688279868133606,0.2971768961638533,0.4132304935846277,0.5191409507746337,0.1549276182808542,16.269961336607572,0.2308572690973999,0.230857272542292,3823.82674572032,24.402959254480177,3823.6086471403487,3.125e-06,,0.2374608080073069,0.9262479361026518,65.6533465385437,3823.827072553737,0.1106803119182586,0.1106803113975191
84,val,0.5083333339009967,0.9093376369703384,0.4059681416977019,0.2743170587789444,0.3390447405122575,0.4059681480839139,0.4992280368294035,0.2236145358710062,44.870448793683735,0.2345022097939536,0.234502219018482,6289.0480550130205,74.31765765235538,6367.253471235796,3.125e-06,74.31765765235538,0.2490550932430085,0.924390815553211,8.196975469589233,6289.048241024926,0.1067505964920634,0.1067505964920634
85,train,0.5008400537634409,0.9282934120906297,0.4128776152608215,0.269276768129359,0.2998330486557817,0.4128776161420729,0.515848693467917,0.156284928442009,15.916900475819906,0.2304654192700181,0.2304654239967305,3821.749462763468,23.56501615944729,3829.226894329855,3.125e-06,,0.2376321783309341,0.9261398488475432,65.16020464897156,3821.7491215941727,0.1107922171552975,0.1107922172354113
85,val,0.5083333339009967,0.9270436252866472,0.4065636850538708,0.2676111658414205,0.3256575330382302,0.4065636850538708,0.5104789478438241,0.2301651714813141,45.50419362386068,0.2345238420225325,0.2345238448608489,6402.583118257068,75.1316264924549,6481.462815163352,3.125e-06,75.1316264924549,0.2529945281289872,0.9229914347330728,7.624976634979248,6402.583542596726,0.1150213153589339,0.1150213185520399
86,train,0.5010752687531133,0.9293063117932248,0.4128074421677538,0.2680036609852186,0.2957446785062872,0.41280744208764,0.5185005067977854,0.1546886528051027,15.691001786980578,0.2316257944831284,0.2316257969666552,3959.1100527445474,23.6637643178304,3966.32331810126,3.125e-06,,0.237427526424008,0.9261407945104824,64.0498309135437,3959.110045607372,0.1107534541077511,0.1107534535469547
86,val,0.5083333339009967,0.9010771002088276,0.4060050064609164,0.277657308039211,0.3443453148716972,0.4060050022034418,0.494467814763387,0.2305386399938946,44.47430928548177,0.2319701831965219,0.2319701917114712,6287.687569754465,74.36448487781342,6366.263253136837,3.125e-06,74.36448487781342,0.2479985242798215,0.9245272846448988,7.803356885910034,6287.687639508928,0.104395656358628,0.1043956560038384
87,train,0.501008064516129,0.9239350089462854,0.4122870720682605,0.2695263564907094,0.3019273686473087,0.4122870708264971,0.5156968609299711,0.145208586207641,16.27905543645223,0.2324654564101209,0.2324654609766057,4155.133109513149,24.5705242823529,4162.794541381425,3.125e-06,,0.2379449609146323,0.9260290934834428,64.96867108345032,4155.133094582507,0.110538607843781,0.1105386087250325
87,val,0.5083333339009967,0.9157260117076692,0.4079134705520811,0.27199563455014,0.3295678716330301,0.4079134691329229,0.5074315134968076,0.2329227910155341,45.536080496651785,0.2364632373764401,0.2364632473105476,6531.685209728423,75.90127454485211,6610.30116743608,3.125e-06,75.90127454485211,0.2479132477726255,0.92486625342142,8.206384897232056,6531.685139973958,0.1045810856989451,0.1045810864085242
88,train,0.5003024193868842,0.926244745331426,0.4129554981826454,0.2692623107183364,0.2996990576546679,0.4129554985031005,0.5161881920711328,0.1516912063203191,15.680313853807348,0.231804672989153,0.2318046790777996,3679.6989287509714,23.651471368728146,3687.1894663646967,1.5625e-06,,0.2390157437773161,0.9256665757907334,64.54293036460876,3679.6982663062313,0.1106192732770596,0.1106192729966614
88,val,0.5083333339009967,0.9171857010750544,0.4083904141471499,0.2712680697441101,0.3262008506627309,0.4083904127279917,0.5097820269209998,0.2376466627631868,44.91707138788132,0.2364039853924796,0.2364039832637423,6433.1606677827385,75.31565893264045,6511.151410097064,1.5625e-06,75.31565893264045,0.2465888311465581,0.9252226125626336,7.56205677986145,6433.160528273809,0.1043542421289852,0.1043542417741957
89,train,0.500739247247737,0.9277260039121874,0.4128568585841886,0.2684996529452262,0.2981640710946052,0.4128568582637336,0.5164175672076081,0.1518313628771612,16.12001104508677,0.2311363151317001,0.2311363179356821,4087.392257280247,24.545878533394102,4095.2390653154266,1.5625e-06,,0.2386327975539751,0.9259644198802208,65.3698902130127,4087.392582370389,0.1107040349674481,0.1107040346870499
89,val,0.5083333339009967,0.9183254412242344,0.4083679020404815,0.2712070821296601,0.3269704658360708,0.4083679006213233,0.5098089845407576,0.2314230913207644,45.04323923020136,0.2384765559718722,0.2384765623580841,6428.027750651042,75.32934279668899,6505.30986180161,1.5625e-06,75.32934279668899,0.2492489559309823,0.9240581620307196,8.116753816604614,6428.027988978794,0.1064923469509397,0.1064923473057292
90,train,0.5010416667948487,0.9251016189334214,0.412650656395702,0.2694843304894304,0.299992697453627,0.4126506578377498,0.5150604224813882,0.1504136860691091,15.189441486071514,0.2310499773230604,0.231049981969659,3622.517124114498,23.05195553072037,3629.406933840357,1.5625e-06,,0.2385783195495605,0.9259857436021168,64.32718086242676,3622.517458146618,0.1106741578588562,0.1106741577386856
90,val,0.5083333339009967,0.9167804235503788,0.4072801917791366,0.272156128571147,0.334146574139595,0.4072801924887158,0.5055804912533078,0.2264829505057562,45.22513071695963,0.2324229003418059,0.232422907437597,6450.217134021577,75.54884047735305,6527.300467566288,1.5625e-06,75.54884047735305,0.2508780516329266,0.9238891005516052,7.659217357635498,6450.217168898809,0.1081471091934612,0.108147110967409
90,val_periodic_epoch_90,0.5083333339009967,0.9167804235503788,0.4072801917791366,0.272156128571147,0.334146574139595,0.4072801924887158,0.5055804912533078,0.2264829505057562,45.22513071695963,0.2324229003418059,0.232422907437597,6450.217134021577,75.54884047735305,6527.300467566288,1.5625e-06,,0.2508780516329266,0.9238891005516052,7.34973931312561,6450.217168898809,0.1081471091934612,0.108147110967409
91,train,0.500739247247737,0.9258009836237918,0.4127363190856031,0.268897872137767,0.2995331458026363,0.4127363190054893,0.514784996067324,0.148292716312152,15.728301366170248,0.2316246527817941,0.231624657348279,3775.771200077508,23.48396263327649,3783.107861266473,1.5625e-06,,0.2382576067441253,0.9260457251020656,63.887553215026855,3775.7712009799097,0.110732781390349,0.1107327808696095
91,val,0.5083333339009967,0.91387958469845,0.4079637605519521,0.2724893320174444,0.3296660489979244,0.407963766228585,0.5070426896924064,0.228025795448394,44.781272434052966,0.2367467788003739,0.2367467851865859,6382.860241117932,74.88046300978888,6462.57227080374,1.5625e-06,74.88046300978888,0.2465187907218933,0.9252411808286396,7.538871765136719,6382.860107421875,0.1025539356328192,0.1025539366971878
92,train,0.5008736560421605,0.9276666742178702,0.4129582011411267,0.2684863773725366,0.2984116859333489,0.4129582026632883,0.5168747157659582,0.1547026382258502,15.798575503851778,0.2308250333993665,0.2308250358027796,3640.52534538187,24.03541588014172,3647.3159321691855,1.5625e-06,,0.2391471753037104,0.9256163450979418,63.89994215965271,3640.526023700673,0.1108378188744668,0.1108378193551494
92,val,0.5083333339009967,0.9118545254071554,0.4078928856622605,0.2743584371748425,0.3341632698263441,0.4078928899197351,0.5038438623859769,0.2293193936347961,44.81452415103004,0.2293645853088015,0.229364588856697,6396.591227213542,75.06077557518368,6476.465450402462,1.5625e-06,75.06077557518368,0.2490122445992061,0.9243647825150264,7.592807292938232,6396.591145833333,0.102964111382053,0.1029641103176843
93,train,0.5008400537634409,0.9250563645875582,0.4127658171358929,0.2693032717672727,0.3005982534058632,0.4127658175364617,0.5165399205620571,0.1537445060588339,15.578981776391306,0.2302122555112326,0.2302122593566935,3894.826750314364,23.35399991209789,3902.461716027051,1.5625e-06,,0.2391888488845158,0.9259215394655864,64.73659539222717,3894.8267510116734,0.1108960030620457,0.1108960024211355
93,val,0.5083333339009967,0.9029072296051752,0.404904482620103,0.2760328522750309,0.3438219896384648,0.4049044812009448,0.4943027368613651,0.230085436786924,44.60813413347517,0.2354591779765628,0.2354591786861419,6259.1411539713545,74.20753460838681,6340.314865944602,1.5625e-06,74.20753460838681,0.2511057094449088,0.9240948643003192,7.686380386352539,6259.141130719866,0.1079381704330444,0.1079381704330444
94,train,0.5008736560421605,0.9264389065004164,0.4126355722146008,0.2684968014558156,0.2976688548762311,0.4126355709327805,0.5161364024044365,0.1518771324346783,15.66876507318148,0.2307411313697856,0.230741136096498,3740.440546097294,23.30952404904109,3748.0914879127786,1.5625e-06,,0.2389984545848703,0.92582921507538,64.03212213516235,3740.4408810113055,0.1109454842504634,0.1109454835294395
94,val,0.5083333339009967,0.916015843550364,0.4066497399693444,0.2713232778367542,0.3310423571439016,0.4066497321639742,0.5052552201918193,0.2293870952867326,44.83327175322033,0.2349631325120017,0.2349631339311599,6309.51824079241,74.577699752081,6386.122490530303,1.5625e-06,74.577699752081,0.251378133893013,0.9234980685370308,7.643780708312988,6309.518368675595,0.1104675123379344,0.1104675102091971
95,train,0.5007056452894724,0.9259052276611328,0.4125625449483112,0.2688802514345415,0.2995634809617073,0.4125625443074011,0.5160232282854537,0.1464692862924709,15.114596292536746,0.2308699669696951,0.23086997153618,3913.0629491908576,23.002907522263065,3919.992335381813,1.5625e-06,,0.2389921517141403,0.9255326428721028,64.21676349639893,3913.063284802181,0.1108849395507125,0.1108849399112245
95,val,0.5083333339009967,0.9180726749556404,0.4069195631004515,0.27015416040307,0.3272151492890857,0.4069195673579261,0.5076903275081089,0.2311848189149584,45.05362692333403,0.2367030183474222,0.2367030226048969,6387.750627790178,74.87665594191779,6464.847974372633,1.5625e-06,74.87665594191779,0.251764870825268,0.9232098857561748,7.454555511474609,6387.750406901042,0.1104121548788888,0.1104121541693097
96,train,0.5003360215053764,0.9249817786678192,0.4126603981500031,0.269905375857507,0.3014041099657294,0.4126603961471588,0.5150456088444879,0.1505416752470116,15.524262400083645,0.2303879385193189,0.230387944047169,3852.051370969383,23.18185797045308,3859.2901688803727,1e-06,,0.2394325176394114,0.9255137302542246,64.24942088127136,3852.05170645765,0.1108024624246423,0.1108024624646991
96,val,0.5083333339009967,0.9097164443561008,0.4054990730115345,0.273774816876366,0.3395433887129738,0.4054990751402719,0.4989071892840521,0.2251402366729009,44.4785324278332,0.230246800042334,0.2302468021710713,6297.2422107514885,74.26018360682896,6376.901132664536,1e-06,74.26018360682896,0.2526525954405467,0.922903972012656,7.653611183166504,6297.242356073289,0.1101705488704499,0.1101705470965022
97,train,0.5003024193868842,0.9252431911806906,0.4129119318339132,0.269834118184223,0.3049693582679635,0.4129119343174401,0.5175905169678792,0.1545905120750909,15.965762197330434,0.2296830322793735,0.2296830362049482,3678.669309923726,23.807554878214354,3685.833580227733,1e-06,,0.2393661031639704,0.9257137291533972,65.28988528251648,3678.6696460067583,0.110828927768174,0.1108289272474345
97,val,0.5083333339009967,0.907597663856688,0.4070192646412622,0.2747426203319004,0.3369157108522597,0.4070192710274741,0.5014695773522059,0.2313819520530246,44.81095468430292,0.2334576007865724,0.2334576100111007,6291.523164295015,74.35357992989677,6368.083142459754,1e-06,74.35357992989677,0.249692080276353,0.923672187896002,7.82498025894165,6291.523106166294,0.1056542939373425,0.1056542960660798
98,train,0.5010752687531133,0.9251084380572842,0.4126528343686493,0.2700473497151047,0.303974251192744,0.4126528322856913,0.5179719320067795,0.1579108520220684,15.727288156427363,0.2283888763637953,0.2283888805297113,4119.073159002489,23.68106714371712,4126.618705857402,1e-06,,0.2400815485305683,0.9252112132887688,64.47470116615295,4119.073165462864,0.1109373393238231,0.1109373389232543
98,val,0.5083333339009967,0.9067317587988716,0.4056668565386817,0.2743345463559741,0.3388103736298425,0.4056668622153146,0.498571712346304,0.2252096327997389,44.68079730442592,0.2371566487210137,0.2371566522689092,6270.752906436012,74.137205578032,6347.90703420928,1e-06,74.137205578032,0.2510212823039009,0.9236869726862226,7.66609787940979,6270.752883184524,0.1089375196468262,0.1089375168085098
99,train,0.5003360215053764,0.9232423994489896,0.4124473381026458,0.269620212816423,0.303256121934742,0.4124473371412805,0.5130437788783863,0.1512473654602804,15.327716860719908,0.2289897825929426,0.228989789402613,3815.477433932725,23.07893822270055,3822.990377961746,1e-06,,0.2395581822561961,0.92549079848874,64.73394083976746,3815.476760207966,0.1109926068093828,0.1109926068093828
99,val,0.5083333339009967,0.9094632863998412,0.4055882699432827,0.2731388495081946,0.3370668632643563,0.405588258590017,0.5002659871464684,0.2288802812496821,44.45442208789644,0.2307248165210088,0.2307248207784834,6218.211053757441,73.86980910528274,6298.472900390625,1e-06,73.86980910528274,0.2520191350153514,0.9231412013371786,7.680834770202637,6218.211164202009,0.1087455153465271,0.1087455167656853
100,train,0.4999663978815079,0.9217990979712496,0.4123208037307185,0.270686116510181,0.3075709233200678,0.4123208047721975,0.513282678140107,0.1542367416444004,15.207345126777566,0.2287595154296967,0.228759519835954,3906.834987312234,23.05810341783749,3914.318197847617,1e-06,,0.2400429904140452,0.9254891849974152,66.49225091934204,3906.835659888483,0.110856758650913,0.1108567586909699
100,val,0.5083333339009967,0.9061777620088488,0.406876082221667,0.2758265393120901,0.3383120184852963,0.4068760815120879,0.4995074165718896,0.2299098627907889,44.20981043861026,0.2303595230692909,0.2303595322938192,6248.509457542783,73.8204202197847,6330.069750976562,1e-06,73.8204202197847,0.2503116031487782,0.9235852020127432,8.398983716964722,6248.509381975447,0.1054348619211287,0.1054348615663392
101,train,0.5005040322580645,0.9260156229939512,0.4127932980015714,0.2694057982455017,0.3026181426580234,0.4127932993635054,0.5146771000838408,0.1558664440708135,15.956969858497702,0.2291837357865866,0.2291837393917063,3927.323957217637,24.138933961109448,3935.007786801528,1e-06,,0.2395203993205101,0.9254545056691734,66.79941296577454,3927.323621278168,0.1110120033544878,0.1110120032743741
101,val,0.5083333339009967,0.9107513314201718,0.4080401162306468,0.2740808853081294,0.331622342978205,0.4080401133923304,0.5050844103097916,0.2325868443364188,44.70227332342239,0.2355140078635443,0.2355140170880726,6265.262945265997,74.29774257114956,6343.6709169330015,1e-06,74.29774257114956,0.2483066199790863,0.9245678725696744,7.657033681869507,6265.262892950149,0.1040095179563476,0.1040095176015581
102,train,0.5009408602791448,0.922999190547133,0.4122062331085564,0.2694692262398299,0.3039505792561398,0.4122062336693528,0.5145210417448193,0.154391162097454,15.446587231851392,0.2281340216436694,0.228134026290268,3893.036557925645,23.201507922141783,3900.375260396116,1e-06,,0.2399698364478285,0.9254526428637966,64.9329035282135,3893.036560407249,0.1109894276947103,0.1109894272941415
102,val,0.5083333339009967,0.9133954700969514,0.40658705220336,0.2736830498491014,0.3389577553385779,0.4065870550416764,0.5015539349544615,0.2316883852084477,44.718724750337145,0.2303916031406039,0.2303916073980785,6296.534045991443,74.58773676554362,6369.828832267993,1e-06,74.58773676554362,0.2533586940595081,0.923214024021512,7.944983959197998,6296.533883231027,0.1104876239384923,0.1104876274863879
103,train,0.5003024193868842,0.9260341568339256,0.4128809867687122,0.2699493695330876,0.3036194578293831,0.4128809862479727,0.5155208805095284,0.1580162538235546,15.33360154141662,0.2279326230768234,0.2279326275631945,3808.32528366581,23.012589070104784,3815.3069431086574,1e-06,,0.2401668108118477,0.9254032713110728,64.26210761070251,3808.325287275417,0.1110763476901156,0.1110763476901156
103,val,0.5083333339009967,0.9228431043170748,0.4069115895600546,0.2684103136970883,0.3269747311160678,0.4069115860121591,0.5105129636469341,0.2258602983894802,45.10100918724423,0.2327920361643745,0.2327920439697447,6333.905442010789,74.74839401245117,6412.129332386364,1e-06,74.74839401245117,0.2526602007093884,0.9232631751469204,7.947744846343994,6333.905442010789,0.1119028397259258,0.1119028354684511
104,train,0.5003360215053764,0.9232787526743388,0.4125402528111652,0.2700871570456412,0.3040691761560337,0.4125402533719616,0.5153271789031644,0.1579454297059646,15.047512254407328,0.2274547985164068,0.2274548049255084,3684.832421005413,22.831787986140096,3690.983980881405,1e-06,,0.2398703576576325,0.9255147092444922,64.33956289291382,3684.83208399947,0.1111535520082519,0.1111535520883657
104,val,0.5083333339009967,0.9161378287133716,0.4069218018225261,0.2710693897235961,0.3306191762288411,0.4069217961458933,0.5066110470465252,0.2253670323462713,44.97997520083473,0.2310113175993874,0.2310113190185456,6387.102039155506,74.84175981794085,6471.900806403883,1e-06,74.84175981794085,0.2509598668132509,0.9238113590649196,7.65505313873291,6387.10207984561,0.1074537184266817,0.1074537180718921
105,train,0.4998991935644098,0.924815885482296,0.4132099055474804,0.270848904325757,0.3050668540020143,0.4132099045861152,0.5156474711113078,0.1553168305626479,15.476858082637992,0.2280160017231459,0.2280160065299721,3582.7992997938586,23.33790214343737,3589.8748493438616,1e-06,,0.239663907196573,0.9255660948573902,63.661847829818726,3582.798958480999,0.1109782441729499,0.1109782435320397
105,val,0.5083333339009967,0.9011545692171368,0.4063845163299924,0.2782355539855503,0.346551368633906,0.4063845120725177,0.4948166772013619,0.2261424348467872,44.31140935988653,0.2285805976107007,0.2285806004490171,6314.926751999628,74.3270614260719,6396.079512902462,1e-06,74.3270614260719,0.2498940037829535,0.9242517181805202,7.642532825469971,6314.926792689732,0.1044630369260197,0.1044630365712302
106,train,0.5005712364950488,0.9221347129793578,0.4121538286087333,0.270175572364561,0.304021391977546,0.4121538272467993,0.5160309840594569,0.1451536517149658,14.543842964274909,0.2284367761464529,0.2284367799118001,3484.348662140549,22.02205922526698,3491.0070453682333,1e-06,,0.239717163866566,0.9255848863432484,64.0430417060852,3484.3486627148045,0.1110060903574189,0.1110060901971914
106,val,0.5083333339009967,0.9162755722091313,0.4089792023102442,0.2725120073273068,0.3271565366358984,0.408979200891086,0.5096191373609361,0.2318233237380073,45.18013490949358,0.2341325786851701,0.2341325836522238,6359.00043015253,74.78500202723912,6438.785416666667,1e-06,74.78500202723912,0.2483387234665098,0.9247996807098388,8.29154920578003,6359.000633603051,0.1044059519966443,0.1044059534158025
107,train,0.5008736560421605,0.9244178788315864,0.4126229846189099,0.2693472828275414,0.3022994251661403,0.4126229856603889,0.5156012265592493,0.1479003805146422,15.60610919357628,0.2285134939737217,0.2285135003828233,4055.171908634965,23.61367671207715,4062.153832514599,1e-06,,0.2396735444825182,0.925727608703798,63.700196504592896,4055.1719098655126,0.1111130573416269,0.1111130570612287
107,val,0.5083333339009967,0.9134778352010816,0.4072209426334926,0.2724888026714325,0.3310520797967911,0.4072209440526508,0.505118143700418,0.2258345257668268,45.36049806504023,0.2312590415988649,0.231259048694656,6422.863246372768,74.99431464785621,6506.533519767992,1e-06,74.99431464785621,0.2499309437615531,0.9240570408957344,7.677566528320312,6422.863170805432,0.1077518899525914,0.1077518895978019
108,train,0.5000672043170981,0.9236024566875992,0.4128305872762075,0.2704417146341775,0.3046890546878179,0.4128305868756386,0.5154215266066854,0.1509595658349734,15.276437738890287,0.2279887628811661,0.227988767447651,3665.512731121432,22.793494575767102,3672.4322434550586,1e-06,,0.2398177620063546,0.9256028593868336,64.09927439689636,3665.512740165957,0.11108295847812,0.1110829586784045
108,val,0.5083333339009967,0.9111468536513192,0.4065566133885157,0.2732159268288385,0.3356496762661707,0.4065566105501992,0.5024333220152628,0.2289382701828366,44.60826664879208,0.2317506670951843,0.2317506670951843,6282.464105515253,74.36575862339565,6358.571333451705,1e-06,74.36575862339565,0.2513676030295236,0.9237621085984368,7.762568950653076,6282.464105515253,0.1079889663628169,0.107988967072396
109,train,0.5003024193868842,0.9253560650733208,0.41297912858026,0.2695714931494446,0.3018011095863516,0.4129791288206013,0.5178376908103625,0.1422192931415573,15.038352289507468,0.2278586134154309,0.2278586183824847,3551.107822172103,22.45809702463048,3556.9479015414563,1e-06,,0.2396088137581784,0.9257588114148828,65.56679797172546,3551.108157537317,0.1112102464402234,0.1112102467206216
109,val,0.5083333339009967,0.9173901336533684,0.4058070260853994,0.2703079162609009,0.333703393027896,0.4058070267949785,0.5048198444502694,0.2231208689156033,45.26574180239723,0.2312267678124564,0.2312267727795101,6398.642281668527,75.1619865780785,6478.485700757576,1e-06,75.1619865780785,0.252291780142557,0.9234755408196222,7.611103773117065,6398.642200288318,0.1120882708401907,0.1120882701306116
110,train,0.500369623784096,0.9222087494788632,0.4121551259711224,0.2704183938362265,0.30513838542405,0.4121551276535116,0.5119972132066245,0.1468912222452702,14.699113112623971,0.2273738839293039,0.2273738899378366,3511.272759017124,22.104982458135133,3517.988854590008,1e-06,,0.2403761436061192,0.925416475021711,64.14548921585083,3511.27275959138,0.1112011976700316,0.1112011978302591
110,val,0.5083333339009967,0.908972558521089,0.4069206111487888,0.2739713383572442,0.3338531085423061,0.4069206168254216,0.5025847284566789,0.2322866299322673,44.396382286435085,0.2292527442886716,0.2292527449982506,6226.316196986607,73.93572761898949,6307.89521928267,1e-06,73.93572761898949,0.2498593578735987,0.9239927161307562,7.576604843139648,6226.316016787574,0.1063489779120399,0.1063489782668295
111,train,0.4995967742576394,0.9242318379943087,0.4129674052519183,0.2696849114952548,0.3023271095207942,0.4129674046110081,0.5137037891213612,0.1453651321991797,14.199020865142986,0.2278284759771439,0.227828481504994,3571.8232835338963,21.77366110586351,3578.0227783203127,1e-06,,0.2395240863164266,0.92562366012604,65.1059205532074,3571.823288456086,0.1112590094888082,0.1112590090882393
111,val,0.5083333339009967,0.9125895216351464,0.40670988318466,0.2729867561942055,0.3367867455596015,0.4067098767984481,0.5034361339750744,0.2282977664754504,44.409477778843474,0.2343613987877255,0.2343614030452001,6286.318365187872,74.46032769339425,6363.705146188447,1e-06,74.46032769339425,0.2521264652411143,0.9232717752456664,8.289569854736328,6286.318202427456,0.1103829617301623,0.1103829603110041
112,train,0.5003360215053764,0.920638193366348,0.4122272123412419,0.271339212934817,0.3089868818079271,0.412227211620218,0.5161915845287743,0.1431531869876448,15.243602270721109,0.22757039707835,0.2275704000425595,3547.232382087297,22.800589520444152,3553.6627648350363,1e-06,,0.2403084280830557,0.9254371629607292,65.32737398147583,3547.232043317569,0.1109916686370808,0.1109916691578203
112,val,0.5083333339009967,0.9128747014772324,0.4076891257649376,0.2731458920808065,0.3313965712274824,0.4076891264745167,0.505558084164347,0.2290029582523164,44.72346269516718,0.2304508317084539,0.2304508345467703,6290.4868396577385,74.4927377246675,6369.332981178977,1e-06,74.4927377246675,0.2493415247826349,0.9246963773454938,7.562650203704834,6290.486700148809,0.1042310843865076,0.1042310889987718
113,train,0.5003024193868842,0.9246455536734672,0.4129721823559013,0.2697134835104788,0.3022214431435831,0.4129721785905541,0.5148184212946123,0.1440255002028519,14.605799592951293,0.2282106766617426,0.2282106811481137,3583.856130353866,22.468108941149968,3590.7527608441183,1e-06,,0.2395710325849953,0.925649889374292,64.03791785240173,3583.855788302678,0.1111797176862275,0.1111797174859431
113,val,0.5083333339009967,0.911590420064472,0.4065393280415308,0.2734239243325733,0.3372591450100853,0.4065393280415308,0.5021984371401015,0.2260214019389379,44.53296261742001,0.2326081111317589,0.2326081111317589,6219.362606956845,74.07745470319476,6298.010088926373,1e-06,74.07745470319476,0.25307649515924,0.9227355746995836,7.910784006118774,6219.362630208333,0.1101400458386966,0.1101400451291175
114,train,0.5000672043170981,0.9280297483808252,0.4133741640916434,0.2699217909286099,0.3034064888313252,0.4133741616882304,0.5177428017780986,0.1460942646428462,15.54046405002635,0.2278367910654314,0.2278367952313474,3569.787303022159,23.30853650903189,3572.646804758194,1e-06,,0.2403312721239623,0.9253891751330386,63.66388511657715,3569.7873032682687,0.1111126880972616,0.1111126878969771
114,val,0.5083333339009967,0.916076021535056,0.4072030740124838,0.2732793653295153,0.3356408561979021,0.4072030725933256,0.503562270175843,0.2255979215814954,44.79603204273042,0.2308671453169413,0.230867156670207,6259.307163783482,74.29426029750279,6336.446769945549,1e-06,74.29426029750279,0.2539785277275812,0.9232347579229444,7.893643856048584,6259.307041713169,0.1104652431039583,0.1104652384916941
115,train,0.5003360215053764,0.9249847214068136,0.4130074918590566,0.2704143273413822,0.3042841969478514,0.4130074931408769,0.5173116535429032,0.144093903021947,14.728715009586786,0.227830992751224,0.2278309954750922,3601.243617765365,22.11728496448968,3607.8155383588487,1e-06,,0.2401290605625798,0.9255474504604134,65.08088874816895,3601.2432806363668,0.1111561955623729,0.111156195522316
115,val,0.5083333339009967,0.9160173875944956,0.40753959048362,0.2725010833569935,0.3344482963993436,0.40753959048362,0.5058223945753915,0.2285698609692709,45.46690759204683,0.2290044739132835,0.2290044795899164,6385.959705171131,75.19407127017067,6462.576914654356,1e-06,75.19407127017067,0.2519692324456714,0.9235211099897112,7.621982574462891,6385.959710984003,0.1083842366933822,0.1083842363385927
116,train,0.4999327957630157,0.925749306236544,0.4132739479343096,0.270046075505595,0.3029129876885363,0.4132739454507828,0.5161015182252853,0.1428185061261218,15.03066026010821,0.2280930678850861,0.2280930732527087,3654.822621212211,22.88464191395749,3661.653041729141,1e-06,,0.2402259761127092,0.9253051816135324,65.99609446525574,3654.822959366665,0.1113155404085754,0.1113155406489167
116,val,0.5083333339009967,0.9105777797244844,0.4067205509969166,0.2741621427592777,0.3388842422337759,0.4067205566735494,0.5012364174638476,0.2256832349868048,44.62237140110561,0.2296983542896452,0.2296983542896452,6263.645147414434,74.25402323404948,6340.717294773911,1e-06,74.25402323404948,0.252602810660998,0.9229231306484768,8.792657136917114,6263.6451416015625,0.108419293094249,0.1084192934490385
117,train,0.5004704301395724,0.9245068105638669,0.4130170137811733,0.2701711599384584,0.3035210909381989,0.4130170115379877,0.5147898404668736,0.1433539585240425,14.87659954255627,0.2279683692000245,0.2279683746477609,3492.216303056286,22.28780193226312,3499.0736010002365,1e-06,,0.2407881426074171,0.925267482316622,66.15007019042969,3492.216304061233,0.1111966059493121,0.1111966053084019
117,val,0.5083333339009967,0.920247143223172,0.4063281743299393,0.2703713192826226,0.3358956915991647,0.4063281757490976,0.5060405220304217,0.2271737271831149,45.555679230462935,0.2334536782332829,0.2334536817811784,6414.1475016276045,75.31312724522182,6490.162014678031,1e-06,75.31312724522182,0.256614707765125,0.9221943134353274,7.878813743591309,6414.14740280878,0.1145515778944605,0.1145515789588292
118,train,0.5007056452894724,0.9255126634592652,0.4128927458678522,0.2693142679429823,0.3001250864997987,0.412892746989445,0.5144534782376341,0.1408407769456345,14.737260659535728,0.2289180170784714,0.2289180225262078,3507.96040750319,22.17564655632101,3514.3757251058764,1e-06,,0.2405984134122889,0.9252555918308996,64.890141248703,3507.9600710715017,0.111265655967497,0.1112656562078383
118,val,0.5083333339009967,0.9151516755421956,0.4079769956214087,0.2725756083215986,0.3315439756427492,0.4079769963309878,0.5068145465283167,0.2250810975120181,45.07463100978306,0.2326822784684953,0.2326822848547072,6389.268833705357,75.05993761335101,6462.609229995265,1e-06,75.05993761335101,0.2509206937892096,0.923703304358891,7.769516229629517,6389.269025530134,0.1069702158371607,0.1069702158371607
119,train,0.4997647850103275,0.925742845701915,0.4133244752082773,0.2700225432874054,0.3032925519891964,0.4133244744872534,0.5147710834299365,0.1362597107166244,14.870315654303438,0.2283381991969642,0.2283382014401497,3675.621398310508,22.51177235572569,3680.002000452934,1e-06,,0.2402437946168325,0.9253348829925702,64.90778064727783,3675.620387087586,0.1111904707967594,0.1111904705163612
119,val,0.5083333339009967,0.9089325751577104,0.4075936398335865,0.2753481453373319,0.3374313286372593,0.4075936419623239,0.5019166171550751,0.2256749208484377,44.46691031683059,0.2315913729724429,0.2315913807778131,6242.7642822265625,74.01117288498651,6321.59072635535,1e-06,74.01117288498651,0.2494733738047736,0.92419684784753,8.020964622497559,6242.764293852307,0.1042917356604621,0.1042917356604621
120,train,0.500369623784096,0.9241064339876176,0.4128514612393995,0.2701692426557182,0.3043554002238858,0.4128514595570103,0.5156759555621814,0.1366553842340425,15.276110884963826,0.2270360724419675,0.2270360763675423,3538.074505631642,22.915230935619725,3544.7377311526725,1e-06,,0.2406397996250019,0.9254067754873664,64.99460959434509,3538.0748448525705,0.1113834636666441,0.1113834628254495
120,val,0.5083333339009967,0.9065278853688922,0.4080207000176112,0.2764552774883452,0.338671401143074,0.4080206985984529,0.5015815737701598,0.2209330889440718,44.74625787280855,0.2279776185750961,0.2279776214134125,6339.86328125,74.60599881126767,6419.286097301137,1e-06,74.60599881126767,0.2494767137936183,0.9236315488815308,7.560858249664307,6339.863368443081,0.1023066778268132,0.102306676407655
120,val_periodic_epoch_120,0.5083333339009967,0.9065278853688922,0.4080207000176112,0.2764552774883452,0.338671401143074,0.4080206985984529,0.5015815737701598,0.2209330889440718,44.74625787280855,0.2279776185750961,0.2279776214134125,6339.86328125,74.60599881126767,6419.286097301137,1e-06,,0.2494767137936183,0.9236315488815308,7.372372388839722,6339.863368443081,0.1023066778268132,0.102306676407655
121,train,0.5003024193868842,0.9239210649844138,0.4129221763021202,0.2704207463770784,0.3044358273186991,0.4129221771032579,0.5128820448793391,0.1333598949375652,14.37138960951118,0.2280674770634661,0.2280674819504061,3828.8385599608064,21.816320844875868,3836.360725644301,1e-06,,0.2403910509360733,0.9253352284431458,63.80908226966858,3828.838562832084,0.1113799686233202,0.1113799688636615
121,val,0.5083333339009967,0.8984619322277251,0.405501174784842,0.2789494494597117,0.3490029850176402,0.4055011691082091,0.4915850797579402,0.2200297592651276,44.29716727847145,0.22467626560302,0.2246762698604947,6177.86213030134,73.62362616402763,6255.846426669034,1e-06,73.62362616402763,0.2521534618877229,0.9233950887407576,7.6068947315216064,6177.862008231027,0.1064366492487135,0.1064366513774508
122,train,0.5005376345367842,0.925667501585458,0.4129637959663585,0.2697299299861795,0.300700282537809,0.4129637980493166,0.5167947463210552,0.1338292597442545,14.91104866612342,0.2277201346812709,0.227720139167642,3485.7611871124595,22.382380606025777,3489.4984313759337,1e-06,,0.240209828861939,0.9255090788487466,65.56301236152649,3485.761525061823,0.1114784667809163,0.1114784670212576
122,val,0.5083333339009967,0.9125931660334268,0.4083439736139206,0.2744982093572616,0.3359274374587195,0.4083439764522371,0.5049718625488735,0.2214152018229166,45.16675476800828,0.2274268610136849,0.2274268652711595,6341.498907180059,74.8098620460147,6419.248446377841,1e-06,74.8098620460147,0.2507376599879491,0.9236908725329808,7.668507814407349,6341.498773484003,0.1057710069276037,0.1057710033797082
123,train,0.4999327957630157,0.9251854067207664,0.4133347550867706,0.2708473789595788,0.3046949777391649,0.4133347566089322,0.5164312559670658,0.1343009884078656,14.671665207032234,0.2276457053038381,0.227645709870323,3497.643372033232,22.238069839375,3497.9964757643165,1e-06,,0.2405332825196686,0.9253225240015216,64.76072716712952,3497.6433752121466,0.1114622360916547,0.1114622362518823
123,val,0.5083333339009967,0.9154195359774998,0.4084835818835667,0.2731562682560512,0.3333266100713185,0.4084835825931458,0.5074311168420882,0.2229217588901519,45.089915865943546,0.2286008823485601,0.2286008901539303,6319.722406296503,74.71497472127278,6395.851035748106,1e-06,74.71497472127278,0.2512639030104592,0.923312363170442,8.089112758636475,6319.722522553943,0.1054423366274152,0.1054423376917839
124,train,0.5005040322580645,0.9240143215784462,0.4129421683729335,0.2708765148956288,0.3049061511472989,0.4129421682928198,0.5147630512233703,0.1295186647324152,14.857601337535408,0.2276124200353058,0.2276124250824733,3851.564585224274,22.426634224512245,3858.70191775749,1e-06,,0.2411796529126423,0.9251724116263852,63.795305490493774,3851.564923645348,0.111455922004997,0.1114559216044282
124,val,0.5083333339009967,0.897808313369751,0.4060069308394477,0.2801011424689066,0.3510693992887224,0.4060069251628149,0.4910521003462019,0.2245777384156272,44.063598451160246,0.2245081478641146,0.2245081514120102,6200.593383789063,73.75052352178665,6279.305713630445,1e-06,73.75052352178665,0.252159596199081,0.9233505044664656,7.549167394638061,6200.593343098958,0.1048168518713542,0.104816850452196
125,train,0.5002016130314079,0.9238819946204464,0.4127205865037057,0.270066060045714,0.3035565819791568,0.4127205865838194,0.5140313308645961,0.1311700336074316,14.386028551286266,0.2279927186587805,0.227992724747427,3616.9684690660047,21.94830673740756,3624.3721100572784,1e-06,,0.2404804011025736,0.9254115114929856,64.54189896583557,3616.968472429501,0.111487459912095,0.1114874596316968
125,val,0.5083333339009967,0.912064600558508,0.4072920616183962,0.2737028612976983,0.3339086870352427,0.4072920552321842,0.5035569781348819,0.2200882257450194,44.582879929315474,0.232031578818957,0.2320315816572734,6189.2346598307295,73.7755613781157,6264.436767578125,1e-06,73.7755613781157,0.251564228108951,0.9236328828902473,7.587120532989502,6189.234665643601,0.1069567129015922,0.1069567139659609
126,train,0.500739247247737,0.9233879852359012,0.4124584288126038,0.2704985974937356,0.3053838779689163,0.4124584282918643,0.5148784764992294,0.1258125348036648,14.823467628930205,0.2286013311916782,0.2286013359183906,3928.344787597656,22.440456421144543,3936.093485884233,1e-06,,0.2410643051869125,0.9251952411666992,64.64712429046631,3928.345119927519,0.1114343152411522,0.111434315641721
126,val,0.5083333339009967,0.907874467827025,0.4073529413768223,0.2760844656399318,0.3396080959410894,0.407352939248085,0.5001592657395771,0.2195616329000109,44.82168560936337,0.2280057370662689,0.2280057420333226,6248.881179082961,74.17110624767486,6326.2805138790245,1e-06,74.17110624767486,0.2523993984574363,0.9230504319781349,7.580815315246582,6248.8811442057295,0.1072057095311936,0.1072057095311936
127,train,0.500134408634196,0.9227832536543568,0.4127807323169964,0.2706747603031896,0.3052459666805883,0.4127807319965413,0.5117733436886982,0.1246515864967018,14.943459805621895,0.2286799978665126,0.2286800029136801,3795.196310515045,22.41918957617975,3802.612473993269,1e-06,,0.2406918077218917,0.9252148168061368,63.5344512462616,3795.196640096685,0.111389535048636,0.1113895348884085
127,val,0.5083333339009967,0.9189064559482392,0.4057579054718926,0.2712867579289845,0.3372479074058078,0.4057579061814717,0.5032341416393008,0.2213560669195084,45.10659154256185,0.2317570270526976,0.231757036277226,6273.6572672526045,74.54607046218146,6347.710785097064,1e-06,74.54607046218146,0.2562041013013749,0.922572155793508,7.542975187301636,6273.657342819941,0.1159536554699852,0.1159536526316688
128,train,0.4995295699004844,0.9231015793097916,0.4133235939568089,0.2719042091279901,0.3091702458038124,0.4133235941971502,0.514989731532912,0.1254510676027626,14.858471173112113,0.2292678817625968,0.2292678852074889,3853.393247255715,22.61032820773381,3860.983004010647,1e-06,,0.2408383755433944,0.925378305296744,65.56982111930847,3853.393247419788,0.1113054207576218,0.1113054211982475
128,val,0.5083333339009967,0.9066455931890578,0.4065134184701102,0.2758121178263709,0.3402036407164165,0.4065134184701102,0.498713819753556,0.2207144491729282,44.59990437825521,0.2310351573285602,0.2310351573285602,6188.689877464658,73.72858011154901,6265.956406841856,1e-06,73.72858011154901,0.2516635180938811,0.9238269272304716,7.536389827728271,6188.690086728051,0.1049171640049843,0.1049171625858261
129,train,0.5005376345367842,0.9218682106784596,0.4123444955355377,0.270748482836831,0.3057703391839099,0.4123444955755946,0.5137442585922056,0.1233001106008086,14.433051639987577,0.229214481929297,0.2292144889793088,3528.847058080858,21.68557855647097,3535.916536150075,1e-06,,0.2409452345742974,0.9253103777926456,63.727168798446655,3528.847061895556,0.1114338924006749,0.1114338923205611
129,val,0.5083333339009967,0.898888193425678,0.4065850001005899,0.2798005995296296,0.3485623612290337,0.4065850064868018,0.4932024478912353,0.220612706882613,43.87876319885254,0.2302123932611374,0.230212396809033,6081.115054175967,73.15091487339565,6158.440861742424,1e-06,73.15091487339565,0.2513816626298995,0.9235087888581412,7.738306045532227,6081.115118117559,0.1044052679623876,0.104405267607598
130,train,0.5003024193868842,0.92180284072635,0.4126478215699555,0.2712789323701653,0.3083475199277683,0.4126478218102968,0.5118876698837486,0.121995250844667,14.450208853649835,0.2295956435383007,0.2295956465826239,3539.637175119052,21.56571437979257,3546.8320966110487,1e-06,,0.2410294599430535,0.925144524343552,64.05586624145508,3539.637507838588,0.1113440673998607,0.1113440667589505
130,val,0.5083333339009967,0.9116366505622864,0.4077351767392385,0.2742745734396435,0.3379254248880204,0.4077351717721848,0.5038915375868479,0.2240278529269354,44.91361227489653,0.2310888859487715,0.2310889008499327,6306.570347377232,74.72241556076776,6380.613688151042,1e-06,74.72241556076776,0.2514959971110026,0.9234799799464998,7.792851448059082,6306.570457821801,0.1070635467767715,0.1070635446480342
131,train,0.5005712364950488,0.9224243894700082,0.4122335438927014,0.2713047674586696,0.309471793072198,0.4122335458154319,0.5111866607781379,0.1252017115312878,14.88733006549138,0.2292022973459254,0.2292023010311588,3719.951195214384,22.26653951726934,3727.369825554536,1e-06,,0.2410914318696145,0.9253122303434598,65.4229371547699,3719.950865755799,0.1113577454240732,0.1113577453039025
131,val,0.5083333339009967,0.9005939421199617,0.405344443661826,0.2796924107131504,0.3538019699709756,0.4053444457905633,0.4894708203417914,0.2188225062120528,44.38444064912342,0.2315327574809392,0.2315327624479929,6101.904442196801,73.23038973127093,6175.564389500473,1e-06,73.23038973127093,0.2560100619282041,0.9226068570500328,7.608033895492554,6101.904593331473,0.1090865011016527,0.1090865018112318
132,train,0.5001680107526881,0.922215433210455,0.4124429205893188,0.2705531072232031,0.3067609517965265,0.4124429209898876,0.5121477859955962,0.1193913081961293,14.793816071684642,0.2299397577361394,0.229939763103762,3767.8740488277967,22.318718864071755,3772.782758041022,1e-06,,0.2405430950945423,0.925464221867182,64.74980521202087,3767.874386982251,0.1114164544369584,0.1114164549176411
132,val,0.5083333339009967,0.910392091387794,0.4079259733359019,0.2749749620755513,0.3356010949327832,0.4079259726263228,0.5031386698995318,0.2205826193094253,44.86836533319382,0.234896468264716,0.2348964767796652,6266.835007440476,74.20630191621326,6343.159654651989,1e-06,74.20630191621326,0.251832351798103,0.9233223966189792,7.690863370895386,6266.834879557292,0.1071330660155841,0.1071330645964259
133,train,0.5006720430107527,0.9202767274072092,0.4122456591776622,0.2716507432601785,0.3094213286875397,0.4122456581361832,0.5087095134921612,0.118157756504833,14.4998071757696,0.2308842444451906,0.2308842484508791,3837.731466108753,22.152025643215385,3844.683582652699,1e-06,,0.2404218651754881,0.925511775798695,63.78906869888306,3837.731132999543,0.1112882916324882,0.1112882916725451
133,val,0.5083333339009967,0.912404023465656,0.4070346249001367,0.2726770752952212,0.3344875318663461,0.4070346249001367,0.504583532611529,0.2224164860589163,44.952353159586586,0.2328391884054456,0.2328391933724993,6298.923351469494,74.46934309459868,6375.423887310606,1e-06,74.46934309459868,0.2512465594779877,0.9238398983365014,7.691235303878784,6298.92328171503,0.1066284137112753,0.1066284112277485
134,train,0.4998991935644098,0.922876190113765,0.4129989983574036,0.27088495608299,0.3064630886399618,0.4129990007608167,0.5118644159807954,0.1159297893604924,14.131217269487278,0.2314999108352969,0.2314999141199614,3421.5835712596936,21.415607490847187,3427.540450936777,1e-06,,0.2407476096063532,0.9253756003354184,64.1530966758728,3421.583233412876,0.1112835877524909,0.1112835872718083
134,val,0.5083333339009967,0.9217451158024016,0.405524424853779,0.2710604178053992,0.3374586502710978,0.4055244156292507,0.502700225228355,0.221794775554112,44.97845904032389,0.2381830648297355,0.2381830712159474,6253.700567336309,74.24138641357422,6326.563889382102,1e-06,74.24138641357422,0.2594007487807955,0.9217836487860906,8.243879318237305,6253.700689406622,0.117934688216164,0.1179346864422162
135,train,0.5010416667948487,0.9211158005781072,0.4121917375633793,0.2709695893910623,0.3069460395202842,0.4121917358809902,0.5121143449057814,0.1177618851664886,14.575654606665337,0.2313971386481357,0.2313971463390575,3789.750514225293,22.00607813045543,3797.178069092208,1e-06,,0.2411197195610692,0.9252210525415276,63.66953682899475,3789.750177568005,0.1112088484549394,0.1112088487353376
135,val,0.5083333339009967,0.9169938904898508,0.4080709800833747,0.2717926970549992,0.3307938284817196,0.4080709815025329,0.5082622340747288,0.2230622456187293,45.51903742835636,0.2322957529908134,0.2322957650536582,6354.267113095239,74.76617268153599,6431.146802497633,1e-06,74.76617268153599,0.2524635635671161,0.9229199999854678,7.915545225143433,6354.267194475447,0.107620572405202,0.1076205738243602
136,train,0.5003024193868842,0.9218452686584124,0.4125695343940488,0.2714662004702834,0.3073079420193549,0.4125695334326836,0.5102842826676625,0.1143243936120822,14.233636938115602,0.2311478233946267,0.2311478273202014,3521.6788395707326,21.55301032527801,3528.66228864779,1e-06,,0.2408711384701472,0.9253568729405762,64.00132703781128,3521.6788414780813,0.1113607344287698,0.1113607341083147
136,val,0.5083333339009967,0.9111495330220176,0.4070951505785897,0.2741212433292752,0.3385604400010336,0.407095152707327,0.5023585792098727,0.2229339303005309,45.09256480989002,0.237243340128944,0.2372433465151559,6409.7970784505205,75.08830333891369,6485.979601680871,1e-06,75.08830333891369,0.2523644069830577,0.9233475696472896,7.723944425582886,6409.7970784505205,0.1079710608436947,0.1079710633272216
137,train,0.5004704301395724,0.921249181673091,0.4124930568279759,0.2712951639006214,0.3073133860704719,0.4124930549052454,0.5114672872167761,0.1120158109653701,14.508227561109807,0.2316308434932462,0.2316308496620065,3622.2026750503046,21.993471530175977,3628.5139648643008,1e-06,,0.2406669078815368,0.9254445299025504,64.8012707233429,3622.202340156801,0.1113249795731677,0.1113249800538504
137,val,0.5083333339009967,0.9152210525103978,0.4069032782600039,0.2729571851946059,0.3357983394747689,0.4069032782600039,0.5035552701779774,0.2227252097356887,44.8298074631464,0.2355348212378365,0.2355348254953111,6265.497889927456,74.33981741042365,6338.032238399621,1e-06,74.33981741042365,0.2536806570632117,0.9232336509795416,8.09572148323059,6265.497855050223,0.1097687003867966,0.1097686979032698
138,train,0.5003360215053764,0.9218739046845384,0.4125724550216428,0.2717384083937573,0.3092306982125005,0.4125724543406758,0.5141253451746638,0.1147064081323082,15.02575796650302,0.2316221829543831,0.2316221849572274,3476.2130859949257,22.664965752632387,3482.6800964971985,1e-06,,0.2412703321665845,0.9253825353037928,65.88495707511902,3476.2127525575697,0.1111995111550054,0.111199510954721
138,val,0.5083333339009967,0.9116393526395162,0.4072083234786987,0.2740100437686557,0.3355414023001988,0.4072083178020659,0.502755344623611,0.2244779836563837,45.30619721185593,0.2370443585373106,0.2370443620852061,6387.804920014881,75.04019891648065,6462.639814157197,1e-06,75.04019891648065,0.2524306071656091,0.9234638810157776,7.757941007614136,6387.805036272322,0.1081447218145642,0.108144720395406
139,train,0.500134408634196,0.920103328683043,0.4121551566546963,0.2720187126148131,0.311305572749466,0.41215515673481,0.5108056356429412,0.1168263483872657,14.524706999460856,0.2311186482829432,0.2311186509266976,3429.420098335512,22.037184735780123,3435.207248387192,1e-06,,0.2418151083652691,0.9250427343512094,64.41001176834106,3429.420100468461,0.1114643018252106,0.1114643018652675
139,val,0.5083333339009967,0.9095205465952556,0.4072462980236326,0.2746668330260685,0.3383634381351016,0.4072462930565789,0.502204152799788,0.2229799018019721,45.12129147847494,0.2341761922552472,0.2341761936744054,6278.337012881324,74.52310071672711,6348.278620679451,1e-06,74.52310071672711,0.2521239604268755,0.9232930427505855,7.873415231704712,6278.337164015997,0.1089484127504485,0.1089484127504485
140,train,0.5005376345367842,0.9215114863329036,0.412221523542558,0.2711263548142166,0.3096745118338574,0.4122215240232406,0.511597058064835,0.114408458813384,14.613037358048144,0.2315901352833676,0.2315901392089423,3403.993709113008,22.385832007213303,3410.427237483066,1e-06,,0.2414693336493225,0.9250715374946594,65.53497529029846,3403.993708620789,0.1114337908965285,0.1114337903357321
140,val,0.5083333339009967,0.90532439379465,0.4061300520386015,0.2765641652402423,0.34495529177643,0.4061300499098642,0.4964319148233959,0.2194653423059554,44.412121636526926,0.2347243924935659,0.2347243995893569,6215.1479259672615,73.88998576572963,6287.04618992661,1e-06,73.88998576572963,0.2542986231190817,0.9224022910708471,7.907649278640747,6215.147902715774,0.1100928371860867,0.1100928389600345
141,train,0.5009072580004251,0.918695227593504,0.4118751017476922,0.2720009606852326,0.3114459646004502,0.4118751016675785,0.5089645860015705,0.1105379984583906,14.159600857765444,0.2324233357944796,0.2324233414825572,3739.951720330023,21.48423162070653,3747.429138995341,1e-06,,0.2410001245237165,0.9254399515608306,66.11069798469543,3739.951719878822,0.1113454192796702,0.1113454195200115
141,val,0.5083333339009967,0.902634595121656,0.4069799667312985,0.2780435241404034,0.343141306014288,0.4069799709887731,0.4965531747965586,0.2216461691118422,44.02700015476772,0.2336550021455401,0.2336550042742774,6152.06488327753,73.49628103347052,6225.545908794981,1e-06,73.49628103347052,0.2508769383033116,0.9236954706055778,7.666163206100464,6152.064865838914,0.1050750787059466,0.105075078351157
142,train,0.5008736560421605,0.9185638844325978,0.4118466936452414,0.2723182990986814,0.3119562018302179,0.4118466945264929,0.5094877085698548,0.1097241380121759,14.717027151456444,0.2324902679651014,0.2324902710094246,3832.416782009986,22.39066127038771,3840.127840785788,1e-06,,0.2412443797915212,0.9253123755096108,66.07155179977417,3832.41711876982,0.111272350434334,0.1112723498735376
142,val,0.5083333339009967,0.9001734852790833,0.4055504018352145,0.2784405989306314,0.3506935210455031,0.4055504032543727,0.4923223725387028,0.2198871040628069,44.34214719136556,0.2333461493253708,0.2333461599690573,6196.402797154018,73.90775226411365,6269.732692649148,1e-06,73.90775226411365,0.2528746929906663,0.9230942584219431,7.663701295852661,6196.402727399553,0.1070251791250138,0.1070251794798033
143,train,0.5004704301395724,0.9179151250470068,0.4118212557608081,0.2722670439911145,0.3137093351412845,0.4118212543187602,0.5100258906441991,0.1092335955910785,14.746488899312991,0.2327189007273284,0.2327189064154061,3384.763016485399,21.94655819349392,3389.977218062789,1e-06,,0.2417358908281531,0.925231873348195,63.79507398605347,3384.763353819488,0.1111718334898512,0.1111718329691117
143,val,0.5083333339009967,0.9043636492320468,0.4061756460439591,0.276789244441759,0.343761098526773,0.4061756474631173,0.4962680275951113,0.2225651329471951,44.34507179260254,0.2337376595962615,0.2337376702399481,6171.103841145833,73.81601751418341,6243.287673117898,1e-06,73.81601751418341,0.2533529344059172,0.922994227636428,7.703076124191284,6171.103701636905,0.1071619547548748,0.1071619565288225
144,train,0.500369623784096,0.9217475370694233,0.4116636290345141,0.2707926969855062,0.3122058229581002,0.4116636303964481,0.5087605324643915,0.1129208679401105,15.12603041689883,0.2322952940419156,0.2322952961248736,3850.7548337546727,22.924202021732125,3857.399357753972,1e-06,,0.2419762703519995,0.924897551216105,64.36643958091736,3850.7551657563895,0.1114495660588946,0.1114495669000892
144,val,0.5083333339009967,0.902611474196116,0.4046917770590101,0.2770342379808426,0.3485826665446871,0.4046917728015354,0.4922521589767365,0.2233470756383169,44.49976021902902,0.2365517580793017,0.236551760208039,6291.605172293527,74.40753210158576,6364.782454427083,1e-06,74.40753210158576,0.2548829466104507,0.9231010590280804,7.846657991409302,6291.605143229167,0.1094400598889305,0.109440059534141
145,train,0.5003360215053764,0.9186811628200676,0.4119124627241524,0.2719635981866108,0.3126236009661869,0.4119124614423321,0.5112737267408319,0.1112901462262035,14.867469285124091,0.2328154814820136,0.232815487250205,3414.906277851392,22.124252544936315,3421.4196594649293,1e-06,,0.2418551440200498,0.9250705450452784,65.47306632995605,3414.906612888459,0.1113378385542541,0.1113378386343679
145,val,0.5083333339009967,0.910340360232762,0.4086669094505764,0.2759224524100621,0.3368469249634516,0.4086669009356272,0.503531528370721,0.2267676010018303,45.216893695649645,0.2332624927872703,0.2332624942064285,6341.90524437314,74.85326458158947,6411.387535511363,1e-06,74.85326458158947,0.2505936331692196,0.923694908618927,8.096769094467163,6341.905354817708,0.1039400459045455,0.1039400441305977
146,train,0.5002016130314079,0.921862637964628,0.4115725794146138,0.2720118952534532,0.3142197310764302,0.4115725774918833,0.5113985135510404,0.1110970799120203,14.779439856929164,0.2329044890820339,0.2329044930877224,3556.12995758877,22.198164832207464,3562.499901069616,1e-06,,0.2418437529635685,0.924999539570142,65.18702363967896,3556.1299577118248,0.1113525113110901,0.1113525111508625
146,val,0.5083333339009967,0.8972723398889814,0.4057954138233548,0.2796943883101145,0.3486192049015136,0.4057954166616712,0.4911306720404398,0.2205401524191811,44.340542475382485,0.2307992244050616,0.2307992329200109,6253.76932779948,73.79091444469634,6334.937478545218,1e-06,73.79091444469634,0.2516849119038808,0.9235298009145828,7.693418741226196,6253.769234793527,0.1028114234407742,0.102811425214722
147,train,0.5006720430107527,0.9181784747108336,0.4117103517055511,0.2722582447753158,0.3140869413011817,0.4117103528271439,0.5099892317447611,0.1077743521741321,14.02711397345348,0.2327781296385231,0.2327781329231877,3373.955939077562,21.171869977828,3380.610555095223,1e-06,,0.2423424809690444,0.924887418106038,64.40494155883789,3373.9556007180163,0.1113676676746978,0.1113676683556649
147,val,0.5083333339009967,0.9131213852337428,0.4073966997010367,0.2725739393915449,0.3313040924923761,0.407396701829774,0.505491913784118,0.224140445391337,44.880158833095,0.2381239505041213,0.2381239625669661,6329.247326078869,74.43946820213681,6406.644744318181,1e-06,74.43946820213681,0.2515160945199785,0.9231350677353996,7.669732570648193,6329.247326078869,0.10630759312993,0.1063075941942987
148,train,0.4998991935644098,0.9176683993108812,0.4120062970185792,0.2729485846495115,0.3164089785147739,0.4120062983003996,0.5082199204993504,0.1083141560315765,14.334176581393006,0.2326843558299926,0.2326843601561361,3321.416180292765,21.78545885701333,3326.4345721620502,1e-06,,0.2417610823627441,0.9250455207081252,67.14029932022095,3321.4161802107287,0.1113843556934146,0.1113843561340403
148,val,0.5083333339009967,0.9028220857892718,0.403959184885025,0.2767646475916817,0.3520809121075131,0.403959184885025,0.4907784987063635,0.2220634065923236,44.725466501145135,0.2323427973758606,0.2323428009237562,6301.437075660342,74.32592210315522,6376.565830669981,1e-06,74.32592210315522,0.2569649886517298,0.9220010467938016,7.672268390655518,6301.437046595982,0.1118638213901292,0.1118638203257606
149,train,0.5006048387737685,0.9182427964543785,0.4118555817873247,0.2724517950768111,0.314556116538663,0.4118555812265283,0.5109874870507948,0.1108863472297627,14.533655766517883,0.2322625516242878,0.2322625545083835,3919.548621905748,22.02575656675524,3926.3486681389086,1e-06,,0.2421319160249925,0.9249402505736196,65.74276471138,3919.54895587634,0.1114854831849375,0.1114854824238567
149,val,0.5083333339009967,0.9094482035863968,0.405882627481506,0.2749267596574056,0.3431494207609267,0.4058826338677179,0.4979649931192398,0.2252627980141412,44.89661371140253,0.2376079665763037,0.2376079665763037,6349.650408063616,74.77804329281761,6424.572787937974,1e-06,74.77804329281761,0.2551559394314175,0.9224717106137956,7.588078260421753,6349.650378999256,0.1119309670868374,0.1119309660224687
150,train,0.5010752687531133,0.9144328584273655,0.4108931724262494,0.2731373674606764,0.3198796047638821,0.4108931711444291,0.5050944393520714,0.1086919181930121,14.420415416840584,0.232838295960939,0.2328383012484478,3696.7622882884034,21.96272009931585,3703.702920295895,1e-06,,0.2417655181019536,0.9251121526123376,64.09828996658325,3696.7619517746793,0.1112948102496003,0.1112948111308518
150,val,0.5083333339009967,0.9009358854520888,0.4055199310893104,0.2775168596279053,0.3467632830142975,0.4055199317988895,0.4933901379505793,0.2211366065201305,44.64577384222122,0.2355321234180813,0.235532134771347,6257.818353562128,74.22489783877418,6333.534630977746,1e-06,74.22489783877418,0.2519475860255105,0.923537342321305,8.02035403251648,6257.81830124628,0.1042549642068999,0.1042549624329521
150,val_periodic_epoch_150,0.5083333339009967,0.9009358854520888,0.4055199310893104,0.2775168596279053,0.3467632830142975,0.4055199317988895,0.4933901379505793,0.2211366065201305,44.64577384222122,0.2355321234180813,0.235532134771347,6257.818353562128,74.22489783877418,6333.534630977746,1e-06,,0.2519475860255105,0.923537342321305,7.905036926269531,6257.81830124628,0.1042549642068999,0.1042549624329521
151,train,0.5004704301395724,0.9162308522450028,0.4113002130261031,0.2726624535937463,0.3168299191741533,0.4113002143079234,0.5084817801672284,0.106919625373457,14.303689807973882,0.2332332669406809,0.233233271427052,3540.832887916155,21.728102253329368,3547.501507177899,1e-06,,0.2412361042794361,0.9251955164376126,65.18304967880249,3540.8332240196964,0.1113930226413793,0.1113930222808673
151,val,0.5083333339009967,0.8995097421464466,0.4039887225344067,0.2779565836702074,0.3535602291425069,0.4039887161481948,0.4889687065567289,0.22134877599421,45.10104588099888,0.2351047701778866,0.2351047737257821,6330.788295200893,74.59648840767997,6408.399937855113,1e-06,74.59648840767997,0.2551749980165845,0.9225215713183084,7.468573093414307,6330.788248697917,0.1104628599825359,0.1104628603373255
152,train,0.5006720430107527,0.916264459490776,0.4111861160365484,0.2725897322418869,0.3168887778796175,0.411186115475752,0.5073907142204623,0.1079985510597946,14.356543763991326,0.2320546137709771,0.2320546195391685,3400.924681058494,21.74753783595177,3407.1533416234283,1e-06,,0.2418123249725629,0.9249752090182356,64.98978400230408,3400.925022104735,0.1114589955297208,0.1114589950089813
152,val,0.5083333339009967,0.9015262637819562,0.4064694486913227,0.2776036063830058,0.3441432203565325,0.4064694593350093,0.4958239148060481,0.22546820129667,44.97409448169527,0.2350803563992182,0.2350803656237466,6334.355236235119,74.73778624761673,6409.592430160985,1e-06,74.73778624761673,0.2509264676343827,0.9238509422256832,7.476193189620972,6334.355352492559,0.1048829750645728,0.1048829722262564
153,train,0.5014448925372093,0.9134540468133906,0.4103728853246217,0.2728405651706521,0.3193314330231759,0.4103728849240529,0.5043257355529774,0.1067880179973379,14.387958849630047,0.2328419520329403,0.2328419584420419,3734.01508421539,21.972231916202013,3741.492540866839,1e-06,,0.2417681955842561,0.9249989717237412,65.35421562194824,3734.015420072822,0.1113768098575453,0.1113768100177729
153,val,0.5083333339009967,0.9042547401927766,0.4051044618799573,0.2763435315518152,0.3484803487857182,0.4051044625895364,0.4940920912084125,0.2218537447707993,44.9966049194336,0.2352135500737599,0.2352135543312345,6346.038649786086,74.77342260451545,6424.434620620265,1e-06,74.77342260451545,0.2539563129345576,0.9228851312682742,8.175381183624268,6346.038591657366,0.107922803787958,0.1079228013044311
154,train,0.5006720430107527,0.9126577768274532,0.4106440091485618,0.2736610328798653,0.3211515246219532,0.4106440097093582,0.504104514516169,0.1080936191062773,14.465325122238488,0.231838973138922,0.2318389774650655,3324.667758592995,21.915729725232687,3321.3052720195114,1e-06,,0.2423777450476923,0.9248521456154444,64.4787666797638,3324.6677559473183,0.1114062714560698,0.1114062701742495
154,val,0.5083333339009967,0.9082470734914144,0.4055505359456652,0.2744259926534834,0.3394330285844348,0.4055505359456652,0.4978816445384706,0.2226893639280682,45.1864378792899,0.2365408326898302,0.2365408397856213,6375.451468331473,74.84733181908017,6451.231440873579,1e-06,74.84733181908017,0.2551434593541281,0.922414671807062,7.555435419082642,6375.451386951265,0.111027062294029,0.1110270605200813
155,train,0.5014448925372093,0.9128727818368584,0.4102714725079075,0.2733185623762428,0.3200666869199404,0.410271473709614,0.5071441072530003,0.1058787373044798,14.490437664011472,0.2316367079013137,0.2316367127081399,3562.9032867185533,22.080067649964363,3570.2793398873173,1e-06,,0.2423753067049928,0.924971543973492,64.3182725906372,3562.9036274981754,0.1113857881276197,0.1113857880475059
155,val,0.5083333339009967,0.9028010283197676,0.4035813262065251,0.2770110084896996,0.3531437331721896,0.4035813283352625,0.4893216966163544,0.2205931891997655,44.62068721226284,0.2335417902185803,0.2335417930568967,6256.817911783855,74.2803317478725,6332.312600615531,1e-06,74.2803317478725,0.2576653907696406,0.9218803757712954,7.647326231002808,6256.817964099702,0.1132327584283692,0.1132327584283692
156,train,0.5006720430107527,0.9135420548339044,0.4105819334746688,0.273343801177958,0.3209904256046459,0.4105819324331899,0.5055101185396154,0.1078915475437077,14.341974273804697,0.2319653506080309,0.2319653572574738,3584.0661272643715,21.781753955348844,3591.167966540815,1e-06,,0.2419604184806987,0.9250091657202733,65.33027672767639,3584.065784536382,0.1114049791007913,0.1114049800220997
156,val,0.5083333339009967,0.8955176983560834,0.4060575543414979,0.2801100604590915,0.3483384805066244,0.4060575578893934,0.4913864029305322,0.2245772569662048,44.66114834376744,0.2300448765357335,0.2300448843411036,6304.696812220982,74.33549426850819,6382.71318211411,1e-06,74.33549426850819,0.2501754789125351,0.9238623749642144,7.683964014053345,6304.696887788318,0.1013122151295344,0.1013122144199553
157,train,0.5008400537634409,0.9118537971729872,0.4101179399157083,0.2732503428574531,0.3221966987976464,0.4101179410373011,0.5051779974932953,0.1076043106174917,14.746894072460872,0.2309244272689665,0.230924431274655,3648.480768777991,22.200386665200675,3654.813039801498,1e-06,,0.2419186033388619,0.9251393252803434,64.00249648094177,3648.480438293949,0.1115114340778961,0.1115114343582942
157,val,0.5083333339009967,0.8936455221403212,0.4057453892060688,0.2808879479056313,0.3522481222947438,0.4057453899156479,0.4895615244195574,0.2237894684076309,44.555990764072966,0.2308526919001624,0.2308526933193206,6322.488164992559,74.68830235799153,6398.708127663353,1e-06,74.68830235799153,0.2508325754177002,0.923840173653194,7.654684543609619,6322.488380068824,0.1029895717899004,0.1029895717899004
158,train,0.501008064516129,0.9119341958274124,0.4102451986362857,0.2736616707457009,0.3234823056927291,0.4102451993573096,0.5020376498340279,0.1056883923549165,14.03085143335404,0.2310200255083781,0.231020029353839,3420.949448165073,21.34190881893199,3427.720134090334,1e-06,,0.2422208433510154,0.9249000235270428,64.66965532302856,3420.94978275094,0.1115445338029374,0.1115445339631649
158,val,0.5083333339009967,0.898172276360648,0.405213027482941,0.2788488524300711,0.3489817473150435,0.4052130310308365,0.4906178570929028,0.2203833592079934,44.44704291934059,0.233796089887619,0.2337960884684608,6241.99951171875,74.16813968476795,6316.452908972537,1e-06,74.16813968476795,0.2537552153780347,0.9226124201502118,7.879288196563721,6241.999447777158,0.1076543724962643,0.1076543717866852
159,train,0.5015793010111778,0.9121425656541702,0.4101081883074134,0.2741791415278629,0.3259118305899763,0.4101081906307128,0.5032196831238526,0.1049147213218353,14.928782445128244,0.2301531130427955,0.2301531177695079,3741.442796481553,22.17503309249878,3748.426985820937,1e-06,,0.2430795892592399,0.9246735303632676,66.28570413589478,3741.442795743225,0.1114657467972206,0.1114657469574482
159,val,0.5083333339009967,0.90791498479389,0.4046403127057211,0.2755445000671205,0.3450412899255752,0.4046403127057211,0.4936700456199192,0.2227782358725865,45.05459249587286,0.2332372062263034,0.2332372090646199,6345.492297944568,74.8822021484375,6418.866660748106,1e-06,74.8822021484375,0.2569508985394523,0.9227094309670584,7.686613798141479,6345.492193312872,0.1126425862312316,0.1126425844572839
160,train,0.5004704301395724,0.9123958153750308,0.4103321878499882,0.2736720805687289,0.3233424029363099,0.4103321887312396,0.5054034957241628,0.1058143744024858,14.172393073317824,0.2302342660484775,0.2302342714161001,3365.668888912406,21.5081182782368,3372.333500265513,1e-06,,0.2422228671049558,0.9251030770040328,65.36877512931824,3365.6682180179064,0.1114348536457425,0.1114348540463114
160,val,0.5083333339009967,0.9061573119390578,0.4045117057505108,0.2751393644582657,0.3465953377031144,0.4045117050409317,0.4943821210236776,0.2229232376530057,45.26731164114816,0.2317462485461008,0.231746249965259,6396.6525472005205,75.26354671659924,6470.885943418561,1e-06,75.26354671659924,0.2561836469741094,0.9221496525264922,7.697259187698364,6396.6526111421135,0.1115988297831444,0.111598826944828
161,train,0.5006048387737685,0.9111236713586316,0.4101783084452793,0.2743678084144028,0.3270837046125883,0.4101783054810698,0.5015988285422966,0.1033299823682154,14.320807813316264,0.2296936285271439,0.2296936333339701,3360.211043962868,21.363861724894534,3366.5892365632235,1e-06,,0.2422024060481338,0.9251404420662952,64.23508167266846,3360.2117180157734,0.1114992752511014,0.1114992755314996
161,val,0.5083333339009967,0.8986717831520807,0.4046924036173593,0.2779293329942794,0.3482608873219717,0.4046924007790429,0.4907182036411194,0.2218387974869637,44.569969903855096,0.2291859508979888,0.2291859587033589,6271.630812872024,74.29807354155041,6347.69941554214,1e-06,74.29807354155041,0.2527269706839606,0.9231923875354584,7.578755378723144,6271.630708240327,0.1054036638566425,0.1054036627922739
162,train,0.5008400537634409,0.9114306655622296,0.4099776848189292,0.2739157649458095,0.3258678031063849,0.4099776819348335,0.5019396759008848,0.1049612550044892,14.839202514258764,0.2293902166908787,0.2293902208567947,3336.2872621679817,22.13444612359488,3342.6850475169995,1e-06,,0.2422972637158568,0.9250255896840044,63.8087432384491,3336.2865927091207,0.1115315275326851,0.1115315278931971
162,val,0.5083333339009967,0.8847295954113915,0.4036905495893387,0.2841645060550599,0.364140191248485,0.4036905417839686,0.4795024976843879,0.221390514856293,44.52214994884672,0.2255010470038368,0.2255010519708906,6271.172700427827,73.99406414940243,6352.0536776455965,1e-06,73.99406414940243,0.2536457457712718,0.922828407514663,7.656310558319092,6271.172630673364,0.1032624159540448,0.1032624173732031
163,train,0.5004368280210802,0.9174696155773696,0.4102623641330709,0.2740392709771792,0.3259792267795532,0.410262363732502,0.5042864649045852,0.1068212567798553,14.62730380796617,0.2292247537964133,0.2292247598049461,3661.635178166051,22.225024848855952,3667.499416672421,1e-06,,0.242775340794876,0.9249378442764282,63.74818253517151,3661.634834576679,0.1114794935991046,0.111479493438877
163,val,0.5083333339009967,0.9005335086867923,0.4044894164516812,0.2764878627799806,0.3463627043224516,0.4044894164516812,0.4923272877931595,0.2265180328062602,45.02514521280924,0.2358234169937315,0.2358234219607852,6407.486996605283,74.95761199224563,6485.048095703125,1e-06,74.95761199224563,0.2533324382134846,0.922783320858365,7.628751516342163,6407.486967540923,0.1086964848495665,0.1086964844947769
164,train,0.5008400537634409,0.90866969333541,0.4093894110892409,0.2744532999812916,0.3281834179996162,0.4093894130920851,0.4984781169282493,0.1041263916920269,14.656461433697771,0.2298285675144964,0.2298285709593885,3402.7181730988204,21.80331317840084,3409.1405649101694,1e-06,,0.2422943227393652,0.9249975934464444,64.60178065299988,3402.717502840104,0.1115364309760832,0.1115364314567658
164,val,0.5083333339009967,0.8974661117508298,0.4036526587747392,0.2787869317190988,0.3539637866474333,0.4036526616130556,0.4868479505890891,0.2211220519883292,44.77721196129208,0.2317206022285279,0.2317206086147399,6271.172136579241,74.22372236705962,6342.827003432765,1e-06,74.22372236705962,0.2566600065855753,0.9221188539550418,7.8556554317474365,6271.172223772322,0.1095961871601286,0.109596186805339
165,train,0.501008064516129,0.9111580396852186,0.4095945079480448,0.2735677402346365,0.326636765112159,0.4095945108321405,0.5034567622808359,0.1047598362289449,14.399756664870887,0.22987685440689,0.2298768590534887,3710.3441639151615,21.872668425242107,3717.695316733415,1e-06,,0.2425231291882453,0.9249610010013786,63.87212252616882,3710.344166458294,0.1114841290218855,0.1114841285412029
165,val,0.5083333339009967,0.8982373248963129,0.4030780437446776,0.2772357932158878,0.3513245852220626,0.4030780501308895,0.4878498734462829,0.2202162306223596,44.54531006585984,0.2340505328916368,0.2340505406970069,6184.30609421503,73.82375045049758,6258.671752189867,1e-06,73.82375045049758,0.2548409189496721,0.922774096330007,7.785537958145142,6184.305966331845,0.108230156203111,0.1082301569126901
166,train,0.5006048387737685,0.910603103298013,0.409662191906283,0.2738018701634099,0.3264485334837309,0.4096621915858279,0.5025113763347748,0.1031198340157667,14.249094181163336,0.2301097104466089,0.2301097154937764,3369.7082283881405,21.37698971071551,3375.464564755629,1e-06,,0.2427268791743504,0.9248029964585458,63.43534660339356,3369.708229680215,0.11148353950471,0.1114835411069854
166,val,0.5083333339009967,0.900815086705344,0.4037312276306606,0.2767021180618377,0.3480622200738816,0.4037312304689771,0.4900327523549397,0.2212713417552766,44.80442237854004,0.2353186053889138,0.2353186124847048,6255.931913829985,74.24946539742606,6331.123350201231,1e-06,74.24946539742606,0.2558270196119944,0.9221532032603308,7.66334342956543,6255.931902204241,0.1096233356566656,0.109623335301876
167,train,0.5006048387737685,0.9092862559582596,0.4094115763261754,0.2741193362782078,0.328548538027912,0.409411576806858,0.4998236157560861,0.1041147631983603,14.348345097675118,0.2298974015860147,0.2298974071939786,3191.246888191469,21.51091343356717,3196.9440227470013,1e-06,,0.2430696193409222,0.9247878636083297,64.73504996299744,3191.2472267971243,0.111546761486479,0.1115467613663083
167,val,0.5083333339009967,0.8985552248500642,0.4030342712288811,0.2767937296912783,0.3507097661495209,0.4030342698097229,0.4883974875722612,0.2248587033578327,44.88489596048991,0.2341760063455218,0.23417600776468,6279.452392578125,74.39965202694847,6353.323567708333,1e-06,74.39965202694847,0.25469975457305,0.9229411312511988,7.670753479003906,6279.452537899926,0.1077950852257864,0.1077950841614178
168,train,0.5008064516449487,0.908900815793263,0.4091821269642922,0.2742121891789539,0.3305510490812281,0.4091821298483879,0.4990982879554071,0.1042143216817289,14.43119179817938,0.2301357789065248,0.2301357841139198,3277.6635720447825,21.408463126869613,3284.103482579704,1e-06,,0.2428057622364772,0.9249810127801792,63.96860361099243,3277.6635674097206,0.1114716917196268,0.1114716915994562
168,val,0.5083333339009967,0.8988527456919352,0.4033887017340887,0.2774613932484672,0.3513118127981822,0.4033887059915633,0.4882882705756596,0.2231941709206217,44.98890667869931,0.2352842766614187,0.2352842759518396,6317.355660574777,74.74564325241815,6388.397676964963,1e-06,74.74564325241815,0.2557912461814426,0.9226273213114056,7.641911506652832,6317.355608258928,0.1102404349616595,0.1102404349616595
169,train,0.5014112902584896,0.9069399646212978,0.4084746583655316,0.2737056734741375,0.3295438223147905,0.4084746586859867,0.4973516068471375,0.1038972456809333,13.709780193144276,0.2295804412294459,0.2295804461964997,3233.729936743295,20.629860965154503,3240.1984822899403,1e-06,,0.242971027249931,0.9246520662820468,63.90369892120361,3233.729938794208,0.1116504169680098,0.1116504170080666
169,val,0.5083333339009967,0.9005052447319031,0.4045587494259789,0.2774604026760374,0.3480913518440156,0.4045587394918714,0.4910159465812501,0.2250876696336837,44.84000823611305,0.2319646768626712,0.2319646839584623,6311.345592680432,74.6060669308617,6387.137618371212,1e-06,74.6060669308617,0.2538871864477793,0.9233926704951696,7.61020302772522,6311.345604306176,0.1065921712489355,0.1065921680558295
170,train,0.5011760752688172,0.908300757087687,0.4088764130588501,0.2742309060788924,0.3303638157504861,0.4088764122577124,0.4973383626790457,0.1028504425920145,13.749356744109944,0.2292255864188235,0.2292255912256497,3152.383559483354,20.57052439515309,3156.728727727306,1e-06,,0.2427505390938892,0.9250802788683165,63.95217204093933,3152.383557432441,0.1116020540075917,0.1116020534868522
170,val,0.5083333339009967,0.9083799663044158,0.4037314866270338,0.2732401695989427,0.3425219548600061,0.4037314795312427,0.4950599982624962,0.2206792288592883,45.25702322097052,0.2332973792439415,0.2332973835014161,6428.15018717448,75.22082337878999,6503.804736328125,1e-06,75.22082337878999,0.2563039341143199,0.92192842846825,7.657569885253906,6428.150344122024,0.1123277701082683,0.1123277740109534
171,train,0.5019153225165541,0.9071664065122604,0.4085313655355925,0.2739700926567918,0.3294795496008729,0.4085313676986643,0.4983420096417909,0.1020820403211219,14.36087889825144,0.2288708976039322,0.2288709035323512,3687.691738579863,21.7573451893304,3694.807616386028,1e-06,,0.2428955632832742,0.9248711534084813,66.01741242408752,3687.6917399744834,0.1116752771520486,0.1116752773923899
171,val,0.5083333339009967,0.8977642541839963,0.402966354574476,0.2779450771354493,0.3534749959196363,0.4029663588319506,0.4864551055999029,0.2187439174879165,44.93766130719866,0.234271418480646,0.2342714262860162,6307.149989536831,74.48163877214704,6383.652323035038,1e-06,74.48163877214704,0.257652237301781,0.921711158184778,8.42017912864685,6307.149838402158,0.1125083384769303,0.1125083377673512
172,train,0.5009072580805389,0.9089486091047204,0.4093547900838236,0.2745028420962313,0.3309679298150924,0.409354788561662,0.5009374314899085,0.1033278146097737,14.507050688548755,0.2284763618021883,0.2284763659681043,3279.653844300137,21.68065926080109,3286.0395549941145,1e-06,,0.2432442398801926,0.9248079564622652,64.61512041091919,3279.654181593208,0.1114774818622296,0.1114774818221728
172,val,0.5083333339009967,0.9005393016906011,0.4013270799602781,0.2761342007489431,0.3541135383503778,0.4013270806698572,0.4850380768378575,0.2196531749906994,44.88829803466797,0.2346147504590806,0.234614753297397,6254.97380719866,74.13117036365327,6330.39521484375,1e-06,74.13117036365327,0.2590242695240747,0.9216626797403608,7.5352888107299805,6254.973702566965,0.113179570152646,0.1131795719265937
173,train,0.5009408602791448,0.9108663409627894,0.4094488025512746,0.2738248137857324,0.3286218562273569,0.4094488019904783,0.5020224303007126,0.1023526883293544,14.95916183533207,0.2271025570169572,0.2271025621442384,3414.067939019972,22.350471786273424,3420.8880237001363,1e-06,,0.2432748688164577,0.9248405547552212,64.18354725837708,3414.067597912204,0.1117130761104886,0.1117130755897491
173,val,0.5083333339009967,0.9065185217630296,0.4038246224323908,0.2734433433839253,0.341485389641353,0.4038246181749162,0.4950808258283706,0.2270988406879561,45.282918021792455,0.2313531140486399,0.2313531232731683,6431.404058547247,75.23213704427083,6509.48515329072,1e-06,75.23213704427083,0.2546481823637372,0.922812609445481,8.196666717529297,6431.404006231399,0.1105382740497589,0.1105382740497589
174,train,0.5013440860215054,0.908368397944717,0.4089317680687033,0.2744864550649479,0.3329278118507836,0.4089317699914337,0.4991981180845409,0.1044196342668866,14.57743675221679,0.2265616035269152,0.2265616076127175,3837.21247478198,21.97668033774181,3844.1523474902015,1e-06,,0.2434253458694745,0.9247194185692776,66.83163523674011,3837.2128085474815,0.1116629575369178,0.1116629578974298
174,val,0.5083333339009967,0.8909927776881627,0.4041269237086886,0.281194718111129,0.3547733809266771,0.4041269251278468,0.4845842296878497,0.2202933980595497,44.08198946998233,0.2297679377453667,0.2297679398741041,6253.061610630581,74.14734340849377,6329.640694543087,1e-06,74.14734340849377,0.2525595781349,0.9236407989547366,7.709929704666138,6253.061738513765,0.1015963270550682,0.101596328829016
175,train,0.5005712365751626,0.9081619071063176,0.408875462749312,0.2740919400927841,0.3310646929087177,0.4088754609066953,0.4969863305969905,0.1013706318673587,14.096123303136515,0.2272913544088281,0.2272913601770196,3528.346187160861,21.4962824672781,3530.6268455017293,1e-06,,0.2430125285060175,0.924846556558404,65.44899582862854,3528.346524925642,0.1117177295588677,0.1117177296389815
175,val,0.5083333339009967,0.894795781090146,0.4016039371490478,0.2784262952350435,0.3583174518176487,0.401603931472415,0.4825583497683207,0.2169638024199576,44.82007562546503,0.2290210468428475,0.2290210482620057,6261.096406482515,74.23918133690243,6338.292628432765,1e-06,74.23918133690243,0.257590454958734,0.92193732659022,7.723274707794189,6261.096418108259,0.1108078623101824,0.1108078619553929
176,train,0.5013440860215054,0.9081851750291804,0.4087218901402847,0.2743720860090307,0.3323051806899809,0.4087218907010811,0.5012674295213274,0.1005383030341197,14.386708131400487,0.2268001573380603,0.2268001618244314,3658.661284456971,21.71614617686118,3665.952028822979,1e-06,,0.2436592945809005,0.9247604566876606,67.64520287513733,3658.6612876974127,0.1115604262518626,0.1115604270930572
176,val,0.5083333339009967,0.8945823368572053,0.4025606044701167,0.2775849685782477,0.3515247461341676,0.4025606101467496,0.4862574310529799,0.2218099523867879,44.664341245378765,0.2299055499689919,0.2299055464210964,6293.358497256324,74.47872543334961,6370.227425130209,1e-06,74.47872543334961,0.2545649551209949,0.9228434903281076,7.533617973327637,6293.358410063244,0.1085567091192517,0.1085567091192517
177,train,0.5012096775475369,0.9077249707714204,0.4083566608768637,0.2735185598333676,0.3292716639016264,0.4083566578325405,0.496139301648063,0.1031293478664211,14.574332444898545,0.2269932577206242,0.2269932641297258,3627.4658323718654,22.057391394851027,3633.2953230629855,1e-06,,0.2430567570751713,0.9248493557335228,64.88712096214294,3627.465498114145,0.111622219444603,0.1116222193244323
177,val,0.5083333339009967,0.8964531762259347,0.4032063434521357,0.2786417106787364,0.3537472848381315,0.4032063491287685,0.4860898298876626,0.2202725091150828,44.83120909191313,0.2275165638753346,0.2275165660040719,6293.743344261533,74.65831502278645,6369.059502249053,1e-06,74.65831502278645,0.2557438193332581,0.9225988444827852,7.889139413833618,6293.743402390253,0.1094970589592343,0.1094970582496552
178,train,0.5002352150697862,0.9088403323004324,0.4089723456130233,0.2741186982521447,0.3313812790538675,0.4089723441709754,0.4991431523875523,0.1017205722990536,14.350022841525334,0.2267893233126209,0.2267893272381957,3546.819828997376,21.468834423249767,3553.0285457932187,1e-06,,0.2430639735633327,0.9250592070241128,64.71621680259705,3546.819824403332,0.1115138600430181,0.1115138598427336
178,val,0.5083333339009967,0.8990518166905358,0.403928802836509,0.2770639012257258,0.3481087783972422,0.4039288007077716,0.4899678272860391,0.2203674493801026,45.066651298886256,0.2275073194787615,0.2275073258649735,6389.128435407366,74.81982512701126,6469.995093513257,1e-06,74.81982512701126,0.2542347106195631,0.9225371508371264,7.860405921936035,6389.128819056919,0.1058868066895575,0.1058868056251889
179,train,0.501377688300225,0.909245770945344,0.4085380362086399,0.2731499146389705,0.3280700541311694,0.4085380342057956,0.496950159910866,0.0983834585315117,13.71815094383814,0.2265875726457565,0.2265875772923551,3576.772792262416,20.74438960065124,3583.690072888718,1e-06,,0.2432827910268178,0.9247568836135248,66.6147108078003,3576.7731255767167,0.1116501756653349,0.1116501759056763
179,val,0.5083333339009967,0.8983078996340433,0.4042026542481922,0.2775335113207499,0.3481911633695875,0.4042026556673504,0.4900791027716228,0.2202491781541279,44.88186854407901,0.2256812879017421,0.225681294287954,6302.15182640439,74.59559685843331,6379.30654444839,1e-06,74.59559685843331,0.2524494542962029,0.9236733856655304,8.334588289260864,6302.151867094494,0.1049496641471272,0.1049496630827585
180,train,0.5014112902584896,0.9073724030487,0.4079917201431848,0.273271979183279,0.3290285807783886,0.4079917227068255,0.497073987478851,0.1012218232036277,13.803433854092834,0.2254975265873375,0.2254975307532536,3354.555016753494,20.739675521850582,3360.897113941334,1e-06,,0.2435347950586708,0.924851055427264,65.25186920166016,3354.5546861053795,0.111758213730589,0.1117582136504752
180,val,0.5083333339009967,0.894561319124131,0.4031152867135547,0.278809884474391,0.3536085550274168,0.4031152867135547,0.4855981107269014,0.2183281942492439,44.30890991574242,0.2284617409819648,0.2284617480777558,6220.487432570684,74.13210151309059,6295.712770774147,1e-06,74.13210151309059,0.2554149613493964,0.922157863775889,7.7383129596710205,6220.487450009301,0.1080769680085636,0.1080769687181427
180,val_periodic_epoch_180,0.5083333339009967,0.894561319124131,0.4031152867135547,0.278809884474391,0.3536085550274168,0.4031152867135547,0.4855981107269014,0.2183281942492439,44.30890991574242,0.2284617409819648,0.2284617480777558,6220.487432570684,74.13210151309059,6295.712770774147,1e-06,,0.2554149613493964,0.922157863775889,7.223816633224487,6220.487450009301,0.1080769680085636,0.1080769687181427
181,train,0.5009744623976369,0.9088098591053356,0.4083710560394871,0.2733233124017715,0.3307426030276924,0.4083710550781219,0.5007324429048646,0.1000134025409977,14.449085438123314,0.2255521027311202,0.2255521068169224,3293.738237975746,21.512843619110765,3300.169366598932,1e-06,,0.2434597302188155,0.9248320886524776,65.99699068069458,3293.7385751457623,0.1115756924915057,0.1115756922511644
181,val,0.5083333339009967,0.8955689498356411,0.40316432146799,0.2780995993387131,0.3526131893907274,0.4031643172105153,0.4868215372165044,0.2198261973403749,44.8873656136649,0.225156226328441,0.2251562348433903,6285.083124069941,74.54483341035389,6362.128045099432,1e-06,74.54483341035389,0.2548770436218807,0.922588845094045,8.099604606628418,6285.0832752046135,0.1074516812250727,0.1074516805154936
182,train,0.5014784946557014,0.9076412065375236,0.4084185611416576,0.2737505942262629,0.330914378086085,0.408418561341942,0.4986455058779127,0.0996329543851716,13.56698682744016,0.2250836733528362,0.2250836756761356,3804.528207614858,20.772616429995463,3811.8936855740017,1e-06,,0.2433026436195578,0.9248206452015908,64.09789991378784,3804.528545994912,0.1115924732419111,0.1115924733220249
182,val,0.5083333339009967,0.8953924292609805,0.4032163023948669,0.2782038670210611,0.351502932253338,0.4032163066523416,0.4868398436478206,0.2178064471199399,44.54675302051363,0.2264127823568525,0.2264127894526436,6241.387038457961,74.16381781441825,6318.540090849905,1e-06,74.16381781441825,0.2541489948829015,0.923047471614111,7.5482306480407715,6241.3871663411455,0.1052072523605255,0.1052072516509464
183,train,0.5007728495264566,0.9100018241392668,0.4087741927754494,0.2732836590499006,0.3296929848610714,0.4087741889299885,0.4997775852680206,0.1012421452630591,13.785849973719609,0.2250378505196622,0.2250378570889913,3546.094420935518,21.02238982210877,3552.99116431856,1e-06,,0.2436802958448728,0.9249521865639636,67.35848069190979,3546.0944141059795,0.1115978741117062,0.1115978748327301
183,val,0.5083333339009967,0.8960353505043757,0.4033382123424893,0.2775542991501944,0.3507428389220011,0.4033382080850147,0.4880818305980591,0.22075074556328,44.84801719302223,0.2234921973376047,0.223492199466342,6337.547723679316,74.7635132925851,6413.499499881629,1e-06,74.7635132925851,0.2542293149800527,0.9228149169967288,7.662111043930054,6337.547746930803,0.1060339098884945,0.1060339105980736
184,train,0.501377688300225,0.9085521556997812,0.4083177836671952,0.2730645844212142,0.3267515292891892,0.4083177840677641,0.4999606657412744,0.0983723497859412,14.013356903547882,0.2254184769686832,0.2254184787311861,3244.466247127902,21.24738568388005,3249.968811363965,1e-06,,0.2437343159990926,0.9248165501061306,66.17355704307556,3244.4659181410266,0.1117695877628941,0.1117695869216995
184,val,0.5083333339009967,0.8941964251654488,0.4029069606746946,0.2781143798714592,0.3520364108539763,0.4029069642225901,0.4863070873987107,0.2191719625677381,44.47770963396345,0.224702035387357,0.2247020403544108,6308.252505347842,74.43831525530133,6385.801288766572,1e-06,74.43831525530133,0.2554465773559752,0.9223136618023828,7.672162055969238,6308.252493722098,0.1065531050165494,0.1065531032426016
185,train,0.5014784946557014,0.9106525253224116,0.4087404680828894,0.273010811578202,0.3274048785528829,0.4087404690442546,0.5014732071468907,0.1005057747806272,13.900772422872564,0.2249944811706901,0.224994486778654,3326.4595653780043,20.81631003913059,3331.220108905625,1e-06,,0.2436922238238396,0.9247362895678448,65.18686437606812,3326.4599003330354,0.1118132790490504,0.1118132792493348
185,val,0.5083333339009967,0.8994603639557248,0.4016863043819155,0.2767866750558217,0.3522421008064633,0.4016863001244409,0.4849139161053158,0.217379025050572,44.1510987054734,0.2304225869122005,0.230422589750517,6193.9555896577385,73.80324118477958,6269.460746626421,1e-06,73.80324118477958,0.2576476718698229,0.9221897040094648,7.549449920654297,6193.955479213169,0.1111733750218436,0.1111733764410018
186,train,0.5015793010111778,0.9085192401562968,0.4081452559399348,0.2734621617422309,0.3294855907399167,0.4081452547382282,0.4974030536669557,0.0992950171192166,13.510862729882682,0.2249375591354985,0.2249375636218696,3252.0180481121106,20.35203177954561,3258.453251355104,1e-06,,0.243437558011983,0.9249159664877,64.30708932876587,3252.0173748385523,0.1117936626717608,0.1117936623513057
186,val,0.5083333339009967,0.889924480801537,0.4034685889879862,0.2819716376917703,0.3585052291552226,0.4034685896975653,0.4818759581872395,0.2179297897077742,44.51434162684849,0.2234850469089689,0.2234850511664436,6221.301170712426,74.02764220464798,6300.180805368134,1e-06,74.02764220464798,0.253980740904808,0.9231350762503489,7.770142316818237,6221.301199776785,0.1027729532548359,0.1027729532548359
187,train,0.5017137098056014,0.9097428190451796,0.4084400626760657,0.2733422904725998,0.3284853472504564,0.4084400622754968,0.5007863524620251,0.1002433132179962,14.09622395935879,0.2254317758544798,0.2254317812221024,3414.500961631857,21.33516554165912,3421.199126919833,1e-06,,0.24394949701845,0.9249278854939246,66.79367303848267,3414.5012993351106,0.1116505986660398,0.1116505981853572
187,val,0.5083333339009967,0.8874352176984152,0.4014360592478797,0.2816730177118665,0.3648053521201724,0.4014360635053544,0.4775720777965727,0.2174685650638171,44.49776040940058,0.2248086070730572,0.2248086148784274,6211.570812406994,74.02074995495025,6286.813636363637,1e-06,74.02074995495025,0.2570340803691319,0.922352325348627,7.558692216873169,6211.57097516741,0.1069548942503475,0.106954894605137
188,train,0.5016801075268817,0.9091421921727478,0.4082525213879923,0.2732301509828977,0.3300625548888278,0.4082525213879923,0.4981610994505626,0.0998113627635663,14.21313407856931,0.2253487098922011,0.2253487136575483,3372.3774170619185,21.65787653256488,3379.159514528011,1e-06,,0.2436769043886533,0.9248771318184432,64.359539270401,3372.377079994448,0.1117160016250225,0.1117160017852501
188,val,0.5083333339009967,0.8972589487121219,0.4031687442745481,0.2782405480032875,0.3523310983464831,0.4031687421458108,0.4867241772867384,0.2172230056353978,44.834009624662855,0.2276489670787538,0.2276489656595956,6222.758306594122,74.21999250139508,6298.694995857008,1e-06,74.21999250139508,0.2550525204056785,0.9228657682736716,7.687588453292847,6222.758149646577,0.1071485614492779,0.1071485600301197
189,train,0.501747311763866,0.9102459258289748,0.4083930684193488,0.2728211126660788,0.3271135632549563,0.4083930686596901,0.4993805733899916,0.09808778600587,14.050865204103532,0.2247802761773909,0.2247802810643309,3283.322511570428,21.040902283883863,3289.488713078868,1e-06,,0.2438729092158297,0.9248412286722532,65.13392424583435,3283.3225133957403,0.1117678261412087,0.1117678266218913
189,val,0.5083333339009967,0.9022142546517508,0.4042986262412298,0.2761049568653106,0.3446814836490722,0.4042986255316507,0.4925486012583687,0.2169111434902463,44.94769822983515,0.2248097431092035,0.2248097473666781,6257.885637555803,74.40920493716285,6333.222493489583,1e-06,74.40920493716285,0.2549936877829687,0.9228746436891102,7.828889846801758,6257.885561988467,0.1067377541746412,0.1067377531102725
190,train,0.5007392473278507,0.911398920160468,0.408846071650905,0.2727553842849629,0.3283554019146068,0.4088460706094259,0.5017788958164954,0.0983624361575611,13.92369201619138,0.2247194685442473,0.2247194734311872,3488.7812141295403,21.057864050711355,3495.0710690071287,1e-06,,0.2439587129059658,0.92479024587139,66.08077359199524,3488.7812170828543,0.1117287666326568,0.1117287665525431
190,val,0.5083333339009967,0.8965338440168471,0.4031280151435307,0.2771411353633517,0.3496346275011698,0.4031280115956351,0.4881172456911632,0.2162632810927572,44.37640026637486,0.2252967634371348,0.2252967655658722,6263.93548874628,74.26000413440522,6340.75146188447,1e-06,74.26000413440522,0.2537191375380471,0.9230889422552926,8.142443895339966,6263.935424804688,0.1052327713086491,0.1052327713086491
191,train,0.5015120967741935,0.909539226242291,0.4084491947645782,0.2733231885458833,0.3280288745318689,0.4084491928418477,0.4986520953556543,0.0978104802229071,14.02605591538132,0.223859363906486,0.2238593688735398,3256.659886308896,21.184248016726585,3262.675313704263,1e-06,,0.2438410109569949,0.9248037985576096,65.30478978157043,3256.6602215510543,0.1117856523763108,0.1117856520558557
191,val,0.5083333339009967,0.8995413581530253,0.4034133922486078,0.2764279416629246,0.3464680150860831,0.4034133879911332,0.4896554769504638,0.2194239894549051,44.767668678647,0.2250496397415796,0.2250496447086334,6310.399669828869,74.52342096964519,6388.6200395063925,1e-06,74.52342096964519,0.2549879912819181,0.92283524785723,7.6935179233551025,6310.399431501116,0.1060886901049386,0.1060886904597282
192,train,0.5015120967741935,0.9113960331806572,0.4085929679774469,0.2724740413888808,0.3267121697145124,0.4085929664552852,0.5021038277735633,0.098826154245324,14.280449149429158,0.2243261057683216,0.2243261092933275,3355.6655910040745,21.30446354035408,3362.367309354532,1e-06,,0.2437136807749348,0.9248976755526758,64.75423383712769,3355.664918612408,0.1117327062272897,0.1117327063875172
192,val,0.5083333339009967,0.8969955075354803,0.4038448284069697,0.2777144731510253,0.3468863027436392,0.4038448298261279,0.4888836017676762,0.2173080792029698,44.40279960632324,0.2228301259733381,0.2228301302308128,6189.208199637277,73.94458171299526,6266.077804657907,1e-06,73.94458171299526,0.253080367332413,0.9234572194871448,8.020294427871704,6189.208222888765,0.1037807500078564,0.1037807485886982
193,train,0.501008064516129,0.911343954904105,0.4084869857917549,0.2724635187656649,0.3259018486545932,0.40848698611221,0.4996182448280755,0.0977968471024626,13.752389789909444,0.2239816798478044,0.2239816857762234,3569.7784067994803,20.715493284245973,3576.2984491932675,1e-06,,0.2436578119954755,0.9249046771757063,66.91037511825562,3569.778407209663,0.1118077866492733,0.1118077874103541
193,val,0.5083333339009967,0.8951916410809472,0.4018676593190148,0.2773878538892382,0.3529882161390213,0.4018676621573312,0.4845651097240902,0.2168775342759631,44.11785325549898,0.2255630372535614,0.2255630415110361,6199.140921456473,73.97299412318638,6277.560677823153,1e-06,73.97299412318638,0.2551517160165877,0.922952515738351,8.31442666053772,6199.141124906994,0.1057408331405548,0.1057408331405548
194,train,0.5013440860215054,0.9102385672189856,0.4083261532328462,0.2726122917186829,0.3281666693347757,0.4083261525118223,0.5007050615805452,0.0971506996260535,14.131689010127898,0.2242225684145445,0.2242225741026222,3308.1021748819658,21.35957827362963,3314.6621001889007,1e-06,,0.2440616083882188,0.9246567587057748,66.46281313896179,3308.101838942497,0.111821665438593,0.1118216657590481
194,val,0.5083333339009967,0.9019939871061416,0.4026119858026504,0.2751990074203128,0.3478188202494666,0.4026119836739131,0.489513187890961,0.2177238652393931,44.97219467163086,0.2249119324343545,0.22491193598225,6290.630368187314,74.64889181227912,6366.142514500473,1e-06,74.64889181227912,0.2567541577986308,0.9222572616168432,7.682932138442993,6290.63037109375,0.1093097034664381,0.1093097077239127
195,train,0.5014112902584896,0.9105229778315432,0.4082414841139188,0.2727366746753775,0.3281602774576474,0.4082414836332362,0.5002522879550534,0.1017086827146109,14.42003175776492,0.2240183997538782,0.2240184059226384,3590.2438360644924,21.83139124480627,3597.2893247764923,1e-06,,0.2439889580972733,0.9249021068055142,63.99758315086365,3590.243502134918,0.1117017422151822,0.1117017426958648
195,val,0.5083333339009967,0.9059850431623911,0.4063265508129483,0.2754150465840385,0.3359312060333433,0.4063265543608438,0.4982904607341403,0.2198843895679428,44.946268172491166,0.2236972046749932,0.2236972131899424,6307.870436895461,74.68042337326776,6385.654562470407,1e-06,74.68042337326776,0.2514908874318713,0.924043283576057,7.666594743728638,6307.8703380766365,0.101282676415784,0.1012826778349422
196,train,0.5020833332692424,0.909485794844166,0.4079708165378981,0.2725400627460531,0.3274958556698215,0.4079708183805148,0.4967534405489762,0.0982300816003673,13.888928990210257,0.2243731808598323,0.2243731872689339,3409.940667798442,20.83445342125432,3416.320691616688,1e-06,,0.2436740943981755,0.9251022082503124,66.5662214756012,3409.9406706902287,0.1117918892332943,0.1117918897940907
196,val,0.5083333339009967,0.8821199990454174,0.4017086866356077,0.2834850819337935,0.3658027208986736,0.4017086908930823,0.4756634256669453,0.2180901283309573,44.73753375098819,0.2250374406576156,0.225037442786353,6220.451788039434,73.93219430106026,6298.833658854167,1e-06,73.93219430106026,0.2553761778842835,0.9228450655937196,8.166559934616089,6220.451747349331,0.1035621872260457,0.1035621872260457
197,train,0.5013440860215054,0.9126570322500762,0.4086128599060479,0.2720151096582412,0.3251273334026336,0.4086128589446827,0.5034151971740748,0.1012323618896545,14.046180279024188,0.2240817414656762,0.2240817469134125,3220.095288512527,21.02144184932914,3225.7940509834675,1e-06,,0.2439618370225352,0.9248901003150528,63.98438763618469,3220.0952896610384,0.1118057618939107,0.1118057615734556
197,val,0.5083333339009967,0.8976964524814061,0.4032121726444789,0.2779402874764942,0.3518454404104323,0.4032121811594282,0.4869711718388966,0.220058316276187,45.388075147356304,0.2245393622489202,0.2245393629584993,6355.696271623884,75.03240748814174,6432.790892814867,1e-06,75.03240748814174,0.2556793845835186,0.9227394319715954,7.716681957244873,6355.696143740699,0.1075341634097553,0.1075341637645449
198,train,0.5016801075268817,0.91303152887411,0.4087297269093093,0.2720574646867731,0.3247552548525154,0.4087297268291955,0.5006427142408586,0.097659794433463,14.015590783088438,0.224490294212936,0.2244902978180557,3501.5962911626343,20.9307382670782,3508.498530614577,1e-06,,0.2433954659969576,0.9249586331587966,64.51202082633972,3501.595615243399,0.1119122490767509,0.1119122496776042
198,val,0.5083333339009967,0.9023416723523822,0.403460240080243,0.2753318441765649,0.3448947689362934,0.4034602414994013,0.4913075580483391,0.2180072232371284,44.61932127816336,0.2248094500530333,0.2248094578584035,6275.787417457217,74.40760385422479,6350.398097182765,1e-06,74.40760385422479,0.2548152995961053,0.9230147770472936,8.047194242477417,6275.787469773066,0.1071791595646313,0.1071791595646313
199,train,0.5021505376664541,0.9104914780585996,0.4077171643655146,0.271335150525775,0.3248637989163399,0.4077171640450595,0.5014491662262909,0.0996278499563535,14.02288782212042,0.2233610786898161,0.2233610819744807,3340.4153880457725,21.401163929252213,3345.9868647411618,1e-06,,0.2436620686804094,0.9249204871475056,65.10163807868958,3340.415723431495,0.1119675431600821,0.1119675426393427
199,val,0.5083333339009967,0.9051514381454104,0.4036304205656051,0.2750162673848016,0.3437440693378448,0.4036304170177096,0.491847303651628,0.2181546982555162,44.33663522629511,0.2275197293077196,0.2275197371130898,6210.409156436012,74.0055425734747,6284.877420691288,1e-06,74.0055425734747,0.2558201991376422,0.9227188768840972,7.795951843261719,6210.408958798364,0.1096319733631043,0.1096319730083147
200,train,0.502116935547962,0.9103422019109932,0.4078522321357521,0.2721842691622754,0.3294636048777129,0.4078522334175725,0.5010854732445491,0.0972403768369908,14.522888291266655,0.2231568799864861,0.2231568852739949,3605.235508970035,21.854224553672218,3610.945995477233,1e-06,,0.2437198950398353,0.9250076358677238,63.78655815124512,3605.235843637938,0.111763190277802,0.1117631908385984
200,val,0.5083333339009967,0.8929304508935838,0.4030407085305169,0.2792581298521587,0.35359073536736624,0.4030407056922004,0.48462377914360594,0.2174080620918955,44.319801330566406,0.22438937496571315,0.22438938135192507,6240.150966099331,74.00150607881092,6317.502392578125,1e-06,74.00150607881092,0.2544276210523787,0.922990253993443,8.004077672958374,6240.150989350818,0.10464444472676232,0.10464444472676232
