epoch,phase,bucket_acc,bucket_ce,bucket_distance_l1,bucket_entropy,bucket_expectation_l1,bucket_index_l1,bucket_prior_kl,calorie_from_map_l1,calorie_mae,calorie_map,calorie_map_l1,calorie_mse,calorie_rmse,loss,loss_contrast,loss_reconstruction,loss_total,lr,scheduler_metric,segmentation,segmentation_dice,time_sec,total_calories,volume,volume_mae
1,selfsup,,,,,,,,,,,,,,,2.0488695040825875,0.3221645513849874,2.209951775048369,,,,,,,,
2,selfsup,,,,,,,,,,,,,,,0.953148675862179,0.2506405010979662,1.078468927132186,,,,,,,,
3,selfsup,,,,,,,,,,,,,,,0.5152539202282506,0.225283983093436,0.62789591265622,,,,,,,,
4,selfsup,,,,,,,,,,,,,,,0.4062239862577889,0.2108235306316806,0.5116357524548808,,,,,,,,
5,selfsup,,,,,,,,,,,,,,,0.331017038915106,0.1969312827593536,0.4294826809757499,,,,,,,,
6,selfsup,,,,,,,,,,,,,,,0.2936663843130552,0.1837910936884982,0.385561930235996,,,,,,,,
7,selfsup,,,,,,,,,,,,,,,0.253427694161092,0.1742608073337744,0.3405580978880646,,,,,,,,
8,selfsup,,,,,,,,,,,,,,,0.2382852205586048,0.1687607216017861,0.3226655814596402,,,,,,,,
9,selfsup,,,,,,,,,,,,,,,0.2208980970405122,0.160908417235459,0.3013523055981564,,,,,,,,
10,selfsup,,,,,,,,,,,,,,,0.2129640250757176,0.1591621562437985,0.2925451020559957,,,,,,,,
11,selfsup,,,,,,,,,,,,,,,0.1988367716311126,0.1506573743317076,0.2741654578556297,,,,,,,,
12,selfsup,,,,,,,,,,,,,,,0.1930361265937487,0.1486488315927726,0.2673605424902772,,,,,,,,
13,selfsup,,,,,,,,,,,,,,,0.1838819503944407,0.1567804786546897,0.2622721897017571,,,,,,,,
14,selfsup,,,,,,,,,,,,,,,0.1833259910345077,0.1290700583848902,0.2478610200266684,,,,,,,,
15,selfsup,,,,,,,,,,,,,,,0.1723418779350737,0.1339613712362704,0.2393225638135787,,,,,,,,
16,selfsup,,,,,,,,,,,,,,,0.1686803879596853,0.1276649551926761,0.2325128645345729,,,,,,,,
17,selfsup,,,,,,,,,,,,,,,0.1680960357790031,0.1263816173198402,0.2312868444188948,,,,,,,,
18,selfsup,,,,,,,,,,,,,,,0.1633878851770072,0.1268572214870683,0.2268164958203992,,,,,,,,
19,selfsup,,,,,,,,,,,,,,,0.1630201072942826,0.1209182891073406,0.22347925162764,,,,,,,,
20,selfsup,,,,,,,,,,,,,,,0.1562124026879187,0.12388979222986,0.2181572986626496,,,,,,,,
1,train,0.5268145161931233,0.6151755368837746,0.4195808361294449,0.5959963476465594,2.432320232032448,0.4195808361294449,0.0967983982215325,0.9281621743594448,115.99799997063091,0.2811205232095334,0.2811205276558476,33423.410107684394,157.01057811449934,0.6124069070976591,,,,0.0001,,0.5149441661052806,0.8438149491945902,67.20083951950073,0.2291424068552191,0.1124590480279538,0.1124590484685795
1,val,0.5083333339009967,0.6923487569604602,0.3810313216277531,0.4202673208145868,1.0443229873975115,0.3810313287235441,0.2678189160568373,0.4439379771550496,94.42581449236188,0.3175703230358305,0.3175703272933051,21435.646984282,136.0741836911156,0.441070687228983,,,,0.0001,136.0741836911156,0.3923081386656988,0.9037032042230878,7.536823749542236,0.1846433776829923,0.1321138906336966,0.1321138924076443
2,train,0.5002016130314079,0.8681505085319601,0.4209757925521943,0.3514493351341575,0.7172853289752879,0.4209757903090087,0.4073129628975225,0.4646176464294874,91.43660785305885,0.341420896511565,0.3414209033212354,21912.52612173429,128.21213504832278,0.5504406807398555,,,,0.0001,,0.3626718179833504,0.8942340718161675,60.70408320426941,0.1578758828522216,0.1225994884647348,0.1225994885448486
2,val,0.5083333339009967,1.0195137489409674,0.4287708784852709,0.2628161566598074,0.4356056380839574,0.4287708742277963,0.5733791689078013,0.4719299510830924,96.46149826049805,0.3873964093980335,0.387396419332141,21678.111432756697,136.9142554146903,0.5693804260456201,,,,0.0001,136.9142554146903,0.3370033743835631,0.9050465822219848,7.935245513916016,0.1866971091145561,0.1466378580246652,0.1466378573150862
3,train,0.4997983871288197,0.9288874540918616,0.4227150709077876,0.3068253487669011,0.5531862429393235,0.4227150690651709,0.4721253501471653,0.4497792139168708,87.84778406286752,0.4452900679842118,0.4452900785592295,20404.900306619624,122.75414136660996,0.6494485199250758,,,,0.0001,,0.3383765486619806,0.8983057356008919,61.395275354385376,0.1463238795798632,0.1257364073748229,0.1257364078555055
3,val,0.5083333339009967,0.9227502601487296,0.4148850795768556,0.2892858307986032,0.4635146856307983,0.4148850809960138,0.4940598954757054,0.4094238792146955,84.94793555850075,0.4869948355924515,0.4869948441074008,16321.825346447173,120.70210938226607,0.6225995378060775,,,,0.0001,120.70210938226607,0.3349599724724179,0.9066132534117926,7.603012800216675,0.1484099037590481,0.1318740539607547,0.1318740528963861
4,train,0.5004032257423606,0.950943130479064,0.424188551082406,0.2942390267246513,0.505195447514134,0.4241885518034299,0.4978524209751236,0.3994715651997956,84.63135007632675,0.5228230565465907,0.5228230735307099,18995.58031439012,118.7889258887178,0.74456280807052,,,,0.0001,,0.3249469014906114,0.899734866234564,62.30676817893982,0.1366548263618061,0.1245074520508448,0.1245074527718687
4,val,0.5083333339009967,0.8109396270343235,0.3899453360409963,0.3195376374891826,0.5798933605353037,0.3899453317835217,0.3971990077268509,0.3806818163111096,75.70336659749348,0.4995110801288059,0.4995110957395463,12378.659970238095,107.3986285981678,0.6957647291096773,,,,0.0001,107.3986285981678,0.3286743064721425,0.9059032059851146,7.481762886047363,0.1192404035301435,0.1206463419255756,0.1206463408612069
5,train,0.5,0.9566084425295552,0.4228286916209805,0.28684616361254,0.4838529128220774,0.4228286901789327,0.5073878641330427,0.3779791507829902,81.41826141521494,0.4930852241413567,0.4930852347163744,18230.313946467573,114.62033708633916,0.8438862774909948,,,,0.0001,,0.3151755241617079,0.9041385509634532,61.45493149757385,0.1292036440704138,0.124369904799487,0.1243699046793163
5,val,0.5083333339009967,0.9037340524650757,0.4072305744602567,0.281990830387388,0.4232157199155716,0.4072305723315194,0.4909426647992361,0.3790027101834615,76.9047117687407,0.4386112448715028,0.4386112548056103,14285.128941127232,112.66986901419504,0.8039820317066078,,,,0.0001,112.66986901419504,0.3179796111016046,0.911903704915728,7.840510129928589,0.1305663125323397,0.1340428711402984,0.1340428739786148
6,train,0.5,0.9562352520804251,0.4225581639236019,0.2859363843516637,0.4734198531155945,0.4225581631224642,0.5060402867935037,0.3694386702551636,79.39327563008955,0.4971384385260202,0.49713844765899,17735.211754583543,112.66059617073306,0.8321490822416363,,,,0.0001,,0.3057754260878409,0.9100405868663582,63.40907692909241,0.1250585009674391,0.1241243060237617,0.1241243061439324
6,val,0.5083333339009967,0.9897391597429912,0.4190100282430649,0.2569274093423571,0.3981639345486958,0.419010036048435,0.5563695899077824,0.3752007001922244,80.72177868797665,0.5664423335166204,0.5664423562231518,15093.952194940475,115.36037408737909,0.8334390394615404,,,,0.0001,115.36037408737909,0.3034922296092623,0.91281263033549,7.370221376419067,0.1382951173221781,0.1350705371726127,0.1350705364630335
7,train,0.4995967742576394,0.956442788884204,0.4228900592493754,0.2833925143525164,0.4525898779111524,0.4228900599703994,0.5124953951165881,0.3560923024691561,78.02668844243532,0.4932461751084174,0.4932461844016147,16945.875843991515,109.34077910966772,0.813702401970372,,,,0.0001,,0.3010164313418891,0.9128210400381396,65.13943839073181,0.1192104967851792,0.123458839151808,0.1234588386711253
7,val,0.5083333339009967,0.8334078391393026,0.3923407012508029,0.3078892379999161,0.5428024062088558,0.3923406969933283,0.4166368380898521,0.3641796871310189,74.32183002290272,0.4228526183537074,0.4228526297069731,12016.46909877232,105.082945505778,0.7968309604760372,,,,0.0001,105.082945505778,0.3066655184541429,0.9169902801513672,8.305385828018188,0.1158170627341384,0.1165199560068902,0.1165199531685738
8,train,0.5,0.9539557016024024,0.4205571251210346,0.2812473705058457,0.4529917736848195,0.4205571254414896,0.5087992228888055,0.3506529411321045,75.57368739958733,0.4893218947033728,0.4893219035158875,16529.208070816534,107.3553612206572,0.8063489445532211,,,,0.0001,,0.2918399442588129,0.9165571056386476,67.39854145050049,0.1150291349378324,0.1230600240329901,0.1230600246739003
8,val,0.5083333339009967,0.9634594945680528,0.4142662400291079,0.2625557957660584,0.359955879903975,0.4142662520919527,0.5340650244837716,0.3549812287092209,71.1980599902925,0.5180403192838033,0.5180403434094929,11804.178001767114,101.98684165591284,0.7750902244538972,,,,0.0001,101.98684165591284,0.2864121411527906,0.9191263743809291,7.899835109710693,0.1116849939738001,0.1270225480908439,0.1270225480908439
9,train,0.5,0.94642177240182,0.4200941342660176,0.2825561525520458,0.4401122869983796,0.4200941361086343,0.5098434126264947,0.3400446428086168,72.09616857959378,0.5042314029509022,0.5042314101611415,15186.608788931242,101.13905316014444,0.7854525141844444,,,,0.0001,,0.286926031433126,0.9186384418318349,65.80454087257385,0.1044267973291777,0.1229167564982368,0.1229167564581799
9,val,0.5083333339009967,0.9084817809717995,0.4085447539885838,0.2805902383157185,0.3771536236717587,0.4085447539885838,0.4942351792539869,0.3418466037227994,61.48919423421224,0.4918926358222961,0.4918926344031379,9401.302891322544,89.99574606759208,0.7324791156884396,,,,0.0001,89.99574606759208,0.2850267205919538,0.9220589796702068,7.959150075912476,0.0882851114230496,0.1229545679830369,0.1229545669186683
10,train,0.5,0.9478889549932172,0.418821460537372,0.2793423772979808,0.4365919114601228,0.4188214634214678,0.5124604184861465,0.3285710264437942,73.41549645700762,0.4992762139087082,0.4992762270473664,15675.318829280071,103.64570867887107,0.783847320601595,,,,0.0001,,0.282849147595385,0.920104242460702,66.91928911209106,0.1078692206672282,0.1222881527357204,0.1222881525354359
10,val,0.5083333339009967,0.8747345734210241,0.4019250614302499,0.2899177074432373,0.4162815567992982,0.4019250593015125,0.4675737583921069,0.3175974768542108,62.353298732212615,0.4866266676357814,0.4866266818273635,9154.97662062872,89.681701478504,0.7235482642144868,,,,0.0001,89.681701478504,0.2882000576882135,0.9212075017747424,8.198709487915039,0.0874676707067659,0.1198463429297719,0.1198463429297719
11,train,0.4997983871288197,0.9509653567626912,0.4197049083248261,0.2777069474580467,0.4142042774186339,0.4197049084850537,0.5149006601623309,0.3137951706365872,70.35376159093713,0.502911437262771,0.5029114470366509,14686.822300408476,99.0779129151375,0.7645724921114115,,,,0.0001,,0.2791218994766153,0.9214878514889748,66.4437358379364,0.100764038131362,0.122325391698909,0.1223253918991934
11,val,0.5083333339009967,0.811749286594845,0.38443110031741,0.3062376337391989,0.5240629741123745,0.3844311031557265,0.4024077196206365,0.3154139930293673,63.98076756795248,0.4840804494562603,0.4840804508754185,9154.977446056548,91.39888545445034,0.7354694922765096,,,,0.0001,91.39888545445034,0.2894595237005324,0.9228092971302214,7.858697414398193,0.0887703491995732,0.1182152632446516,0.1182152639542307
12,train,0.4999663978815079,0.9536257417451952,0.419556804802469,0.2791705710753318,0.4252061181331193,0.419556804802469,0.5152177857435358,0.3166853254761106,71.0642474184754,0.4950199136810918,0.4950199234549717,15036.647681451614,100.3226338048135,0.771022105859185,,,,0.0001,,0.2786504496489801,0.9226962577912116,66.85288619995117,0.1022366489514067,0.1222231676902181,0.1222231670893648
12,val,0.5083333339009967,0.962836469922747,0.4092390416633515,0.2555818699655078,0.3498381461415972,0.4092390473399843,0.5289365209284282,0.3716077620074862,70.61941274007161,0.4597209663618178,0.4597209692001343,11137.87835984003,101.58225086757116,0.7675298719695121,,,,0.0001,101.58225086757116,0.2879136261485872,0.9217256335985092,7.738712787628174,0.1058731676921958,0.1316795171726317,0.131679515398684
13,train,0.5002016130314079,0.9524274047023508,0.418721313037539,0.2761802650907988,0.412844866834661,0.418721314079018,0.5175332668167288,0.3050167021411721,68.57145039753247,0.4951545044940005,0.4951545158701558,14548.11895030032,97.0597007300264,0.7579045870087363,,,,0.0001,,0.2765588619375742,0.9214666947241752,65.89808058738708,0.0974049532125073,0.1213520834602976,0.1213520832199563
13,val,0.5142857148533776,0.8495791043554034,0.3883889005297706,0.2935296084199633,0.4984686615921202,0.3883888927244004,0.4261832396898951,0.324067513857569,69.89769581386021,0.4588599119867597,0.4588599134059179,11093.28185453869,100.16371663411458,0.7633654579971776,,,,0.0001,100.16371663411458,0.280869410151527,0.9241221944491068,7.845373630523682,0.1083526472960199,0.1252952689925829,0.1252952689925829
14,train,0.500369623784096,0.9476069952211073,0.4181722637706546,0.2740938675499731,0.3971897161776019,0.4181722639308822,0.5182520029966229,0.3013720543634507,65.72813920051821,0.5325638440347487,0.5325638520461257,13393.802450856854,93.01276748411117,0.7415169352634186,,,,0.0001,,0.272859429880496,0.9243022158581724,66.23849368095398,0.0891773120289848,0.1216329135481388,0.1216329124666029
14,val,0.5083333339009967,0.959907903557732,0.4045741856098175,0.2631137349775859,0.3833627821434112,0.404574189157713,0.5052719265222549,0.3169003583136059,72.45368903023856,0.6040623443467277,0.6040623556999933,11605.016613188243,102.57875914800736,0.7650008049878207,,,,0.0001,102.57875914800736,0.2738560821328844,0.9258668933595928,7.896668434143066,0.1126660294830799,0.1368810208070845,0.1368810229358218
15,train,0.5007728495264566,0.9456811007312548,0.4177295543173308,0.2773788677909041,0.3965969956530037,0.4177295549582409,0.5114749565079648,0.2924437289356544,64.63530090291013,0.5398388434481877,0.5398388546641155,13141.36741982737,92.015383156397,0.7347614394093201,,,,0.0001,,0.2698350752233177,0.9258057096953032,66.33181715011597,0.0868054046846365,0.1213341308056667,0.1213341308457236
15,val,0.5083333339009967,0.8963897682371593,0.4079570713497343,0.2950777375981921,0.4461348794755481,0.4079570713497343,0.4679145550444012,0.4033686823788143,73.01881445021857,0.4448642205624353,0.4448642234007517,11906.744960239956,104.56493958972747,0.7980457280621384,,,,0.0001,104.56493958972747,0.2786370572589692,0.9278908031327384,7.782454013824463,0.11444241349541,0.1135672259898412,0.1135672270542099
16,train,0.5,0.9550054994642092,0.4188109125982048,0.2726896599896492,0.3882330791443907,0.4188109137197977,0.5188598940249092,0.2851386103899248,64.49023217026905,0.5328968769760543,0.5328968862692515,13359.000215920069,90.86431101317046,0.732549984045703,,,,0.0001,,0.2684033773438904,0.9252393617424912,65.83122968673706,0.0870340478466323,0.1203537849328851,0.1203537849328851
16,val,0.5083333339009967,0.9896486486707416,0.4115071012860253,0.2511559362922396,0.3345737187635331,0.4115071048339208,0.5394313150928134,0.3035866217244239,68.20323617117745,0.551358455703372,0.5513584727332705,10558.972388857886,96.97548839024137,0.7437840154676726,,,,0.0001,96.97548839024137,0.2673165202140808,0.9268366694450378,7.715736150741577,0.1016271836346104,0.1339387648871966,0.1339387634680384
17,train,0.5,0.9592973676420028,0.4181842440238563,0.269120428671119,0.3634554914409114,0.4181842455460179,0.5274582044972528,0.2468719123512186,58.38134322627898,0.5355870909588312,0.5355871073020402,11573.082819128547,81.88043639480426,0.6970479500815523,,,,5e-05,,0.2634524251985293,0.927253282839252,66.68898034095764,0.0725602722796861,0.120968072925524,0.1209680737266617
17,val,0.5083333339009967,0.9082700723693484,0.4088985593546004,0.2791081290869486,0.3624138470206942,0.4088985600641796,0.4972307348535174,0.2724890091589519,58.52817980448405,0.5273540161904835,0.5273540204479581,8771.035958426339,87.97705114455451,0.6988125002745426,,,,5e-05,87.97705114455451,0.2703833679358164,0.9269959188642956,7.72991418838501,0.084735830802293,0.1209170995723633,0.1209171002819424
18,train,0.5005040322580645,0.9545160523986304,0.4176977960973657,0.2662705864797356,0.3386173678501959,0.4176977925723599,0.5276739255635328,0.2302763557802605,53.17425754506101,0.5310682796983308,0.5310682909142587,10330.001218734247,75.14377212524414,0.6686037972318605,,,,5e-05,,0.2642017150277732,0.9271130645146934,66.39774775505066,0.0599482570604611,0.121510422998859,0.1215104231190297
18,val,0.5083333339009967,0.9200904199055264,0.4056303096669061,0.2703082887899308,0.3517804841200511,0.4056303167626971,0.5003800321192968,0.2659439856097811,57.46522939772833,0.5154662032922109,0.5154662132263184,8855.468162899926,86.35035705566406,0.692327163436196,,,,5e-05,86.35035705566406,0.2661656311580113,0.9293027889160884,7.874444723129272,0.0820394991675303,0.1175821168082101,0.1175821168082101
19,train,0.500134408634196,0.9517887547131508,0.4170996509492397,0.2665390994760298,0.340704042344324,0.4170996525515151,0.5257283242078878,0.2275529563907654,52.30819416046143,0.5244996515653466,0.5244996608585439,10155.365427981142,74.31999183982931,0.6663191440129521,,,,5e-05,,0.2589933137579631,0.9283418216372048,66.324538230896,0.0592270625820283,0.1209704343990613,0.1209704338783218
19,val,0.5083333339009967,0.9105971143359228,0.4071873064552034,0.2769136251438231,0.3579106529553731,0.4071873121318363,0.4964274061577661,0.2526123481137411,54.86184983026413,0.5024367783750806,0.5024367797942388,7330.5792236328125,81.29746155511765,0.6769021807294904,,,,5e-05,81.29746155511765,0.2634711137839726,0.9277771569433666,7.794401407241821,0.0723687618793476,0.1161609015294483,0.1161609036581856
20,train,0.500739247247737,0.952251499378553,0.4168136544445509,0.2654538511108326,0.3341192278650499,0.4168136548451198,0.5275652578441046,0.2262674146281775,51.11952276127312,0.5239941479377849,0.5239941601150779,10182.739112771967,72.49939036625688,0.6627934835976623,,,,5e-05,,0.2587054407884998,0.9283730704938212,65.85468316078186,0.0580548163683664,0.1209459497082618,0.1209459495480342
20,val,0.5098214291390919,0.8710195592471531,0.3998367275510515,0.2892983328728449,0.4237320706957862,0.3998367275510515,0.4593619310430118,0.2734080538863227,62.30486751738049,0.5134140693006062,0.5134140806538718,9353.574271065849,91.1280532110305,0.708092991511027,,,,5e-05,91.1280532110305,0.2631537715593974,0.9283974568049111,7.877960681915283,0.0890968119104703,0.1148451023868152,0.1148451002580779
21,train,0.501747311763866,0.9587843752996896,0.4176095149690105,0.2627125674037523,0.318175651293288,0.4176095150491243,0.5335796954891374,0.2107871082280912,47.47980182401596,0.5224251876915654,0.5224252016313614,9396.748368786228,68.60447400616061,0.6470678121955307,,,,5e-05,,0.2552055354400347,0.928873795655466,65.19304656982422,0.0514119708990698,0.1208050948397446,0.1208050946394602
21,val,0.5098214291390919,0.888029952843984,0.4006223919845763,0.280548327025913,0.3912820716698964,0.40062239695163,0.4746750820250738,0.2632843284379868,59.901419140043714,0.5128461094129653,0.5128461307003385,9073.102934337798,89.95504542759487,0.6953433499191747,,,,5e-05,89.95504542759487,0.2581192396935962,0.930075758979434,8.90389609336853,0.0848106219477596,0.1201557073564756,0.1201557091304234
22,train,0.5008736560421605,0.9581462825818728,0.4172462465301637,0.2631574752990917,0.3211225312884136,0.4172462458892535,0.5339207947254181,0.2119240390277037,48.889257995031215,0.522645106078476,0.5226451180955415,9387.67367061492,68.59551517937773,0.6493448414585807,,,,5e-05,,0.2557017504367777,0.9288565763222274,65.32778000831604,0.0519890663494426,0.1207534072379912,0.1207534071979343
22,val,0.5113095243771871,0.8945601610910325,0.3999164118653252,0.2768938534316562,0.3771265404564993,0.3999164076078506,0.4770244665089108,0.2427000389212653,56.28226970490955,0.506107516231991,0.5061075247469402,8069.816978817895,84.34672437395368,0.6778485482389277,,,,5e-05,84.34672437395368,0.2600635268858501,0.9291179208528428,8.28322148323059,0.0777758790091389,0.1152235265998613,0.1152235326312837
23,train,0.5007728495264566,0.9619610559555792,0.4170935381484288,0.2601888597972931,0.3147104340855793,0.4170935358251295,0.5377884936989635,0.2129767994967199,47.32924226535264,0.5167316510792701,0.5167316629361081,9172.214193856844,67.52459582462106,0.6458905965390832,,,,5e-05,,0.2538463966019691,0.9285771289179402,66.0842113494873,0.0501262401981699,0.1207627825919658,0.1207627825919658
23,val,0.5098214291390919,0.888152920064472,0.3991757425523939,0.2788538130975905,0.3866355234668368,0.3991757475194477,0.4732012372641336,0.2674133500882557,57.80845442272368,0.501101139045897,0.5011011447225299,8498.204554966518,86.49217405773345,0.6911186073765611,,,,5e-05,86.49217405773345,0.2591611388183775,0.9304870849563962,8.032003402709961,0.0814309993404008,0.1224025732704571,0.1224025714965093
24,train,0.501377688300225,0.9578632856568984,0.4165869734139852,0.2615997958728062,0.3103391827755077,0.4165869738145541,0.5344372661684149,0.1973608334859212,45.03186255629345,0.5196065093560885,0.5196065229754294,8654.584351898522,64.22541970078663,0.6334255119365474,,,,5e-05,,0.2522518038749695,0.9296173527035662,66.33402872085571,0.0453235028256532,0.1206280214972393,0.1206280207762154
24,val,0.5083333339009967,0.928148070971171,0.4096091936031977,0.2686933754455475,0.3368868842011406,0.4096091978606723,0.5149374944823129,0.2779926011959712,55.59114637829008,0.4981746560051328,0.4981746744541895,8039.324050176711,84.75190335228329,0.690303217642235,,,,5e-05,84.75190335228329,0.2568604066258385,0.9299115566980272,7.978145837783813,0.0776169277018024,0.1175936283100219,0.1175936279552323
25,train,0.5009408602791448,0.9599834525136536,0.4175778604963774,0.260468908134968,0.3047580509096063,0.4175778608168325,0.5422255368602853,0.2001025634667565,45.52827429002331,0.5164606949334504,0.5164607045471027,8824.763125347834,64.09797950457501,0.633296645851649,,,,5e-05,,0.2508010117597477,0.9306039335907148,65.91183114051819,0.0457774738716061,0.1201843668216018,0.1201843664210329
25,val,0.5083333339009967,0.9015014242558252,0.4087461048648471,0.2813772090843746,0.3667767672311692,0.4087461069935844,0.4948060583500635,0.2675845800411133,57.98771022614979,0.438456145070848,0.4384561592624301,8878.621372767857,89.44322858537946,0.6960438533262773,,,,5e-05,89.44322858537946,0.260429153130168,0.9302970795404344,7.998678684234619,0.0855276597929852,0.1150729095651989,0.1150729081460407
26,train,0.5011760752688172,0.9665320095836476,0.4178902557299983,0.2564729333564799,0.2813857233812732,0.4178902539674953,0.546775448065932,0.1740843640460122,40.19778807445239,0.5155380552494397,0.5155380655040023,7590.533093852381,56.8490191736529,0.6087517607091654,,,,2.5e-05,,0.2477283481788891,0.9313137880576554,67.70019054412842,0.0361588624160816,0.1205924354814073,0.120592435241066
26,val,0.5083333339009967,0.9251530397505988,0.4077133536338806,0.2673095294407436,0.3269313978297369,0.4077133507955642,0.5127634157737097,0.2360381853012811,51.94577017284575,0.4959814094361804,0.4959814293043954,7519.920735677083,81.0184455144973,0.6649475289113593,,,,2.5e-05,81.0184455144973,0.252999803849629,0.9312546565419152,8.334078311920166,0.0720799074375203,0.119333949472223,0.1193339487626439
27,train,0.5018481182795699,0.9675608780435336,0.4179001218208703,0.2552438078708546,0.2745546976565033,0.4179001211799601,0.5469291569484819,0.1664700250952474,39.0116174041584,0.5144292723427537,0.5144292830779988,7644.90194291966,55.43999380706459,0.6027548570825596,,,,2.5e-05,,0.2471999613347874,0.9313994684526996,66.9480950832367,0.0347331801244127,0.1202327544170041,0.1202327546172885
27,val,0.5098214291390919,0.8939453420184907,0.4022564753180458,0.2779747815359206,0.3648217277867453,0.402256476737204,0.4831144845201855,0.2398311708654676,52.70441055297852,0.4982325732707977,0.4982325860432216,7835.626133510044,81.7085429600307,0.6688688935655536,,,,2.5e-05,81.7085429600307,0.252478383126713,0.931922923950922,8.434650421142578,0.0735693548672965,0.1099303371849514,0.1099303375397409
28,train,0.5013104839030132,0.9708384403618432,0.4181405598277686,0.2545871523118788,0.270640725329999,0.4181405581453795,0.5514475921148895,0.1594268932377779,37.14479086475988,0.5181919552626149,0.5181919648762672,7359.746328210318,53.18312234775994,0.5973333986118586,,,,2.5e-05,,0.2455875209422521,0.9321956397384724,66.90635132789612,0.0323593167598129,0.1199478700917254,0.1199478694508152
28,val,0.5113095243771871,0.9272346979095822,0.4025951765832447,0.2611584095727829,0.3337619638159161,0.4025951723257701,0.5078384734335399,0.2417598295779455,55.3755616687593,0.5107267882142749,0.5107268109208062,8373.805385044643,84.57986123221261,0.674450358838746,,,,2.5e-05,84.57986123221261,0.2514195967288244,0.931394738810403,8.359920978546143,0.0784392730288562,0.1212030386640912,0.1212030390188807
29,train,0.5004368280210802,0.967424619101709,0.4179224953536064,0.2541145730403162,0.2690033148373327,0.4179224956740615,0.5477285019813045,0.1554250072247238,36.27229641329858,0.5182991204082324,0.5182991292207472,7300.255691036101,51.601154686302266,0.5927769090992835,,,,2.5e-05,,0.2436122341502097,0.9323655962944032,65.5407247543335,0.0314163817918949,0.1201164058700043,0.1201164050288097
29,val,0.5098214291390919,0.929997566200438,0.4079513131153016,0.2636819900501342,0.3250999330055146,0.4079513116961434,0.5191829644498371,0.2537722360520136,54.12955129714239,0.4909452739216032,0.4909452781790778,7973.623035249256,83.05379322596959,0.675841414567196,,,,2.5e-05,83.05379322596959,0.2490925661155155,0.9323806932994296,8.18472170829773,0.0760336134671455,0.1144074574112892,0.1144074563469205
30,train,0.5004032258224743,0.969687126016104,0.4179022311363169,0.2535174067622872,0.265293378823547,0.4179022302550654,0.5526878361900648,0.1558662751709581,36.61305897210234,0.5126593620866857,0.5126593757060266,7048.184309600502,51.85269283991988,0.5916367551293036,,,,2.5e-05,,0.2433724815967262,0.9320449114486736,67.16695785522461,0.0305972729286339,0.1201174701013231,0.1201174699811525
30,val,0.5113095243771871,0.9298298813047864,0.4035541464885075,0.261789864727429,0.3288141978638513,0.4035541457789285,0.5086555686734971,0.2301207326707385,53.30879974365234,0.5316966530822572,0.5316966658546811,8105.516342889695,83.1946204957508,0.6663289434982068,,,,2.5e-05,83.1946204957508,0.2492084751526514,0.9310199533190046,7.947354316711426,0.0753818911367229,0.1238317478980336,0.1238317489624023
30,val_periodic_epoch_30,0.5113095243771871,0.9298298813047864,0.4035541464885075,0.261789864727429,0.3288141978638513,0.4035541457789285,0.5086555686734971,0.2301207326707385,53.30879974365234,0.5316966530822572,0.5316966658546811,8105.516342889695,83.1946204957508,0.6663289434982068,,,,2.5e-05,,0.2492084751526514,0.9310199533190046,7.73541522026062,0.0753818911367229,0.1238317478980336,0.1238317489624023
31,train,0.5025873655273069,0.9672211439058344,0.4171429325335769,0.2532007397823436,0.2638658820300973,0.4171429322932356,0.5516211434958442,0.1492248663818964,35.22714400035079,0.5134383009005619,0.5134383097130765,6869.016857188235,50.14952268908101,0.5867877557422175,,,,2.5e-05,,0.2418176716053357,0.9320438212604932,66.87717247009277,0.028685876729107,0.1198070596863505,0.1198070600869194
31,val,0.5113095243771871,0.9389259020487468,0.4083234965801239,0.2609141511576516,0.3163755032278242,0.4083234944513866,0.5229223115103585,0.2333495709158125,52.63236872355143,0.5307111938794454,0.53071119813692,7801.077747163318,81.02655020214263,0.6652746843569206,,,,2.5e-05,81.02655020214263,0.24567792174362,0.9313759150959195,8.008011817932129,0.0728697499836839,0.117559847732385,0.1175598456036476
32,train,0.5007728495264566,0.9750184615453084,0.4190888212573144,0.2527618189492533,0.2568832309415904,0.419088822058452,0.5595625703052808,0.1534276474667813,35.81124523121824,0.5111109571110818,0.5111109656031414,6981.797017251291,50.07326047138501,0.5895340983715122,,,,2.5e-05,,0.2432433257820785,0.9316445755702192,67.15827488899231,0.029731184468224,0.1196029916085222,0.1196029928102288
32,val,0.5098214291390919,0.928174785205296,0.4065944474367868,0.2664461370025362,0.3271919226362592,0.406594448855945,0.5109069638309025,0.2339277828023547,51.25087084089007,0.5135201513767242,0.5135201641491481,7596.841503324963,80.46870331537156,0.6640519080740033,,,,2.5e-05,80.46870331537156,0.250000896907988,0.930713829540071,8.452158689498901,0.0715886158425183,0.1150358872754233,0.1150358865658442
33,train,0.5027217743217304,0.9708261869607432,0.4175798201993588,0.2523688184477949,0.2603331422933968,0.4175798178360026,0.5539693201501523,0.1504498225666823,34.711753076122655,0.5120490339174065,0.5120490416083284,6664.956154772031,49.28037426035891,0.5860197727126305,,,,2.5e-05,,0.2411553812443569,0.9325285451386564,66.926917552948,0.0276530838336154,0.1194455088466726,0.1194455082858762
33,val,0.5098214291390919,0.9433162354287647,0.4103343195858456,0.2607250909010569,0.3141088982423146,0.4103343210050038,0.5293159307468505,0.2391483038663864,52.309042249407085,0.4928825114454542,0.4928825213795617,7802.442522321428,82.09182603018624,0.6701935345476324,,,,2.5e-05,82.09182603018624,0.24407616683415,0.9332207072348822,7.993585109710693,0.0744333317769425,0.1129884546001752,0.1129884535358065
34,train,0.5020833332692424,0.9685295698463277,0.4172222283418461,0.2522680963720045,0.2564693256331387,0.4172222298640077,0.5522926481821204,0.1462155809045158,34.015067664525844,0.5125907749258062,0.5125907859815064,6467.720771215295,48.04348906650338,0.5818571098123737,,,,2.5e-05,,0.2398519274047626,0.932894136956943,66.75728702545166,0.0269432355692329,0.1194633398084871,0.1194633391675769
34,val,0.5098214291390919,0.936359922091166,0.4107836811315445,0.2646327643167405,0.3183469027280807,0.410783683969861,0.5247789607161567,0.2365369012668019,52.32788204011463,0.4997975329558055,0.4997975443090711,7343.181082589285,80.53707222711472,0.6649591048558553,,,,2.5e-05,80.53707222711472,0.2438361417679559,0.933286263829186,8.395842790603638,0.0708893790308918,0.1115925627804937,0.1115925638448624
35,train,0.4996975806531726,0.9753234735740128,0.4191509420352597,0.2520354045655137,0.2590886826316516,0.4191509442784453,0.5588689622699573,0.1495193414470201,35.0560776341346,0.5102682488579904,0.5102682595932355,6912.151112053984,49.90906182155814,0.5878080979742185,,,,2.5e-05,,0.2394301017285675,0.9336298915647692,66.59621119499207,0.0296491854473628,0.1192116255881965,0.1192116259487085
35,val,0.5113095243771871,0.8789177905945551,0.3999830995287214,0.2806010239181064,0.3693393830742155,0.399983103786196,0.4750281096923919,0.2233847521600269,51.3575511205764,0.4894091997827802,0.4894092026210966,7409.105829148066,79.37569781712124,0.6554186795697068,,,,2.5e-05,79.37569781712124,0.2483405882403964,0.932667641412644,8.408910274505615,0.070023438538469,0.1144868245437031,0.1144868280915986
36,train,0.5016801075268817,0.9723369078610532,0.4179617178135661,0.2523882925830861,0.2516170382019012,0.4179617192956709,0.553431865989521,0.1443218884448851,33.01743304344915,0.5054213563280721,0.5054213648201317,6365.767656880041,46.66433614300144,0.5785235781862278,,,,2.5e-05,,0.2382198143550144,0.9339691089686528,67.73545861244202,0.0249857658004608,0.1194349876254476,0.1194349871047081
36,val,0.5083333339009967,0.9577144384384156,0.4094958220209394,0.2539678741069067,0.3065047349248613,0.4094958227305185,0.5365868650731587,0.2458425160674821,52.18033554440453,0.5160929943834033,0.5160930028983525,7493.647219703311,80.1842800322033,0.6719847028905696,,,,2.5e-05,80.1842800322033,0.2422064159597669,0.933436169510796,8.257517337799072,0.072229569245662,0.1186568318378357,0.1186568329022044
37,train,0.5013440860215054,0.9691012075511358,0.4176078154354967,0.2520324377923883,0.2511879996026075,0.4176078160764068,0.5530924176576958,0.1431120679343259,31.987862971521192,0.509170352451263,0.5091703641478733,6316.744815949471,46.09831127043693,0.5765091059183833,,,,2.5e-05,,0.2365965152619987,0.9346016587749604,66.66899871826172,0.0247767273028711,0.1189194266754452,0.1189194270359572
37,val,0.5113095243771871,0.959202610311054,0.4120876597506659,0.2541952289286114,0.3044403635320209,0.4120876554931913,0.5438419623034341,0.2409697817195029,52.61329678126744,0.4915271287872678,0.4915271216914767,8048.619756789434,82.92694673084077,0.6740379467154994,,,,2.5e-05,82.92694673084077,0.2396782508918217,0.9348273390815371,8.181539535522461,0.0753685171893309,0.1132778865950448,0.1132778894333612
38,train,0.5028225806772068,0.9736638171698456,0.4177593424195243,0.2505990970999964,0.2500150271000401,0.4177593437013446,0.558520765354236,0.1420825498919653,33.00324292336741,0.5083669057135941,0.5083669169295219,6332.102394350113,46.85852330730808,0.5791406842293563,,,,2.5e-05,,0.2360683040272805,0.9345117035091564,67.70988941192627,0.0258062427753322,0.1191055536350255,0.1191055537151393
38,val,0.5098214291390919,0.9203855934597196,0.4064927200476328,0.2667376959607714,0.3318136504718235,0.4064927257242657,0.5106811800173351,0.2379413091001056,52.55939056759789,0.5071909725666046,0.5071909881773449,7739.875337146577,81.34782464163644,0.665515245813312,,,,2.5e-05,81.34782464163644,0.2407323533580416,0.9340301752090454,8.289977312088013,0.0731458617374301,0.1117681403245244,0.1117681410341035
39,train,0.5024529570533384,0.9709039184675422,0.4169613708571721,0.2504589338937113,0.2520171834095832,0.4169613740617229,0.5536758507131249,0.1397300386420821,32.9184816422001,0.5070495991617121,0.507049608935592,6575.771659769038,46.77170620169691,0.5771104927817579,,,,2.5e-05,,0.2353223341126595,0.934094670318788,68.63572359085083,0.0255963085457101,0.1190483089015689,0.1190483085811138
39,val,0.5098214291390919,0.9261659724371774,0.407907376686732,0.2640717185678936,0.3192280828952789,0.4079073752675737,0.5182087343363535,0.24491705426148,51.11146745227632,0.4992433190345764,0.4992433289686839,7468.724356515067,80.4061443692162,0.6646157430879998,,,,2.5e-05,80.4061443692162,0.2389764686425527,0.9355334894997732,8.353529214859009,0.072018827533438,0.1118877810381707,0.111887779264223
40,train,0.5022849463006501,0.9718809393785331,0.4177426160663687,0.2507319697128829,0.2500308032237714,0.417742615265231,0.5559647672919816,0.1457318819818958,32.26608441978372,0.5096921600321288,0.5096921643582724,6404.793298372659,45.74428475287653,0.5774017156173886,,,,2.5e-05,,0.2353404871718858,0.9345315239762748,68.3961775302887,0.0246272257226268,0.1191098877899749,0.1191098879502024
40,val,0.5113095243771871,0.9116718400092352,0.4001863740739368,0.2681593824000585,0.3524910239946274,0.4001863776218323,0.4906281523761295,0.2360824584251358,54.03591655549549,0.5281065418606713,0.5281065461181459,8038.268060593378,82.1999282836914,0.6671538855090285,,,,2.5e-05,82.1999282836914,0.241324911514918,0.9339849608285088,8.195398807525635,0.0735083897819831,0.1164914759851637,0.1164914735016368
41,train,0.5026881720430108,0.9737448703537706,0.4178923593573673,0.2502635664516879,0.2450571864522913,0.4178923587965709,0.5582706516468396,0.1352837965773639,30.976690558977023,0.5127324593323533,0.5127324707085087,6149.247183194724,43.90278421422487,0.5712026748994384,,,,2.5e-05,,0.2342550582302514,0.9349002117110836,67.0218894481659,0.0228287014379216,0.1187984475525476,0.1187984473122063
41,val,0.5083333339009967,0.9436992832592556,0.4100960933026813,0.2606062867811748,0.3175885514134452,0.4100960897547858,0.5280623620464688,0.2444718118224825,52.97619964962914,0.4838683562619345,0.4838683633577256,7562.435939243862,81.24559039161319,0.6718736439040213,,,,2.5e-05,81.24559039161319,0.2384426451864696,0.9355245346114748,8.53040885925293,0.0738756732926482,0.1119201438767569,0.1119201442315464
42,train,0.5017137097254876,0.981563612818718,0.4192436029834132,0.2475867987640442,0.2286739578090047,0.4192436041851197,0.5655473579642594,0.1231816620716164,28.87323296967373,0.509837778024776,0.5098377897213864,5932.261270830708,41.61300134146085,0.5618046396509164,,,,1.25e-05,,0.2326459706790985,0.935394336139002,67.85765051841736,0.0207981197714244,0.119334722999283,0.1193347226788279
42,val,0.5083333339009967,0.957907029560634,0.4131807308821451,0.2555214010533832,0.2997883139621644,0.4131807287534078,0.5458627158687228,0.2325669654778071,51.100837162562776,0.4901698955467769,0.4901699040617261,7369.987513950893,79.65969884963263,0.6659165996493716,,,,1.25e-05,79.65969884963263,0.2366981705029805,0.9354859249932426,8.211309432983398,0.0718968199078171,0.1132595691652525,0.1132595698748316
43,train,0.5020161290322581,0.9765515761670246,0.4182593228035076,0.2486043872051341,0.2319904069906921,0.4182593210410046,0.5626786523448524,0.1186642169712051,28.575542337150985,0.5085647862444642,0.5085647963387991,5915.99493785571,40.63680464221585,0.5591492040390117,,,,1.25e-05,,0.2328000440392442,0.935507172538388,66.16640114784241,0.0200293568608861,0.1190741002078979,0.1190740992865895
43,val,0.5083333339009967,0.9516305724779764,0.4125911799215135,0.2584682880412964,0.303564252597945,0.412591183469409,0.5403053604421162,0.2333908297476314,50.37883840288435,0.492295374472936,0.4922953886645181,7114.925580705915,79.33313524155389,0.6631560798847314,,,,1.25e-05,79.33313524155389,0.2367289385625294,0.9354428563799176,8.161437749862671,0.069918102762174,0.1112171631483804,0.1112171645675386
44,train,0.502755376279995,0.9765165722177874,0.4181267513382819,0.2476168037742696,0.2309567888257324,0.4181267502968029,0.5631349361151137,0.1207699044857935,28.65123595986315,0.5081269822774395,0.5081269906092716,5633.268920242145,40.58212147989581,0.5600359813934224,,,,1.25e-05,,0.2319882820530604,0.935600818485342,66.94371390342712,0.0201921452472727,0.1188087477398815,0.1188087476597678
44,val,0.5098214291390919,0.9231404548599608,0.408418670296669,0.2677020742779686,0.3172005336909067,0.4084186724254063,0.5147523695514316,0.2315367176419212,50.0964606148856,0.5003426571687063,0.5003426741986048,6858.589789980933,76.37965238661994,0.6518437732349742,,,,1.25e-05,76.37965238661994,0.2368864466746648,0.9352575852757408,8.419708967208862,0.0657964954152703,0.107195238272349,0.1071952396915072
45,train,0.5019153225966679,0.977540772768759,0.4187109588134673,0.2478125096969707,0.2268224824420226,0.4187109594543775,0.5635423995153879,0.1149724895154596,27.56701376104868,0.5076832535766787,0.5076832638312412,5527.956124336489,39.180733296179,0.5549157402732156,,,,1.25e-05,,0.2314096508968261,0.9357393518570932,66.2916841506958,0.0189759058962946,0.1188308356269713,0.1188308354266869
45,val,0.5083333339009967,0.9573276582218352,0.4114736247630346,0.2530539951154164,0.2910647122632889,0.4114736176672436,0.5451331450825646,0.2228945064402762,49.52777780805315,0.4955271666958218,0.4955271808874039,6888.106456938244,77.28742581322079,0.6539158048051776,,,,1.25e-05,77.28742581322079,0.2362130880355835,0.9357987500372388,8.175910711288452,0.0674705608260063,0.114184708112762,0.1141847091771307
46,train,0.5020497313109777,0.979270992420053,0.4186159559795933,0.2470312371689786,0.2253814896829025,0.4186159583028926,0.5658629678430096,0.1135624843819808,27.556191398251443,0.5090038787613633,0.5090038907784288,5511.603132022325,39.48007963549706,0.5554666965497463,,,,1.25e-05,,0.2314993497184528,0.9357523507969354,66.72405695915222,0.0194086229268421,0.1187111821866804,0.1187111827875337
46,val,0.5083333339009967,0.9581648111343384,0.4115419352338427,0.2541698565085729,0.2969346465099425,0.4115419472966875,0.5433388543980462,0.2318055998711359,50.91751561846052,0.4976952232065655,0.4976952416556222,7088.9678955078125,78.75783384413947,0.6618082107919635,,,,1.25e-05,78.75783384413947,0.2350816506715048,0.9362683977399554,8.639971733093262,0.0699213845211835,0.1127562867034049,0.1127562877677735
47,train,0.5025537635690422,0.980704487331452,0.4185096309069664,0.2466036813553943,0.2205814700773967,0.418509631387649,0.5646618859722249,0.1094647682802651,25.84871805867841,0.5101868518257654,0.5101868633621482,5548.417587198237,37.26275834216867,0.5506886879603068,,,,1.25e-05,,0.2302583841386661,0.9357725311351078,66.77174496650696,0.0174411808551158,0.1186592318117618,0.1186592310106241
47,val,0.5098214291390919,0.9458107409023104,0.4105393545968192,0.2576796249264762,0.3072379309506643,0.410539353177661,0.535875202644439,0.2372492963359469,51.12986201331729,0.5213186201595125,0.5213186400277274,7299.602411179316,79.51244036356609,0.663735539262945,,,,1.25e-05,79.51244036356609,0.2331797040644146,0.9360119785581316,8.460371017456055,0.070667146261604,0.1089039913245609,0.1089039899054027
48,train,0.5025537635690422,0.9777425780732144,0.4183773121205709,0.2476251739808308,0.2271085448002302,0.4183773106785231,0.5652115819675307,0.1143366531018287,27.009221769148304,0.5117015974816456,0.511701607095298,5722.213417463405,38.78815721696423,0.5549922479122175,,,,1.25e-05,,0.2298450542073096,0.9356816824405424,67.17396759986877,0.0185707300821299,0.118314368510118,0.1183143689106869
48,val,0.5083333339009967,0.9439745573770432,0.409900101167815,0.2576226897182919,0.3058260728915532,0.409900100458236,0.5342224332548323,0.2256172760611488,49.577168873378206,0.5067599103564308,0.5067599103564308,6888.319423130581,77.41620036533901,0.6552634170561126,,,,1.25e-05,77.41620036533901,0.2340146977277029,0.9355520464125132,8.171355247497559,0.0675609001801127,0.1111729350827989,0.1111729336636407
49,train,0.5023521505376344,0.9781720875411906,0.418649701341506,0.247382740420039,0.2236095795467976,0.4186497028636676,0.5634464457310656,0.1121230184310867,26.75084377616964,0.5100051694980232,0.5100051826366814,5776.737513306321,38.31892229921074,0.5528545527345805,,,,1.25e-05,,0.2294026740616367,0.935820984584029,66.78737473487854,0.0185690331072496,0.117893792528619,0.1178937924885621
49,val,0.5098214291390919,0.9429287229265484,0.4098389453831173,0.2599554253476007,0.3054897778090976,0.4098389453831173,0.5291590974444434,0.2266299050478708,49.65440695626395,0.5074623638675326,0.5074623808974311,7099.997541155134,77.73500778561547,0.6553090944434657,,,,1.25e-05,77.73500778561547,0.2352487267482848,0.9349160024097988,8.024297952651978,0.0679649855675441,0.1137009138862292,0.1137009145958083
50,train,0.5023521505376344,0.979258745588282,0.4181921345091635,0.2461551570443697,0.220783121923926,0.4181921345091635,0.5627434904216438,0.1107977196894666,25.737446005626392,0.5083934381123512,0.5083934456430456,5487.327110864783,36.98144927588842,0.5504755545545508,,,,1.25e-05,,0.2289820697198632,0.9358514518507064,68.84652996063232,0.0174243567794341,0.1183514799321851,0.1183514795716731
50,val,0.5098214291390919,0.9601256052652994,0.4113501360019048,0.2531086575417292,0.2965630406425112,0.4113501317444302,0.544726991937274,0.2258111554242315,50.370292481921965,0.4926923470837729,0.4926923598561968,7226.107488723028,78.59681874229794,0.659875192786708,,,,1.25e-05,78.59681874229794,0.2330011448689869,0.9358078979310536,7.781268119812012,0.0698204122794171,0.1128814596505392,0.1128814610696974
51,train,0.5012432795859152,0.9760768903839973,0.4190950055596649,0.2490557256725526,0.2251703698308237,0.4190950057198924,0.5586659032651173,0.1064672647745058,25.78661875058246,0.5059737255496364,0.5059737414121628,5572.821699655185,37.42361068725586,5568.027535116793,,,,6.25e-06,,0.22925010419661,0.9358520552676212,67.05026030540466,5572.821689974877,0.1181418235583972,0.1181418232379421
51,val,0.5083333339009967,0.9721866079739162,0.4119973026570819,0.2501802714098067,0.2983087876013347,0.4119973054953983,0.5501863431362879,0.2247370027360462,51.3930177234468,0.5089218006247566,0.5089218063013894,7514.954973493303,80.84347334362212,7608.543014618845,,,,6.25e-06,80.84347334362212,0.2362567299888247,0.934905361561548,7.879476070404053,7514.95490373884,0.1217072300967716,0.1217072311611402
52,train,0.5014448925372093,0.9748448518014724,0.4190609641773726,0.2507457758790703,0.2285240929453603,0.4190609633762349,0.5615346853130607,0.1064165035483016,25.85044417842742,0.5050337474833253,0.5050337580583428,5570.779491547615,36.88262443645026,5579.13020562066,,,,6.25e-06,,0.230187848130221,0.935905252092628,66.22583603858948,5570.779493598528,0.1182503374593873,0.1182503374593873
52,val,0.5083333339009967,0.9189464960779462,0.4085256251550856,0.270696813861529,0.3322923467272803,0.4085256208976109,0.5110909782704853,0.222755773791245,50.02289272490002,0.4909210063162304,0.4909210219269707,6862.431283133371,77.48856789725167,6942.405785392993,,,,6.25e-06,77.48856789725167,0.2370594278687522,0.9356442803428286,7.878497362136841,6862.431448800223,0.1096198065649895,0.1096198047910417
53,train,0.5018481182795699,0.9742167137002432,0.4190447298429345,0.251490663937343,0.2312410596397615,0.419044728641228,0.5589771206660937,0.1050285456041174,24.59784828206544,0.5037864598856178,0.5037864719026832,5299.948811602849,35.69870144833801,5306.722818681607,,,,6.25e-06,,0.2308425940172646,0.9357530096525788,67.36233901977539,5299.948821775375,0.1185853150022286,0.1185853150823424
53,val,0.5098214291390919,0.9401752210798716,0.4089980721473694,0.261635884642601,0.3155266855444227,0.4089980721473694,0.525104121083305,0.2245107126377877,49.882169269380114,0.5037671554656256,0.5037671696572077,7250.069966634114,78.49709728785923,7340.18779888731,,,,6.25e-06,78.49709728785923,0.2360794835147403,0.9355302992321196,7.97055459022522,7250.070021856399,0.1140063834332284,0.1140063813044911
54,train,0.5013104839030132,0.9719823711020972,0.419134826269201,0.2529025951861053,0.234681525377817,0.4191348251476082,0.5595425516366959,0.1077593944726451,24.318559410751508,0.5020015473647784,0.5020015589011613,5352.160382916851,35.07316018689063,5355.323088715935,,,,6.25e-06,,0.2320897636875029,0.9355241422371198,67.68810868263245,5352.160382260558,0.1188629900896421,0.1188629896890732
54,val,0.5083333339009967,0.9273218228703454,0.4095875855003084,0.2692747804380598,0.3301630729720706,0.4095875869194667,0.5152764845462072,0.2223352190284502,49.790970211937314,0.4972447369779859,0.4972447412354605,6995.519874209449,77.20694732666016,7084.251600970644,,,,6.25e-06,77.20694732666016,0.2393308587017513,0.934980809688568,7.838573932647705,6995.5200602213545,0.1145319835770697,0.1145319849962279
55,train,0.5015456990529132,0.9758857267518196,0.4199666046006705,0.2524487758355756,0.2346598305689391,0.4199666032787933,0.5607571250168226,0.1088418905292787,24.091122396530643,0.5009931364367085,0.5009931444480855,5267.1269157983925,35.044286261322675,5276.767308871594,,,,6.25e-06,,0.2322738989386507,0.9354216385913152,67.13952279090881,5267.126578382266,0.1190737428604274,0.1190737433811669
55,val,0.5098214291390919,0.9243259571847462,0.4089464240130924,0.2694840956301916,0.3329361336571829,0.4089464162077222,0.5130128718557811,0.2271910306243669,50.72817856924875,0.5019133005823407,0.5019133204505557,7250.620483398437,78.69249580019996,7329.385213955966,,,,6.25e-06,78.69249580019996,0.2377152414548964,0.9352431354068574,7.917640209197998,7250.620669410342,0.1135561984209787,0.1135561984209787
56,train,0.5012096775475369,0.9759920643221948,0.4201413456310508,0.2526332738418733,0.2328908506740805,0.420141346592416,0.5605797710758383,0.1050826460723915,22.821396371369723,0.5028989915886233,0.5028990000806829,5385.415467949324,33.40989143104964,5395.65699477276,,,,6.25e-06,,0.2327276536373682,0.9354761313366634,66.79638934135437,5385.415800443259,0.1190475942867417,0.1190475944469692
56,val,0.5083333339009967,0.9401516999517168,0.4116475674368086,0.2637420374722707,0.3193934772695814,0.4116475653080713,0.5287250280380249,0.2250831027825673,49.17071496872675,0.5048916737238566,0.504891676562173,7120.470790318081,78.0183280763172,7202.625113932291,,,,6.25e-06,78.0183280763172,0.2377878150769642,0.9352358948616756,8.073158025741577,7120.470720563616,0.111403020010108,0.1114030210744767
57,train,0.501008064516129,0.9768353715058296,0.4202415748469291,0.2533510792800175,0.2402039246373279,0.4202415764492045,0.562690178312922,0.1055923665683436,24.191641289700744,0.5039460830470567,0.5039460955448049,5299.733927695982,35.014991467998875,5301.005608206085,,,,6.25e-06,,0.2338207309604973,0.9351449086461016,68.75830364227295,5299.733911739882,0.1188337176397282,0.1188337173993869
57,val,0.5083333339009967,0.9417858804975238,0.4122177710135777,0.2636972587733042,0.3181663304567337,0.4122177717231569,0.5302570440939495,0.2232820824498222,49.3288874853225,0.4969655516601744,0.4969655502410162,7218.249703543527,78.14062481834775,7300.241965553977,,,,6.25e-06,78.14062481834775,0.2373526309217725,0.9355413970493136,8.015404224395752,7218.24956984747,0.1130307345163254,0.1130307338067463
58,train,0.5012432795058015,0.9745257993539176,0.4201622561261218,0.2534901136031715,0.2367158383131027,0.420162256046008,0.5599464133622185,0.1051260596041076,22.62984106617589,0.5025577234324589,0.5025577359302069,5253.96387071507,33.344528249515,5263.21328125,,,,6.25e-06,,0.2344898844277987,0.9350302353982004,67.19063782691956,5253.963860214398,0.1187115588816263,0.1187115592020814
58,val,0.5083333339009967,0.9483265451022556,0.4143455319461368,0.2629437609797432,0.3194660331521715,0.4143455305269786,0.5376401259785607,0.2214935237453097,49.64455141339983,0.49325021533739,0.4932502252714975,7411.822413853237,79.78377750941685,7504.133836410985,,,,6.25e-06,79.78377750941685,0.238184549269222,0.9354452008292788,7.825497627258301,7411.8227306547615,0.1134616200413022,0.1134616179125649
59,train,0.5009072580004251,0.9771960925671362,0.420587288195728,0.253067153596109,0.2344502577538131,0.420587289237207,0.560030505621946,0.1014259108893012,22.025315741057035,0.5029021341313598,0.5029021450268325,4994.626979294643,32.55209474153416,5003.9819383820295,,,,3.125e-06,,0.2346236632876499,0.9349769850571952,66.42566537857056,4994.62764887656,0.1187190286494711,0.1187190286494711
59,val,0.5083333339009967,0.9595469576971872,0.4149255965437208,0.2582853486140569,0.3142287724074863,0.4149255951245625,0.5462847834541684,0.2231679491343952,49.23869360060919,0.4990171861080896,0.4990171946230389,7226.356581914993,79.16528828938802,7314.68799124053,,,,3.125e-06,79.16528828938802,0.2381519448189508,0.9350176538739886,7.973657131195068,7226.356361025855,0.1155577976079214,0.1155577983175005
60,train,0.5012096775475369,0.9779147970420058,0.4207619298049199,0.2525350409009123,0.2356098688017296,0.4207619313270815,0.5620725881508601,0.1027146232745019,22.608322661410096,0.5006339110994852,0.5006339258404189,5340.450100396269,33.126426824959374,5350.8355100073,,,,3.125e-06,,0.2344616588245156,0.935007829499501,68.34003281593323,5340.450106795116,0.1189248484949911,0.1189248486552187
60,val,0.5083333339009967,0.949840009212494,0.414031812832469,0.2614215718848364,0.3175658370767321,0.4140318177995227,0.5390873785529818,0.224074343130702,48.89822160629999,0.503357531059356,0.5033575211252485,7057.831859770276,78.05499367486863,7139.642591441761,,,,3.125e-06,78.05499367486863,0.237821177357719,0.9349582166898818,7.858024597167969,7057.831839425223,0.1111885671104703,0.1111885653365226
60,val_periodic_epoch_60,0.5083333339009967,0.949840009212494,0.414031812832469,0.2614215718848364,0.3175658370767321,0.4140318177995227,0.5390873785529818,0.224074343130702,48.89822160629999,0.503357531059356,0.5033575211252485,7057.831859770276,78.05499367486863,7139.642591441761,,,,3.125e-06,,0.237821177357719,0.9349582166898818,7.822916507720947,7057.831839425223,0.1111885671104703,0.1111885653365226
61,train,0.5010416667948487,0.9767962360894809,0.4207184527830411,0.2533866864859417,0.2375021781972659,0.4207184527830411,0.5623447467643087,0.1039989869841324,22.73518155210761,0.5007580976973298,0.5007581082723473,5321.909095271941,33.17894044486425,5330.826980333938,,,,3.125e-06,,0.2356064710565792,0.9348171446272122,66.16963529586792,5321.9087483395815,0.1189261033169684,0.1189261035973666
61,val,0.5083333339009967,0.9605857048715865,0.4153143508093698,0.2576146317379815,0.3163108165775026,0.4153143550668444,0.5479646892774672,0.2277707414967673,49.62853676932199,0.5066519209316799,0.5066519308657873,7217.84567406064,78.92115674700055,7309.01181788589,,,,3.125e-06,78.92115674700055,0.2382554426079704,0.9350232567105976,8.188849210739136,7217.845714750744,0.1120127655920528,0.1120127634633155
62,train,0.5000672043170981,0.9775890876208584,0.4214342846985786,0.2532612966593875,0.2357786731213651,0.4214342850190337,0.56529257298317,0.1030179675548307,21.5942897488994,0.501277647672161,0.501277661932412,5169.513888902562,31.783807334079537,5178.98958982731,,,,3.125e-06,,0.2351254925772708,0.9350151736890115,68.66985726356506,5169.514230051348,0.1188792881946409,0.1188792881145272
62,val,0.5083333339009967,0.951916944412958,0.4114623303924288,0.2622288309392475,0.3219263958079474,0.4114623325211661,0.5299566317172277,0.2266528287104197,50.57791246686663,0.5105139570576804,0.510513961315155,7309.501078287761,78.9688252040318,7396.417844460228,,,,3.125e-06,78.9688252040318,0.2435720193953741,0.9338888156981696,8.198123931884766,7309.501101539248,0.1240740446817307,0.1240740446817307
63,train,0.5006720430107527,0.9768823748955162,0.421051743530458,0.2540940898720936,0.2385118672604202,0.4210517431298892,0.5616878968493272,0.1019649731536065,21.65497363510952,0.5002446107326015,0.5002446182632959,5014.412674934633,31.85224735608665,5023.397186916364,,,,3.125e-06,,0.2357846239721903,0.9347657080619566,67.17407631874084,5014.412675508889,0.1188820000056938,0.1188820001258645
63,val,0.5083333339009967,0.9464689237730844,0.4124737864448911,0.2620198953719366,0.3188540900037402,0.4124737814778373,0.5338628625585919,0.224693653129396,49.203993842715306,0.5014038355577559,0.5014038369769142,7144.427522205171,78.31254595801944,7231.12910452178,,,,3.125e-06,78.31254595801944,0.24005940698442,0.934585525876,7.884016513824463,7144.427426292783,0.1147519527446656,0.1147519552281924
64,train,0.5003024193868842,0.9786824300404516,0.4214951431238523,0.2534632070731091,0.2384605652862979,0.4214951444857864,0.5619426080456345,0.1026611325521302,21.809655799660632,0.4995911807142278,0.499591191769928,5244.118631752588,32.05807713026641,5252.331672190657,,,,3.125e-06,,0.2361234387242665,0.9348387439404764,67.19282603263855,5244.118620595625,0.1190458731625669,0.1190458730824532
64,val,0.5083333339009967,0.9470817134493872,0.4131224815334592,0.2643962254126866,0.3278783481745493,0.4131224786951428,0.5315828749111721,0.2243924584417116,49.764820008050826,0.506648763304665,0.5066487746579307,7044.061180478051,77.73296928405762,7129.580931877367,,,,3.125e-06,77.73296928405762,0.2414388834010987,0.9343375364939372,7.926996946334839,7044.061133975074,0.1168057013835225,0.1168057003191539
65,train,0.5006720430107527,0.9764812692839612,0.4212870452032294,0.2534937581387899,0.2397123394954589,0.4212870460844809,0.5612424513505351,0.1039582199507182,21.157145372001075,0.5014497998260683,0.5014498115226786,4989.273330278294,31.29068465899396,4997.974180484862,,,,3.125e-06,,0.2357584485603917,0.9348233540852864,68.12379360198975,4989.272998440651,0.1188820418250817,0.1188820415046266
65,val,0.5083333339009967,0.9460377295811973,0.4141954942828133,0.2640422419423148,0.3255482401166643,0.4141954971211297,0.5353847039597375,0.2241310392107282,49.00042125156948,0.5065466477757409,0.5065466491948991,7172.214919317336,78.30601755777995,7265.031585878314,,,,3.125e-06,78.30601755777995,0.2398197097437722,0.9346726934115092,7.988729238510132,7172.214948381697,0.1133647415609586,0.1133647433349064
66,train,0.5005040322580645,0.9754275913520526,0.4211443709109419,0.2548130491888651,0.2430902850083125,0.4211443713916245,0.560558908729143,0.1018552042704115,21.7423732203822,0.5009380989177252,0.5009381064484196,5049.652683052966,31.89326350406934,5059.408263892999,,,,3.125e-06,,0.2368420473830674,0.9346432692261152,66.92238140106201,5049.652684652677,0.1189072918427247,0.1189072912018145
66,val,0.5083333339009967,0.9343444534710476,0.4124530851840973,0.2675779043208985,0.3342972490049544,0.4124530787978853,0.5253327609527678,0.2239059873280071,48.95919009617397,0.506572113150642,0.506572140114648,7057.884518577939,77.7520325978597,7146.685284978693,,,,3.125e-06,77.7520325978597,0.2405199848470233,0.9346827978179568,8.27564024925232,7057.884527297247,0.1122780470621018,0.1122780445785749
67,train,0.5012432795058015,0.9721274763666172,0.4204573755462964,0.255434485933473,0.2459897698574168,0.4204573772286856,0.5580980321893128,0.0997561943987684,20.8913988964532,0.4996732261873061,0.4996732386850541,4858.4258621379895,30.51555744294197,4867.978763557203,,,,1.5625e-06,,0.2374299396910975,0.934739589370707,67.55460667610168,4858.425528495543,0.1189179731312618,0.1189179736119444
67,val,0.5083333339009967,0.9450868964195251,0.414232163911774,0.2641824753511519,0.3278056078013919,0.4142321731363024,0.5349960334244228,0.2238466572903451,48.392511276971724,0.501087140469324,0.5010871461459568,7061.67105829148,77.53316752115886,7155.871740352746,,,,1.5625e-06,77.53316752115886,0.2414606298719133,0.9347351562409174,7.871192693710327,7061.670851934524,0.1104599854775837,0.1104599865419524
68,train,0.5014448925372093,0.9724330977406552,0.4203168713758068,0.2550350525366363,0.2458921073264973,0.4203168706547829,0.5579897292278787,0.1033003196240432,20.664067919536304,0.5009085994253877,0.5009086079174473,4927.183557982085,30.52831081677509,4934.134164315683,,,,1.5625e-06,,0.237349253989035,0.9346384444544392,67.22560000419617,4927.183218350974,0.1190007616996124,0.1190007610987591
68,val,0.5083333339009967,0.9416571060816448,0.4149023131245658,0.2665973781120209,0.3307383088838486,0.4149023131245658,0.5334399335441136,0.2229099057260014,48.00087910606747,0.4990748223804292,0.4990748308953784,6934.079334077381,77.05106308346703,7022.99629350142,,,,1.5625e-06,77.05106308346703,0.2407972237893513,0.9346705419676644,8.627123832702637,6934.079092843192,0.1086036467126437,0.1086036460030646
69,train,0.5009072580004251,0.9712466664852636,0.4204888019350267,0.2557605333546156,0.2459460659533418,0.4204887996117274,0.5570665381608471,0.1013473383080895,20.916430904019265,0.5014334934693511,0.5014335024420933,4959.8459051809,30.54197543154481,4969.1770923344775,,,,1.5625e-06,,0.2372809316842786,0.9346614745996332,68.09396076202393,4959.846233573011,0.1189444478080477,0.1189444476878771
69,val,0.5083333339009967,0.9390715701239448,0.4143664212453933,0.2673858120327904,0.3342741507859457,0.414366412730444,0.5306400060653687,0.2229297075952802,48.29289808727446,0.5009138825393858,0.5009138910543351,6866.189653669085,76.7741874513172,6954.527260890151,,,,1.5625e-06,76.7741874513172,0.2418085393451509,0.93488552740642,7.975299596786499,6866.189490908668,0.106871451650347,0.1068714509407679
70,train,0.500134408634196,0.9747030542742822,0.4212290566935334,0.2549908347027276,0.2457371757075351,0.4212290590969465,0.5591217591076769,0.102252875464738,20.74847456460358,0.501329515730181,0.5013295280677016,5109.908639682237,30.610427548808435,5119.425977918837,,,,1.5625e-06,,0.2375579532436145,0.934584362852958,66.81388664245605,5109.908646204139,0.1189237739690529,0.1189237742093942
70,val,0.5083333339009967,0.9550730273837136,0.4148616506939843,0.2601974734238216,0.3192375195877893,0.4148616443077723,0.5429826754899252,0.2217704000927153,48.36222494216192,0.5081605726764316,0.5081605854488555,7053.559238978794,77.49265816098168,7145.131992779356,,,,1.5625e-06,77.49265816098168,0.2398277074098587,0.9350200011616662,7.99527096748352,7053.559128534226,0.1145280138367698,0.1145280124176116
71,train,0.5003024193868842,0.9729376710871216,0.421024628704594,0.2554025822269019,0.2452387511329625,0.421024631829031,0.5562815246002007,0.1013871567944685,20.14642515746496,0.5013001106118643,0.5013001192641514,5006.378484008133,29.83727721245058,5014.567179485282,,,,1.5625e-06,,0.2372462304849778,0.9347497926604365,66.94108152389526,5006.378491842618,0.1189561421352048,0.1189561425758305
71,val,0.5083333339009967,0.9422523237410044,0.4125029607897713,0.2639265188149043,0.3252478632188978,0.412502958661034,0.5311800213087172,0.2217774458584331,48.04902294703892,0.5114070730549949,0.5114070858274188,6876.515340169271,76.58621161324638,6962.056574041193,,,,1.5625e-06,76.58621161324638,0.2414709663107281,0.9344795488175892,8.053857803344727,6876.515709286645,0.1138692693341346,0.1138692672053972
72,train,0.4998991935644098,0.973935501389606,0.4211308857606303,0.2549676543442152,0.244961157521253,0.4211308847191513,0.5592757867629169,0.100745361178152,20.443864848024106,0.501589750089953,0.5015897548967793,5112.341310562626,30.331455210203764,5121.318225056555,,,,1.5625e-06,,0.2375926274445749,0.9346676564985706,66.34713673591614,5112.340963056011,0.1190356651861821,0.1190356658270923
72,val,0.5083333339009967,0.934386704649244,0.4115003971826462,0.2683264556385222,0.3359494599558058,0.4115003907964343,0.5215286953108651,0.2223443278954142,49.10651488531204,0.5051077292079017,0.5051077405611674,7038.358904157366,77.98421396527972,7125.610462535511,,,,1.5625e-06,77.98421396527972,0.2442460840656644,0.9339739339692252,7.807878255844116,7038.35891578311,0.1159644226233164,0.1159644204945791
73,train,0.5009072580004251,0.9715745868862316,0.4206285728241807,0.2561838282372362,0.2487630001319352,0.4206285721031568,0.5583445404966673,0.1018818608855688,20.40427799122308,0.5005502627100996,0.5005502695998838,4956.236863905384,29.828395423068795,4965.667763614333,,,,1.5625e-06,,0.2378873016725304,0.9345850111335836,66.92839622497559,4956.236522633542,0.1188162530782402,0.1188162539594916
73,val,0.5083333339009967,0.931622190134866,0.413388648203441,0.2707785020271937,0.3394926105226789,0.4133886510417575,0.5227232036136445,0.2237263155125436,48.41467076256161,0.4954086613087427,0.4954086726620084,6981.681161063058,77.19098953973679,7069.255505741004,,,,1.5625e-06,77.19098953973679,0.2426590479555584,0.9348115637188866,7.895983934402466,6981.681047712053,0.1089064851403236,0.1089064837211654
74,train,0.500369623784096,0.9749711971449596,0.4211069247735444,0.2552268757454811,0.2458379740516344,0.4211069258951371,0.558111493465721,0.1040610913988403,20.572248387080368,0.5014410025330001,0.5014410171137061,4896.868513127809,30.76881905524961,4906.126156996396,,,,1.5625e-06,,0.2374227550882165,0.9347113111326772,65.65020060539246,4896.868849477461,0.1189244908270656,0.1189244915480895
74,val,0.5083333339009967,0.935254556792123,0.4129964319013414,0.2678533352556683,0.3365521331628163,0.4129964283534458,0.5265744995503199,0.2232534583835374,48.42432775951567,0.4986664851506551,0.4986664950847626,7023.928827194941,77.68143090747651,7109.987628728693,,,,1.5625e-06,77.68143090747651,0.242849411708968,0.9339749699547176,7.884350538253784,7023.928850446428,0.1125423752126239,0.1125423766317821
75,train,0.5003024193868842,0.9721141172352658,0.4209011019237579,0.2560291452113018,0.2485333101884011,0.4209011032856921,0.5583414362483127,0.1046533678728406,20.396842530978624,0.5004409372165639,0.5004409527586352,4864.888712770196,30.43199205911288,4871.280693696404,,,,1e-06,,0.2379629676861147,0.934619660979958,66.42181348800659,4864.888720522645,0.1190712284096466,0.1190712284096466
75,val,0.5083333339009967,0.9624690214792888,0.4161761474041712,0.2582874965100061,0.3211971152396429,0.4161761559191204,0.5491606025468736,0.2245268580459413,48.23443349202474,0.5077998467854091,0.5077998553003583,7042.523710704985,77.37668082827614,7137.340048680161,,,,1e-06,77.37668082827614,0.2401002915132613,0.93513765505382,8.019222497940063,7042.5234781901045,0.1132295319721812,0.1132295316173916
76,train,0.4997647850103275,0.9736192636592412,0.4213620352168237,0.2560639003271697,0.2485607159874772,0.4213620377804643,0.559230527490057,0.1010726396274823,20.539511355020668,0.5010899954265163,0.5010900047197137,5022.498340442617,30.363420086522257,5031.846916882037,,,,1e-06,,0.2381443328434421,0.934555450754781,67.49682760238647,5022.498343272876,0.1189081695691872,0.1189081691285615
76,val,0.5083333339009967,0.9453739807719276,0.4141031581731069,0.2650576716377621,0.3338042192515872,0.4141031624305816,0.5329242000977198,0.223010737981115,48.75790904817127,0.5011611410549709,0.5011611609231859,6997.076657249814,77.27103596641903,7087.88828051018,,,,1e-06,77.27103596641903,0.2425971790438606,0.9346939552397956,8.090943574905396,6997.076520647322,0.1138771424690882,0.1138771456621942
77,train,0.5005040322580645,0.9712762275049764,0.4207530586469558,0.2560845739258233,0.2516160412661491,0.4207530576054767,0.5550858633973266,0.1049091811542229,20.53425730428388,0.5007951873284514,0.5007951993455169,5004.743416119647,30.2929848188995,5013.994428456111,,,,1e-06,,0.238344507832681,0.9344452244620168,67.00827050209045,5004.743403280935,0.1189841884438709,0.1189841881634727
77,val,0.5083333339009967,0.9496331300054278,0.414735381092344,0.2635970264673233,0.3302145444211505,0.4147353782540276,0.5369416361763364,0.2252264526628312,48.47007052103678,0.5088505248228709,0.5088505375952947,6975.44744001116,76.9768317086356,7064.396447383996,,,,1e-06,76.9768317086356,0.2418369288955416,0.934526591073899,7.887683868408203,6975.447364443824,0.1132333917277199,0.113233392437299
78,train,0.4995631720590335,0.971115991793653,0.4210218159101342,0.2565519723200029,0.2508582193204152,0.4210218151891103,0.5567947907313224,0.1031746274881785,20.252971341533044,0.5007990355132729,0.500799050093979,4826.00261581585,30.16441706688173,4833.5583257707285,,,,1e-06,,0.238628853152516,0.9345972723858332,66.59634470939636,4826.002623527281,0.118795988019756,0.1187959878194716
78,val,0.5083333339009967,0.9446697689238048,0.4113813659974507,0.2645849876460575,0.3319010443630673,0.4113813667070298,0.5269100091287068,0.2242498844861984,49.64131291707357,0.5064543514024644,0.5064543655940464,7163.512096586682,78.18614823477608,7256.378921046402,,,,1e-06,78.18614823477608,0.2454131302379426,0.9340394054140364,8.456780910491943,7163.51216343471,0.1213461235165596,0.1213461228069805
79,train,0.5009744623976369,0.9710511063696236,0.420445693196148,0.2562732972925709,0.2524528815060533,0.4204456933563755,0.5565453481570046,0.1020322586660103,20.031455688579108,0.5008595577811682,0.5008595645107249,4980.793682098389,29.94049866994222,4988.880727851431,,,,1e-06,,0.2383482549940386,0.9345972797563,66.346755027771,4980.793351409256,0.1189784294655246,0.118978429305297
79,val,0.5083333339009967,0.9498294449987864,0.4163492882535571,0.2636754796618507,0.3338831769568579,0.4163492783194497,0.541665275891622,0.2252713644078799,48.661079588390535,0.509299092349552,0.5092991122177669,6970.385134742373,77.08478791373116,7059.190266927083,,,,1e-06,77.08478791373116,0.2409666230281194,0.9348643109911964,7.880818843841553,6970.385178338914,0.105728366900058,0.1057283679644266
80,train,0.500739247247737,0.9722940072577488,0.4208310395479202,0.2557099524845359,0.2486082410780332,0.42083103890701,0.5591688414895406,0.1012117946019736,20.750626389698315,0.5006140637141402,0.5006140762118882,5102.864322088098,30.612054481301257,5112.22987615412,,,,1e-06,,0.2387461837741636,0.9344881801835953,66.5177903175354,5102.864653310468,0.1189355310653486,0.1189355309852348
80,val,0.5083333339009967,0.9360916926747276,0.4127088572297777,0.2677604960543768,0.3344491507325853,0.412708858648936,0.5256934109188262,0.2240815698390915,48.4750790368943,0.5009967117082506,0.500996721642358,6980.537315731957,77.43148612976074,7066.53661517519,,,,1e-06,77.43148612976074,0.2426544860714957,0.934220157918476,8.224184274673462,6980.5373128255205,0.1145950541609809,0.1145950527418227
81,train,0.5001008065157039,0.9693798373142878,0.4206334318845502,0.2571431956784699,0.2528743373770867,0.4206334305226162,0.5548684778072501,0.1055604160753309,20.15723124883508,0.501047307765612,0.5010473205838152,5006.678877307522,29.89551661604194,5015.928304694076,,,,1e-06,,0.2389459954474562,0.9343019179118576,66.48213696479797,5006.678873574862,0.1188908024661002,0.1188908023058727
81,val,0.5083333339009967,0.9355231381597972,0.4122240337587538,0.2685797413190205,0.3408730966704232,0.4122240287917001,0.5230177960225514,0.2249497806742078,49.59697914123535,0.5002921706154233,0.5002921848070054,7102.165358770461,78.21875980922154,7189.827608605588,,,,1e-06,78.21875980922154,0.2448574638082867,0.9339918011710756,7.992949724197388,7102.165370396206,0.1153978215796606,0.1153978212248711
82,train,0.5007056452894724,0.9731158365004806,0.4208108810808069,0.2560194744378007,0.2503869401351098,0.4208108823626272,0.5590709800761874,0.1024201612278658,20.48082806474419,0.5014477918545405,0.5014477977829594,5115.196215475759,30.59757636183052,5120.157954627657,,,,1e-06,,0.2386741381018392,0.9343169004686416,66.1583263874054,5115.196213506883,0.1189587220789924,0.1189587216784236
82,val,0.5083333339009967,0.9459979676064992,0.415375285914966,0.2646673449448177,0.3303503741820653,0.4153752816574914,0.5378913304635456,0.2231507109744208,47.86055110749744,0.5038178861141205,0.5038178903715951,6924.229309082031,76.8654398236956,7014.338686671402,,,,1e-06,76.8654398236956,0.2410729392653419,0.9348479906717936,7.907413005828857,6924.229503813244,0.1106351755914234,0.110635176655792
83,train,0.5001008065157039,0.9708633720874786,0.4210520942685424,0.2565615860524998,0.2522520671288172,0.421052094749225,0.5555295806418183,0.107681393803608,20.04645211209533,0.5020336888490184,0.5020337027888144,5065.029785771524,30.012762838794337,5073.729112413194,,,,1e-06,,0.2384632901959522,0.9344152253802104,66.42338848114014,5065.029797051542,0.1189893789749632,0.1189893782939962
83,val,0.5083333339009967,0.9452180635361443,0.4133107243549256,0.2638648812259946,0.3285378373804546,0.4133107243549256,0.5331225324244726,0.2257218197697685,48.79467346554711,0.5068062359378451,0.506806248710269,7068.994843982515,77.73092914762951,7155.928366181344,,,,1e-06,77.73092914762951,0.2427547943024408,0.9342563634827024,7.974145650863647,7068.994797479539,0.1149979865267163,0.1149979865267163
84,train,0.5001008065157039,0.9737873897757582,0.4213418948554223,0.2556602036760699,0.2461729473885028,0.4213418954963325,0.5601785629987717,0.1038382029140828,20.54836813096077,0.5021630882896403,0.5021631014282986,4964.668588863906,30.013091892324468,4974.688125928885,,,,1e-06,,0.2385925842869666,0.9342783577339624,68.23734307289124,4964.668256082842,0.1191108819217451,0.1191108826828259
84,val,0.5083333339009967,0.9520965701057796,0.4147058186076936,0.2614731128726686,0.3256509878805705,0.4147058157693772,0.5408007878632772,0.2245175639788309,48.5295961470831,0.5082047922270638,0.5082047993228549,7006.493434361049,77.45877865382603,7097.618862452651,,,,1e-06,77.45877865382603,0.2418075679313568,0.934463884149279,8.595067977905273,7006.493408203125,0.1137460715004376,0.1137460718552271
85,train,0.5003024193868842,0.971614039232654,0.4209116930442472,0.2562289598488038,0.2523181383968681,0.420911692403337,0.5579695547780683,0.1060108406048628,20.08715251184279,0.5011419871801971,0.501141999037035,4995.405041110131,29.61015566446448,5003.523645060633,,,,1e-06,,0.2388419409592946,0.9342998724470856,70.96383500099182,4995.405387058053,0.1188699240966509,0.1188699241767647
85,val,0.5083333339009967,0.951355150767735,0.4147365554457619,0.2619890400341579,0.3269701741990589,0.4147365568649201,0.5399019526583808,0.22610469268901,49.18151110694522,0.5020297368367513,0.5020297538666498,7132.00894891648,78.25058510189965,7221.200890743371,,,,1e-06,78.25058510189965,0.2427796834991091,0.9342425295284816,8.14755916595459,7132.0088123139885,0.1124609353996458,0.1124609346900667
86,train,0.5007056452894724,0.9707341575494376,0.4205843550703859,0.2558050458469698,0.2477445472632685,0.4205843544294757,0.5547115175474074,0.1043505161720257,19.993265813396825,0.5021971837487272,0.5021971948044275,5028.340812642087,29.51949485655754,5037.582238440722,,,,1e-06,,0.2382680426842423,0.9345795983268368,67.18787002563477,5028.340806120185,0.1189329793216079,0.1189329787608115
86,val,0.5083333339009967,0.9564213667597088,0.4135327069532303,0.2601474956387565,0.3248534131617773,0.4135327161777587,0.5393603309279397,0.2288517309796242,49.46358980451311,0.5149403370562053,0.5149403398945218,7099.228599911645,78.00108337402344,7188.948739346591,,,,1e-06,78.00108337402344,0.2436826399394444,0.9341997333935328,8.050607442855835,7099.228434244792,0.1177907412250836,0.1177907387415568
87,train,0.5005040322580645,0.9714619983588496,0.4205897363123073,0.2555718006946707,0.247711112342214,0.4205897362321936,0.5544809119835976,0.1020276113863914,19.32410084560353,0.5021319272377158,0.5021319357297753,4681.209241026191,28.60954377984488,4690.317493826613,,,,1e-06,,0.2388411851659898,0.9343559459973408,66.96458196640015,4681.208897498346,0.118843314708561,0.1188433144682197
87,val,0.5083333339009967,0.9633416817301796,0.4165949126084645,0.2576859593391418,0.3225980500380198,0.4165949168659392,0.5515280756212416,0.2260583582378569,48.410085314796085,0.5037562279474168,0.5037562435581571,7004.015232631138,77.29125013805572,7096.606631747159,,,,1e-06,77.29125013805572,0.2408098067556108,0.934766201745896,7.926593780517578,7004.015252976191,0.1111985260532015,0.1111985285367284
88,train,0.4997311828117217,0.9738754961759812,0.4216440965731938,0.2555367135873405,0.2505464242190443,0.4216440980953554,0.5613881212569052,0.1061413042167181,20.867096008793,0.5019857197679499,0.501985722491818,5021.396989268641,30.52258305395803,5028.482271033907,,,,1e-06,,0.2385932365732808,0.9343592450823835,68.4444465637207,5021.396648201891,0.1188946759668729,0.1188946760069298
88,val,0.5083333339009967,0.934824560369764,0.4127504108917145,0.2678138351156598,0.3352164597738357,0.4127504052150817,0.5261609391087577,0.2245382645300456,48.841544923328215,0.5010425746440887,0.5010425774824052,7062.341892787388,77.71069581168038,7154.588938210227,,,,1e-06,77.71069581168038,0.2437758225770223,0.934233790352231,7.930426836013794,7062.342267717634,0.1135465098278863,0.1135465091183072
89,train,0.501108871031833,0.972222005167315,0.4205070890245899,0.2550331488732368,0.2472149503807867,0.4205070895052725,0.5569301763529418,0.1028075979381639,20.272692675231607,0.5020755683222125,0.5020755753722242,4837.821589992893,29.97384403854288,4845.408137835879,,,,1e-06,,0.238477019292693,0.9344334948447444,66.66268396377563,4837.82124943887,0.1187652352676596,0.1187652351875459
89,val,0.5083333339009967,0.9495529873030526,0.4152296895072573,0.2631335336537588,0.3303000274158659,0.4152296909264156,0.5393823378142857,0.225305862724781,48.50214195251465,0.4982873939332508,0.4982874081248328,7037.957141694568,77.46082805451893,7129.707096354166,,,,1e-06,77.46082805451893,0.2417970959629331,0.934720950467246,7.888443470001221,7037.95682779948,0.1107787277017321,0.1107787294756798
90,train,0.500134408634196,0.9719665189904552,0.4211262577483731,0.2562888936009458,0.2495851547968003,0.4211262581489419,0.5577329286644536,0.1021622130747443,19.796591092181465,0.5023375047791389,0.5023375158348391,4827.623602180071,29.44898578172089,4836.075388816551,,,,1e-06,,0.2390492211586685,0.934455338665234,67.51541686058044,4827.62360103156,0.1187751406142788,0.1187751409347339
90,val,0.5083333339009967,0.9536233941713969,0.4138573422318413,0.2608718879166103,0.3248109434332166,0.4138573493276323,0.5392170037542071,0.2270887646646726,49.07078452337356,0.5075631255195254,0.5075631269386837,7090.596912202381,77.93085098266602,7179.367357658617,,,,1e-06,77.93085098266602,0.2426840627477282,0.9343750107856024,7.913813352584839,7090.597028459822,0.1166309483704112,0.1166309480156217
90,val_periodic_epoch_90,0.5083333339009967,0.9536233941713969,0.4138573422318413,0.2608718879166103,0.3248109434332166,0.4138573493276323,0.5392170037542071,0.2270887646646726,49.07078452337356,0.5075631255195254,0.5075631269386837,7090.596912202381,77.93085098266602,7179.367357658617,,,,1e-06,,0.2426840627477282,0.9343750107856024,7.710238456726074,7090.597028459822,0.1166309483704112,0.1166309480156217
91,train,0.5005376345367842,0.9697583154324564,0.4205565916434411,0.257115218908556,0.2547357498157409,0.4205565912428722,0.5550386858403041,0.1049866560966737,19.98886041743781,0.5020707592528354,0.5020707704687631,4850.739971981254,29.82008582289501,4859.480247625999,,,,1e-06,,0.2391220510646861,0.9342972524063562,66.5458436012268,4850.739977600754,0.1188431724665626,0.1188431732276434
91,val,0.5083333339009967,0.9536382186980474,0.417557669537408,0.263578800928025,0.3344500128711973,0.4175576702469871,0.5450207967133749,0.224262725739252,48.37136341276623,0.4975257047585079,0.4975257246267228,7042.960652669271,77.39555903843471,7137.097492009943,,,,1e-06,77.39555903843471,0.2425138482025691,0.9343155026435852,7.982295989990234,7042.96043468657,0.1074788811660948,0.1074788815208843
92,train,0.500134408634196,0.9733068390238668,0.421418498921138,0.2563335053542608,0.2515625303150505,0.4214185012444373,0.5602674290377606,0.1050607563467115,20.194915489483904,0.5016659237043832,0.501665934920311,4727.1317770352925,29.607437436298657,4736.63523270835,,,,1e-06,,0.2393902105189138,0.9343754889503602,66.3212628364563,4727.13144142397,0.1187924015265639,0.1187924006052555
92,val,0.5083333339009967,0.9389788962545847,0.4137440565086546,0.267031981121926,0.3360245348442168,0.4137440557990755,0.5296493165549778,0.2251903411178361,49.0304939633324,0.5039862649781364,0.5039862805888766,7124.979146321614,78.35265205019996,7213.177750651042,,,,1e-06,78.35265205019996,0.2439991924024763,0.9338576197624208,8.012018203735352,7124.979306175595,0.1126851957468759,0.1126851957468759
93,train,0.500739247247737,0.9728299262382653,0.420979670218883,0.2555023308402748,0.2466020995891222,0.4209796695779728,0.5584314598912193,0.1011316380313327,19.08871556866553,0.5020251046585781,0.502025110907452,4840.288121869487,28.395369273360057,4849.851326189138,,,,1e-06,,0.239006281539958,0.9341778325778182,67.57847261428833,4840.2877801054265,0.1189702022219857,0.118970201420848
93,val,0.5083333339009967,0.9542651346751622,0.4174786366167523,0.2636619508266449,0.3341705543654306,0.4174786302305403,0.5445030083258947,0.2276670443160193,48.668924422491166,0.5033308962980906,0.5033309033938816,7069.122953869048,77.84625580197289,7158.772864879262,,,,1e-06,77.84625580197289,0.2420951298304966,0.9346975797698612,8.194960355758667,7069.122977120535,0.1093927412515594,0.1093927426707176
94,train,0.5005712364950488,0.9745152017442128,0.4212228410666989,0.2547775726484996,0.2490056128271164,0.42122284066613,0.5568882424824981,0.105000715562573,20.16217512212774,0.5019749455874966,0.5019749603284303,4890.096910169048,29.817218108843733,4899.539695724333,,,,1e-06,,0.2383895577282034,0.9344498906084286,66.60425305366516,4890.0969132454165,0.1188895812919063,0.1188895816524182
94,val,0.5083333339009967,0.9514984999384198,0.4159997829369136,0.2630029632931664,0.3283591937451136,0.41599978577523,0.5416898450681141,0.2260190830344245,48.32228760492234,0.502357576574598,0.5023575865087055,6972.43828764416,77.0050249553862,7063.4882109670925,,,,1e-06,77.0050249553862,0.2407472864502952,0.9349534256117684,8.011160850524902,6972.437924339658,0.1116753710167748,0.1116753717263539
95,train,0.4997647850103275,0.9722612104428712,0.4214968611636469,0.2570630364039892,0.2524830247125318,0.4214968631664912,0.5557271204488252,0.1060752577238505,19.74300865204104,0.5015174868286297,0.5015174991661503,4974.543785505397,29.28161710308444,4982.907510119095,,,,1e-06,,0.239360757412449,0.9344206320983108,67.93866181373596,4974.544119558027,0.1187777827263519,0.1187777826061812
95,val,0.5083333339009967,0.9349101441247124,0.4117173382214137,0.2689012083269301,0.3397773922908874,0.4117173382214137,0.5215872873862585,0.2257508248800323,49.68168331327893,0.5034895326410022,0.5034895468325842,7089.486336844308,78.04949415297736,7174.776285807292,,,,1e-06,78.04949415297736,0.2470984288624354,0.9331585197221666,7.935450792312622,7089.48638625372,0.1188277900218963,0.1188277903766859
96,train,0.500369623784096,0.9695646775666104,0.4209908235778091,0.2576385907908922,0.2574853252178879,0.4209908213346235,0.5536039321012395,0.1063469981634488,19.52546307861164,0.5010641222038577,0.5010641311765999,4830.428337589387,29.11961736986714,4838.619981800426,,,,1e-06,,0.239864731347689,0.9341962574630656,67.31050968170166,4830.428336276803,0.1188203511779667,0.1188203506171703
96,val,0.5083333339009967,0.9501501321792604,0.4166551913533892,0.2644341339667638,0.3326028649296079,0.41665519064381,0.5413890544857297,0.2241914925121125,48.57171140398298,0.5024718031996772,0.5024718074571519,7061.396478562128,77.56488691057477,7156.3407944187975,,,,1e-06,77.56488691057477,0.2421916581335522,0.934632400671641,7.99404239654541,7061.396934872582,0.1100115864759399,0.1100115868307295
97,train,0.5005376345367842,0.9713869381655929,0.4209545566349901,0.2566744451240826,0.2527800106233166,0.4209545571156727,0.5572679970133049,0.1065174187984197,19.75235317599389,0.5012740542491277,0.501274061779822,4929.221813160886,29.20486891141502,4936.85372236361,,,,1e-06,,0.2392611038140071,0.9343930550159948,67.4250922203064,4929.221817508821,0.1188979158878967,0.1188979159279536
97,val,0.5083333339009967,0.94553899481183,0.4152320531152543,0.2650733817191351,0.3331602045467922,0.4152320524056752,0.5366611232360204,0.2258359190253984,48.57146608261835,0.5082669996079945,0.5082669981888362,7047.8612554641,77.47986257643927,7136.531334339488,,,,1e-06,77.47986257643927,0.2420169363419214,0.9345541142282032,8.11447024345398,7047.861159551711,0.1098414145055271,0.1098414134411584
98,train,0.500134408634196,0.9704101098481044,0.4210949948718471,0.2573891756355121,0.2555761300427939,0.4210949928690028,0.5577864634894556,0.1067877806002094,19.63493348193425,0.500820604543532,0.5008206154390048,4994.911440777522,29.394905382587066,5000.486630547007,,,,1e-06,,0.2398004664849209,0.9342226677684372,66.9760730266571,4994.911769251669,0.1187598626379684,0.1187598621973427
98,val,0.5083333339009967,0.9473031078066144,0.4152671084517524,0.2654479365973246,0.3339667433784121,0.4152671070325942,0.5355048633757091,0.2244257614726112,48.72631617954799,0.5084553162256876,0.50845534602801,7100.744306291853,77.71710986182804,7192.018625710227,,,,1e-06,77.71710986182804,0.2428014427423477,0.934335932845161,7.974496841430664,7100.744285946801,0.1142772659659385,0.1142772634824117
99,train,0.5003360215053764,0.9708513311480964,0.4210223078086812,0.2563909231334604,0.254109981559938,0.4210223091706153,0.5547722868060553,0.1076790365360436,19.99404619842448,0.5014558609134407,0.5014558753339193,4986.23094648956,30.005213660578573,4994.180465708518,,,,1e-06,,0.2393209255670988,0.9343684511159056,68.36821818351746,4986.230951042586,0.1190458152002544,0.1190458151601975
99,val,0.5083333339009967,0.9560524792898268,0.4162653195006506,0.262521702618826,0.3325252426522119,0.4162653166623342,0.5427068173885345,0.2242620541226296,48.2187199365525,0.5065219203631083,0.5065219430696397,6983.258821033296,77.19051106770833,7076.027426609849,,,,1e-06,77.19051106770833,0.2425778323695773,0.9346833399363926,8.529860258102417,6983.258925664993,0.1141457738620894,0.1141457752812476
100,train,0.4993951613063453,0.9694386587668492,0.4213283846295008,0.2574284028622411,0.2553656283886202,0.4213283854306385,0.5551450552158458,0.1060423723832574,19.79195951133646,0.5023477792098958,0.5023477872212728,4949.322692050729,29.03393087079448,4921.31535858257,,,,1e-06,,0.2391914508195333,0.9344000066480328,68.05086040496826,4949.32269459386,0.1188090940316518,0.1188090947126188
100,val,0.5083333339009967,0.9591045322872344,0.4130716032925106,0.2603827714920044,0.3264382694448743,0.4130716075499852,0.5378159610998063,0.2238087987615948,49.57029469807943,0.5150186376912254,0.5150186391103835,7291.990417480469,78.92016755966912,7384.545031368371,,,,1e-06,78.92016755966912,0.2478952414932705,0.9330775198482332,7.9487457275390625,7291.990301223028,0.1242134925864991,0.1242134947152364
101,train,0.5003360215053764,0.9698741021015312,0.420917825352761,0.2568780718952096,0.2550213035716805,0.4209178255129886,0.5553306916388132,0.1056220270493017,19.16258996020081,0.5015709640518311,0.5015709760688967,4736.557618910267,28.574630275849373,4742.401193329783,,,,1e-06,,0.2392832071229975,0.9344455122306784,66.14830207824707,4736.557951035038,0.1188522352566642,0.1188522351765504
101,val,0.5083333339009967,0.939780402751196,0.4136581924699601,0.2670091390609741,0.3375211329687209,0.4136581853741691,0.5293812382788885,0.2259452442328135,48.79081680661156,0.5063836375872294,0.5063836361680712,7080.521772112165,77.53860083080474,7166.167305871212,,,,1e-06,77.53860083080474,0.2440187292439597,0.93402194692975,8.153560400009155,7080.521600632441,0.1140920200518199,0.1140920189874512
102,train,0.5005712364950488,0.9670247845752264,0.4204748757584121,0.2576397422661063,0.2598001974564726,0.4204748757584121,0.5531419329745795,0.1085463654730589,19.519049449633528,0.5011989485512498,0.501198961369453,4672.720031697263,28.773183453467585,4681.78979068846,,,,1e-06,,0.239922969812347,0.934187973058352,67.10938334465027,4672.720038383238,0.1189164543344128,0.1189164550954936
102,val,0.5083333339009967,0.9383286379632496,0.4133768677711487,0.2681328264020738,0.3408642439615159,0.4133768713190442,0.526885286683128,0.224007884306567,48.359844480242046,0.4994556747731708,0.4994556804498036,7001.344020298549,77.05071957906087,7092.030308209043,,,,1e-06,77.05071957906087,0.2453131853114991,0.9339071682521276,8.160940647125244,7001.343965076265,0.1154455695123899,0.1154455691576004
103,train,0.4999663978815079,0.9720287935067248,0.4215485657895765,0.2570102047375453,0.25536291461478,0.421548566991283,0.5570609889203503,0.1052543267367347,19.422386125851705,0.5006012216370593,0.5006012322120769,4675.743335395731,28.963728366359582,4683.510797427399,,,,1e-06,,0.2402186917681847,0.9340614423316012,67.31308507919312,4675.743000153572,0.1187362368869525,0.1187362371272938
103,val,0.5083333339009967,0.943762046950204,0.4137118536801565,0.2655046951203119,0.3349824221361251,0.4137118529705774,0.5317093261650631,0.2260249349332991,48.86727106003534,0.5069543747674852,0.5069543889590672,6969.747360956101,76.98080035618374,7054.829693418561,,,,1e-06,76.98080035618374,0.2438598480962571,0.9340896549678984,7.960887670516968,6969.747285388765,0.113555803540207,0.1135557992827324
104,train,0.500369623784096,0.9683452344709828,0.4206635190514467,0.2579248593218864,0.2594417488222481,0.4206635176093988,0.5545538531075562,0.1085579756407007,19.51596766133462,0.5011514551857467,0.5011514670425846,4732.402171883532,29.13812671169158,4741.511937161326,,,,1e-06,,0.2406340932012886,0.9340492935590846,66.60265254974365,4732.402499455277,0.1188321996440169,0.1188322004050977
104,val,0.5083333339009967,0.9565738723391578,0.4174557555289495,0.2619959648166384,0.3326844303380875,0.4174557597864242,0.547259407384055,0.2239535206130572,48.26841036478678,0.5002955411161695,0.5002955482119605,6977.913434709822,77.10311272030785,7068.491853841146,,,,1e-06,77.10311272030785,0.2426481225660869,0.9346872426214672,7.909289598464966,6977.913440522693,0.1103590989396685,0.110359098584879
105,train,0.4997647850103275,0.9721035215482916,0.4214680528929156,0.257762804787646,0.2594245467134701,0.4214680532934845,0.5561959431056054,0.1090113504799783,20.377956767236032,0.5005588198220858,0.5005588252698222,4706.685546505836,29.797894026643487,4715.873434581821,,,,1e-06,,0.2410262851144677,0.9341808188987034,67.6868064403534,4706.685884701308,0.1188315036155844,0.1188315040161532
105,val,0.5083333339009967,0.9480455148787724,0.4150551990384147,0.2639156069074358,0.3322894175847371,0.4150552004575729,0.5380293826262156,0.2256562642398334,48.44882093157087,0.505048360143389,0.5050483714966547,7000.390052432105,77.21219189961751,7087.343420040246,,,,1e-06,77.21219189961751,0.2435743815842129,0.9341030007316952,8.096885442733765,7000.390003022693,0.1119649215113549,0.1119649218661444
106,train,0.5005040322580645,0.9688170808617786,0.4208187766533385,0.2574325445839154,0.2579685609026622,0.4208187767735091,0.5551020935658486,0.1089559959908647,19.06452944458172,0.5011234499754444,0.5011234587879592,4949.599316340621,28.401352892639817,4958.679985770794,,,,1e-06,,0.2406980076464273,0.9340509871641794,66.9833984375,4949.599313879526,0.1188511687821598,0.1188511682213634
106,val,0.5083333339009967,0.9418884090014866,0.4127762509243829,0.2657177888211749,0.3357872764269511,0.412776251633962,0.5291075238159725,0.2257939545171601,49.052770977928525,0.5068428644112178,0.5068428814411163,7116.353585379465,77.84603700183686,7202.757213245739,,,,1e-06,77.84603700183686,0.2459837176970073,0.9338438227063134,8.048616409301758,7116.353376116072,0.1167923165928749,0.1167923162380854
107,train,0.500134408634196,0.968729301485964,0.4209500072143411,0.2576473674947215,0.2567808671343711,0.4209500093774129,0.5551678564759993,0.1084451939790479,19.47267576443252,0.5013079606397177,0.5013079704135976,4669.641918797647,28.75558253257505,4678.350680881076,,,,1e-06,,0.2405481837609762,0.9341557525819348,67.11393594741821,4669.642263022803,0.1188163364366177,0.1188163370775279
107,val,0.5083333339009967,0.949479858080546,0.4163086059547606,0.264369514016878,0.3359447412547611,0.4163086052451815,0.5404971107130959,0.2248422574429285,48.157021022978284,0.5014661536330268,0.5014661664054507,7021.807992117746,77.12363424755279,7113.610282019413,,,,1e-06,77.12363424755279,0.2428695680130095,0.93462397087188,8.350553035736084,7021.807803199405,0.1099511998749914,0.1099511998749914
108,train,0.5009744623976369,0.96811008918029,0.4203973780235936,0.2576559091447502,0.2588769278378897,0.4203973794656415,0.5538695574367559,0.1109773476598083,18.790472989441245,0.5016758481981933,0.5016758666243605,4919.87066945722,27.770781424737745,4924.661810076678,,,,1e-06,,0.2406402119705754,0.9341200282496792,66.7007806301117,4919.869988636304,0.1188219727607824,0.118821972560498
108,val,0.5083333339009967,0.9339795964104788,0.4147073761338279,0.2712172780718122,0.3499483721596854,0.4147073747146697,0.5252154696555364,0.2264741052474294,48.6040346963065,0.4982012666407086,0.4982012822514489,7006.486955915178,77.21041742960612,7090.943865411932,,,,1e-06,77.21041742960612,0.2452338188886642,0.9340732722055344,8.065343379974365,7006.487054734003,0.10916259317171,0.1091625960100264
109,train,0.4997983871288197,0.9699870114044477,0.4213213122660114,0.2578604898305349,0.2580521113129072,0.421321312746694,0.5572813218159061,0.1061177698354567,19.42488453465124,0.5014473728595241,0.501447381992494,4634.651383102581,28.57959375586561,4643.863531000928,,,,1e-06,,0.2408431207620969,0.9339523097520234,66.47537064552307,4634.651715924663,0.1188184809220093,0.118818481362635
109,val,0.5083333339009967,0.9371056783766972,0.4124476058142526,0.2675735978853135,0.3395077770664578,0.4124476058142526,0.5252934438841683,0.2268665610324768,48.94888242085775,0.5064796691849118,0.506479683376494,7134.695347377232,77.90553774152484,7220.781338778409,,,,1e-06,77.90553774152484,0.2458587395293372,0.9334772740091596,7.97990608215332,7134.695669991629,0.1162013727284613,0.1162013716640926
110,train,0.4997647850103275,0.969007561924637,0.421245919159984,0.2583533133710584,0.2606930796016929,0.4212459197207804,0.555452477627544,0.1110900984576312,18.909662021103724,0.5013878281398486,0.5013878422398721,4672.849235739759,28.12405942075996,4680.448701040352,,,,1e-06,,0.240700497422167,0.9341052440545892,66.56425762176514,4672.848902507495,0.1188074086782752,0.1188074082376495
110,val,0.5083333339009967,0.931378994669233,0.4125714259488242,0.271519782997313,0.349699522058169,0.4125714238200869,0.519211124096598,0.2296470158866473,49.32226408095587,0.5075672481741224,0.5075672637848627,7077.126357305618,77.60595803033738,7166.025648082386,,,,1e-06,77.60595803033738,0.246571571344421,0.93403521889732,8.035427331924438,7077.12640671503,0.1144666654013452,0.1144666643369765
111,train,0.4999663978815079,0.9727124789709686,0.4216663875887471,0.2574372797883967,0.257568602680519,0.4216663881495435,0.5560720009348725,0.1116605158895254,19.380714603649672,0.5008249399803018,0.500824946870086,4875.810604669715,28.957114491411435,4883.55038988518,,,,1e-06,,0.2408129411038532,0.9341045278374868,67.84392380714417,4875.810936425321,0.1188291028061861,0.118829103206755
111,val,0.5083333339009967,0.9558510638418652,0.4161877277351561,0.2619637868234089,0.3312359246469679,0.4161877305734725,0.5435973263922191,0.2271683741183508,48.797806512741815,0.509032401300612,0.5090324169113523,7189.175990513393,78.29313559759231,7279.030826822916,,,,1e-06,78.29313559759231,0.2430395661365418,0.9343506949288504,8.137495040893555,7189.175920758928,0.1142745603408132,0.1142745614051818
112,train,0.500134408634196,0.9700108851476382,0.4213463604770681,0.2580108955021827,0.2601578001694012,0.4213463608776369,0.5550123567702949,0.112666787599684,19.2815044618422,0.5008887744718983,0.5008887858480535,4925.086035164453,28.657057244290588,4934.429970768887,,,,1e-06,,0.2410036991200139,0.933927531203916,68.55516028404236,4925.085696394725,0.1188174982865651,0.1188174975655412
112,val,0.5083333339009967,0.953691283861796,0.415287808293388,0.2619641983792895,0.3293642231396266,0.4152878125508626,0.5413567764418465,0.2244388195020812,48.49696459089007,0.5066528036480858,0.5066528107438769,7090.919015066965,77.60397901989165,7184.162464488636,,,,1e-06,77.60397901989165,0.2444784534829003,0.9338072396460032,7.938304901123047,7090.919334774926,0.1145369534691174,0.1145369541786965
113,train,0.4995631720590335,0.9710907155788072,0.4216871617301818,0.2580944891738635,0.2600413067366487,0.4216871614898405,0.5571979762565705,0.1109399067498343,19.701432166561,0.5011903693278631,0.5011903774994676,5040.582049585158,29.33007808910903,5044.713904342908,,,,1e-06,,0.2407332915932901,0.9341992636521658,67.15968012809753,5040.581717050204,0.1188725020776512,0.1188725023179926
113,val,0.5083333339009967,0.9460621504556566,0.4146990463847205,0.2661919643481572,0.3371593767688388,0.414699042836825,0.5329902420441309,0.2267311328933352,48.33234959556943,0.5057070226896376,0.5057070368812198,6988.247305733817,77.28173537481399,7074.499621212121,,,,1e-06,77.28173537481399,0.2445262067374728,0.9343553611210416,8.024561405181885,6988.247538248698,0.1155011047210012,0.1155011043662116
114,train,0.500739247247737,0.9680012123238656,0.4207139881227606,0.2583212789188149,0.2616707866871229,0.4207139870812816,0.5533728870332882,0.111261874837901,19.187002869062525,0.5008947134658854,0.5008947256431785,4632.6114288248045,28.50628868226082,4640.013820167824,,,,1e-06,,0.2408448625956812,0.9342155613565958,67.32138419151306,4632.611430711644,0.1187885367581921,0.1187885363976801
114,val,0.5083333339009967,0.9494049605869112,0.417126544884273,0.2657638979809625,0.3355329845632825,0.4171265470130103,0.5404402720076698,0.2277774757572583,47.78313146318708,0.5068589959825788,0.5068590087550027,6890.67874000186,76.62129502069382,6978.183561197917,,,,1e-06,76.62129502069382,0.2426214956101917,0.9349273045857748,8.171026706695557,6890.67874000186,0.1094437894367036,0.1094437894367036
115,train,0.500134408634196,0.9672634620820324,0.4209320834407242,0.2587439401015158,0.2618731061617533,0.4209320839214068,0.553655334217574,0.112233204907307,19.682098909090925,0.5011215857280198,0.5011216007894085,4707.774273226338,29.08550792355691,4716.816445789273,,,,1e-06,,0.2414412775667764,0.9339580260297304,68.12086224555969,4707.774596039967,0.1187728237240545,0.1187728235638269
115,val,0.5083333339009967,0.948471793106624,0.4146741465443656,0.2656129861161822,0.3364600567590622,0.4146741529305776,0.5337770687682288,0.2275810578749293,48.86730966113863,0.5061021660055433,0.5061021745204926,7149.006202334449,78.16562089465913,7239.355193536931,,,,1e-06,78.16562089465913,0.2453256731941586,0.9341814489591688,7.899782180786133,7149.0063883463545,0.1164010638991991,0.1164010638991991
116,train,0.5009408602791448,0.9685791067538724,0.4206785119829639,0.2582188851089887,0.2593138709023435,0.4206785140659219,0.5528256510214139,0.1106407443882637,18.91687823880104,0.50063456594944,0.5006345757233199,4886.71617663804,28.35829101583009,4895.060580372409,,,,1e-06,,0.2410632237311332,0.9341603591237015,66.85280990600586,4886.716508475683,0.118967278029329,0.1189672782696703
116,val,0.5083333339009967,0.943835022903624,0.4157766146319253,0.268223945583616,0.3431951758407411,0.4157766153415044,0.5325870804843449,0.2263442277908325,48.57811237516857,0.5044366674763816,0.5044366887637547,6971.897530691965,77.07515961783272,7060.498098662405,,,,1e-06,77.07515961783272,0.2443489361376989,0.9345956359590802,8.128495931625366,6971.897867838542,0.1116442836466289,0.1116442836466289
117,train,0.5002016130314079,0.9690594452042732,0.420977649108697,0.2578818012950241,0.2595390534048439,0.4209776468655115,0.5570281260116126,0.1108711828748064,19.09945043440788,0.5008985690211737,0.5008985823200595,4697.226784449752,28.09352087205456,4706.47789669358,,,,1e-06,,0.2408099977239485,0.93417322090877,68.06906080245972,4697.226111217212,0.1189075401954112,0.1189075391939891
117,val,0.5083333339009967,0.9496482695852008,0.4160770766791843,0.2645943044196991,0.3338607911552702,0.4160770780983425,0.5394539357650847,0.2262126576332818,48.48400715419224,0.5032405654589335,0.5032405768121991,7138.576026553199,77.89539618719192,7231.371556877368,,,,1e-06,77.89539618719192,0.2435110693886166,0.9344448787825448,8.446046352386475,7138.575747535342,0.1135467691790489,0.1135467698886281
118,train,0.5005040322580645,0.967907173659212,0.4208388541654874,0.2583947335520098,0.2618859271689128,0.4208388544859425,0.5539411404921163,0.1130408767851129,19.59615516406233,0.5007805341994891,0.5007805415699559,4635.126120044339,28.709215548730665,4643.656168578691,,,,1e-06,,0.2410070737523417,0.934032303992138,67.33495044708252,4635.126122628489,0.1188224181933428,0.1188224181532859
118,val,0.5083333339009967,0.9473586337906974,0.4139011793193363,0.2649665347167423,0.3359716875212533,0.4139011807384945,0.532908382160323,0.2277978914124625,48.6839778536842,0.5092545733565376,0.5092545804523286,7012.712823776972,77.10374704996745,7102.290317234849,,,,1e-06,77.10374704996745,0.245072535815693,0.9343572202182951,8.259793519973755,7012.712972005208,0.1167262139774504,0.1167262168157668
119,train,0.5005376345367842,0.9693226025950524,0.4209197062638498,0.2573370961572534,0.2586048112441135,0.4209197061036223,0.5526676886184241,0.1099458188819949,19.763132567046792,0.5012145883614018,0.5012145986159643,5009.34036952193,29.41038986431655,5018.501352761008,,,,1e-06,,0.2404062114255402,0.9341924895522415,67.94659566879272,5009.340368414438,0.1188935067865156,0.1188935063859467
119,val,0.5083333339009967,0.9484212540444874,0.4149207423130671,0.2647316172009423,0.3361797006357284,0.4149207373460133,0.5357748837698073,0.230055870044799,48.559336435227166,0.5107060415404183,0.5107060472170512,7050.589050292969,77.47359266735259,7139.989293323863,,,,1e-06,77.47359266735259,0.2438771455060868,0.9344829547972906,8.102022886276245,7050.589059012277,0.1143472340135347,0.1143472375614302
120,train,0.5001680107526881,0.9651236891426066,0.4204237606096011,0.2592826953498266,0.2627415950259855,0.4204237614107388,0.5532580155038065,0.1120623706849992,19.55348617287092,0.5016151620175249,0.5016151698686744,4682.511672727524,28.77182779004497,4691.885849995725,,,,1e-06,,0.2411425783429094,0.934088014466788,67.5054452419281,4682.511677321568,0.1187602850778769,0.1187602844770236
120,val,0.5083333339009967,0.9398819378444128,0.414807460137776,0.2676383845862888,0.340786474091666,0.4148074580090387,0.5315152953068415,0.2255277466915902,48.08289400736491,0.5034076401165554,0.503407651469821,7037.473760695684,77.32381375630696,7131.5225608132105,,,,1e-06,77.32381375630696,0.2449943593570164,0.934016568320138,8.019843816757202,7037.473653157552,0.111454712493079,0.1114547107191313
120,val_periodic_epoch_120,0.5083333339009967,0.9398819378444128,0.414807460137776,0.2676383845862888,0.340786474091666,0.4148074580090387,0.5315152953068415,0.2255277466915902,48.08289400736491,0.5034076401165554,0.503407651469821,7037.473760695684,77.32381375630696,7131.5225608132105,,,,1e-06,,0.2449943593570164,0.934016568320138,7.851157903671265,7037.473653157552,0.111454712493079,0.1114547107191313
121,train,0.5001680107526881,0.968084238709942,0.4208096218525722,0.2583533781029845,0.2612808394416045,0.4208096226537099,0.5539294625482252,0.1108369883951,18.45886948544492,0.5011158186581827,0.5011158303547931,4646.003381708617,27.89239490160378,4653.15817846433,,,,1e-06,,0.2414031325168507,0.9338378608226776,67.08250856399536,4646.0030472047865,0.1186938094756295,0.1186938094756295
121,val,0.5083333339009967,0.9415206710497538,0.4157597344546091,0.2681103731904711,0.3399554491043091,0.4157597344546091,0.533224432241349,0.2255244052835873,48.14044834318615,0.4993724638507479,0.4993724808806464,6946.972621372768,76.86234174455915,7037.90527861624,,,,1e-06,76.86234174455915,0.2439816232238497,0.9341596506890796,7.869382858276367,6946.972865513393,0.1098461970686912,0.1098461981330599
122,train,0.5001680107526881,0.967851549066523,0.4205352337930792,0.2577455264906729,0.2566444660707186,0.4205352346743307,0.5532550778920933,0.1088405997762756,18.4941661947517,0.5014875723469642,0.5014875819606166,4721.919287486743,27.68251584678568,4730.144032364662,,,,1e-06,,0.2410840380896804,0.9339615898106688,67.37553429603577,4721.919284287319,0.1187954631143359,0.1187954630342222
122,val,0.5083333339009967,0.9481432068915594,0.4159933697609674,0.2649823625882466,0.3356463802712304,0.415993374018442,0.5386033895469847,0.226712561789013,48.5959336417062,0.5046530720733461,0.5046530805882954,7022.027750651042,77.59995188031878,7112.274891986269,,,,1e-06,77.59995188031878,0.2435133662961778,0.9344149884723482,8.207016229629517,7022.028081984747,0.1108399438006537,0.1108399423814955
123,train,0.5002016130314079,0.9701187253318808,0.4209631524419271,0.2569651773539922,0.2569252013839701,0.4209631505191967,0.555952757116287,0.1071250460921756,19.20421418323312,0.4999368403868008,0.4999368575311476,4746.050917615173,28.70341738065084,4754.981867400404,,,,1e-06,,0.2413610250398677,0.933950456880754,67.49514746665955,4746.0505825575965,0.1187465072319071,0.1187465070716796
123,val,0.5083333339009967,0.9451414885975066,0.4153698767934526,0.2656957783869335,0.3371562453962508,0.4153698760838735,0.5358364099547976,0.2269352912193253,48.38817442031134,0.5001931332406544,0.5001931403364454,7037.324901762463,77.5353309086391,7122.880582682292,,,,1e-06,77.5353309086391,0.2446543084723609,0.934153403554644,8.066697835922241,7037.324913388207,0.110746406728313,0.1107464095666295
124,train,0.500369623784096,0.9670904767449184,0.420526290612836,0.2583691887156937,0.2592990035491605,0.4205262905327223,0.5554168158240856,0.1076378193834135,19.68226312821912,0.5002422134081522,0.5002422220604394,4948.151088017289,29.054184867489724,4957.248969348432,,,,1e-06,,0.241652604633121,0.9339320723728468,67.18784976005554,4948.151421495663,0.1186578466446809,0.1186578470853067
124,val,0.5083333339009967,0.9330513193493798,0.4129065857047126,0.2694321572780609,0.342779945049967,0.412906581447238,0.5238831319979259,0.226923396544797,48.878180185953774,0.5008103180499304,0.5008103265648797,7163.767150878906,78.17790667215984,7251.815210700757,,,,1e-06,78.17790667215984,0.2460608737809317,0.9340028223537264,8.590925216674805,7163.766810825893,0.114163652062416,0.114163652062416
125,train,0.4999327957630157,0.9666521908134542,0.4208081107466451,0.2588557677083118,0.261734023930565,0.4208081127494894,0.5559934866364284,0.1096781644449439,19.11706316855646,0.4994819845243167,0.4994819928561487,4590.269530470653,28.060375603296425,4599.13951356419,,,,1e-06,,0.2418032088266906,0.934048754553641,67.6433916091919,4590.269535597935,0.1186730882493398,0.1186730876885434
125,val,0.5083333339009967,0.9410237982159568,0.4149818023045857,0.2676036748148146,0.3409253422703062,0.4149818157865887,0.5317442551964805,0.2227750878248895,48.22771372113909,0.499683270851771,0.4996832822050367,7040.569303966704,77.63393565586635,7133.49346073035,,,,1e-06,77.63393565586635,0.2453637868165969,0.9339290885698228,8.062028169631958,7040.569269089472,0.1117958422927629,0.1117958415831838
126,train,0.4999663978815079,0.9640488879334542,0.420296115740653,0.2593905832818759,0.2657435497929973,0.420296116782132,0.5497911794371503,0.1093905295736046,18.949572996426653,0.4996885740628806,0.4996885841572157,4862.853797051214,28.276316570979294,4872.152408915818,,,,1e-06,,0.2416463057680796,0.9339819633832542,67.1541121006012,4862.853800619802,0.1186951789804684,0.1186951791807528
126,val,0.5083333339009967,0.9361814402398608,0.4116585609458741,0.2682391681841441,0.3435919355778467,0.4116585637841906,0.5222458207891101,0.2306466081312724,50.32526043483189,0.5096630127657027,0.5096630198614938,7170.203709193638,78.16979044959659,7258.377333392519,,,,1e-06,78.16979044959659,0.2473422686258951,0.9340572612626212,8.079472780227661,7170.2035406203495,0.1150619550829842,0.115061954373405
127,train,0.5001680107526881,0.9626290157277096,0.4198814833997398,0.2595798942030117,0.2657332562150494,0.4198814823582608,0.5508000863495693,0.1099282221428008,19.62913565994591,0.4995890737220805,0.4995890812527749,4657.476923870784,28.887657170654624,4665.922707133181,,,,1e-06,,0.2423460626153535,0.9337520737160918,67.5148286819458,4657.476925634569,0.1186862086016003,0.1186862098033069
127,val,0.5083333339009967,0.9401443600654602,0.4123638016836984,0.2668340937012717,0.3390895738488152,0.4123638066507521,0.5261623412370682,0.2275674566626548,49.125716073172434,0.5114857682159969,0.5114857781501043,7034.525259835379,77.30426524934315,7122.643402284564,,,,1e-06,77.30426524934315,0.2471211616482053,0.934072923092615,8.04020071029663,7034.52507672991,0.1162001884409359,0.1162001884409359
128,train,0.5001680107526881,0.9691604693089764,0.4201707792698696,0.259241695045143,0.264915322103808,0.4201707789494145,0.5512804765935226,0.108712907219606,19.366190048956103,0.4997009976256278,0.4997010064381425,4962.417542488344,28.69512457488685,4972.322492349027,,,,1e-06,,0.2423495847371316,0.9338348930881868,66.73522877693176,4962.417539165866,0.1185823612876476,0.1185823609671926
128,val,0.5083333339009967,0.9510120408875602,0.4152397371473766,0.2628476584241503,0.3309131009238107,0.4152397364377975,0.5399882807618096,0.2240194593157087,48.04897771562849,0.5094515454201471,0.5094515596117292,6958.446518670945,76.98409961518787,7047.245541844223,,,,1e-06,76.98409961518787,0.2445434693779264,0.9342083278156462,8.028967380523682,6958.446475074405,0.1127562281631288,0.1127562260343914
129,train,0.4999663978815079,0.9619945007306272,0.4198107905285332,0.259452352921168,0.2637680399642196,0.4198107909291021,0.5474265341156273,0.1096310954420797,18.574421862120268,0.5004756798346838,0.5004756868846955,4732.888048028433,27.7677006875315,4741.2104476980085,,,,1e-06,,0.2418555505974318,0.9338564545877518,67.1567063331604,4732.888045198174,0.1187601703950154,0.1187601702347878
129,val,0.5083333339009967,0.9360153845378332,0.4141996531259446,0.2690967896154949,0.3412524731386275,0.4141996531259446,0.5277390033006668,0.2237778561455863,48.12620299203055,0.5016913797174182,0.5016913953281584,7046.030552455357,77.5309750693185,7133.85907907197,,,,1e-06,77.5309750693185,0.2449206496988024,0.9343191725867136,7.921727180480957,7046.0306716192335,0.1119403165011178,0.1119403143723805
130,train,0.5007056452894724,0.9634132574322404,0.41995391309742,0.2599590051398482,0.2668399129823972,0.4199539124565098,0.5508413632069865,0.1085468981695431,19.15978365047004,0.5000304707916834,0.5000304816871561,4809.513139622186,28.71124276294503,4818.32188716593,,,,1e-06,,0.2422225330305356,0.9338758113563702,67.20334124565125,4809.512804421045,0.1187074214860957,0.1187074210855268
130,val,0.5083333339009967,0.9223991291863578,0.4119069817520323,0.2741361920322691,0.3524011671543121,0.4119069909765607,0.5141733345531282,0.2251018260916074,48.6255316053118,0.499508934361594,0.4995089414573851,6926.676682245164,76.95080902462914,7011.928697620739,,,,1e-06,76.95080902462914,0.2460830076819374,0.9341691391808646,7.958521127700806,6926.676679338728,0.1115584678593136,0.11155847069763
131,train,0.5005376345367842,0.959357044389171,0.4193474367581388,0.2602732953845814,0.2687587120359944,0.4193474394018932,0.5461283145091866,0.1057757005616221,18.18468871167911,0.5000264093440067,0.5000264170349286,4571.2251386745,27.553340845210577,4580.175287276245,,,,1e-06,,0.2415344842499302,0.9339185828162778,67.91510105133057,4571.224791085849,0.1187606573265085,0.1187606577270774
131,val,0.5083333339009967,0.9389900990894864,0.4130137910445531,0.2672336484704699,0.3398908312831606,0.4130137945924486,0.5272142092386881,0.2311472580546424,49.309682119460334,0.5109036167462667,0.5109036266803741,7146.335821242559,78.09121195475261,7232.485887192235,,,,1e-06,78.09121195475261,0.2454074422518412,0.9343069962092808,8.042109966278076,7146.335745675223,0.1141938063360396,0.1141938045620918
132,train,0.5003360215053764,0.9610985759445416,0.4196807631561833,0.2603490103476791,0.2647099708837847,0.4196807613536235,0.5471422568924965,0.104709456784911,19.088400333158432,0.4983388767127067,0.4983388860059041,4642.580785197596,28.47554532943233,4644.243018605653,,,,1e-06,,0.2425540180135798,0.9337743549577652,67.39375448226929,4642.581452072308,0.1187876431291462,0.118787642848748
132,val,0.5083333339009967,0.9415646876607624,0.413410206635793,0.2664902997868402,0.3385284897826967,0.4134102151507423,0.529371318363008,0.2251247823947952,48.647833506266274,0.5017312892845699,0.5017313048953101,7190.557614281064,78.2983204977853,7285.547201260653,,,,1e-06,78.2983204977853,0.2462980867851348,0.9338543840817044,8.056182384490967,7190.55779157366,0.1164548358037358,0.1164548382872626
133,train,0.500739247247737,0.9595637542586172,0.4192576113567557,0.2609474598079599,0.2683281054900538,0.4192576113567557,0.5498266174027355,0.1099984679891858,19.720101961525536,0.4977327314435795,0.4977327431401899,4624.9488056141845,29.06053106246456,4633.7659901834095,,,,1e-06,,0.2426908686757087,0.933951505409774,66.69520902633667,4624.948803809381,0.1186093636738356,0.1186093642746889
133,val,0.5083333339009967,0.930338842528207,0.4140842791114534,0.2718035273608707,0.3484575393654051,0.4140842791114534,0.5232395990973427,0.2264489435723849,49.0888553801037,0.5049012899398804,0.5049012927781968,7136.719139462426,78.10131527128674,7224.683361446496,,,,1e-06,78.10131527128674,0.2452245617196673,0.9341270810081844,8.073266744613647,7136.719168526785,0.1093348303721064,0.1093348293077378
134,train,0.5001680107526881,0.9610417949896988,0.4195723571283843,0.259540690529731,0.2638435721878082,0.4195723578494082,0.5486034782182786,0.1045404522609646,18.442997332542173,0.4981906255406718,0.4981906340327314,4773.452573919809,27.53129498163859,4782.37492297651,,,,1e-06,,0.2419188174829688,0.933942884527227,67.01975774765015,4773.45291847311,0.1187451200219251,0.1187451195011856
134,val,0.5083333339009967,0.9481497009595236,0.4148648423807962,0.265048684108825,0.3370188886211032,0.4148648423807962,0.5352988860436848,0.2253684053818384,48.53515679495676,0.5110250455992562,0.5110250555333637,7071.440531412761,77.83513786679222,7159.998545513731,,,,1e-06,77.83513786679222,0.2446895199162619,0.934388850416456,7.966710567474365,7071.4405517578125,0.1150585583278111,0.1150585569086529
135,train,0.500134408634196,0.9605958923216787,0.4196685877858951,0.2600257649857511,0.2651963821982824,0.419668589227943,0.546972729586145,0.1048913276003253,18.97517797511111,0.4981626874657087,0.498162698841864,4598.079553378526,28.30675498388147,4605.93815042515,,,,1e-06,,0.2421591091220097,0.9339732550164704,68.78544878959656,4598.0798758640085,0.1185526732876095,0.1185526728469838
135,val,0.5083333339009967,0.9341643906774976,0.4127783037367321,0.2685542993602298,0.341449879464649,0.412778296640941,0.5247976779937744,0.2237476433316866,48.45022047133673,0.4964009069261096,0.4964009111835843,7150.353867303757,78.05510357448033,7241.123816287879,,,,1e-06,78.05510357448033,0.245946949436551,0.9337985742659796,7.962862014770508,7150.353873116629,0.1148657912299746,0.1148657880368686
136,train,0.5003360215053764,0.9580000337734016,0.4191674585303953,0.2610805484876838,0.2678128106779949,0.4191674590110779,0.5452196429012924,0.1020473958623986,18.617609013793288,0.4981431610161258,0.4981431739945565,4498.79243547173,27.5583889510042,4506.655082358415,,,,1e-06,,0.2420540693145926,0.9339125265357316,68.48438239097595,4498.792763535695,0.1186889482521882,0.1186889492536103
136,val,0.5083333339009967,0.9428655136199224,0.4148886884961809,0.2662883166755949,0.3380619613897233,0.4148886856578645,0.5337331805910382,0.2259181450520243,48.38046300978888,0.5040664232912517,0.5040664417403085,7053.115071614583,77.5952209291004,7138.603505267519,,,,1e-06,77.5952209291004,0.244632431438991,0.9340630372365316,7.946592092514038,7053.11524890718,0.1112385644089608,0.1112385640541712
137,train,0.500134408634196,0.9609875832834552,0.4197128070618516,0.2600626649875794,0.2661664292456642,0.4197128058601451,0.54591711001691,0.099678238573414,18.76462391884096,0.4984684014512646,0.4984684109046895,4532.45313882315,27.957955627031225,4541.173041388001,,,,1e-06,,0.2418317789191841,0.934091054944582,67.37132716178894,4532.4531302503365,0.1186907184059901,0.1186907180855351
137,val,0.5083333339009967,0.9407829954510644,0.4154349395206996,0.2678258149396805,0.3413076542672656,0.415434935263225,0.5326369390601203,0.2238361924177124,47.91336450122652,0.5038067684287116,0.503806791135243,7007.88521030971,77.1858565012614,7099.346357865768,,,,1e-06,77.1858565012614,0.2445207820052192,0.934258194196792,8.290907382965088,7007.885216122582,0.1103130937332198,0.1103130919592721
138,train,0.5005712364950488,0.957179122073676,0.4188286317612535,0.2606060855811642,0.2690382202466329,0.418828629518068,0.542149387460242,0.1011662838319616,18.98457272334765,0.4974706402068497,0.4974706458148136,4620.189519738638,27.973083188456872,4628.234615729232,,,,1e-06,,0.2419797645941857,0.934107679833648,66.76277303695679,4620.189862158991,0.1186129401528066,0.118612939672124
138,val,0.5083333339009967,0.9350352060227168,0.4138308947994595,0.2689336495740073,0.3418236069736026,0.4138308969281968,0.527107420421782,0.2241253448384148,48.57867295401437,0.4973596816971188,0.4973596902120681,7090.023873465402,77.8281790415446,7177.674399266099,,,,1e-06,77.8281790415446,0.2458769941613787,0.9338456250372388,7.919397830963135,7090.02395484561,0.111267165059135,0.1112671654139246
139,train,0.500369623784096,0.9577448523493224,0.4190159665160282,0.2616391904572004,0.2709017146819381,0.4190159652342078,0.544260769281336,0.1036323222221546,19.26353479969886,0.497126543393699,0.4971265568528124,4648.737352391725,28.1441224416097,4656.654122318563,,,,1e-06,,0.2427334843944477,0.9339240186957902,66.5972797870636,4648.737367117276,0.118785406593033,0.1187854064328055
139,val,0.5083333339009967,0.937672359602792,0.4131165515808832,0.2681973214660372,0.3428096274534861,0.4131165530000414,0.5256985425949097,0.2234697026156243,48.20475305829729,0.5036511974675315,0.5036512102399554,7023.901218959263,77.18772688366118,7115.940341648911,,,,1e-06,77.18772688366118,0.2461784162691661,0.9341486011232648,8.180924892425537,7023.9014078776045,0.1143001498920577,0.1143001506016368
140,train,0.5009408602791448,0.9573344261415544,0.4184057224662073,0.2607077618119537,0.271691637414117,0.4184057187809739,0.5459915054261043,0.0988264991150748,19.037518998628023,0.4968180621183046,0.49681807349446,4920.566055708034,28.20961396924911,4929.79882849491,,,,1e-06,,0.2426432762895861,0.9338758840996731,66.64033365249634,4920.565716897288,0.1187006346881389,0.1187006352088784
140,val,0.5083333339009967,0.9200942033813112,0.4114568112861542,0.2751621596869968,0.3567855826445988,0.4114568205106826,0.5110656193324498,0.2231479173614865,48.5620485941569,0.493771147160303,0.4937711656093597,7169.045003255208,78.14737547011603,7262.982921993371,,,,1e-06,78.14737547011603,0.2494705404554094,0.9332769655046008,7.885260820388794,7169.0451427641365,0.1137329318693706,0.1137329308050019
141,train,0.5003024193868842,0.9545950269506824,0.4185391153379153,0.2619534970451427,0.2740034880817577,0.4185391157384842,0.5416834060383099,0.1012091914051643,18.49906506076936,0.4963334491175989,0.4963334564880658,4806.163373270342,27.94804298236805,4804.2239926527645,,,,1e-06,,0.2426917853374635,0.9339293808706344,66.31964540481567,4806.163371055357,0.1186463268854284,0.1186463268453715
141,val,0.5083333339009967,0.9176499985513232,0.4078453814699536,0.2745343496402104,0.3555569464252108,0.4078453828891118,0.5033184885978699,0.2243599433984075,49.12266186305455,0.5041684210300446,0.504168438059943,7110.5469970703125,77.71371832348052,7196.687329841383,,,,1e-06,77.71371832348052,0.2509305491333916,0.9333005519140334,7.995472192764282,7110.547011602493,0.1208993033284232,0.1208993022640546
142,train,0.500739247247737,0.9547021039711532,0.4183420875380116,0.2617152013605641,0.2706048482207842,0.4183420879385804,0.5409270891098565,0.103362343324128,19.222105057008804,0.4960375540359046,0.496037559804096,4787.2464805521,28.27979852307228,4795.94157686073,,,,1e-06,,0.242463352539206,0.93387732294298,67.27336549758911,4787.246815917312,0.1187276774917238,0.1187276772914394
142,val,0.5083333339009967,0.9390712266876584,0.4147192104941323,0.2689154126814433,0.3475857220944904,0.4147192112037113,0.5288158782890865,0.2249153543795858,48.41561844235375,0.4993403809411185,0.4993403837794349,7125.082877022879,77.93351291474842,7217.671475497159,,,,1e-06,77.93351291474842,0.2454347113768259,0.9344392986524672,8.054558515548706,7125.082592192151,0.1119594573974609,0.1119594577522505
143,train,0.5001680107526881,0.951987791606175,0.4182664246488643,0.2634979833358077,0.2802345763931992,0.4182664225659063,0.5413151054532939,0.1014054573030882,18.7020126517101,0.4951579107712673,0.4951579165394588,4774.964697889102,27.72154462465676,4783.924541496508,,,,1e-06,,0.2430614582313004,0.933859625811218,67.89530205726624,4774.96469489477,0.118680425589123,0.1186804253087248
143,val,0.5083333339009967,0.9312668244043986,0.4134652884233565,0.2707008272409439,0.3466372596366064,0.4134652919712521,0.5234030690931138,0.2237682136751356,48.19407635643368,0.5033860674926213,0.5033860802650452,7027.41828264509,77.45358267284576,7114.823583984375,,,,1e-06,77.45358267284576,0.2456538372096561,0.9341343329066322,8.168408155441284,7027.4181722005205,0.1113413320410819,0.1113413313315028
144,train,0.500134408634196,0.951213064533408,0.4182040026030874,0.2634711104535287,0.2769647271081965,0.4182040025229736,0.5385317811642283,0.1001402986466243,18.5440122747934,0.495405135776407,0.4954051445889216,4766.9137624104815,27.40951385292956,4775.536262979732,,,,1e-06,,0.2429078712418515,0.9337286574225272,67.26774406433105,4766.914100646973,0.1188073302068377,0.1188073299664964
144,val,0.5083333339009967,0.9223712313742864,0.410607404652096,0.2720429797967275,0.3490221202373504,0.4106074074904124,0.5143987373227165,0.2249512509221122,48.34658904302688,0.4980867945012592,0.4980868015970502,7040.104128882998,77.40464800880069,7125.79130859375,,,,1e-06,77.40464800880069,0.2466954276675269,0.9337728789874484,7.8399248123168945,7040.104189918155,0.1141074292716525,0.1141074274977048
145,train,0.4999327957630157,0.9492357113668995,0.4178819901520206,0.2640670529136094,0.2818900000664495,0.4178819883094039,0.5385303822976928,0.0992130926780162,18.667944774832776,0.4957681181289816,0.4957681335108254,4836.45511750252,27.780430209252145,4843.66153634325,,,,1e-06,,0.2428934417104208,0.933905041345986,67.73575019836426,4836.45478066065,0.1187151235037593,0.1187151227827354
145,val,0.5083333339009967,0.942736429827554,0.412959166935512,0.2654579076029005,0.340747227980977,0.4129591754504612,0.5298396093504769,0.2267391050145739,49.28632082257952,0.5040865795952933,0.5040865937868754,7240.755039760044,78.41527666364398,7333.722897431345,,,,1e-06,78.41527666364398,0.2476407062439691,0.9333438617842538,8.027793169021606,7240.754958379836,0.1150309280270621,0.1150309241243771
146,train,0.5001680107526881,0.9472182107869016,0.4173914057913647,0.264903643759348,0.2827247486159365,0.4173914080345502,0.535168388517954,0.1001222276839838,19.258012997206823,0.4950588265413879,0.4950588387186809,4600.846929242534,28.21609097142373,4607.305946468264,,,,1e-06,,0.2435718293311775,0.9337681951702282,67.63499617576599,4600.847272114087,0.1186228521088118,0.1186228519886411
146,val,0.5083333339009967,0.9116660697119576,0.4051815739699772,0.277536500777517,0.3675125085172199,0.405181572550819,0.4924693902333577,0.2244371998877752,49.504998615809846,0.5015991145656222,0.5015991273380461,7266.017897832961,78.63093076433454,7355.376834753788,,,,1e-06,78.63093076433454,0.255521949558031,0.9325060049692788,8.071885824203491,7266.017921084449,0.1269336275401569,0.1269336278949465
147,train,0.5003360215053764,0.9477961441522004,0.4173778009510809,0.2643590885144408,0.2825663737071457,0.4173778021527874,0.5331241886622162,0.0999434402873439,17.93103080154747,0.4954053639404235,0.4954053761177165,4428.475551113005,27.10803482096682,4437.159607272678,,,,1e-06,,0.2431478207950951,0.9337769141120296,66.73172545433044,4428.47555148217,0.1188471706243612,0.1188471713453851
147,val,0.5083333339009967,0.926863261631557,0.4126813752310617,0.2724913968926384,0.3526654058978671,0.4126813738119034,0.5185338429042271,0.2242791588817324,48.16723996117001,0.4970264974094572,0.4970265116010393,7031.617844354539,77.4531063806443,7119.569250118371,,,,1e-06,77.4531063806443,0.2462798250573022,0.9341225624084472,7.99488639831543,7031.618007114956,0.1133604865698587,0.1133604901177542
148,train,0.4999327957630157,0.945088396469752,0.4174046042144939,0.266126806296969,0.2895874171167291,0.4174046059769968,0.5333931796172614,0.1015127182247177,19.4012834179786,0.4948043416264236,0.4948043531628065,4621.328918374995,28.85726646710468,4628.324339669482,,,,1e-06,,0.2435215295002024,0.9336338834736936,66.85702753067017,4621.328918580086,0.1189268569472015,0.1189268566267464
148,val,0.5083333339009967,0.9038405560311816,0.4089357377517791,0.2804079133839834,0.3689663779167902,0.4089357363326208,0.4977407597360156,0.2244135925457591,48.71921957106817,0.4896210134029388,0.4896210219178881,7128.966439383371,78.19476545424689,7214.576034268466,,,,1e-06,78.19476545424689,0.248666090624673,0.9336339888118562,8.026081562042236,7128.96625046503,0.113867431524254,0.1138674308146749
149,train,0.5004704301395724,0.9429358151010288,0.4166054559010331,0.2662247888823991,0.2902127921741496,0.4166054568623983,0.5306740775704384,0.0979323434813689,18.67542793930218,0.4946878020481396,0.4946878142254327,4799.593869814309,28.038594081837644,4807.915901898214,,,,1e-06,,0.2438914157370085,0.933742436670488,67.55623936653137,4799.593866943032,0.1187576694434048,0.1187576699240874
149,val,0.5083333339009967,0.909589790162586,0.4083724199306397,0.2774317477430616,0.3614806916032518,0.4083724142540069,0.5006303176993415,0.2243013992196037,48.69284666152228,0.4964928598630996,0.4964928669588906,7155.679914202009,78.09536715916225,7243.56513819839,,,,1e-06,78.09536715916225,0.2485677784397488,0.9335138513928368,7.85584568977356,7155.679949079241,0.1169362540046374,0.1169362515211105
150,train,0.5013104839030132,0.942408003714136,0.4159368983199519,0.2651705658564003,0.287156168010927,0.4159369010438201,0.5304107273858721,0.0979860701788497,18.518935572716497,0.494772536620017,0.4947725449518491,4672.791148031912,27.61132598692371,4679.169489778975,,,,1e-06,,0.2430738787497243,0.9338552900539931,66.35878777503967,4672.791152625956,0.1187126104950263,0.118712610254685
150,val,0.5083333339009967,0.9238418766430446,0.412428611091205,0.2737399062940052,0.3570308358896346,0.4124286075433095,0.5159554481506348,0.2263277719418207,48.646931693667455,0.4997826076689221,0.499782627537137,7096.6938709077385,77.70017678397042,7182.859246271307,,,,1e-06,77.70017678397042,0.246784888562702,0.9338942084993634,7.835971355438232,7096.693836030506,0.1111869875873838,0.1111869865230151
150,val_periodic_epoch_150,0.5083333339009967,0.9238418766430446,0.412428611091205,0.2737399062940052,0.3570308358896346,0.4124286075433095,0.5159554481506348,0.2263277719418207,48.646931693667455,0.4997826076689221,0.499782627537137,7096.6938709077385,77.70017678397042,7182.859246271307,,,,1e-06,,0.246784888562702,0.9338942084993634,7.838692665100098,7096.693836030506,0.1111869875873838,0.1111869865230151
151,train,0.5005040322580645,0.9395256028059992,0.4160519766230737,0.2671875291934577,0.2920615697099316,0.4160519779850078,0.5286180351770693,0.1003881574518257,18.661066337298323,0.4947037347542342,0.4947037464508446,4553.891981022332,28.13852682934013,4562.373939755629,,,,1e-06,,0.2431883171040524,0.9337402752009772,67.52804660797119,4553.892330702915,0.1186986757061814,0.11869867482493
151,val,0.5083333339009967,0.913181810151963,0.4086102133705502,0.2754182347229549,0.3580262398435956,0.4086102183376039,0.504233588774999,0.2249356525994482,48.81207021077474,0.4955635666847229,0.4955635780379885,7251.573736281622,78.59879421052479,7338.822693241003,,,,1e-06,78.59879421052479,0.2488314133314859,0.9331435419264292,7.856903314590454,7251.573727562314,0.1174713259651547,0.1174713245459965
152,train,0.5003360215053764,0.9381916524582012,0.4157947091165409,0.2673960592477552,0.2948811993964256,0.4157947097574511,0.5266780767149182,0.098732388428142,18.18469760238484,0.4933515838397446,0.4933515931329419,4550.099293924147,27.030926399333502,4559.149498905477,,,,1e-06,,0.2432220268954512,0.9338633123264518,66.6839165687561,4550.099971812258,0.1187769465789359,0.1187769464988221
152,val,0.5083333339009967,0.9222444125584194,0.4119491719064258,0.2747190069584619,0.359730091832933,0.4119491747447422,0.5129602246341252,0.2268221867935998,48.7221815926688,0.5046752407437279,0.504675262031101,7016.16715204148,77.30350430806477,7101.114316998106,,,,1e-06,77.30350430806477,0.2463384873810268,0.933977294535864,7.93600869178772,7016.167175292969,0.1110597809865361,0.1110597792125883
153,train,0.5003360215053764,0.9388856232486744,0.4158110169954197,0.2672300493364693,0.2941665221205962,0.4158110169954197,0.5308128211607215,0.0969395052481402,18.886834867538944,0.4928779353698094,0.4928779462652822,4576.38087250084,28.36199173876034,4584.731155508536,,,,1e-06,,0.2436364007893429,0.9336795915839492,66.02925086021423,4576.381204461539,0.118673618001643,0.1186736182820412
153,val,0.5083333339009967,0.9117204206330436,0.4087935898985181,0.276657916250683,0.3600274544386637,0.408793589188939,0.502684813879785,0.2260119925652231,48.6448484148298,0.5009163391022455,0.5009163504555112,7107.917622884114,77.83713722229004,7192.183032966383,,,,1e-06,77.83713722229004,0.247448946748461,0.933578093846639,7.772078514099121,7107.917660667783,0.1160743275568598,0.1160743257829121
154,train,0.5006720430107527,0.9351289531876964,0.4151086425108294,0.2681923434939435,0.2959634700129109,0.4151086411488953,0.5251572458173639,0.0981495348556387,18.723270946933376,0.4937382412533606,0.4937382502261028,4539.32794357628,27.576610560058267,4545.650104561238,,,,1e-06,,0.243406277029745,0.933874120955826,67.99637413024902,4539.327613625475,0.1185835137242271,0.1185835135639995
154,val,0.5083333339009967,0.9313498139381408,0.4108695551043465,0.2695465506542296,0.3496574546609606,0.4108695536851883,0.5180361270904541,0.2270513450105985,49.13006909688314,0.5119737145446596,0.5119737131255013,7139.857355026972,77.89821025303432,7231.407131865531,,,,1e-06,77.89821025303432,0.2463534147966475,0.9342389021600996,8.009117364883423,7139.857299804688,0.114791276199477,0.1147912765542666
155,train,0.5016465054083896,0.9297974668843773,0.413816868057174,0.268923317072212,0.3028812849874137,0.4138168662946711,0.5212462167105367,0.0999574610983492,18.46629710863996,0.4930968685175783,0.4930968808550988,4844.140146973313,28.08011316996749,4849.471457248264,,,,1e-06,,0.2432365250843827,0.9339098395198904,67.25381064414978,4844.140480205577,0.1187090876922812,0.1187090870113142
155,val,0.5083333339009967,0.9076470803646814,0.4096900536900475,0.2792101097958429,0.3717296300899415,0.4096900522708893,0.5008141103954542,0.2257647336948485,48.92985652741932,0.500631495600655,0.5006314941814968,7068.635317847842,77.26861327035087,7150.440691583807,,,,1e-06,77.26861327035087,0.2474254696142105,0.9337095220883688,8.350765466690063,7068.635274251302,0.1085209999056089,0.1085209991960298
156,train,0.5006720430107527,0.9314530890795492,0.414260550772631,0.2695386981771838,0.3023534331430671,0.4142605502118346,0.5203889086842537,0.0965417607296859,18.51348724672871,0.4923718703049485,0.4923718821617864,4679.030300017326,27.6048450931426,4688.511929280188,,,,1e-06,,0.2440211581446791,0.93369490388901,69.56778240203857,4679.029967277281,0.1186163819204735,0.1186163825613837
156,val,0.5083333339009967,0.920632263024648,0.4081075319222041,0.2732976965961002,0.3567331461679368,0.4081075276647295,0.5055871832938421,0.2241685504005068,49.12506684802828,0.5019793680735997,0.5019793680735997,7186.34028843471,78.05320113045829,7280.246928267045,,,,1e-06,78.05320113045829,0.2498174480029515,0.933593960035415,8.107173919677734,7186.340384347098,0.1194069779344967,0.1194069772249176
157,train,0.5014448925372093,0.9313911773184296,0.4139933232017743,0.2688339636210472,0.3005681226971329,0.4139933227210916,0.5206490437830648,0.0977197814612619,18.283420898581063,0.491827816412013,0.4918278250643002,4785.515647231891,27.30565974532917,4794.761833216606,,,,1e-06,,0.243194799029058,0.9338828052884788,69.03863573074341,4785.515980628229,0.118795301925431,0.1187953018453172
157,val,0.5083333339009967,0.9043512770107814,0.4079042694398335,0.2806211546773002,0.3705549169154394,0.4079042715685708,0.4943534483512242,0.2256603244514692,49.00040335882278,0.4952448904514313,0.4952449074813297,7142.602222260975,78.14792378743489,7228.760893110795,,,,1e-06,78.14792378743489,0.2476816361858731,0.9341934890974136,7.927044153213501,7142.601914178757,0.1161642071037065,0.116164210651602
158,train,0.5006048387737685,0.9278133699009496,0.4137870141415186,0.2705238778744974,0.306265822741934,0.4137870128596982,0.5161510423146268,0.0982663090671262,18.41918582300986,0.4922133607249106,0.4922133735431138,4503.253062463576,27.389219904458653,4509.818640013416,,,,1e-06,,0.2435371091449132,0.9337647787986264,67.18981719017029,4503.253731184108,0.118714081704296,0.1187140814238979
158,val,0.5083333339009967,0.9091735709281196,0.4074984483775638,0.2781543227888289,0.3668675294944218,0.4074984519254593,0.4967821460394632,0.2253704958018802,48.93701344444638,0.4957356211684999,0.4957356296834491,7126.509329659598,77.74527949378604,7217.338114050663,,,,1e-06,77.74527949378604,0.2501160545008523,0.933457578931536,8.552809000015259,7126.509373256138,0.1170910242057982,0.1170910256249564
159,train,0.5006384408922606,0.9286526880597556,0.4139585897967379,0.2705085303994917,0.3049522450454132,0.4139585889154865,0.5184479136300343,0.0995224786581852,18.91916248362552,0.4921846412202363,0.4921846532373018,4505.511165372787,27.72183237280897,4509.408400698061,,,,1e-06,,0.2433589578315776,0.9338315078007278,66.679363489151,4505.511490524456,0.1188090867012418,0.1188090866611849
159,val,0.5083333339009967,0.9259087159520104,0.4079657977535611,0.2706422940606162,0.347866252774284,0.4079657963344029,0.5091072973750886,0.2262376812951905,49.70212173461914,0.5134452510447729,0.5134452524639311,7300.299284435454,78.97369566417876,7390.718764796402,,,,1e-06,78.97369566417876,0.249023220368794,0.9330656755538214,7.909393072128296,7300.299205961682,0.1220805779809043,0.1220805747877983
160,train,0.5011760752688172,0.9241279147325024,0.4129902939562515,0.2714446348849163,0.3132002116531454,0.4129902941164791,0.5154541000143014,0.0989570313644024,18.316268869625624,0.4911244924991361,0.4911245032343813,4612.444039744715,27.56339863295196,4621.156816619976,,,,1e-06,,0.2441016318657065,0.9335749405686572,67.05429482460022,4612.444379088699,0.1188224884931759,0.1188224878122088
160,val,0.5083333339009967,0.9015137993154072,0.4075269060475485,0.2795343682879493,0.3659904102484385,0.4075269088858649,0.4954739138484001,0.2248455019933836,48.646192369006926,0.4983691204161871,0.4983691303502945,7071.510373070127,77.5584143684024,7160.258845288826,,,,1e-06,77.5584143684024,0.2462393024138041,0.9340151974133084,8.068507194519043,7071.510466076079,0.1121092672858919,0.1121092637379964
161,train,0.5006384408922606,0.924374884174716,0.4132417836577021,0.2718990920211679,0.3123624054014042,0.4132417822957679,0.5155752187454572,0.0956328128194136,18.51488172110691,0.4912472362479856,0.4912472457014104,4832.503009919197,27.887996688965828,4841.339319217566,,,,1e-06,,0.2436170070081628,0.9338338983956204,67.02910876274109,4832.504015276509,0.118693242951106,0.1186932423101958
161,val,0.5083333339009967,0.8895949068523589,0.4040267659085138,0.284788477278891,0.383562113557543,0.4040267687468302,0.4792326213348479,0.2270166107586451,49.36148489089239,0.496565043926239,0.4965650538603465,7098.295282273066,77.84278451828729,7185.681505977746,,,,1e-06,77.84278451828729,0.250600747409321,0.9333313306172688,7.96661639213562,7098.295445033482,0.1171984871228535,0.117198486768064
162,train,0.5008736560421605,0.9227245578201868,0.4124820000862562,0.2713548626790764,0.3119393751345655,0.4124819985640946,0.5119935860556941,0.0971562764657441,18.605208494329965,0.4917388914092894,0.4917389029456723,4778.773939440327,27.63294616822273,4787.529079614505,,,,1e-06,,0.2432775035180071,0.9337857138085108,67.51878356933594,4778.773939399309,0.1186594232436149,0.1186594230433305
162,val,0.5083333339009967,0.8968754581042698,0.40582475066185,0.2813587862820852,0.3708536965506417,0.4058247492426917,0.4885285163209552,0.224030950594516,48.63836551847912,0.4987777982439313,0.4987778124355134,7118.838396344866,77.81222216288249,7206.243218809185,,,,1e-06,77.81222216288249,0.2478460016704741,0.933710223152524,7.966328144073486,7118.838274274553,0.1172320225409099,0.1172320218313308
163,train,0.5011760752688172,0.9190817922353745,0.4119794861443581,0.2730016511294149,0.3198871394639374,0.4119794854233342,0.5104588778509248,0.0975481766246018,17.97305755205052,0.49049144502609,0.4904914525567844,4803.64798227946,27.004257884076846,4810.448449172717,,,,1e-06,,0.2435641228671997,0.9337201169742052,68.61917066574097,4803.647982935751,0.1187042692896499,0.1187042695700481
163,val,0.5083333339009967,0.9107045020375932,0.4088211329210372,0.2759747015578406,0.3600335270166397,0.4088211307922999,0.5037056051549458,0.2264364925878388,48.81009038289388,0.4990827299299694,0.4990827469598679,7133.450959705171,77.88678160167876,7225.870473780777,,,,1e-06,77.88678160167876,0.2448733555419104,0.9343628457614354,7.995406866073608,7133.450913202195,0.1102895715406962,0.1102895715406962
164,train,0.501008064516129,0.9212164917299824,0.4124501652775272,0.2729433017872995,0.3168794906107328,0.4124501661587787,0.5100379265764708,0.0992171876332772,18.675815813003048,0.4901775233848121,0.4901775354018775,4602.639987002137,27.79366796760149,4610.852549132273,,,,1e-06,,0.2440866782299934,0.9336673053362036,67.95211148262024,4602.64031276908,0.1185063017952826,0.118506301675112
164,val,0.5083333339009967,0.8884489337603251,0.4062956869602203,0.2855810402404694,0.3816841315655481,0.406295691217695,0.4836439135528746,0.2233600098462332,48.28188378470285,0.4925804422015235,0.4925804563931056,7038.95121547154,77.37212344578334,7126.946537642046,,,,1e-06,77.37212344578334,0.2472382762602397,0.9336544956479754,8.206266641616821,7038.951503208706,0.1109238749458676,0.1109238763650258
165,train,0.501108871031833,0.9168377241460226,0.4119660110883815,0.2745223211985762,0.3226057288627471,0.4119660118094054,0.5063980462089661,0.0974384874746363,17.757754584794405,0.4897669390324623,0.4897669496074799,4706.748755998509,26.895042668106736,4715.094607081558,,,,1e-06,,0.2439125647307724,0.9337719428923822,67.91335201263428,4706.748756777855,0.1186623162319583,0.1186623161919014
165,val,0.5083333339009967,0.8955857271239871,0.4033283144235611,0.2819023245856875,0.379017765323321,0.4033283122948238,0.481654727387996,0.2266080070819173,49.89232653663272,0.4922827893779391,0.4922828106653122,7244.078369140625,78.79330580575126,7336.290681226325,,,,1e-06,78.79330580575126,0.2521140625079472,0.9333728466715132,8.449734449386597,7244.07832845052,0.1211044217149416,0.1211044231340998
166,train,0.501747311763866,0.9154523538966332,0.4111598238989871,0.2739491220763934,0.3245162073002067,0.4111598226972806,0.5051946838696798,0.0975227467114887,18.684199133226947,0.4897230887605298,0.4897230975730445,4754.073571974232,27.901090437366115,4763.483850919679,,,,1e-06,,0.2442301543810034,0.9335492740395248,67.64193844795227,4754.073243910267,0.1186348566364857,0.1186348555549498
166,val,0.5083333339009967,0.8861034909884135,0.4047896308558328,0.2845501722324462,0.3813138788654691,0.4047896351133074,0.4817817931373914,0.2255277395957992,48.71161079406738,0.4892356878235226,0.4892356977576301,7099.912742978051,77.69587017240978,7185.912562144887,,,,1e-06,77.69587017240978,0.2472972302209763,0.9335410708472842,8.04011058807373,7099.912713913691,0.1111086990152086,0.1111086983056295
167,train,0.5013440860215054,0.9152448198167228,0.4111682058822724,0.2746874665220578,0.3275659203689585,0.4111682046805658,0.5031708653575631,0.0943160947332138,17.87003977068009,0.4895104459857428,0.4895104586437184,4739.614997904788,26.94513613690612,4748.099477399319,,,,1e-06,,0.2443068929577386,0.9337155187642704,67.49409008026123,4739.614657781457,0.1186015528616725,0.1186015529017294
167,val,0.5083333339009967,0.8945867958522978,0.4042363322916485,0.2821212290298371,0.3806507630007608,0.4042363315820694,0.483400122040794,0.2274702904479844,49.699034645443874,0.4936589371590387,0.4936589541889372,7294.888122558594,78.90662184215728,7386.971469578599,,,,1e-06,78.90662184215728,0.2505588276045663,0.9334218076297216,7.998243808746338,7294.88812546503,0.1175893559342338,0.117589356643813
168,train,0.5016801075268817,0.9121656409835304,0.4108175018461801,0.2758197427917552,0.3326424375496885,0.4108175011251562,0.5025590550034277,0.095376272515584,18.60293518599644,0.4879605351917205,0.4879605443246902,4536.780109446536,27.74841910023843,4545.286234106199,,,,1e-06,,0.244835428573111,0.9336993136713582,67.54182600975037,4536.780114614835,0.1186750018468467,0.1186750024076431
168,val,0.5083333339009967,0.8954339623451233,0.4055311637265341,0.2816055339007151,0.3750857576018288,0.405531176498958,0.4873307418255579,0.2244346163102558,48.47998128618513,0.5014595985412598,0.5014596198286329,7028.380138578869,77.29897880554199,7112.527604166667,,,,1e-06,77.29897880554199,0.2475066291434424,0.9336780394826616,8.609097003936768,7028.380187988281,0.1140749511264619,0.1140749507716723
169,train,0.5009408602791448,0.9127395202716192,0.4111356156808073,0.2760957207090111,0.3341207534715693,0.4111356139984182,0.5016368298280623,0.0961042699674444,17.891533543986657,0.4883260342382615,0.4883260412882733,4699.7235935170165,26.620573305314583,4707.601133568761,,,,1e-06,,0.2442873004944094,0.9335817883732498,67.71854448318481,4699.723252327211,0.1188156848713274,0.1188156847110999
169,val,0.5083333339009967,0.8923021753629049,0.4037505395355679,0.2828608169442131,0.3804957951818193,0.4037505423738843,0.4812783616639319,0.2256000176781699,49.32211594354538,0.4968212970665523,0.4968213027431851,7045.493329729353,77.68970189775739,7129.337329841383,,,,1e-06,77.68970189775739,0.2495698091529664,0.9337663423447382,8.014488458633423,7045.493408203125,0.116159218053023,0.1161592184078125
170,train,0.5019489247952739,0.9108565329544006,0.410255855850635,0.2757770902206821,0.3320050543194176,0.4102558553699524,0.5002847196514247,0.0959228012430411,18.23411178845232,0.4883082334392814,0.488308239848383,4572.940914851363,27.521883646647137,4581.522218297066,,,,1e-06,,0.2445372775677711,0.9333844966785882,66.97692131996155,4572.941253580073,0.118855104771673,0.1188551044512179
170,val,0.5083333339009967,0.8881828586260477,0.4051900300241652,0.2852379651296706,0.3838768686567034,0.4051900328624816,0.4812892629277138,0.2235343647854668,48.28907149178641,0.4912605853307815,0.4912606108756292,7055.050406319754,77.58030600774856,7143.708265269886,,,,1e-06,77.58030600774856,0.2484979317301795,0.933864985193525,7.944794178009033,7055.050493512835,0.1134342235468682,0.1134342231920787
171,train,0.502116935547962,0.9075531688749148,0.4095267723164251,0.2765889263922168,0.3375316681240194,0.4095267735181316,0.5009594555263237,0.0960600352495588,18.52965627178069,0.4865150371546386,0.4865150459671533,4764.782248384209,27.609280816970333,4773.920488207268,,,,1e-06,,0.2447406082384048,0.9335894466087382,65.9037766456604,4764.781910229754,0.1187485681185799,0.1187485679984092
171,val,0.5083333339009967,0.8911707245168232,0.4077932373398826,0.2854953535965511,0.3799021790424983,0.4077932408877781,0.4875994729144232,0.2235123082285835,47.6869683946882,0.4838363953999111,0.4838364095914931,6958.910987490699,76.9186019897461,7050.946141838305,,,,1e-06,76.9186019897461,0.2459238427025931,0.9343661126636325,7.964223146438599,6958.91095842634,0.108308406812804,0.1083084050388563
172,train,0.5015120967741935,0.9065120933196876,0.409475982349406,0.2765725617126752,0.3385274194741762,0.4094759806670168,0.4973893035804071,0.0953086621017866,18.00933051878406,0.4876241991596837,0.4876242052483302,4625.321608307541,27.03482254602576,4634.154084217829,,,,1e-06,,0.2445911483899239,0.9336076096821856,67.9947600364685,4625.321266215335,0.1187635130218921,0.1187635123809819
172,val,0.5083333339009967,0.8902662765412104,0.4044793134643918,0.2833152775253568,0.3814705674137388,0.4044793120452336,0.4819556740777833,0.2268226831441833,48.77710233415876,0.4922097509815579,0.4922097751072475,7137.634658086868,77.85822205316452,7229.169250118372,,,,1e-06,77.85822205316452,0.2486761254923684,0.9332980740638006,8.342446327209473,7137.63443719773,0.1127899856794448,0.112789987098603
173,train,0.5026209678060265,0.903965116668773,0.4086162249247233,0.2768909153278156,0.3420136327384621,0.4086162237230167,0.4951563356143812,0.0944418327141833,18.725154558817547,0.4881468750135873,0.4881468836658744,4490.58963230092,27.841034330347533,4498.422719175807,,,,1e-06,,0.2445026406998275,0.9336965180212452,67.0671317577362,4490.589635131179,0.1186006020714518,0.11860060235185
173,val,0.5083333339009967,0.8821834992794764,0.4049543823514666,0.287107146921612,0.3871165074053265,0.4049543844802039,0.4783252193814232,0.2252556944177264,48.49360638573056,0.49205263313793,0.4920526388145628,6966.859979538691,77.13228243873233,7051.039997632576,,,,1e-06,77.13228243873233,0.2469670580966132,0.934001161938622,8.27363657951355,6966.860087076823,0.1090557685210591,0.1090557699402173
174,train,0.5023857528163541,0.9069152722756068,0.409230677991785,0.2761627301093071,0.3399019855805623,0.4092306744667791,0.4981966753320027,0.0952288001495343,18.12928386657469,0.4883391834715361,0.488339195007919,4516.037013474331,26.68295038900068,4525.15560429634,,,,1e-06,,0.2449217615749246,0.9335283399910056,68.3215343952179,4516.037358642906,0.1186839382174194,0.1186839387782158
174,val,0.5083333339009967,0.8792519157841092,0.4033010467177346,0.2871958705640974,0.3874725869723728,0.4033010410411017,0.4743787791757357,0.2233368158340454,48.2024298168364,0.4915816372349149,0.4915816670372372,6926.196358816965,76.90377162751697,7011.032009055398,,,,1e-06,76.90377162751697,0.2471918974603925,0.9342440991174608,8.39536190032959,6926.196184430803,0.111720537500722,0.1117205385650907
175,train,0.5018481182795699,0.905859288509174,0.4090042510019835,0.2761858269892713,0.3388926577503963,0.4090042502809596,0.4960031988479758,0.095787659167282,18.408454618146344,0.4882468908063827,0.4882469007404901,4768.27914285147,27.469718922850905,4777.278371216231,,,,1e-06,,0.2443136064916528,0.9335601752804172,68.0732421875,4768.279140267321,0.1186564620784533,0.1186564626392497
175,val,0.5083333339009967,0.8816543618837992,0.402524797689347,0.285906820779755,0.387989980833871,0.4025247991085052,0.4738622463884808,0.2256789665137018,48.94965889340355,0.4874649572940099,0.4874649757430667,7259.9565662202385,78.65004239763532,7351.582463304924,,,,1e-06,78.65004239763532,0.2491130119278317,0.933677349771772,7.913889646530151,7259.956554594494,0.1158126209463391,0.1158126213011287
176,train,0.5016801075268817,0.9055338638123646,0.4091590734659344,0.2774136386090709,0.3426001738476497,0.409159074267072,0.4958636621614137,0.0942893824389865,18.58739730363251,0.4874409539725191,0.4874409683929976,4561.02428583945,27.33015586996592,4570.029118434508,,,,1e-06,,0.2447322879427222,0.9336127555498512,67.46606659889221,4561.023948136196,0.1184708384736891,0.1184708389143149
176,val,0.5083333339009967,0.8836760946682521,0.4021701039302917,0.2853112476212637,0.3881761062712896,0.4021701067686081,0.4740021267817134,0.2238449131449063,48.80455407642183,0.4964987777528308,0.4964987905252547,7021.79686046782,77.42568697248187,7108.117644708806,,,,1e-06,77.42568697248187,0.2496972566559201,0.9336921544302076,8.040442705154419,7021.796598888579,0.1162021174317314,0.1162021156577836
177,train,0.5020497313109777,0.903474209609852,0.4085493571655724,0.2771856317757278,0.3444176408392126,0.4085493582871652,0.4924334581660968,0.0981059368018822,18.37109306807159,0.4874709955146236,0.4874710060896412,4797.707539958338,27.16804480809037,4807.039956613663,,,,1e-06,,0.2448443107066616,0.933585302163196,67.92465162277222,4797.707537784371,0.1185596455890004,0.1185596456691142
177,val,0.5083333339009967,0.8844225293114072,0.4040847626470384,0.2854220405930564,0.3828989026092347,0.4040847640661966,0.4786416746321179,0.2243657218558447,48.10868408566429,0.4946783114047277,0.4946783213388352,6937.029067266555,76.901856195359,7023.81044477983,,,,1e-06,76.901856195359,0.2460642428625197,0.9343651277678352,8.038358688354492,6937.029145740327,0.1116090576563562,0.1116090558824085
178,train,0.5010752688332271,0.9062065927572148,0.4095804469399555,0.2778897138853227,0.3449005584723206,0.4095804478212069,0.4974705842473814,0.0966534528240401,17.858801190571118,0.4863681056166208,0.4863681161916384,4412.172424562516,26.504008769989014,4420.766285330519,,,,1e-06,,0.2447573575441555,0.933482688601299,67.15022277832031,4412.172760173839,0.1186233364366075,0.1186233356354698
178,val,0.5083333339009967,0.8822954438981556,0.4033052460068748,0.2862668278671446,0.3869600665001642,0.4033052460068748,0.475291629632314,0.225915725387278,48.74697558085124,0.4881660356408074,0.4881660313833327,7026.001671200707,77.2708435966855,7115.923965731534,,,,1e-06,77.2708435966855,0.2479065088998703,0.9340547351610092,8.061667919158936,7026.001761300223,0.1114368630307061,0.1114368605471792
179,train,0.5029233870326831,0.902228515475027,0.4079798004960501,0.2770415939470773,0.3457715363912685,0.4079797995346849,0.4923009756271557,0.0956890681778551,17.928608217547016,0.4851387995545582,0.4851388126932164,4505.715721212408,26.56778722168297,4512.686869508891,,,,1e-06,,0.2449264145025643,0.9333990982142828,66.80736351013184,4505.716065109417,0.1186144819022506,0.1186144820224213
179,val,0.5083333339009967,0.8855154925868625,0.4047941075904028,0.2854341644616354,0.3822338793958936,0.4047941125574566,0.4800372276277769,0.2234466352633067,48.03463944934664,0.4913891539687202,0.4913891582261948,6894.295590355283,76.50885173252651,6981.269833096591,,,,1e-06,76.50885173252651,0.2463976733741306,0.9343288285391672,8.040585279464722,6894.295663016183,0.1099860068588029,0.1099860043752761
180,train,0.5020161290322581,0.9009097734446166,0.4081654444897687,0.2779688786274643,0.3489749506917051,0.4081654460119304,0.4909854532890422,0.0972683560503746,17.487721140666675,0.4845415307309038,0.4845415424275142,4694.02004086074,26.59121238544423,4703.411929177435,,,,1e-06,,0.245120740625807,0.93350407256875,67.23604941368103,4694.019709515315,0.1186700786153475,0.1186700785352337
180,val,0.5083333339009967,0.8766518263589769,0.401012856335867,0.2868500068074181,0.3924936027753921,0.4010128549167088,0.4692959175223395,0.2238458820751735,48.826095671880815,0.4914807663077399,0.4914807790801638,7085.021103631882,77.66322753542946,7171.953191583807,,,,1e-06,77.66322753542946,0.2496258524202165,0.9331085823831105,8.233574628829956,7085.021301269531,0.114532036440713,0.1145320350215548
180,val_periodic_epoch_180,0.5083333339009967,0.8766518263589769,0.401012856335867,0.2868500068074181,0.3924936027753921,0.4010128549167088,0.4692959175223395,0.2238458820751735,48.826095671880815,0.4914807663077399,0.4914807790801638,7085.021103631882,77.66322753542946,7171.953191583807,,,,1e-06,,0.2496258524202165,0.9331085823831105,8.346245765686035,7085.021301269531,0.114532036440713,0.1145320350215548
181,train,0.5016801075268817,0.9011642841562147,0.4082579462919184,0.2777910002617426,0.3468226618183556,0.4082579450100981,0.4895413970594765,0.0940773993810658,17.922305935172623,0.4852614684771466,0.485261478090799,4639.735452672487,27.01926055005801,4643.018772564512,,,,1e-06,,0.2448782400899036,0.9334953545883138,68.42982149124146,4639.735112918321,0.1187710243687834,0.1187710247292954
181,val,0.5083333339009967,0.8809175193309784,0.4043811822221392,0.2872246816044762,0.3873771173613412,0.4043811836412975,0.4768515725930531,0.2234004029915446,48.481813339960006,0.4858491576853253,0.4858491704577491,7124.384341285342,77.99363908313569,7215.800337357955,,,,1e-06,77.99363908313569,0.2477135842754727,0.9339429282006764,8.106204986572266,7124.384126209077,0.1123453098393622,0.1123453077106248
182,train,0.5023857528163541,0.9003766904915532,0.4078382231214995,0.2780734649108302,0.3489530013613803,0.4078382213589965,0.4905782702469056,0.0965344539933627,17.83487802936185,0.4854193280140559,0.4854193339424749,4736.561899328744,26.630103982904902,4745.403333094947,,,,1e-06,,0.2449817104685691,0.9335277115785948,67.20307517051697,4736.562243389827,0.1185270667636907,0.1185270664832925
182,val,0.5083333339009967,0.8830884808585757,0.4042243290515173,0.2856276830037434,0.3855467750912621,0.4042243283419382,0.4787363793168749,0.2262049285428864,48.25982856750488,0.4800081167902265,0.4800081281434922,7030.010989234561,77.23818533761161,7117.164570016572,,,,1e-06,77.23818533761161,0.2483525418099902,0.9338858241126652,7.995237827301025,7030.011120024182,0.1089881271833465,0.1089881257641883
183,train,0.5023521505376344,0.9026161137447564,0.4079897525489971,0.2775221069653829,0.3480276333228234,0.4079897515876319,0.4921758673203888,0.0938132833889735,17.671971782561272,0.4849808442015801,0.4849808539754601,4721.398261982908,26.501365548820907,4730.528976594559,,,,1e-06,,0.2452853396534919,0.9334336919810182,67.14698100090027,4721.398923361173,0.118565217902263,0.1185652173414666
183,val,0.5083333339009967,0.8815839006787255,0.4017896439347948,0.284841680810565,0.3861403337546757,0.4017896481922695,0.4738209978455588,0.2248183872018541,48.699284780593146,0.4895488279206412,0.4895488293397994,7120.423863002232,77.82280395144508,7207.334888435133,,,,1e-06,77.82280395144508,0.2486652987343924,0.9336668934140888,7.999881267547607,7120.42379906064,0.1150479547324634,0.1150479529585157
184,train,0.5023521505376344,0.9003395789092586,0.4077116112394999,0.2780874086323605,0.3502418567096033,0.4077116111593862,0.4886907079928024,0.0985694739326674,18.11369385257844,0.4833944734706673,0.4833944834047748,4502.624577840169,26.93687057495117,4510.705016514428,,,,1e-06,,0.2451449758423272,0.9335978047181202,66.84186458587646,4502.624248504639,0.1185580404695644,0.118558040950247
184,val,0.5083333339009967,0.8850829828353155,0.4033825851622082,0.2848414721943083,0.3838296731313069,0.4033825872909455,0.4777666358720688,0.2250161344806353,48.68630763462612,0.4878940937064943,0.4878941050597599,7115.671642485119,78.05444236028762,7206.615252130682,,,,1e-06,78.05444236028762,0.2493224498771485,0.9336120032128834,8.165091514587402,7115.671566917783,0.1138091090889204,0.1138091112176577
185,train,0.5018145161610778,0.9011125223290536,0.4079293605060347,0.2778023923597028,0.3486414713564739,0.4079293593844419,0.491399279525203,0.0957855919115645,18.53059624600154,0.4836346114514976,0.4836346228276529,4620.777410691784,27.730461505151563,4629.76698628949,,,,1e-06,,0.2450108052261414,0.9334721334518924,67.4209520816803,4620.778081586284,0.1186302654365057,0.1186302657169039
185,val,0.5083333339009967,0.8611636786233812,0.3985374200911749,0.2928681274255116,0.4136289074307396,0.3985374236390704,0.4551725160507929,0.2248361759952136,48.82918975466774,0.485468939656303,0.4854689623628344,7015.013916015625,77.33256530761719,7098.0509765625,,,,1e-06,77.33256530761719,0.2510821932838076,0.9330827764102392,8.067827939987183,7015.013886951265,0.1155398768328485,0.115539877187638
186,train,0.501982526913766,0.9022083865698948,0.4076707747674757,0.2782171234808942,0.3536776343500742,0.4076707743669069,0.4919559301467993,0.0943340602461048,17.748795376029065,0.4826529165429453,0.482652923272502,4815.00069316741,26.68341431053736,4822.381804906158,,,,1e-06,,0.2455746554719504,0.9333532933265932,68.09209394454956,4815.000359935145,0.1185196300027191,0.1185196302831173
186,val,0.5083333339009967,0.871831883986791,0.4008979165837878,0.2896940076634997,0.4005497708207085,0.4008979158742087,0.4644506272105944,0.2262423953839711,49.30670084272112,0.4827418568588438,0.482741858278002,7095.636422293527,77.71134367443267,7184.521161813447,,,,1e-06,77.71134367443267,0.2500507810286113,0.9335056742032368,7.893615484237671,7095.63624500093,0.1119839989003681,0.1119839971264203
187,train,0.5018145161610778,0.900721753957451,0.4077986655856973,0.2783959455868249,0.352225836005903,0.4077986637430806,0.4891574934765856,0.0924926958777891,17.451526308572422,0.4816360814917472,0.4816360949508605,4675.727856092555,26.211632923413347,4683.593604337647,,,,1e-06,,0.2455325405443868,0.9334257831496576,68.91792249679565,4675.727517856065,0.1185255883441817,0.1185255883842386
187,val,0.5083333339009967,0.8747158192452931,0.3994169036547343,0.2878333656560807,0.3998210174696786,0.3994169029451552,0.464166169365247,0.2229770762579781,48.83746628534226,0.4829096056166149,0.4829096297423045,7133.070550827753,78.04406493050712,7222.766268643466,,,,1e-06,78.04406493050712,0.252304407102721,0.9332008077984764,8.81345510482788,7133.070347377232,0.1199495026043483,0.1199495015399796
188,train,0.5025201612903226,0.8991950160713607,0.4075361116118328,0.2785260091705989,0.3528063900528415,0.4075361099294436,0.4895705001889378,0.0948376431860911,18.00126883804157,0.4832010668131613,0.4832010740234005,4519.141694345782,27.01309089250462,4526.611355457242,,,,1e-06,,0.2452275316401194,0.933452566144287,67.15569257736206,4519.141344706218,0.1187071955652647,0.1187071955652647
188,val,0.5083333339009967,0.8764240599813915,0.4010831798825945,0.28750865090461,0.3930382175104959,0.4010831777538572,0.4683551330651556,0.2239961822827657,49.210189092726935,0.4860496137823377,0.4860496166206541,7174.523074195498,78.13174992515927,7267.411069187973,,,,1e-06,78.13174992515927,0.2499882507891882,0.9336910503251212,7.96302604675293,7174.523359026228,0.1162948211034139,0.1162948200390452
189,train,0.5014112903386034,0.902972952332548,0.4083583314492497,0.2774623352833973,0.3477647908592737,0.4083583328111838,0.4919428734449289,0.0940365346689378,17.517678576131022,0.4823536344112888,0.4823536485113123,4604.482835051834,26.406288080318,4613.704959579108,,,,1e-06,,0.245153748220013,0.9334896049832784,68.40632462501526,4604.482492713518,0.118627817800609,0.1186278183213485
189,val,0.5083333339009967,0.8637511914684659,0.3991766110772178,0.2927874780836559,0.4122915956236067,0.3991766096580596,0.4566386562018167,0.2245033145660445,48.89562670389811,0.4851770769982111,0.48517706990242,7038.242074148996,77.3347894577753,7126.087390506629,,,,1e-06,77.3347894577753,0.2513672077939624,0.9332228161039806,8.04425048828125,7038.24187360491,0.114656843599819,0.1146568446641876
190,train,0.5012096774273662,0.9088804141808582,0.4089069809484225,0.2772528503530769,0.3519824059900417,0.4089069823103566,0.4975720958844308,0.0943353399634361,18.318467747780584,0.4823539550265958,0.4823539628777453,4634.463524069837,27.31891586447275,4612.340792158236,,,,1e-06,,0.245531465177254,0.933364402222377,68.57279777526855,4634.463852010747,0.1185568019907961,0.1185568021910805
190,val,0.5083333339009967,0.9137478328886486,0.4046690811713536,0.2739053106024152,0.361052767151878,0.4046690790426163,0.4955780002332869,0.2268159889749118,50.379028956095375,0.5099209887640817,0.5099209986981892,7551.690909249442,80.19506845020112,7650.272187204072,,,,1e-06,80.19506845020112,0.2498402751627422,0.9334746400515238,8.03119421005249,7551.6906505766365,0.1206109995643297,0.1206109984999611
191,train,0.502116935547962,0.8990284790915828,0.4077235620508911,0.2792879221259907,0.3550031331758345,0.4077235626116876,0.4887651825944583,0.0954422877440529,18.605109665983463,0.4814865287914071,0.4814865409687001,4759.067150608186,27.58459758758545,4768.365621033742,,,,1e-06,,0.2461870316696423,0.9333675740867532,68.9295346736908,4759.06715286419,0.1185722316625297,0.1185722308213351
191,val,0.5083333339009967,0.8685348913783119,0.4007106685922259,0.2905100449210122,0.4025288940895171,0.4007106664634886,0.4631035977176257,0.224612648997988,48.6200130099342,0.4763006071249644,0.4763006170590718,7112.025596981957,77.60229174296062,7199.51864494555,,,,1e-06,77.60229174296062,0.2503744562466939,0.9335344887915112,7.900187492370605,7112.025381905692,0.1126116939953395,0.1126116936405499
192,train,0.5017809140425856,0.9008498393720196,0.407820601376795,0.2779491084717935,0.3512281203462231,0.4078206018574776,0.4894573252688172,0.0931657094468352,17.208156724129953,0.481853048166921,0.4818530563385256,4604.750862777874,25.66936378068821,4613.764941488453,,,,1e-06,,0.2454144227248366,0.9333103404891108,67.98863649368286,4604.750857445501,0.1185614789125099,0.1185614794733062
192,val,0.5098214291390919,0.8703082374164036,0.3994096482083911,0.2891700941891897,0.4024322217419034,0.3994096446604955,0.4621877897353399,0.2237548381090164,48.67902619498117,0.4821157199995858,0.4821157242570604,6982.16190592448,77.06543649945941,7066.70322413589,,,,1e-06,77.06543649945941,0.2511024354469208,0.9335301773888725,8.092637777328491,6982.162196568081,0.1148572571220852,0.1148572578316643
193,train,0.5017809140425856,0.9002525498790126,0.4075910758267166,0.278624875250683,0.3553004209553042,0.4075910770284232,0.490252868943317,0.0956457314752442,18.211724558184223,0.4813719167504259,0.4813719274856711,4664.835468292236,27.283627525452644,4673.524084102746,,,,1e-06,,0.2463490421413093,0.9331306674147164,67.72665238380432,4664.835461155061,0.1185642876612242,0.1185642875009967
193,val,0.5083333339009967,0.8746950640564873,0.400084274155753,0.2873069487866901,0.3968758242470877,0.4000842713174365,0.466269630406584,0.2231356033257075,48.60559981209891,0.4877939550649552,0.4877939664182208,7041.78268577939,77.45586404346284,7128.577352627841,,,,1e-06,77.45586404346284,0.2512642578000114,0.9329246169044858,8.054708242416382,7041.782755533855,0.1157795652037575,0.1157795659133366
194,train,0.5023857528163541,0.9005812422562671,0.4074158114130779,0.2777353088541697,0.3511832906834541,0.4074158115733054,0.4892689457503698,0.0916421102179635,17.310253066401327,0.4817866578858386,0.481786667819946,4647.562676829676,26.0000171097376,4656.816577148437,,,,1e-06,,0.2453258567920295,0.9334317336800276,67.55199980735779,4647.563015148204,0.1186189346255794,0.1186189345454657
194,val,0.5083333339009967,0.88101878904161,0.404031094341051,0.2868988875831876,0.3884330051285879,0.4040310915027346,0.4763016902974674,0.2235321313852355,48.08913439796085,0.4817989482766106,0.481798958210718,6983.726629348028,77.26935096014114,7073.275566702178,,,,1e-06,77.26935096014114,0.2481576133342016,0.9339602163859776,8.289376735687256,6983.7267659505205,0.1088656804391316,0.1088656779556047
195,train,0.5023521505376344,0.8987781554460526,0.4070583976084186,0.2776197269558906,0.3522091309229533,0.4070583987300114,0.4894980444943392,0.0940480022540976,18.23082068145916,0.4809755533933639,0.4809755668524773,4660.249488153765,26.75217643860848,4668.663614703349,,,,1e-06,,0.2458879791440502,0.9333392163758636,67.43773412704468,4660.250160606958,0.1183975461910488,0.1183975458305369
195,val,0.5083333339009967,0.8671565041655586,0.3996269582282929,0.290544935635158,0.4054529759145918,0.3996269560995556,0.460760670758429,0.2254940736151877,48.82682137262253,0.4791487469559624,0.479148751213437,7042.707769484747,77.59495480855306,7124.251882102273,,,,1e-06,77.59495480855306,0.2506404100429444,0.933513723668598,8.069493293762207,7042.707781110491,0.1131363745246614,0.1131363741698719
196,train,0.5028897850744186,0.8962222345734155,0.4065089148859824,0.2792634132408326,0.3618912181706838,0.4065089144052998,0.4840308878050056,0.0923087387596086,17.62863895200914,0.4806165115166736,0.4806165212905535,4458.443712008897,26.568628618794104,4467.426770677149,,,,1e-06,,0.2464543942322013,0.9332667797483424,68.21630454063416,4458.443380909582,0.1185119256617561,0.1185119254614717
196,val,0.5083333339009967,0.8704970564161029,0.4007685851483118,0.2891661609922136,0.3996385917777106,0.400768593663261,0.4654983612043517,0.2256302790982382,48.53371474856422,0.4786830885069711,0.4786831055368696,7077.524678548177,77.67711239769345,7162.103270004734,,,,1e-06,77.67711239769345,0.2498240215437752,0.9335935910542806,7.994886159896851,7077.524553571428,0.1126075642449515,0.1126075667284783
197,train,0.5026881720430108,0.898793728922003,0.407205038293395,0.2784916742514538,0.3544181417072973,0.4072050386939638,0.4884651314907817,0.0935709161824116,17.194690781254923,0.4786195006742272,0.4786195091662868,4598.161338313933,25.739036595949564,4605.651165750934,,,,1e-06,,0.2463819110585797,0.9332408119914352,68.98774003982544,4598.161339667536,0.1185873166447685,0.1185873173657924
197,val,0.5098214291390919,0.8541781348841531,0.3978645248072488,0.296709636137599,0.42547526600815,0.3978645269359861,0.4481483286335355,0.2252440406453041,49.36082576570057,0.475282153912953,0.4752821624279022,7043.860967726934,77.68508039202008,7120.807720762311,,,,1e-06,77.68508039202008,0.2527777488742556,0.9333771211760384,8.118446826934814,7043.861086890811,0.1120702411447252,0.1120702414995148
198,train,0.5023185484191423,0.8979322580240106,0.4069395811967952,0.2785213181088047,0.3570961988260669,0.4069395804757713,0.488319982203745,0.0955215906824476,18.018819227013537,0.4798171268675917,0.4798171350391962,4700.556256571123,26.9223354965128,4699.079608873566,,,,1e-06,,0.2466328390823897,0.9331770507238244,66.8419680595398,4700.556256078905,0.1184863229432413,0.1184863227429569
198,val,0.5083333339009967,0.8675755716505504,0.3998618991602035,0.289711268175216,0.4009095998037429,0.3998618920644124,0.4627824741460028,0.2254921989071936,48.91497348603748,0.4745570861157916,0.4745570974690573,7159.153366815476,78.16054734729585,7244.20625295928,,,,1e-06,78.16054734729585,0.2505413975034441,0.9335304583821978,7.981766939163208,7159.153419131324,0.1159716919064521,0.1159716897777148
199,train,0.5021505376664541,0.8984167643131749,0.4069355265587889,0.2786073308157664,0.3569719773787324,0.406935527199699,0.4887982455873361,0.0968487641063108,18.09736903508504,0.4792413429547382,0.4792413509661151,4492.246931793869,26.913482666015625,4494.474211105193,,,,1e-06,,0.2461576718156055,0.9334024049902476,67.76166915893555,4492.246597946331,0.1184927326857402,0.1184927328459678
199,val,0.5083333339009967,0.8933629507110232,0.4025692457244509,0.2806332927374613,0.3737317508175259,0.4025692457244509,0.481450990551994,0.2258004524878093,49.04088229224796,0.4969433262234642,0.4969433375767299,7130.33396984282,77.96575709751674,7219.685660807291,,,,1e-06,77.96575709751674,0.2491868358282815,0.9338542081060864,8.77038049697876,7130.334112258184,0.1161425578452292,0.1161425599739665
200,train,0.5022177419835522,0.9002376639394349,0.407486490504716,0.2782346016617231,0.3516976282160769,0.4074864889825544,0.490270386780462,0.0938946781579845,18.37357598991804,0.4794329906343132,0.479433000087738,4666.178192712928,27.30768459586687,4672.290903706663,,,,1e-06,,0.2467651072368827,0.933187941069244,67.42103862762451,4666.178183524839,0.1185353863784062,0.1185353862982924
200,val,0.5083333339009967,0.8745445765200115,0.39983704473291126,0.28771987841242835,0.396761512472516,0.39983704473291126,0.46508802189713433,0.22410339294444948,48.738688968476794,0.4912417360714504,0.49124174742471605,7025.039681570871,77.39878708975655,7113.457395241478,,,,1e-06,77.39878708975655,0.2519862467334384,0.9331156923657372,8.219337224960327,7025.039495558965,0.1152872805084501,0.1152872805084501
