epoch,phase,bucket_acc,bucket_ce,bucket_distance_l1,bucket_entropy,bucket_expectation_l1,bucket_index_l1,bucket_prior_kl,calorie_from_map_l1,calorie_mae,calorie_map,calorie_map_l1,calorie_mse,calorie_rmse,loss,lr,scheduler_metric,segmentation,segmentation_dice,time_sec,total_calories,volume,volume_mae
1,train,0.5005376345367842,0.6360860885150971,0.4275752746610231,0.5925206247196403,2.294771235476258,0.4275752749814782,0.1049198005749012,0.6866474045060014,125.60547238011516,0.1999326795339584,0.1999326824981679,32682.86731613324,162.5944251193795,0.6209811129152574,0.0001,,0.6230058442520839,0.7777331936103041,67.07822251319885,0.2516918161944035,0.1092216937292006,0.1092216938894282
1,val,0.4690476201829456,0.7162014416285923,0.4276347642853146,0.5037138022127605,1.557298569452195,0.4276347657044728,0.2200867916856493,0.4858464804433641,119.22759319487072,0.2941605306807018,0.29416053209986,26468.952706473214,157.88002704438708,0.5446833523837002,0.0001,157.88002704438708,0.5312826945668175,0.8569924235343933,7.322335958480835,0.2353279427403495,0.0991734372717993,0.0991734369170098
2,train,0.5,0.8580869848048815,0.4187379367248986,0.3549393548439907,0.7238787614530132,0.418737935202737,0.3927344013285893,0.4748810070656961,93.8026612804782,0.2573376096064044,0.2573376155348234,22116.77829668599,130.91675097967988,0.5605469634637287,0.0001,,0.4634567302080892,0.877012239989414,59.70111298561096,0.1632671089021749,0.0956467382049047,0.0956467384853029
2,val,0.4690476201829456,0.928758429629462,0.4454155720415569,0.3456025889941624,0.6666076793557122,0.4454155649457659,0.4706805213576271,0.514114186877296,96.71986389160156,0.3266877248173668,0.3266877375897907,19218.65108816964,133.5002495901925,0.5871529676697471,0.0001,133.5002495901925,0.4440416211173648,0.8777320697194054,7.170390129089356,0.1757180836229097,0.095939532986709,0.0959395322771299
3,train,0.4995967742576394,0.9252595172453952,0.4213644549731285,0.3078870302246463,0.5501699937928107,0.4213644552935836,0.4661319417658672,0.4368972663757621,87.88750898709861,0.2618174266911322,0.2618174317382997,19588.760269657258,121.30927879579606,0.6453791137094851,0.0001,,0.4006590110960827,0.8899168118994724,59.27059030532837,0.1440340898810855,0.0933661043483723,0.0933661044284861
3,val,0.4690476201829456,0.8706865594500587,0.435993132846696,0.3707444440750849,0.7341602614947728,0.4359931371041706,0.4170043830360685,0.4160361417702266,116.92922465006512,0.288176912636984,0.2881769168944585,22483.376116071428,146.03755333310082,0.7385482000582146,0.0001,146.03755333310082,0.3954294579369681,0.8705303583826337,7.151919603347778,0.211817446563925,0.0763006896844932,0.0763006907488618
4,train,0.4997983871288197,0.9510758456683928,0.4245015023055897,0.2971169552815857,0.5105581222682871,0.4245015019851346,0.4954107297604443,0.4293592590638386,86.65564932874454,0.2592579557370114,0.2592579639086159,19462.268147786457,120.38228619483208,0.7609783141299932,0.0001,,0.3753031841529313,0.8921298932644629,58.88066458702088,0.1415508402491449,0.093897864382754,0.0938978641824696
4,val,0.4690476201829456,1.068241658664885,0.4518848820811226,0.2733253716003327,0.4796577479158129,0.4518848842098599,0.5964601564975012,0.5155040479841686,95.01408477056594,0.3042424534048353,0.3042424605006263,19834.94884672619,132.41818364461264,0.8473491220763235,0.0001,132.41818364461264,0.3740387970492953,0.8917603606269473,7.097344875335693,0.1729010774620941,0.1085144863242194,0.1085144873885881
5,train,0.4997983871288197,0.9575882286474268,0.4245559202647337,0.2928076575520218,0.4955521362923806,0.4245559213863265,0.5032222320636114,0.4183791026633273,86.10798977267358,0.2896138730869498,0.2896138796562789,18885.91754872312,118.76820757055796,0.8736449706434,0.0001,,0.368488537367954,0.8932822250550793,59.21767568588257,0.1381012993934814,0.0932453327601955,0.0932453323996836
5,val,0.4690476201829456,1.035150720959618,0.4477266981488182,0.2816846065578006,0.4563591182231903,0.4477266981488182,0.5741312376090458,0.4453569544213159,85.28641927809943,0.2909291287263234,0.2909291344029562,16352.451392764136,119.29877689906527,0.9073338924032268,0.0001,119.29877689906527,0.3606000372341701,0.8987084314936683,7.069620609283447,0.1411331585120587,0.1015758070917356,0.1015758067369461
6,train,0.5,0.9415736872983236,0.420429932975,0.2892983666350764,0.4803557846174445,0.4204299338562514,0.4965416856751006,0.3881226834911172,81.23552474155221,0.2597316243956166,0.2597316314456283,17861.528023012223,113.48416268953711,0.8416436089008345,0.0001,,0.3502638101257304,0.8974589256830113,59.65917897224426,0.1285030278928017,0.091380603691583,0.0913806033711279
6,val,0.4690476201829456,1.1049405818893796,0.4593575568426223,0.2620613972345988,0.4021721468085334,0.4593575596809387,0.6439500039532071,0.3804113637833368,86.84035292125884,0.2450242510863713,0.2450242567630041,20264.5169968378,130.1268657502674,0.9183570832917184,0.0001,130.1268657502674,0.3606393791380383,0.8937403048787799,7.162599563598633,0.1651766708209401,0.1014921626164799,0.1014921629712695
7,train,0.4995967742576394,0.9446303447087606,0.4206488257454288,0.2858734140473027,0.4539745581406419,0.4206488266266802,0.5013749277399432,0.3425035705809952,76.13075998777984,0.2568474331850646,0.2568474383123459,16707.66325263567,108.41141311071252,0.8044310092926026,0.0001,,0.3373580898648949,0.9014616637460648,59.122732400894165,0.1164107359545205,0.0911700550907401,0.0911700549305126
7,val,0.4690476201829456,1.1543403835523696,0.4699086589472634,0.2491481850544611,0.3727799483707973,0.4699086674622127,0.6951096675225666,0.3905453022037233,79.6341205778576,0.2339753487280436,0.2339753487280436,15996.995884486609,116.47940063476562,0.8983634638063835,0.0001,116.47940063476562,0.3381756047407786,0.903044819831848,7.10718035697937,0.1338592120224521,0.1015929061742056,0.1015929054646264
8,train,0.5002016130314079,0.9544584324923896,0.4211525603808382,0.2829205618910892,0.4426388482573212,0.4211525587785628,0.512276074618742,0.3371209961272055,76.5275582959575,0.2628641140557105,0.2628641189426504,16377.91902406754,107.71408887063303,0.8011759845496027,0.0001,,0.3305751091690473,0.9037503606529648,59.34895586967468,0.1155324744220863,0.0920139786697203,0.0920139786697203
8,val,0.472023810659136,0.8407070196810222,0.4145392236255464,0.3485877024275916,0.7127826724733625,0.4145392285926001,0.4089417109886805,0.3371773660182953,95.9796164376395,0.2341752073594502,0.234175213036083,17282.343656994046,129.14984239850725,0.9075935750296622,0.0001,129.14984239850725,0.3445268528802054,0.8990103943007333,7.153414011001587,0.1661580130457878,0.0830792720828737,0.0830792722602685
9,train,0.5002016130314079,0.9478783320675614,0.4200207575835207,0.2825589906624568,0.4377457062082906,0.4200207602272751,0.5084131572555791,0.3309582862802731,74.60750040443995,0.2589675208093017,0.258967525936583,15808.535741662468,104.6028959417856,0.7901348533052387,0.0001,,0.3258157487838499,0.9035161506104212,59.28186559677124,0.110637922410763,0.0923781171441078,0.0923781169838802
9,val,0.4690476201829456,1.092147784573691,0.4567598437979108,0.2609659213395345,0.3806239025933401,0.4567598516032809,0.6351374593519029,0.3519944761480604,75.06233088175456,0.2578202074482327,0.2578202124152864,13308.364839099702,108.44652775355748,0.8453845461209615,0.0001,108.44652775355748,0.3334324984323411,0.8967129190762838,7.192835330963135,0.1207217950196493,0.0996076947166806,0.0996076940071015
10,train,0.5,0.9470283512466696,0.4192299960601714,0.2805541573512938,0.4267448406386119,0.4192299974221055,0.5111479999557618,0.3294252432802672,72.84365668348087,0.2574462517294832,0.2574462584590399,15479.704474336357,102.56525607775616,0.7802102731534528,0.0001,,0.3177369525355677,0.90613156044355,59.65949606895447,0.1059366270839687,0.0918859019875526,0.0918859019875526
10,val,0.4690476201829456,0.9484788548378718,0.4459721893072128,0.3254080570879437,0.5051385902223133,0.4459721878880546,0.5044325426930473,0.3910851634684063,75.05280412946429,0.2606990174168632,0.2606990181264423,11384.856398809525,102.85754703340076,0.8390813910599911,0.0001,102.85754703340076,0.3377052048842112,0.8980453042756944,7.209663867950439,0.1082226871734573,0.0835840661256086,0.0835840643516608
11,train,0.4999663978815079,0.9454834190427616,0.4192055567137657,0.2812815579355404,0.4300421648608741,0.4192055574347896,0.5070544579817403,0.3243341626979971,71.09739672753119,0.2566541552703867,0.2566541608783506,14830.417878181705,100.38838394739297,0.774419105895842,0.0001,,0.308075677323085,0.9089862303708188,59.46657586097717,0.1022521434251659,0.0918852684478605,0.0918852685279743
11,val,0.4690476201829456,0.9499158830869764,0.4393636413982936,0.3115659583182562,0.4913411282357715,0.4393636385599772,0.5117410073677698,0.3347565333048503,70.2926755632673,0.2740615563733237,0.2740615620499566,11830.395112537202,103.57680602300736,0.8127303968776356,0.0001,103.57680602300736,0.3169069403693789,0.908684423991612,6.953192949295044,0.1109265670002926,0.0912043203910191,0.0912043191492557
12,train,0.5005712364950488,0.947348042361198,0.4186567861226297,0.2766656455814197,0.4003381769182861,0.4186567861226297,0.5145514033013775,0.2954065144382497,66.61353304052865,0.261047105314911,0.2610471128456054,13879.206445837532,94.57086040127662,0.7449373403783599,0.0001,,0.3026388356442092,0.9125873020259284,59.173115730285645,0.092293352449453,0.0919105672948463,0.0919105675752444
12,val,0.4690476201829456,0.9488399426142374,0.4333271625496092,0.3063941250244776,0.4882857175100417,0.4333271639687674,0.503967075120835,0.3317747946296419,78.4409297761463,0.2569398816142763,0.2569398887100674,14874.3896484375,118.47879791259766,0.8328718745347226,0.0001,118.47879791259766,0.3164187272389729,0.9115225672721864,7.118056774139404,0.1339587555045173,0.0889093854597636,0.0889093868789218
13,train,0.4997983871288197,0.9525394829050188,0.4181578358815562,0.2758437834119284,0.3955532939684006,0.4181578353207598,0.5159862213717994,0.2979334532733886,65.82659016886065,0.2654987626498745,0.265498767697042,13405.183768979963,92.99284599673364,0.7410950393789144,0.0001,,0.2972071334238975,0.9128478015622784,59.13353657722473,0.0881099875175183,0.0919522438398612,0.0919522432790648
13,val,0.4750000011353266,1.027477922893706,0.4398328860600789,0.2727588095835277,0.4155235957531702,0.4398328846409207,0.5682708748749324,0.3254944767270769,73.3278944832938,0.2645341640426999,0.26453417184807,13491.612833658854,107.7964948018392,0.818576369863568,0.0001,107.7964948018392,0.3222297855785915,0.906044119880313,7.223582744598389,0.1174050300337729,0.1155285824622426,0.1155285845909799
14,train,0.5,0.9530217340716752,0.4189823201747351,0.275883567749813,0.3889300192716301,0.4189823214565554,0.5178248693325347,0.2882962278941626,64.17293127121464,0.2634321100288821,0.2634321165982113,13041.23487968855,90.0154228005358,0.7331057393189633,0.0001,,0.2913448068723884,0.9130481125846984,59.99805688858032,0.0857348010164275,0.0911569487183324,0.09115694887856
14,val,0.4690476201829456,1.0331304300399051,0.4531232232139224,0.2860516103960219,0.3939512740998041,0.4531232189564478,0.5829090575377146,0.2961223969856898,63.1551635378883,0.2768745947451818,0.2768746075176057,10002.297316778271,93.14733559744698,0.7783386692856298,0.0001,93.14733559744698,0.2993593116601308,0.9139799617585682,7.1170334815979,0.0897264233125107,0.0932522015202613,0.0932522015202613
15,train,0.5003360215053764,0.9468069081344912,0.4172421524761825,0.2756017847086793,0.3899652297778796,0.417242151274476,0.5129432797191604,0.283790480906284,63.43315566483364,0.2664166156162498,0.2664166234673992,12818.140003491471,90.06545370368548,0.7271933300727947,0.0001,,0.2873515044489214,0.9148503067672894,58.85183954238892,0.0836734244579909,0.0903203843501947,0.0903203837092845
15,val,0.4705357154210408,0.999677456560589,0.4397125726654416,0.2825208930742173,0.3863659174669356,0.4397125797612326,0.5575241262004489,0.2822070561704181,61.97760899861654,0.2609942143871671,0.2609942172254835,10081.863676525298,91.44793283371698,0.753648019920696,0.0001,91.44793283371698,0.2951740367071969,0.9161418704759507,7.323154449462891,0.0887172798670473,0.1044352349071275,0.1044352324236007
16,train,0.5009744623976369,0.9512801064598944,0.4181523590238504,0.2731697842158297,0.3817358619423323,0.4181523575818026,0.5203416239350073,0.2782444814520498,63.01138073910949,0.267144593820777,0.2671445973457829,12762.605137978831,89.70791529583674,0.723915084484049,0.0001,,0.2811747076370383,0.9165950420723168,59.70599865913391,0.0835238021688275,0.0900046878284023,0.0900046873076628
16,val,0.4705357154210408,0.99532759757269,0.4407654142095929,0.2880759650752658,0.3940090125515347,0.4407654142095929,0.5496716392891747,0.2727666660433724,58.81002462477911,0.2875272177514575,0.2875272234280904,8065.103073846726,84.52025749569847,0.7393006624597491,0.0001,84.52025749569847,0.291207492351532,0.9113608910923912,7.135309934616089,0.0764434287945429,0.0876145923421496,0.0876145916325705
17,train,0.4997983871288197,0.9555456292244696,0.4181286119004732,0.2705413759235412,0.3668527696882525,0.4181286111794492,0.522916535937017,0.2592094502541968,58.47895712493568,0.2710984495858992,0.2710984555944319,11742.71388851699,83.7873479063793,0.7028840850097965,0.0001,,0.2776101723473559,0.9159141695627602,59.21368098258972,0.0734463603215752,0.089474818919615,0.0894748185190462
17,val,0.4735119058972313,1.0142439972786677,0.4401011176052548,0.2744475028344563,0.3583597029958452,0.4401011176052548,0.5697309374809265,0.2808736442100434,60.16881470453171,0.2675849284444536,0.2675849412168775,8829.13807314918,89.76902680169968,0.7420136188015793,0.0001,89.76902680169968,0.2789168925512404,0.9176587916555858,7.092784404754639,0.083705125820069,0.0953379386947268,0.0953379390495164
18,train,0.5009408602791448,0.956819468127784,0.4171737133655497,0.268625072493989,0.3527930849982846,0.4171737155286215,0.5248686754975909,0.2595657140657466,57.62601558111047,0.2762663728126915,0.2762663779399728,11334.26798108829,81.25229014119795,0.6945387557299451,0.0001,,0.2772129182854006,0.9175664686387583,58.79192733764648,0.0694068760300676,0.0901853284768519,0.0901853280362262
18,val,0.4764880963734218,0.980607543672834,0.4315453001431056,0.2808993934165864,0.4067816464673905,0.4315453015622638,0.5360265877984819,0.2668964678332919,60.8102912902832,0.2898383594694592,0.2898383708227248,8604.364850725446,89.3223876953125,0.7387321457718358,0.0001,89.3223876953125,0.2828907881464277,0.9168494570822944,7.104065418243408,0.0831353165031898,0.0984529299395425,0.0984529317134902
19,train,0.500134408634196,0.9469328473011652,0.4164597931247885,0.2726691225844045,0.3736317273910328,0.4164597940861538,0.5176596235764283,0.2622111718500814,59.2075595548076,0.276403173163373,0.2764031789315644,11763.126714562855,83.87590488310784,0.7030954321626862,0.0001,,0.2719433182670224,0.9199922187353976,59.47937917709351,0.0741576662046774,0.0906020458587395,0.0906020460990808
19,val,0.4690476201829456,1.1464492338044303,0.4614465605644953,0.239265508594967,0.3134995670545669,0.4614465676602863,0.6920435790504728,0.4045410149154209,71.13404473804292,0.2531842525516237,0.2531842596474148,11792.116501581102,100.43303989228748,0.8461520487611944,0.0001,100.43303989228748,0.275711341982796,0.9170040090878804,7.294751405715942,0.1073382027624618,0.1009865530899592,0.1009865534447488
20,train,0.5002016130314079,0.9574555557581688,0.4174637766454809,0.2682906540651475,0.3514644705480145,0.4174637778471874,0.5280227610260568,0.2488527745809606,55.25192364313269,0.2785308671894894,0.2785308703940402,10770.935819892473,78.6558158423311,0.6863632494351679,0.0001,,0.2696385362776377,0.9192330311703426,59.47820973396301,0.0655909077795122,0.0899940836093118,0.089994083168686
20,val,0.472023810659136,0.959899039495559,0.436996932540621,0.2984116034848349,0.422160016638892,0.4369969268639882,0.5263616229806628,0.2629095237879526,63.16778073992048,0.286887187333334,0.2868871887524922,9100.476829892114,90.16592879522416,0.7439221790342619,0.0001,90.16592879522416,0.2750646131379263,0.9192992505573092,7.039086580276489,0.0865775082437765,0.0864627666416622,0.0864627645129249
21,train,0.5002016130314079,0.9523367091853132,0.4166382475485725,0.2681301521357669,0.3509249556609379,0.4166382480292551,0.5208835639460112,0.2373993066289732,54.69702608867358,0.2805927017683624,0.2805927078570089,10677.13990373509,78.13134099078435,0.6790654834272083,0.0001,,0.2646044872460826,0.9213253317340728,59.45187973976135,0.0646329313186147,0.0892226506144769,0.0892226508548182
21,val,0.4735119058972313,1.0016039240927923,0.4412985976253237,0.2869261318729037,0.3787858784198761,0.4412985990444819,0.5526528372651055,0.2669474340620495,56.98562967209589,0.2683399929886773,0.2683400043419429,7401.947643461682,81.51255925496419,0.7277698636054992,0.0001,81.51255925496419,0.2782565383684067,0.9162988378888084,7.052202463150024,0.0699397471866437,0.0918656474068051,0.0918656481163842
22,train,0.5005712364950488,0.9428220636421636,0.4148922919906596,0.2692950516939163,0.3465184441977931,0.4148922902281566,0.5184848244071648,0.2295328088264952,52.231701163835424,0.2828243789813852,0.2828243857109419,10010.07281625399,74.02907085418701,0.665032983227611,0.0001,,0.2630241730360574,0.9212839228491628,59.31508803367615,0.0579506122577254,0.0887360874042716,0.0887360871238734
22,val,0.4705357154210408,0.9996375413168044,0.4414312172503698,0.2836897429965791,0.3633122869900295,0.4414312200886862,0.558143417040507,0.2488155755258742,58.022142591930574,0.314896380617505,0.3148963948090871,7988.638427734375,85.99513535272507,0.7206660332101764,0.0001,85.99513535272507,0.2659008204936981,0.9211665704136804,7.14540958404541,0.0780201328120061,0.0826066260536511,0.082606626940625
23,train,0.500134408634196,0.9553194712567074,0.4171086520116816,0.2653777729119024,0.3318172735712861,0.4171086522520229,0.5284364755035088,0.2250448821052428,51.04210167546426,0.2840747961433985,0.2840748039945479,9928.012156496769,73.06962359848843,0.6607723085567204,0.0001,,0.2578374473478204,0.9227916960434248,58.91486668586731,0.0569019617252452,0.0884858287310087,0.0884858290114069
23,val,0.472023810659136,1.1072132388750713,0.4535410425492695,0.2456836501757303,0.3009331339881533,0.453541039001374,0.6558585273368018,0.2891357487865856,66.88704372587658,0.2983201784746987,0.2983201742172241,10627.387009393602,96.34080160231818,0.7731983123403607,0.0001,96.34080160231818,0.2579259794382822,0.9258324532281784,7.300076961517334,0.0956659451836631,0.0931051423152287,0.0931051408960705
24,train,0.5005040322580645,0.9549130053930384,0.4170192121177591,0.2663306798986209,0.3356655405093265,0.4170192115569627,0.5271612370526919,0.2310379608984916,51.68591133240731,0.2844722689159454,0.284472273242089,10074.306223223286,73.19267263720113,0.6655998672299113,0.0001,,0.255343417406723,0.923901783202284,59.20601534843445,0.0582429657174494,0.08827193337743,0.088271933016918
24,val,0.472023810659136,1.0496489717846824,0.4514890781470707,0.2755221490349088,0.35499069804237,0.4514890774374916,0.5958631563754309,0.2855883340040843,64.32568686349052,0.297564012663705,0.2975640211786542,9795.78865559896,92.52060935610815,0.7629919409751892,0.0001,92.52060935610815,0.2576303545917783,0.9265622524988084,7.019675970077515,0.0883033706673554,0.0842363257848081,0.0842363261395976
25,train,0.5012432795058015,0.955329508710933,0.4169618994478256,0.2647613648285148,0.3286010566898572,0.4169618984864604,0.5291833875160064,0.2213686005242409,50.28373794145482,0.2893198316776624,0.2893198395288118,9670.57100751323,71.32872684027559,0.6567121748771731,0.0001,,0.2527131654562489,0.9248578570863252,59.107062578201294,0.0547702634076197,0.088116830034602,0.0881168298743745
25,val,0.4705357154210408,0.9875789823986236,0.4415409188894998,0.2900615327415012,0.3805107942649296,0.4415409252757117,0.5518942716575804,0.2661587723663875,56.83889961242676,0.2853047620682489,0.2853047748406728,7334.619675409226,81.08519109090169,0.7239709948048447,0.0001,81.08519109090169,0.2679184384289242,0.920775572458903,7.126307487487793,0.0710616216418289,0.0784825998402777,0.0784826000176724
26,train,0.5007056452894724,0.9546920976010702,0.4164847690732248,0.2655534382949593,0.3339190372536259,0.4164847683522009,0.5250262443817431,0.2200638548100507,50.456995451322165,0.2886126679117962,0.2886126738402151,9648.865427324848,71.60345659973801,0.6572583328593861,0.0001,,0.2522002033969407,0.9247242991001376,59.662617683410645,0.0548263003759246,0.0879667335219921,0.0879667334418783
26,val,0.4705357154210408,1.0489960653441293,0.449036799726032,0.2660940984884898,0.3070318755649385,0.4490367983068739,0.6104856921093804,0.2458421357330821,51.77449126470657,0.2825641504355839,0.2825641603696914,7112.9056396484375,77.62732278733026,0.7083113034566243,0.0001,77.62732278733026,0.2578549597944532,0.9232664817855472,7.282166481018066,0.0653308235286247,0.0901767036744526,0.0901767050936108
27,train,0.5006720430107527,0.9576662157171516,0.4165481285702798,0.2625744540684966,0.3150138201252107,0.4165481272884594,0.5311904326081276,0.2080639907589522,47.14970902473696,0.2889203321869655,0.288920336192654,9146.530989452074,68.03300028975292,0.6427174766055662,0.0001,,0.249188018742428,0.9246158955558654,59.05300641059876,0.0501105451295452,0.088331802718101,0.0883318020771908
27,val,0.4690476201829456,1.153721795195625,0.45914017586481,0.2324855873982111,0.2897186477979024,0.4591401701881772,0.6968948812711806,0.2907169847970917,67.89974367050897,0.2958691829726809,0.295869190068472,11356.689057849702,98.9186617533366,0.7931957974578395,0.0001,98.9186617533366,0.2476049278463636,0.924550073487418,7.329834461212158,0.1025743425956794,0.1036582734613191,0.1036582738161087
28,train,0.5003024193868842,0.9538054301213192,0.4166618780263008,0.2653181923012579,0.3242150136540013,0.4166618774655045,0.5269227028293635,0.2128327466867944,47.5816924700173,0.2915748514795816,0.291574857247773,9204.140465192895,67.6063112546039,0.6453606789762324,0.0001,,0.244177909788265,0.9271176338836712,58.59225845336914,0.0494071611338445,0.0879585676055441,0.0879585675654872
28,val,0.4690476201829456,1.1196454224132355,0.4545462982995169,0.2398045602298918,0.2721791863441467,0.4545462982995169,0.6687412276154473,0.2569880868707384,63.42964354015532,0.3115121892520359,0.3115121991861434,9767.678617931548,91.0056857154483,0.7484689156214396,0.0001,91.0056857154483,0.2512283339386895,0.9250827091080802,6.968267917633057,0.0888427152697529,0.1034063941666058,0.1034063938118162
29,train,0.5003024193868842,0.9546000334203883,0.4171192013928967,0.2645224447372139,0.3142494525640241,0.4171192034758547,0.5305095016555761,0.2021850291038713,46.25230537947788,0.2933856673458571,0.2933856743958689,8927.772388417234,66.11762238574285,0.6362413689744995,0.0001,,0.241808347083548,0.9276349993162256,59.52978706359863,0.0471076793538066,0.0874572724744837,0.0874572726347113
29,val,0.4705357154210408,1.0536780641192482,0.4481372194630759,0.2626023931162698,0.2995579781986418,0.4481372166247594,0.6092382293371927,0.248739188625699,50.32626488095238,0.3141232785724458,0.3141232828299204,6420.3803478422615,75.58315258934384,0.7035420396111228,0.0001,75.58315258934384,0.2448414266109466,0.9282535115877788,7.062004327774048,0.0624452191626741,0.0858011398287046,0.0858011405382837
30,train,0.501008064516129,0.9630358139032958,0.4179819844743257,0.2613279245072795,0.3115845185614401,0.4179819838334155,0.5386745660535751,0.2026016159804277,45.88420662828671,0.2951044140643971,0.2951044201530436,8953.81232509818,64.93297695857223,0.6380774689844562,0.0001,,0.2385384797729471,0.9286610615509812,58.79836320877075,0.0467137940483348,0.0878200333925985,0.0878200340335087
30,val,0.4705357154210408,1.1273663412956965,0.4534931544746671,0.2413404903241566,0.3110424493040357,0.4534931438309805,0.6618728403534208,0.2669496160177957,69.21673801967076,0.3064375363645099,0.3064375363645099,11806.206298828123,100.087069829305,0.7825911767555006,0.0001,100.087069829305,0.2430920260293143,0.9289784828821818,7.046350002288818,0.1053846421695891,0.104137792118958,0.104137792118958
30,val_periodic_epoch_30,0.4705357154210408,1.1273663412956965,0.4534931544746671,0.2413404903241566,0.3110424493040357,0.4534931438309805,0.6618728403534208,0.2669496160177957,69.21673801967076,0.3064375363645099,0.3064375363645099,11806.206298828123,100.087069829305,0.7825911767555006,0.0001,,0.2430920260293143,0.9289784828821818,6.844606876373291,0.1053846421695891,0.104137792118958,0.104137792118958
31,train,0.5009744623976369,0.951484217278419,0.4163955854632521,0.2643469493555766,0.3148904812912787,0.4163955854632521,0.5312930805788886,0.2054780403212193,46.50696171996414,0.2937048181731214,0.2937048271458636,8815.854986375378,65.43307624324676,0.6357012474978412,0.0001,,0.2370564347954206,0.92913535974359,59.24722385406494,0.0466303044319232,0.088006127185078,0.0880061265842248
31,val,0.4705357154210408,0.9475364287694296,0.4348628591923487,0.30261982409727,0.4425872436591557,0.4348628698360352,0.5153552038328988,0.3123865269479297,56.90766470772879,0.2912044397422245,0.2912044482571738,7998.388974144345,84.00246774582635,0.7473911509369359,0.0001,84.00246774582635,0.2484706732488814,0.9301741605713254,7.0542590618133545,0.0752679318012226,0.0962672361305781,0.0962672368401572
32,train,0.5012096775475369,0.9530113379481018,0.4152499974895549,0.2615196004670153,0.3122330957683183,0.4152499971690998,0.5303523008941963,0.1995386700796824,45.21781552222468,0.2964035780519568,0.2964035839803757,8654.025774227675,63.94455463655533,0.6307488986137338,0.0001,,0.2354887117461491,0.9293740805118316,58.55527329444885,0.0442077533582285,0.0878473314787111,0.0878473319593937
32,val,0.4705357154210408,1.0079716926529294,0.4373347844396318,0.2746644679989133,0.3547829020591009,0.4373347844396318,0.5630553577627454,0.2759950295800254,54.205342610677086,0.3220482298306056,0.3220482340880802,6804.19091796875,78.48816444760277,0.7172582098931978,0.0001,78.48816444760277,0.2404972463846206,0.9328257867268154,7.0587427616119385,0.0670004947377102,0.0966031487498964,0.0966031483951069
33,train,0.5002688172683921,0.9548402172262952,0.4170319964328119,0.2622253950885547,0.3049137081189822,0.4170319953112192,0.5351196722958678,0.1970670285324255,44.30557286867531,0.2968596774403766,0.2968596838494783,8535.973899923345,63.055922005766185,0.627327071536671,0.0001,,0.2331298451910737,0.9304361884952872,58.12048363685608,0.0435657802047909,0.0877323175069465,0.0877323170663208
33,val,0.4705357154210408,1.0642332491420563,0.4483805547157923,0.2571771897020794,0.3034326079345885,0.4483805603924252,0.6215006482033503,0.2518415046589715,57.05965423583984,0.3128420100325629,0.3128420114517212,8135.526035853794,84.05782581510998,0.7224049373106523,0.0001,84.05782581510998,0.2368679720731008,0.9331493150620234,7.398222684860229,0.0764994251408747,0.09818718369518,0.0981871844047591
34,train,0.5002688172683921,0.9546907789284184,0.4167686171268904,0.2615471378129015,0.2992487888663045,0.4167686159251839,0.5345527535725024,0.1853423531978361,42.57787256343391,0.2997205869484973,0.299720595761012,8219.070425382224,60.90954382701587,0.6180774193821531,0.0001,,0.2346985252794399,0.9297010725544343,59.749770402908325,0.0406903246372577,0.0874990362233372,0.0874990357025977
34,val,0.4705357154210408,1.0705585848717465,0.4499686133293878,0.2566107383796147,0.2872212514990852,0.4499686083623341,0.6276673837786629,0.2837971122491927,52.71985807872954,0.3034927078655788,0.3034927149613698,7053.003685360864,77.71216819399879,0.7220764933210431,0.0001,77.71216819399879,0.2338103701670964,0.9313492633047558,7.169631719589233,0.0666240647523885,0.0904038534277961,0.0904038544921647
35,train,0.5011760752688172,0.9565332320428664,0.4157516124748414,0.2597510597558431,0.2972469494067212,0.4157516113532487,0.5340467779146086,0.1847800407758964,41.98929765147548,0.2989085212510119,0.2989085294226164,8118.405347926642,59.74452782702702,0.6167200730304525,0.0001,,0.2319598813210764,0.9305250071069244,58.628833532333374,0.0394350173582713,0.0875041126323643,0.0875041125522505
35,val,0.4750000011353266,0.9980881668272472,0.4403494759684517,0.2815784414609273,0.3540721663406917,0.4403494724205562,0.5592738489309946,0.2628251512845357,52.09652255830311,0.2898589741616022,0.2898589826765514,6613.915050688244,76.78172029767718,0.7067272106806437,0.0001,76.78172029767718,0.2361785315331958,0.9312880181130908,7.217082977294922,0.0644539519257488,0.0847038098034404,0.0847038087390718
36,train,0.5006048387737685,0.9631089536092614,0.4170427729365646,0.2563085383785668,0.264791051386505,0.4170427732570197,0.5428526657082702,0.1610461481476343,36.17525167875392,0.2998229313281275,0.2998229382179116,7454.224746868174,51.04428908645466,0.5893937939746613,5e-05,,0.2278853513861215,0.931636094085632,58.85641956329346,0.0298856827180071,0.0875412029845099,0.0875412029845099
36,val,0.4750000011353266,1.059133149328686,0.4467247036241349,0.2575580137116568,0.2820393691460292,0.4467247007858185,0.6168247489702134,0.2280642312197458,51.34153892880394,0.3027484743368058,0.3027484871092297,6621.029587518601,75.83473587036133,0.6901227228569262,5e-05,75.83473587036133,0.2311404070683888,0.9342436222803026,7.167189836502075,0.0624071646126962,0.0970171448730287,0.097017147001766
37,train,0.5008736560421605,0.9616467665920976,0.4162867614819157,0.2552649837828452,0.2612707211125281,0.4162867607608918,0.5446441122280654,0.1443998000874955,34.62041464159566,0.2986660280855753,0.2986660375390002,7113.247341689244,49.8927669935329,0.5810456123817649,5e-05,,0.2254679705346784,0.933107889147215,58.417192459106445,0.0287655989729589,0.0868783595581208,0.0868783595581208
37,val,0.472023810659136,1.0618942919231595,0.4499111622571945,0.2585420544658388,0.2796644234941119,0.4499111608380363,0.6253393746557689,0.213444693102723,48.21404593331473,0.2985947188876924,0.2985947245643252,6343.196730840774,73.97580482846215,0.684720866246657,5e-05,73.97580482846215,0.2297131234691256,0.9351801134291148,7.028074741363525,0.060104786462727,0.0908800863793918,0.090880084605444
38,train,0.5014112902584896,0.963699097634964,0.4163973951531994,0.2545717924192388,0.2595866547637088,0.4163973951131426,0.5486816586726295,0.1464065017919707,34.48137257176061,0.298329240372104,0.2983292485437085,6940.297945740403,49.266102493450205,0.5815018844122839,5e-05,,0.2247506981735588,0.933822460072015,59.08160448074341,0.0279586682313933,0.0868526298192239,0.0868526294987688
38,val,0.4705357154210408,1.0754864726747786,0.4491025954484939,0.251203314889045,0.2767689192578906,0.4491025919005984,0.6352039901983171,0.2365884986661729,48.930433091663176,0.2982564937500727,0.2982564980075473,6370.209478469122,73.35166622343517,0.6955251177151998,5e-05,73.35166622343517,0.2254068688267753,0.9359792187100364,7.134817838668823,0.0598747969294587,0.0910559037611598,0.0910559026967911
39,train,0.5002352150697862,0.9656045702836846,0.4173784152234113,0.2543938345005435,0.2543040695049429,0.417378415664037,0.5525196912067551,0.1378879210641307,33.47499777681084,0.2988948107406657,0.2988948171497673,6584.998590120706,47.52586992325321,0.574831646660763,5e-05,,0.2231965653838649,0.9341412164190764,59.02985167503357,0.0261446550483464,0.0867206474706049,0.0867206476308325
39,val,0.4750000011353266,1.0404388393674575,0.4443808843692143,0.2617349340802147,0.2942144785608564,0.4443808829500562,0.6034784870488303,0.2124727652186439,48.18678138369606,0.2995079017820812,0.299507920231138,5900.807454427083,71.8895772298177,0.676715384830128,5e-05,71.8895772298177,0.2270848261458533,0.936347904659453,7.008293151855469,0.0570986937908899,0.0927272687355677,0.0927272694451468
40,train,0.5010416667948487,0.9657564679140686,0.4166416859114042,0.2524220167949635,0.2521883520067379,0.4166416863920868,0.5484696394333275,0.1364439409025894,32.77737871293099,0.2984074852479401,0.2984074910161315,6572.697813628823,47.283440682195845,0.5735539751020746,5e-05,,0.2205821830899484,0.9350658145643048,58.68920183181763,0.0259855447527301,0.0864614707327658,0.0864614706927089
40,val,0.4735119058972313,0.9895857572555542,0.4397909932193302,0.2821784012374423,0.3466585129499435,0.4397909868331182,0.5590198181924366,0.2328004787365595,49.361748377482094,0.2941122849782308,0.2941122920740218,6140.604742140997,73.88738196236747,0.6869245626709678,5e-05,73.88738196236747,0.2269534766674041,0.936158041159312,7.191889762878418,0.0594291934033944,0.0855968708083743,0.0855968697440056
41,train,0.5008736560421605,0.9638390895179524,0.4166419755226822,0.2533586491500177,0.2513480770892353,0.4166419752823409,0.5492886651347402,0.1403665546407943,32.625268269610665,0.3010915817432506,0.3010915871909869,6507.339781730406,46.83687360825077,0.5738844459105019,5e-05,,0.2193769576248302,0.9355015350926308,59.45696330070496,0.0256586549628365,0.086492394808159,0.0864923952487848
41,val,0.472023810659136,1.0662442388988675,0.4493866449310666,0.2569346690461749,0.2752390127806436,0.4493866513172785,0.62599545220534,0.2343711689824149,47.49097297305153,0.2949724949541546,0.294972497792471,5563.402192615327,70.51459339686802,0.6857288880781693,5e-05,70.51459339686802,0.2227940892889386,0.936689901919592,7.021135330200195,0.0543455173749299,0.0854234486108734,0.0854234493204525
42,train,0.501747311763866,0.9644531142968004,0.4166112433197678,0.2530399306166556,0.2541194309790929,0.4166112420379474,0.5511081576828034,0.1431651479734849,32.925146231087304,0.3014029166711274,0.3014029222790912,6637.728596677062,47.29222711952784,0.5765112544952419,5e-05,,0.2196844798582856,0.935283036321722,59.03240394592285,0.0261213014187711,0.0866089118744737,0.0866089119545875
42,val,0.472023810659136,1.046870680082412,0.4444545954465866,0.2588163905200504,0.2924399546214512,0.4444545954465866,0.6100810234035764,0.2191054601044882,46.346761158534456,0.3155301227456047,0.3155301326797122,5977.341570172991,70.95700345720563,0.6805365858655987,5e-05,70.95700345720563,0.2238444068602153,0.9366707773435684,7.120304346084595,0.0552922894823409,0.0919392247285161,0.0919392243737266
43,train,0.5009072580004251,0.96454609818356,0.4165659810426415,0.2526668254886904,0.2492805997370391,0.4165659809625276,0.5509584289725109,0.1358640195140915,32.18084990080967,0.2987812336093636,0.2987812409798304,6508.724489437636,46.06591016502791,0.5714765753208186,5e-05,,0.2189439395743031,0.9358647533001438,59.29218077659607,0.0251753449124554,0.0866222051923634,0.0866222054727615
43,val,0.472023810659136,1.061077146303086,0.4493596397695087,0.2575318337905974,0.2762966368879591,0.4493596355120341,0.6256304858695894,0.2153818930188814,48.78007607232957,0.2929877567858923,0.2929877582050505,6124.67431640625,73.69717189243862,0.6823771418947162,5e-05,73.69717189243862,0.2207844314121064,0.937789689926874,7.0803282260894775,0.0590339485733282,0.0919447789589564,0.091944780023325
44,train,0.5006720430107527,0.9674056122700372,0.4171970010765137,0.2517517129740407,0.2412275675964612,0.4171970005157173,0.5515044728914896,0.1322298338136044,30.401861067741148,0.3004499371013334,0.3004499420683871,6337.985325803039,43.70063959142213,0.565441229166808,5e-05,,0.2172105354006572,0.9362237969393372,58.641462564468384,0.0226220326292859,0.0864681212171431,0.0864681207765174
44,val,0.4750000011353266,1.074978388491131,0.449193210828872,0.2515702382439658,0.2665292918682098,0.4491932172150839,0.6350871253581274,0.22616558521986,47.09902100335984,0.2993242073626745,0.2993242130393073,5456.67727515811,69.59256926037017,0.6808701023910985,5e-05,69.59256926037017,0.2197756490537098,0.9378629894483655,7.156123638153076,0.0529790251914943,0.0889943089513551,0.0889943089513551
45,train,0.5017137098056014,0.9665732840376516,0.4167119872666174,0.253112371730548,0.2473071709836042,0.4167119841421804,0.5538249004191609,0.1328765820030884,31.952270205302906,0.3001886389909252,0.3001886447591166,6469.1447596396165,45.38250894443963,0.5698213900580551,5e-05,,0.2157884603866967,0.9370139965447046,58.8719048500061,0.0245796833525321,0.0864345199799025,0.0864345204205282
45,val,0.4705357154210408,1.0450777950740997,0.4471311973673956,0.2611662944157918,0.2826158666894549,0.4471311924003419,0.6138866948229926,0.2117300789271082,46.50025830950056,0.2994239557357061,0.2994239670889718,5761.24175734747,69.88155837286087,0.6728502569776593,5e-05,69.88155837286087,0.2190290497882025,0.9386690088680812,6.976267337799072,0.0556253285280295,0.0912864250796181,0.0912864254344077
46,train,0.5011760752688172,0.9714922169523854,0.4176498642692002,0.2504056207435105,0.2355523594124342,0.417649862586811,0.554712622276237,0.1230550155604398,28.889393032238047,0.3016044665728846,0.3016044731422137,6101.779397451749,41.37764020119944,0.5595047463471641,5e-05,,0.2146214058482518,0.9368094497470444,58.65209102630615,0.0206381365749484,0.0860627012387398,0.0860627013188536
46,val,0.4750000011353266,1.0361382762591045,0.4438983173597426,0.2642981083620162,0.2930345726864679,0.4438983159405844,0.5995700245811826,0.202354365161487,44.80718767075312,0.3013148605823517,0.3013148705164591,5554.999505905878,68.70575487046014,0.6660119862267465,5e-05,68.70575487046014,0.2169450386649086,0.939097225666046,7.092944145202637,0.0532840672170832,0.0850370888199125,0.0850370874007542
47,train,0.5008064516449487,0.9670567047852342,0.4168121313215583,0.251502879044061,0.2424180881791217,0.4168121293988279,0.5514198750738175,0.1282798785075385,30.207416360096264,0.3005097851317416,0.3005097902590228,6159.308988181494,43.38586566268757,0.5637186830694025,5e-05,,0.2141264898962872,0.9371800175918046,59.349974155426025,0.0223003478072363,0.0863766528025109,0.0863766529226815
47,val,0.4764880963734218,1.0188367054575966,0.4416097402572632,0.269400506502106,0.3069033040886834,0.4416097331614721,0.5838735188756671,0.2109247556044942,44.771935690016974,0.2985623280207316,0.2985623393739973,5189.938528878348,67.82797513689313,0.6657174399404815,5e-05,67.82797513689313,0.2196436609540666,0.9387339154879252,7.110603094100952,0.0507413805684163,0.0889748306501479,0.0889748327788852
48,train,0.5015120967741935,0.9648328453943292,0.4166200265128125,0.2525883587778255,0.2438736399335246,0.4166200266730401,0.5530181543160511,0.1255906924445142,30.40087846530381,0.3018297404050827,0.301829747615322,6103.152785106372,43.38485987981161,0.562877142389214,5e-05,,0.2139943970307227,0.936858937624962,59.32812786102295,0.022370080025466,0.0860991677850164,0.0860991674645613
48,val,0.4764880963734218,1.0474087766238622,0.4452133647033146,0.2613681313537416,0.2891224111829485,0.4452133703799474,0.6057921186799095,0.2110833461795534,45.662476675851,0.295029178971336,0.2950291846479688,5551.581479027158,70.10110237484886,0.6730161634358492,5e-05,70.10110237484886,0.2168364219722293,0.939110381262643,7.058564901351929,0.0534724266312661,0.0920290318982941,0.0920290329626628
49,train,0.5015456990529132,0.9673653567029584,0.4169682487044283,0.251233702144956,0.239348389128203,0.4169682478231768,0.5528652937381818,0.1236512196320359,29.68535493522562,0.3015061124999036,0.3015061184283226,5946.560884865381,42.99611984786167,0.5610818318646363,5e-05,,0.2137743894771863,0.9369533520231964,59.47618699073792,0.0218410814939547,0.0864297592591854,0.0864297585381615
49,val,0.4764880963734218,1.0156606833140056,0.4413241020270756,0.2707170808599108,0.3119164471115385,0.4413240963504428,0.580956505168052,0.2041569451491038,47.754206430344354,0.3012787231377193,0.3012787259760357,5619.736136300223,70.91711625598725,0.6704963033849543,5e-05,70.91711625598725,0.2179684177750633,0.9386239761397952,7.172850608825684,0.0555449505114839,0.0850482015382675,0.0850482015382675
50,train,0.5005712365751626,0.9690778164132948,0.4175219249821478,0.2516683151004135,0.2365972763027555,0.4175219261037406,0.5533996373414993,0.1198131166879207,28.493907154247324,0.3011946570809169,0.3011946639707011,5943.864372335454,41.25131212255006,0.5573811029745673,5e-05,,0.2129108544479134,0.9374890500499355,58.87141513824463,0.0204141854348602,0.0861977016733538,0.0861977015932401
50,val,0.4764880963734218,1.0227602635111128,0.4449571598143804,0.2736124921412695,0.3074139243080502,0.4449571612335387,0.5871853367203758,0.2089891015064148,46.68849300202869,0.2873036833036513,0.2873036804653349,5371.647850399926,68.71922883533296,0.6705512801806132,5e-05,68.71922883533296,0.2171610877627418,0.9382675602322532,7.085337400436401,0.0520622202505668,0.0824829049053646,0.0824829052601541
51,train,0.5014784946557014,0.9715616147043884,0.41780546716144,0.2532024760880778,0.251608216153678,0.4178054674818952,0.5512065387140679,0.134429317929091,33.920390923817955,0.2977202167754532,0.2977202231845548,6645.490551364037,48.17639866695609,6655.725669537169,5e-05,,0.2125618543515923,0.937202836236646,61.63714766502381,6645.490554317351,0.0869340071835184,0.0869340069031202
51,val,0.4750000011353266,1.066019594669342,0.4489614133323942,0.2582056855871564,0.2982867863916215,0.4489614112036569,0.6210229077509472,0.2345938725130898,54.40817860194615,0.3030220227582114,0.3030220341114771,7721.883681524368,80.30653989882697,7782.457596472538,5e-05,80.30653989882697,0.2213250519264312,0.9382573820295788,7.865189552307129,7721.883858816965,0.0949539013561748,0.094953902775333
52,train,0.5012096775475369,0.957035606586805,0.4157262763348959,0.2592390081895295,0.2764866540749227,0.4157262757740995,0.5375113400720781,0.1395326648708633,35.00563174422069,0.2987023747415953,0.2987023835541099,6949.690158967049,50.45307461933423,6962.285889658302,5e-05,,0.218220457514768,0.9358548185517712,60.47170400619507,6949.68949742471,0.0866962916828611,0.0866962915226336
52,val,0.4764880963734218,1.0410002214568002,0.4441252166316622,0.2613241140331541,0.2903425920577276,0.4441252152125041,0.6044984686942327,0.206220982330186,46.16020883832659,0.2967792082400549,0.2967792167550042,5703.705612909226,71.18739791143508,5603.988819839015,5e-05,71.18739791143508,0.2226191092105139,0.9370929229827154,7.028377294540405,5703.705554780506,0.0904053559615498,0.0904053570259185
53,train,0.5015793010111778,0.9584318489156743,0.4163044022135837,0.258053821982235,0.2656222117203538,0.4163044050976794,0.540943369269371,0.1299688430923608,31.83060728606357,0.2981467887919436,0.2981467963226379,6548.075486870222,46.30361247319047,6558.021367730034,5e-05,,0.2224296775235924,0.9349176085764362,58.387083768844604,6548.075479486937,0.0874492956265326,0.0874492960671583
53,val,0.472023810659136,1.0707595887638273,0.4478749796038582,0.2555043122598103,0.2785386272839137,0.4478749866996492,0.622117205744698,0.2286722436547279,49.01504997980027,0.312773931594122,0.3127739443665459,6164.822655087426,73.25334548950195,6152.94404296875,5e-05,73.25334548950195,0.2277014120703651,0.934849983169919,7.013739347457886,6164.822544642857,0.093895211815834,0.093895211815834
54,train,0.5012096775475369,0.9538859356475132,0.4153455039987,0.2590676409102255,0.2593048186872595,0.4153455054407479,0.5368203359946448,0.1227877910138778,27.408241477063907,0.2982271967395659,0.2982272025077573,5801.670372009277,39.95744454988869,5812.687524064703,2.5e-05,,0.2259525018994526,0.9322581704585784,59.220529556274414,5801.67037077873,0.0874544465413657,0.0874544465013088
54,val,0.472023810659136,1.0521013736724854,0.4471271995987211,0.2611188583430789,0.2749501672529039,0.4471271974699838,0.6142092510348275,0.2097430229187011,41.66306831723168,0.2993298031034924,0.2993298002651759,4998.619576590402,65.21965953281948,4986.194554924243,2.5e-05,65.21965953281948,0.2282255781548363,0.9339629184632074,7.127568960189819,4998.619591122582,0.0902234173956371,0.0902234152668998
55,train,0.5012096775475369,0.9543104907197336,0.4162129320765054,0.2601749503644563,0.2565761323096932,0.416212931195254,0.5376712504013251,0.1224994302917552,26.270267471190422,0.2965599779159792,0.2965599846455358,5689.587183306294,37.78103450549546,5700.363939936474,2.5e-05,,0.2255943491253801,0.9335067326663644,59.0260066986084,5689.586854257891,0.0879534897144122,0.0879534905956637
55,val,0.472023810659136,1.0366760605857486,0.4459632237752278,0.267400657137235,0.2925038635730743,0.4459632216464905,0.5995704815501258,0.2164448623855908,42.2103153410412,0.2986230268364861,0.2986230339322771,5108.515729631697,65.56051799229213,5133.436083984375,2.5e-05,65.56051799229213,0.2294990044264566,0.9347499495460874,7.04049563407898,5108.515822637649,0.0920080170035362,0.0920080166487466
56,train,0.5010416667948487,0.9483104804831166,0.4152640493646745,0.2612833351057063,0.262186610890973,0.415264049524902,0.534465447548897,0.1253384435248951,24.177214079005743,0.2974018680472527,0.2974018746165819,5460.450990697389,35.80770729434106,5469.104587131076,2.5e-05,,0.2259494359454801,0.9337460465969578,58.32116079330444,5460.450659557056,0.0884046983174098,0.0884046982773529
56,val,0.472023810659136,1.0507202574184962,0.4475269267956416,0.2613091830696378,0.2736096147980009,0.4475269204094296,0.6143751016684941,0.2203995663495291,43.75887080601284,0.3001179240998767,0.300117932614826,5328.930303664434,67.02113160632905,5325.041598603219,2.5e-05,67.02113160632905,0.2286780057918457,0.9350934738204592,7.208946704864502,5328.93017578125,0.0934354804811023,0.0934354797715232
57,train,0.5004704301395724,0.953891816318676,0.416274179374018,0.2601430670067828,0.2564015300363623,0.4162741786529941,0.5405727945348268,0.1234083922319514,24.40572011598977,0.2980529747663005,0.2980529786117615,5459.889930971207,35.60579425032421,5466.886986153856,2.5e-05,,0.2263452396277458,0.9339338717281176,58.34024715423584,5459.889606434812,0.0881725764803348,0.0881725764402779
57,val,0.4705357154210408,1.0574788394428434,0.4482699824231012,0.2588134727307728,0.277041196113541,0.4482699810039429,0.6219731413182759,0.2217480128719693,43.58742396036784,0.2989812337216876,0.2989812308833712,5353.170886811756,67.0304320199149,5391.799396306818,2.5e-05,67.0304320199149,0.2307037931113016,0.9348382353782654,6.990909576416016,5353.171026320684,0.0938073407326425,0.0938073410874321
58,train,0.5004704301395724,0.9515462538567924,0.4160962287456758,0.2606322329531433,0.2550484546089685,0.4160962299473824,0.538297681478403,0.1141914833657523,22.915803668319537,0.2975207639317359,0.297520768738562,5271.567501273206,34.07310964215186,5282.088478864162,2.5e-05,,0.2284585114127846,0.9331015361252653,59.20750403404236,5271.567161190895,0.0878398028673023,0.0878398025067903
58,val,0.4705357154210408,1.0236502204622542,0.4449622858138311,0.2689395383709952,0.296870945464997,0.4449622822659356,0.5976845146644683,0.2076496283213297,40.82453164600191,0.2926035793054671,0.2926035878204164,4814.096918015253,63.87194424583798,4834.573492246685,2.5e-05,63.87194424583798,0.2303655552012579,0.9349066955702644,6.998467683792114,4814.096888950893,0.0907392466352099,0.0907392459256308
59,train,0.5010416667948487,0.9508381136642988,0.4154291203425777,0.2596358807497127,0.2585042660595268,0.4154291206630327,0.5343076473762912,0.1158144056436515,23.59652282858408,0.2975655893484751,0.2975655912712056,5404.591889166063,34.83350508700135,5414.74104881415,2.5e-05,,0.2285023420568435,0.9337413932687492,58.34060168266296,5404.591562742828,0.0877914400270549,0.0877914403875668
59,val,0.472023810659136,1.0169921886353266,0.4440467272486005,0.2731452648128782,0.314570814371109,0.4440467286677587,0.5881502883774894,0.2087076430519422,41.633281889415926,0.3020760516325633,0.3020760487942469,4894.185424804688,65.11038789295014,4920.398851799242,2.5e-05,65.11038789295014,0.2309632024594715,0.9352885541461764,7.099977970123291,4894.185535249256,0.0890405642844381,0.0890405660583859
60,train,0.5006384408922606,0.9528008545598676,0.4164748929681316,0.2608110916710669,0.2572644666157743,0.4164748902442635,0.536590906881517,0.1182919499935001,22.792003667482767,0.2973765073924936,0.2973765123595474,5315.553813565162,34.06574160052884,5325.326231348314,2.5e-05,,0.2293801088967631,0.933550484718815,58.62315464019776,5315.554181662939,0.0881442817789252,0.0881442826601766
60,val,0.4735119058972313,1.0384234388669331,0.4456074599708829,0.2650075278111866,0.2900438400961104,0.4456074585517247,0.6032580960364569,0.2104860927377428,42.41152182079497,0.3026638896692367,0.3026638868309202,4917.023518880208,65.43063554309663,4913.849834280303,2.5e-05,65.43063554309663,0.2304582120407195,0.935497644401732,7.050018310546875,4917.0234781901045,0.0895387111675171,0.0895387111675171
60,val_periodic_epoch_60,0.4735119058972313,1.0384234388669331,0.4456074599708829,0.2650075278111866,0.2900438400961104,0.4456074585517247,0.6032580960364569,0.2104860927377428,42.41152182079497,0.3026638896692367,0.3026638868309202,4917.023518880208,65.43063554309663,4913.849834280303,2.5e-05,,0.2304582120407195,0.935497644401732,7.12053108215332,4917.0234781901045,0.0895387111675171,0.0895387111675171
61,train,0.5005040322580645,0.9501967144909724,0.4158325829813557,0.2604991632603829,0.2556802758606531,0.4158325830614695,0.5372732429094212,0.1138947392583534,21.68120635965819,0.2973418243790185,0.2973418315892578,5079.59874487436,32.42501532646917,5089.674274657792,2.5e-05,,0.2305475083249871,0.9331324802291008,59.898956060409546,5079.599077614404,0.0880828152901382,0.0880828151699676
61,val,0.4690476201829456,1.022457548550197,0.4449071195863542,0.2723363467625209,0.3062521034762973,0.4449071174576169,0.5908627609411875,0.2098906405624889,40.55454208737328,0.2923802463781266,0.2923802520547594,4803.60495140439,64.53886177426293,4835.700474964488,2.5e-05,64.53886177426293,0.2323215625115803,0.9346973867643448,7.182905912399292,4803.605021158855,0.0873657535938989,0.0873657546582676
62,train,0.5003024193868842,0.9519916425148646,0.4161013005882181,0.2600954717365644,0.2538044319678378,0.4161012997069666,0.5346909643261022,0.1194702997923858,21.51167492199969,0.2977022486989216,0.2977022543068855,5182.437501804803,32.01617605968188,5191.935333642414,2.5e-05,,0.2302976248245085,0.9332010505660888,58.930097579956055,5182.43750139462,0.0882599567694048,0.0882599568094617
62,val,0.4705357154210408,1.03865670306342,0.4462746296610151,0.2649213203362056,0.2863447659072421,0.4462746239843823,0.6059613029162089,0.2191826924681663,41.09278170267741,0.297342259259451,0.2973422649360838,4708.084885370164,64.57278660365513,4686.071475497159,2.5e-05,64.57278660365513,0.2334060683136894,0.9345478273573375,7.021573305130005,4708.084955124628,0.0910383278415316,0.0910383281963212
63,train,0.5004704301395724,0.9456774030000932,0.4152720798087376,0.2622854305851844,0.2633282688035759,0.4152720800490789,0.5335417486807351,0.1195162147163383,21.82029140123757,0.2966817612609556,0.2966817665484644,5004.058894988029,31.98471434911092,5013.187863416062,2.5e-05,,0.2322631223547843,0.9330353724059238,59.48064184188843,5004.059221001082,0.0886302865560977,0.0886302864359271
63,val,0.4690476201829456,1.0119785212335133,0.4452294480232965,0.2775407490276155,0.3151142937796456,0.445229451571192,0.5830543495359874,0.2128668970295361,41.189985638573056,0.2901505586646852,0.2901505700179508,4754.809238978794,64.27719679332915,4741.748715672348,2.5e-05,64.27719679332915,0.2355435000998633,0.9338151812553406,7.09053373336792,4754.80914015997,0.0907308838906742,0.0907308821167264
64,train,0.5003024193868842,0.947345491058083,0.4154243507692891,0.2608311097788554,0.2592462451067022,0.4154243492471274,0.5327417034936207,0.1248378617068131,22.13194030331027,0.2974666655063629,0.2974666704734166,5047.556803016252,32.5232386127595,5055.979524862887,2.5e-05,,0.2327768083221169,0.9328321151195034,58.85222673416138,5047.556787265245,0.0886938822285462,0.0886938816276929
64,val,0.4690476201829456,1.0295216952051436,0.4455774029095967,0.2677288176048369,0.2982943746305647,0.4455774029095967,0.6002769399256933,0.2165724141966729,41.24441401163737,0.2993271677266984,0.2993271663075402,4914.17288062686,64.7534043448312,4949.121025686553,2.5e-05,64.7534043448312,0.2345046294586999,0.9343992131096976,7.402050256729126,4914.172857375372,0.0928700903341883,0.0928700928177152
65,train,0.5010416667948487,0.9509030585327456,0.4151449903685559,0.2614992286569328,0.258785137245732,0.4151449891668494,0.5345619726245121,0.1223566451820955,19.64057569093601,0.2972044563421639,0.2972044609887626,4940.8689821304815,29.128792716610818,4950.502732258293,1.25e-05,,0.234027898439797,0.9325168786510344,58.54916834831238,4940.868986396379,0.0888964437669323,0.0888964430859653
65,val,0.4705357154210408,1.0129685657364982,0.4443944337822142,0.275161020102955,0.3118900848286492,0.4443944380396888,0.5851204913286936,0.2157402655908039,39.19696417308989,0.2943701914378575,0.2943701985336485,4661.670636858259,63.18911180042085,4672.092311789773,1.25e-05,63.18911180042085,0.2369653312932877,0.933265629268828,7.086730241775513,4661.670619419643,0.0878572733629317,0.0878572730081422
66,train,0.5007056452894724,0.941759537785284,0.4146757644190583,0.2634588597762969,0.265715349665893,0.4146757644991721,0.5308300017589523,0.1200054605361274,19.013747399853123,0.2968841175879201,0.2968841225549739,4871.367393165507,28.28931531598491,4880.385862284959,1.25e-05,,0.2340072395019634,0.9329765278805968,59.85239362716675,4871.367389227755,0.0890754611101201,0.0890754612703477
66,val,0.4705357154210408,1.0179486785616194,0.4444234300227392,0.2730539334671838,0.3050809743858519,0.4444234314418974,0.5884195339112055,0.2102024274922552,38.86970719837007,0.2977186952318464,0.2977186966510046,4594.499866303943,63.07151104155041,4587.949621212121,1.25e-05,63.07151104155041,0.2374281656174432,0.9337004451524644,7.22688102722168,4594.499930245535,0.0895599385812169,0.089559939290796
67,train,0.5003024193868842,0.9435141679420266,0.414785440810906,0.2638507601554676,0.2694925272496797,0.4147854384074929,0.5301742631821863,0.1201941448674407,18.81443122381805,0.2969838962439567,0.2969839037746511,4815.644590644426,28.202836503264724,4813.503851133404,1.25e-05,,0.235088980165861,0.9327851303162114,59.80810570716858,4815.644935238746,0.0890998141739958,0.0890998141339389
67,val,0.472023810659136,1.0001127208982197,0.4424174683434622,0.2789832083951859,0.3231191947346642,0.4424174683434622,0.5740452203012648,0.2138608488298597,40.43896974836077,0.2967781651587713,0.296778176512037,4603.466291155134,63.89457738967169,4592.145362807765,1.25e-05,63.89457738967169,0.2377692971910749,0.9339183455421812,7.281917333602905,4603.466326032366,0.0893950433958144,0.0893950441053935
68,train,0.5009072580004251,0.9344261516165988,0.4134592824485353,0.2654165301111437,0.2759635958780524,0.4134592817275114,0.5235697334251737,0.1188120797516838,18.574327612435948,0.2967046957503083,0.2967047013582722,4800.971154694917,28.3653736370866,4810.347889745436,1.25e-05,,0.2361628574229055,0.9327219593268568,58.93688154220581,4800.971155884446,0.0891535837323434,0.0891535832516608
68,val,0.4690476201829456,1.005889239765349,0.4439337991532825,0.2772790023258754,0.3177568713823954,0.4439337948958079,0.5818169237602324,0.2181908999170576,39.78453281947544,0.2908741888545808,0.2908741931120555,4682.030000232515,63.5476206824893,4672.906723484848,1.25e-05,63.5476206824893,0.2348567304157075,0.9344417140597387,7.0592041015625,4682.029965355283,0.0866838757480893,0.086683873619352
69,train,0.5007056452894724,0.9385223180376072,0.4140966292670978,0.2642512294233486,0.2701986585092801,0.4140966279852774,0.5295444021141658,0.1208994004835364,18.27606704670896,0.2964147894933659,0.2964147951013298,4764.772601753153,27.52750446463144,4773.989978232849,1.25e-05,,0.2362462736425861,0.9326279188997002,58.67152214050293,4764.772602860646,0.0889161865637507,0.0889161860430112
69,val,0.4690476201829456,1.024104967003777,0.4447393871489025,0.2712029410260064,0.3063236482086636,0.4447393821818488,0.5921403389601481,0.216074950993061,40.18028858729771,0.308831376688821,0.3088313937187195,4915.949480329241,64.09073166620163,4936.025189393939,1.25e-05,64.09073166620163,0.2411495773565201,0.9334353889737812,7.2262864112854,4915.949294317336,0.0935066675855999,0.0935066686499686
70,train,0.5009072580004251,0.9339404830368616,0.4134164506229021,0.2663513371540654,0.2803669996479506,0.4134164512237554,0.5247382935817524,0.1178654841678116,18.235455025908767,0.2953674222833367,0.2953674309356238,4629.588381449382,27.28579538611956,4638.394696003821,1.25e-05,,0.2382309865406764,0.9323359997041764,60.5453040599823,4629.588044730566,0.0889978009045765,0.0889978005440645
70,val,0.4705357154210408,0.99946429615929,0.4396283215000516,0.2805802204779216,0.3418955064955212,0.4396283271766844,0.5642038307019642,0.2102431662025906,40.06600470769973,0.3146558034987676,0.3146558162711915,4694.774896530878,63.57616624378023,4707.896499171402,1.25e-05,63.57616624378023,0.2475743364720117,0.9330047596068608,7.022744178771973,4694.774937220982,0.0991418595824922,0.0991418606468609
71,train,0.5003360215053764,0.9307043318466474,0.4133956046995296,0.2677878878449881,0.2852480170387094,0.4133956043790745,0.5201120527200801,0.1184850532201028,17.724058510154805,0.2951424661823498,0.295142473072134,4655.852856379684,26.817520879930065,4665.133575850465,1.25e-05,,0.2386386098079784,0.9324337135079086,59.164326429367065,4655.853195231448,0.0889496049813685,0.0889496051415961
71,val,0.4690476201829456,1.0249025282405673,0.4452648616972424,0.2713109708967663,0.3072527505102612,0.4452648631164005,0.5940996266546703,0.2203995287418365,40.17119035266695,0.2941947139444805,0.2941947196211134,4826.428036644345,64.20596040998187,4855.070917672822,1.25e-05,64.20596040998187,0.2389917245932988,0.9340736184801374,7.068796157836914,4826.4280017671135,0.0910009688564709,0.0910009656633649
72,train,0.500739247247737,0.927599100976862,0.4128121712034748,0.2682625442262619,0.285407249725634,0.412812171844385,0.5179732940209809,0.1158481830711005,17.338696172160486,0.2957353007088425,0.2957353071179441,4588.604049436508,26.182514026600828,4594.6247807666505,1.25e-05,,0.2388118606421255,0.9323748843644256,59.08327555656433,4588.603720183013,0.0891011989805647,0.0891011990606784
72,val,0.4690476201829456,0.9920411450522286,0.4411765649205162,0.2828067257290795,0.3428125934941428,0.4411765620821998,0.5650944440137773,0.2096979543566703,39.673572086152575,0.2974678916590554,0.29746789591653,4599.814830961682,63.52815228416806,4569.319895241477,1.25e-05,63.52815228416806,0.2422081629435221,0.9334035686084202,7.031143665313721,4599.814929780506,0.093050629610107,0.0930506292553175
73,train,0.4999327957630157,0.9255159458806438,0.4127501930280398,0.268857510419943,0.2880026657254465,0.4127501929479261,0.5155951512116258,0.115158434015929,16.807757705770513,0.2951392162871617,0.2951392194917125,4502.843691179829,25.02244920628045,4511.058858893295,6.25e-06,,0.2393571949934446,0.9323825317044412,59.02791786193848,4502.843352779265,0.0891964470827451,0.0891964461614367
73,val,0.4690476201829456,0.9996164157277062,0.4425213783979416,0.2802228906324931,0.3297264781736192,0.4425213783979416,0.5725394168070385,0.2150082240502039,39.52951040722075,0.2941622918560391,0.2941622961135137,4742.01800827753,63.59353801182338,4744.356622869318,6.25e-06,63.59353801182338,0.2419482306355521,0.933936167330969,7.174235105514526,4742.01806640625,0.0922363262091364,0.0922363265639259
74,train,0.4997311828117217,0.9297128635388549,0.4135034633900529,0.2688447792203196,0.2878638715833746,0.4135034642713044,0.5173084033673169,0.1151339071452297,16.644064313621932,0.2952847578512725,0.2952847642603741,4486.042551799487,25.258899540029542,4494.549064929076,6.25e-06,,0.2393006202514453,0.9325329703028484,59.58656811714173,4486.0422172136205,0.0891356394095446,0.0891356395697721
74,val,0.4690476201829456,0.996894745599656,0.4420024582317897,0.280802078190304,0.3323773486273629,0.4420024596509479,0.5706665345600673,0.2142999551835514,39.21492476690384,0.294145310208911,0.2941453215621766,4617.240652901785,63.2466002873012,4608.592841500947,6.25e-06,63.2466002873012,0.2427779152279808,0.9336745256469364,6.9638612270355225,4617.240597679502,0.092633218282745,0.0926332186375345
75,train,0.500369623784096,0.9281700793453442,0.4130531975658991,0.2677651345729828,0.2839640474287412,0.4130531981266955,0.5170978110243556,0.1141915222009023,16.241816013090073,0.2959950252245831,0.2959950313132296,4588.136404796313,24.918997446695965,4597.334604313398,6.25e-06,,0.239243420301586,0.9323495658495092,59.14481019973755,4588.135732507193,0.0890161645027899,0.0890161649434156
75,val,0.4690476201829456,1.0028190839858282,0.4417597282500494,0.2789839818364098,0.33218624265421,0.4417597247021539,0.5725061538673583,0.2150019194398607,39.423341296968005,0.3024077798639025,0.3024077812830607,4651.143810453869,63.500337328229634,4644.146342329545,6.25e-06,63.500337328229634,0.2444960084699449,0.9332504584675744,7.10653567314148,4651.143688383557,0.0944188088178634,0.0944188088178634
76,train,0.500369623784096,0.9275703803505948,0.4129355170473616,0.2685189880030129,0.286619851345657,0.412935518649637,0.5181984161176989,0.1177775599663296,16.558410388167186,0.2951007474173782,0.2951007539867073,4453.99621167747,25.17091881331577,4462.449117600155,6.25e-06,,0.2403010617821447,0.9320219745559076,59.36028432846069,4453.995874548471,0.0890141246059248,0.0890141241652991
76,val,0.4690476201829456,0.9960599484897796,0.4423343638579051,0.2818419975893838,0.3340654586042677,0.442334370244117,0.5700391332308451,0.2129264722267786,39.30317824227469,0.2956042687098185,0.2956042758056095,4562.630452473958,62.77188074021112,4555.727580492424,6.25e-06,62.77188074021112,0.2422911553155808,0.933521588643392,7.036989688873291,4562.630452473958,0.0910300974334989,0.0910300963691302
77,train,0.5004704301395724,0.9265097219456908,0.4129762170455789,0.2693429453078136,0.2890988113258474,0.4129762160040999,0.5196681490107891,0.1154767319519994,16.198801489286524,0.29492023122567,0.2949202352313585,4544.548378626506,24.46670521459272,4553.338674135562,6.25e-06,,0.2414012854938866,0.9321133725104792,59.09305906295776,4544.549051448863,0.0890880696555619,0.0890880696956188
77,val,0.4690476201829456,1.0048782172657194,0.4422122793538229,0.2776858771131152,0.3272490487212226,0.4422122779346648,0.5762356257154828,0.215369290184407,39.63652420043945,0.2984123300938379,0.2984123457045782,4708.473783947173,63.55043284098307,4721.788306403882,6.25e-06,63.55043284098307,0.2455261739946547,0.932764987150828,7.15933632850647,4708.473731631324,0.0939632043952033,0.0939632026212556
78,train,0.5005376345367842,0.9265581364593198,0.4126603415095678,0.2687646680141008,0.2885860468270958,0.4126603415095678,0.51515319262461,0.1166970303822909,16.220273240920037,0.2946857898145593,0.2946857967043436,4423.041450992708,24.35144525958646,4431.970261575718,6.25e-06,,0.2418005901478952,0.9317841228618416,59.08715605735779,4423.041118929463,0.0889803790036709,0.0889803797647517
78,val,0.4690476201829456,1.003029051281157,0.4435179559957413,0.2792164818162009,0.3244404147068659,0.4435179503191085,0.5773334971496037,0.2169733402274903,39.577553612845286,0.2933817278771173,0.2933817349729083,4681.785353887649,63.25542068481445,4684.490841027462,6.25e-06,63.25542068481445,0.2409208353076662,0.9331462269737608,7.263807058334351,4681.785260881697,0.0868745077224004,0.0868745077224004
79,train,0.5003360215053764,0.9229435092338952,0.4123012610981541,0.2702997645703695,0.2950002573510652,0.4123012617390643,0.5157700825923233,0.1148365728597166,15.965185688387963,0.2942076641064818,0.2942076703553559,4507.675645397556,24.083486387806555,4516.851453273786,6.25e-06,,0.242178592951067,0.9319309681974433,59.26759386062622,4507.675974486977,0.0891824671898477,0.089182467109734
79,val,0.4690476201829456,0.989082396030426,0.4392302710385549,0.2836189830587023,0.3494382983162289,0.4392302703289759,0.5591021797486714,0.2050489134022168,39.43776103428432,0.3030345567635127,0.3030345737934112,4589.717668805803,63.20503434680757,4570.247490530303,6.25e-06,63.20503434680757,0.2479347657589685,0.9326203947975522,6.970705509185791,4589.717662992932,0.0960856732868012,0.0960856736415908
80,train,0.500369623784096,0.9223161060963908,0.4121482843352902,0.2701205607223254,0.2946929422918186,0.4121482822523322,0.5139134885563005,0.1157199821525043,16.393278006584413,0.2948582907838206,0.294858296552012,4468.335841517294,24.82964300340221,4476.829250245784,6.25e-06,,0.2420496785192079,0.9319846024436336,59.71928548812866,4468.335171566215,0.0890776166912689,0.0890776160503587
80,val,0.4690476201829456,0.9978762779917036,0.442417235601516,0.2807213983365467,0.3314331628027416,0.4424172341823578,0.572106543041411,0.2121622083442551,39.04299581618536,0.2982614820911771,0.2982614863486517,4682.93537248884,63.518685477120535,4687.744907078599,6.25e-06,63.518685477120535,0.2435893501554216,0.933359872727167,7.071023225784302,4682.935256231399,0.0911959044280506,0.0911959044280506
81,train,0.500134408634196,0.9211255026760922,0.4123411337214132,0.2716823334815682,0.3002704171243534,0.41234113620494,0.5124522706353536,0.1148549909152651,15.76434140820657,0.2946793260753795,0.2946793316833435,4419.87564673475,24.030447895808887,4428.148922205453,6.25e-06,,0.2427230304287325,0.9319220066711468,58.52570199966431,4419.875314527943,0.08926657623341,0.0892665760731825
81,val,0.4690476201829456,0.9943304601169768,0.4410241104307629,0.2811488097622281,0.3370820738020397,0.4410241075924465,0.5678020651851382,0.210308660353933,39.45363071986607,0.2981696086270468,0.298169610046205,4619.032970610119,63.472737630208336,4611.100538589015,6.25e-06,63.472737630208336,0.2437066960902441,0.933318745522272,7.127557039260864,4619.032958984375,0.09204753665697,0.0920475363021805
82,train,0.5003360215053764,0.9253499671336144,0.4123899366265984,0.270566842889273,0.2968318541684458,0.412389935024323,0.5138958931289693,0.1154056158197182,16.04085680489899,0.2953499454644419,0.2953499521939985,4410.037047519479,24.4697146261892,4417.2388334434845,6.25e-06,,0.2419612578326656,0.9320343569401772,59.41862511634827,4410.037039397866,0.0892334268778883,0.0892334261568643
82,val,0.4690476201829456,0.9953171213467916,0.4414127923193432,0.2809530155999319,0.3361013262044816,0.4414127894810268,0.5688543596437999,0.2125608190184547,38.92508824666341,0.298675442025775,0.2986754533790406,4627.06634812128,63.145093282063804,4639.096311257103,6.25e-06,63.145093282063804,0.244370366136233,0.9334971138409206,7.1651012897491455,4627.066510881697,0.0924805587246304,0.0924805576602618
83,train,0.5003360215053764,0.9216174457662848,0.4123382722177813,0.2711178563455099,0.2972543463912061,0.4123382710961885,0.5131429272793955,0.115437598818893,15.316195664867278,0.2954249865906213,0.2954249931599504,4403.809659814322,23.544904339698054,4412.654969022089,3.125e-06,,0.2422305480126411,0.932199009964543,59.525734186172485,4403.809330150645,0.0892529872957096,0.0892529876562216
83,val,0.4690476201829456,0.9915470906666348,0.4407401943490618,0.2824988514184952,0.3421636081877209,0.4407401957682201,0.5647103900001162,0.2120143934374763,38.91441227140881,0.2978423124267941,0.2978423166842687,4618.684980119978,63.14541380746024,4627.23241891572,3.125e-06,63.14541380746024,0.2460059977713085,0.93278382789521,7.000200033187866,4618.684994652158,0.0923864131882077,0.0923864128334181
84,train,0.500369623784096,0.919371684872976,0.4118144627540342,0.2711902716627685,0.2981474317850605,0.4118144622733516,0.5124835966014734,0.1154416565813364,15.62502460325918,0.2952439885947012,0.2952439969265333,4442.378933281027,24.03306475506034,4451.230415534331,3.125e-06,,0.2423476549566433,0.9319737627301165,59.70749473571777,4442.379264011178,0.0891985389734468,0.089198538532821
84,val,0.4690476201829456,0.9980913145201546,0.441640738930021,0.2806991977351052,0.336336646761213,0.4416407517024449,0.5696777545270466,0.2144190779044514,39.22808837890625,0.3011901463781084,0.3011901506355831,4693.201474144345,63.399481818789525,4700.285082267992,3.125e-06,63.399481818789525,0.2461125332684744,0.933015934058598,7.146783828735352,4693.201503208706,0.0952291190624237,0.095229121191161
85,train,0.4999663978815079,0.9211502318741172,0.4124776123351948,0.2716612029940851,0.298195198258405,0.412477612255081,0.5116390667615398,0.1129110903749542,15.515052018627044,0.2951765054015703,0.2951765148549951,4431.365198791668,23.673299845828804,4435.945591967034,3.125e-06,,0.2430527186201464,0.9319822233851238,59.393911361694336,4431.364854997204,0.0892511987958544,0.0892511987958544
85,val,0.4690476201829456,1.0109036706742789,0.4426747191519964,0.2761490103744325,0.3242160308928716,0.4426747241190502,0.5793022080546334,0.2164090566691898,39.34230849856422,0.3069680645352318,0.3069680773076557,4746.999383835566,63.4836540222168,4762.966477272727,3.125e-06,63.4836540222168,0.2453974747941607,0.9336528465861366,6.983697175979614,4746.9992908296135,0.0957538808385531,0.095753880128974
86,train,0.5003360215053764,0.9194517250983946,0.4120375954656191,0.2717514459484367,0.298831663865556,0.4120375947445951,0.5108277805309783,0.1125633400934998,14.938693541352468,0.2952007393362701,0.2952007463862819,4362.963170861685,22.823676191350465,4368.9030112321125,3.125e-06,,0.2431630546687751,0.9319935210289494,58.2360987663269,4362.963175783875,0.0891798896094163,0.0891798894491887
86,val,0.4690476201829456,0.9854286057608468,0.4411402053776241,0.2859053115049998,0.3488975777512505,0.4411402025393077,0.5601845035950342,0.2111352298940931,39.4982179914202,0.2926490306854248,0.2926490406195323,4585.735569545201,63.15064393906366,4588.342838541666,3.125e-06,63.15064393906366,0.2431660777046567,0.933755908693586,7.000738143920898,4585.73565092541,0.0914611766735712,0.0914611766735712
87,train,0.500134408634196,0.9197662017678702,0.412161679597952,0.2715401518889653,0.2998460058563499,0.4121616772746527,0.5114928166712484,0.1152236769075996,15.106553403280117,0.2953534786419202,0.2953534876146624,4396.788569840051,23.18344730715598,4405.172037780967,3.125e-06,,0.2432972493190919,0.9320518851921122,59.93861627578735,4396.788234833748,0.0892432577988152,0.0892432577187015
87,val,0.4690476201829456,0.995820837361472,0.4423179484549023,0.2819581542696271,0.3363811245986393,0.4423179498740605,0.5696536671547663,0.2141599165541785,38.82026799519857,0.2930423049699692,0.2930423021316528,4612.094098772322,62.93444043114072,4621.751633522727,3.125e-06,62.93444043114072,0.243309627686228,0.93350769224621,7.079867362976074,4612.094058082217,0.0902372038080578,0.0902372045176369
88,train,0.500134408634196,0.919017497570284,0.4120761587895373,0.2721961955389669,0.3010872074513025,0.4120761592702199,0.5110950240044183,0.1108043054218894,14.968427827281335,0.2952204583793558,0.2952204646282299,4362.361529073408,22.66849832637336,4370.5140697337965,3.125e-06,,0.243710238606699,0.9319245994731944,58.82483530044556,4362.361191165062,0.0892837986510287,0.0892837985709149
88,val,0.4690476201829456,0.9918929224922544,0.4412810390903836,0.2835909035943803,0.3447416694391341,0.4412810376712254,0.5642222478276208,0.2124110737017222,38.93305778503418,0.2974853600774492,0.2974853671732403,4685.163940429688,63.06903067089262,4700.211928858902,3.125e-06,63.06903067089262,0.2475618989694686,0.93350579057421,6.957182168960571,4685.164013090588,0.0959162705001377,0.0959162712097168
89,train,0.4999327957630157,0.9200578613947796,0.4124188897830824,0.2723020134113168,0.3017155523261716,0.4124188890220016,0.5109102600604616,0.1141918503469036,15.479840173516225,0.295046101494502,0.2950461082240587,4268.085000684185,23.418595734462944,4273.295661571772,3.125e-06,,0.2439167986633957,0.9320201668688046,59.43752670288086,4268.084668969595,0.0892664755704582,0.089266475971027
89,val,0.4690476201829456,1.0034003740265256,0.4433243040527616,0.2798119251217161,0.3295414036228543,0.443324299795287,0.5755753985473088,0.2147018033124151,39.07557578313919,0.2942833503087361,0.294283355985369,4634.463140578497,62.99322818574451,4652.118939393939,3.125e-06,62.99322818574451,0.245817815264066,0.933000609988258,6.943297624588013,4634.463105701265,0.0925124188264211,0.0925124174072628
90,train,0.4995967742576394,0.9168440242928844,0.4119955174705034,0.2730967711697342,0.3047317786402599,0.411995518992665,0.5080701340670868,0.1141307040728548,14.545066728386828,0.2952074961316201,0.2952075012589014,4244.6581739200055,22.3719145969678,4252.947716278179,3.125e-06,,0.2440281817989964,0.9319730163902364,59.52343964576721,4244.658172689458,0.0893072142636263,0.0893072145440245
90,val,0.4690476201829456,0.9919557514644805,0.4415409600450879,0.2837566350187574,0.3438525568871271,0.4415409628834043,0.56497599255471,0.2127588781572523,39.12198030380976,0.2984225806735811,0.2984225891885303,4653.558215913318,63.16911415826706,4666.988858309659,3.125e-06,63.16911415826706,0.2469934977236248,0.9329775884037926,7.104585409164429,4653.558262416294,0.0932478737973031,0.0932478716685658
90,val_periodic_epoch_90,0.4690476201829456,0.9919557514644805,0.4415409600450879,0.2837566350187574,0.3438525568871271,0.4415409628834043,0.56497599255471,0.2127588781572523,39.12198030380976,0.2984225806735811,0.2984225891885303,4653.558215913318,63.16911415826706,4666.988858309659,1.5625e-06,,0.2469934977236248,0.9329775884037926,6.87654709815979,4653.558262416294,0.0932478737973031,0.0932478716685658
91,train,0.5005712364950488,0.917518612357878,0.4117633121548801,0.2722133567096084,0.3023537733862477,0.4117633119946526,0.5094721877286511,0.1126018229030793,15.050962763447917,0.2952931859800892,0.2952931915880531,4326.893181216332,23.0720309852272,4335.5848600342615,1.5625e-06,,0.2438433371404166,0.931937115487232,58.40120053291321,4326.893175145631,0.0892980110340861,0.0892980108338017
91,val,0.4690476201829456,0.9855847699301584,0.4398268730867476,0.2864467544215066,0.3567694624265035,0.4398268801825387,0.5564976590020316,0.20833401736759,38.48772348676409,0.3054241594814119,0.3054241679963611,4592.142522902715,62.67263294401623,4598.512674597538,1.5625e-06,62.67263294401623,0.2515908273912611,0.9320137330463956,7.178298234939575,4592.142583937872,0.0978687469448362,0.0978687476544153
92,train,0.5001680107526881,0.9188193507412428,0.4120619200891064,0.272205551946035,0.3022404608707274,0.4120619210504716,0.5088304728269577,0.1106276749883608,14.73192544650006,0.2956395428026876,0.2956395477697413,4317.436280896587,22.77370612852035,4325.908606840705,1.5625e-06,,0.2439301630822561,0.9320209330768996,58.53686833381653,4317.435606351462,0.0892502005782819,0.0892502007385094
92,val,0.4690476201829456,0.9840590982210068,0.4393371826126462,0.2871883156753722,0.361923241899127,0.4393371783551715,0.5539579228276298,0.2066225040526617,39.17938123430525,0.306229700644811,0.306229700644811,4651.220767066592,63.19473212105887,4656.158723958333,1.5625e-06,63.19473212105887,0.25038552851904,0.9327105851400466,7.117853403091431,4651.2208251953125,0.097918689250946,0.0979186888961564
93,train,0.5003360215053764,0.9164957080477028,0.4117540310948125,0.2731360220300254,0.3057450611264475,0.4117540301334473,0.506763036232642,0.1090105921831182,15.021840269847583,0.2952036519524871,0.2952036557979481,4216.663716305969,22.470238998372068,4225.058075146402,1.5625e-06,,0.2444679937375489,0.9318547495590744,58.75406098365784,4216.663717249388,0.0893786691369548,0.0893786686963291
93,val,0.4690476201829456,0.9824083163624718,0.4401957052094595,0.2866644092968532,0.3550755310626257,0.4401956995328267,0.5575087176901954,0.2079748451000168,38.73356746491932,0.2954938454287393,0.2954938567820049,4642.390613374256,62.95100402832031,4650.36210641572,1.5625e-06,62.95100402832031,0.2481762227557954,0.9329346191315424,7.075331211090088,4642.390590122768,0.0934196061321667,0.0934196057773771
94,train,0.5003360215053764,0.9162245602697454,0.4116012516922207,0.2728579001881743,0.3043805943221174,0.411601250530571,0.5091961262927901,0.1097312034057673,14.689490466989495,0.2950555967387333,0.2950556045898827,4241.336630954537,22.59428064284786,4245.286603420271,1.5625e-06,,0.244287933473305,0.93194501406403,58.10128927230835,4241.336639650406,0.0894059154295152,0.089405915149117
94,val,0.4690476201829456,0.9863255818684896,0.4415835844618933,0.2850846321809859,0.3459335139819554,0.4415835844618933,0.5637757834934053,0.2122071718885785,38.709464845203215,0.2907163373061588,0.2907163401444753,4640.518348330543,62.87834948585147,4650.83369436553,1.5625e-06,62.87834948585147,0.2438845740897315,0.9335408409436544,6.947242498397827,4640.518386114211,0.0907624874796186,0.0907624867700395
95,train,0.4999663978815079,0.9173661992754988,0.4118686838335888,0.2725101475433636,0.303869044989027,0.4118686843543283,0.5085979911188284,0.1083516927576193,14.822228206101284,0.2952117128397828,0.2952117186079743,4439.459172238586,22.64613089510189,4445.074244438197,1.5625e-06,,0.2442272234988469,0.9318873568247724,59.26218318939209,4439.459174043389,0.0892826113649594,0.0892826115251869
95,val,0.4690476201829456,0.980248939423334,0.4396377361956097,0.2881825970751898,0.362999643598284,0.4396377333572933,0.5532817514169783,0.2100352680399304,39.15435999915714,0.2989969778628576,0.2989969835394904,4659.059201195127,63.22173009599958,4657.936985085227,1.5625e-06,63.22173009599958,0.2492593917108717,0.93288825239454,7.365456342697143,4659.059224446614,0.0953501271350043,0.0953501260706356
96,train,0.5001680107526881,0.9179664363143264,0.4116856839948444,0.2717084734029667,0.3027490481574048,0.4116856851965509,0.5073827908384383,0.1112174251947992,14.558609426662484,0.2957353599930322,0.295735365280541,4340.632372435704,22.427377523914465,4348.090580261436,1.5625e-06,,0.2436947468467938,0.93203565862871,58.07177376747131,4340.632377501457,0.0892796495989445,0.089279649438717
96,val,0.4690476201829456,0.995465440409524,0.44208605942272,0.2822233892622448,0.3389234926019396,0.4420860615514573,0.5687029262383779,0.2131366194004104,38.80011204310826,0.2990978459517161,0.2990978530475071,4691.533400762649,63.24795069013323,4693.439675071023,1.5625e-06,63.24795069013323,0.2454663039672942,0.933423970426832,6.947835445404053,4691.533458891369,0.0932106106054215,0.0932106123793692
97,train,0.4995631720590335,0.9174451382570368,0.4122078695524764,0.2731955203638282,0.3062719480004361,0.41220787143515,0.5108014581905257,0.1122407560306851,14.643330771435974,0.2953540232553276,0.295354028703064,4198.235068475046,22.45082305323693,4205.615229319563,1.5625e-06,,0.2443822651140151,0.931946958585452,59.77301788330078,4198.2354100750335,0.0892820385515048,0.0892820375500827
97,val,0.4690476201829456,0.993698741708483,0.4421204328536987,0.2833483559744699,0.3428790455772763,0.4421204293058032,0.5669579314334052,0.2113020448457627,39.08330871945336,0.2983593813010624,0.2983593813010624,4722.206240699405,63.3979549407959,4725.476917613636,1.5625e-06,63.3979549407959,0.2451439499855041,0.9336416976792472,6.949172258377075,4722.206394740513,0.0931532585195132,0.0931532588743028
98,train,0.4997647850103275,0.9198669786414791,0.4123494189272644,0.2718183503195803,0.3014384220524501,0.412349418046013,0.5113340676712093,0.1117432838686371,14.963413176998015,0.2953435123287221,0.295343515853728,4323.414873676916,22.61214228086574,4331.6476931177,1.5625e-06,,0.2442490914335814,0.9319937472702354,58.52220392227173,4323.414199829102,0.0892398189953578,0.0892398188751871
98,val,0.4690476201829456,0.9930641963368372,0.4423236946264903,0.2834520616701671,0.3418420468057905,0.4423237010127022,0.5673943467083431,0.210231819323131,39.350476582845054,0.2982005491143181,0.2982005604675838,4697.161080496652,63.579237620035805,4700.244454308712,1.5625e-06,63.579237620035805,0.2441163261731465,0.9336135103589012,7.206508159637451,4697.161028180803,0.0909390116021746,0.0909390119569642
99,train,0.5009072580004251,0.919147067493008,0.4116845557125665,0.2711232826113701,0.2992753653276351,0.4116845527483571,0.5102280506924275,0.1119854959148553,14.580211475331296,0.2956798879369612,0.2956798938653802,4253.080272961688,22.15332173019328,4260.996582853272,1e-06,,0.2442019361481871,0.9319800583906072,58.75864505767822,4253.080268921391,0.0892638657442344,0.0892638660646894
99,val,0.4690476201829456,1.0008336021786643,0.4432958052271888,0.2807472617853255,0.3317968887942178,0.4432958023888724,0.5740248206115904,0.2117573047677675,39.08321762084961,0.3004055150917598,0.3004055193492344,4655.431524367559,63.36272811889648,4657.177358546402,1e-06,63.36272811889648,0.2445797068732125,0.9332712576502844,7.047648906707764,4655.431506928943,0.0888600647449493,0.0888600654545284
100,train,0.5003360215053764,0.9191687076642948,0.4120169034407985,0.2715743733670122,0.2993751687388266,0.4120169008771578,0.5099634619890362,0.1099280612443083,14.166399248184696,0.2958120984095399,0.2958121056197792,4221.432024924986,21.79757289476292,4229.761596761889,1e-06,,0.2439731517305938,0.93191750235455,58.93445563316345,4221.432021458943,0.089184039142183,0.0891840397430363
100,val,0.4690476201829456,0.9903728110449654,0.4414025977963492,0.2841151356697082,0.3457056596165612,0.4414026034729821,0.5641285095896039,0.2108177556878044,38.71253077189128,0.2995494930517106,0.2995494973091852,4637.378278459822,62.99831272306896,4644.341613399622,1e-06,62.99831272306896,0.2482408696696871,0.9327998189699084,6.919774532318115,4637.378298804873,0.0940489016828082,0.0940489006184396
101,train,0.5005376345367842,0.914352410903541,0.4112766904215659,0.2735243903533105,0.3080061607623613,0.4112766896204282,0.5089514422961461,0.1130600125799256,14.445034401391142,0.2951503673227884,0.2951503730909798,4305.350132644818,22.47960757183772,4313.923363939279,1e-06,,0.244867294385869,0.9317029810720876,59.3133065700531,4305.350135393041,0.0893919272848995,0.0893919274050702
101,val,0.4690476201829456,0.9813525137447175,0.4406022103059859,0.2870988632951464,0.3536780050822666,0.4406022145634606,0.5577234668391091,0.2095904513483955,38.95028259640648,0.2943744716190156,0.2943744815531231,4657.673807779948,63.3049119313558,4659.914595170455,1e-06,63.3049119313558,0.2460504436776751,0.933011940547398,7.1058104038238525,4657.673810686384,0.089676215889908,0.0896762169542766
102,train,0.5004032257423606,0.9182010150404388,0.4117262977906453,0.2719737320177017,0.301226294168862,0.411726297870759,0.5078211461984983,0.1104210858303372,13.972020936268631,0.2955202187902184,0.295520227602733,4257.624292394166,21.582085450490315,4266.119258790706,1e-06,,0.2440834390700504,0.931891296179064,58.732745885849,4257.623618689917,0.0892176062509577,0.0892176069719817
102,val,0.4690476201829456,0.9899653451783316,0.4409340499412446,0.2847584528582437,0.3503440774622418,0.4409340435550326,0.5616793639603115,0.2090241919670786,38.96083486647833,0.3033928417024158,0.3033928473790486,4646.961623418899,63.10948053995768,4652.7896484375,1e-06,63.10948053995768,0.2494753137940452,0.9327002451533364,6.954871416091919,4646.961536225818,0.0963707807518187,0.0963707832353455
103,train,0.4997647850103275,0.9200529185354068,0.4122670265615627,0.2710868854035613,0.3005473258033875,0.4122670280036106,0.5107698746586359,0.1092846961792117,14.544020493825276,0.2956636810815462,0.2956636858883724,4193.97256763007,22.02068877989246,4202.215490732931,1e-06,,0.2438955462427549,0.9320501124346128,58.310388803482056,4193.972226747903,0.0892018906932364,0.0892018904128382
103,val,0.4690476201829456,0.9903615287372044,0.4397772905372438,0.2843023935953776,0.3534263088589623,0.4397772891180856,0.5593215965089344,0.2061499580740928,39.09195745558966,0.3052843142123449,0.3052843198889777,4645.4770740327385,63.210586911156064,4650.928932883523,1e-06,63.210586911156064,0.2516596196662812,0.932604363986424,6.937016248703003,4645.477004278274,0.0981866770556994,0.098186677410489
104,train,0.5,0.9180721328143152,0.4117406536975214,0.2720026793659374,0.3016067285050628,0.411740654899228,0.5105798981523001,0.107088859283155,14.358432213465372,0.29561063855566,0.2956106446443065,4284.477610844438,21.94732342484177,4292.951320095897,1e-06,,0.2442599852238932,0.9320061190794872,58.73259615898132,4284.477277304537,0.0892611745624773,0.0892611746826479
104,val,0.4690476201829456,0.9869271573566256,0.4406731157075791,0.2856410848242895,0.3531895975271861,0.4406731142884209,0.5596261833395276,0.2089060803964024,39.116439092726935,0.2987639904022217,0.2987639974980127,4621.72802734375,62.99319775899252,4626.226840672349,1e-06,62.99319775899252,0.2481977563528787,0.9329849992479596,7.093973636627197,4621.7279866536455,0.0949335857516243,0.0949335857516243
105,train,0.4999663978815079,0.9203381120197236,0.4124586819320596,0.272167706681836,0.2999475891551664,0.4124586808104669,0.5094342114784385,0.1081031894972247,14.546620750939974,0.295769212867624,0.2957692194369531,4260.593282679076,22.119134067207256,4269.201938857776,1e-06,,0.2444792707921356,0.9318636011692786,58.30032730102539,4260.592942391672,0.0893412811621542,0.0893412806414147
105,val,0.4690476201829456,0.9864230070795332,0.4412777246463866,0.2860878173794065,0.3518041116850717,0.4412777232272284,0.560835824126289,0.2103173207669031,38.94914218357631,0.2976518613951547,0.2976518684909457,4654.849202473958,63.22944477626256,4654.106140506628,1e-06,63.22944477626256,0.2473428895076116,0.9329090004875548,6.962133884429932,4654.849289667039,0.0937297046184539,0.0937297049732435
106,train,0.5002016130314079,0.9169900691316972,0.4116191180643215,0.2724722068636648,0.3040414540677942,0.4116191198268244,0.5076542551459003,0.1089436485562273,14.477604053353751,0.2954845178511835,0.2954845253818778,4333.81965920233,22.30944668605764,4341.658088000776,1e-06,,0.2449009050765345,0.9317438990198156,59.31201338768005,4333.819994280415,0.0893252207947674,0.08932522127545
106,val,0.4690476201829456,0.992829856418428,0.4419620207377842,0.2832650946719305,0.3421006529104142,0.4419620271239962,0.5669904251893362,0.2098406432639984,38.98959577651251,0.2967643666835058,0.296764368102664,4634.866861979167,63.18285896664574,4643.823579545455,1e-06,63.18285896664574,0.2478581163145247,0.9324754022416616,7.086549997329712,4634.866905575707,0.0926906242966651,0.0926906228775069
107,train,0.500739247247737,0.9160174389359772,0.4114081495471539,0.2726816108790777,0.3059220592821798,0.4114081490264144,0.5066143847921843,0.1068648685931518,14.159050072393107,0.2956938211635876,0.2956938288545095,4125.118979033604,21.689528998508248,4133.124275572292,1e-06,,0.2444085516436125,0.931918014121312,59.81168150901794,4125.119314234744,0.0893222949998353,0.0893222949197215
107,val,0.4690476201829456,0.9915366882369632,0.4414442862783159,0.2840520299616314,0.3445201516151428,0.4414442876974742,0.5641910973049346,0.2109037208415213,38.8298074631464,0.2985684318201883,0.2985684389159793,4562.111156645276,62.88018998645601,4566.149476207386,1e-06,62.88018998645601,0.2472833912997018,0.93277207726524,7.382170438766479,4562.111025855655,0.0915566420271283,0.0915566402531805
108,train,0.5003360215053764,0.9163996026080142,0.4116358151358942,0.2725800700405592,0.3037980879026075,0.4116358186609001,0.5083210451067776,0.1088521507398415,13.720738928805115,0.2955409704997975,0.295540976588444,4158.1191846786005,20.94416941365888,4166.683813805372,1e-06,,0.2443986479793825,0.9319765990780244,58.82563138008118,4158.119185191329,0.0892244984385787,0.089224498358465
108,val,0.4690476201829456,0.9894966085751852,0.4409523606300354,0.2842530601081394,0.3482617977119627,0.4409523634683518,0.562932102453141,0.2067467371622721,38.86343692597889,0.2979609625680106,0.297960965406327,4634.783450172061,63.0522346496582,4638.911505681818,1e-06,63.0522346496582,0.2489807329007557,0.9324759046236674,7.081882953643799,4634.783348446801,0.0956380069255828,0.0956380076351619
109,train,0.500369623784096,0.9151777105946696,0.4113442377858264,0.2733349448410413,0.3075435531716193,0.4113442399488982,0.507245463829848,0.1083985919793767,14.56800437999028,0.2953261375747701,0.2953261430225065,4353.339756873346,22.208239757886496,4361.70479660291,1e-06,,0.245084795339774,0.9317419192483348,58.828036308288574,4353.339420851841,0.0893496926273069,0.0893496928275913
109,val,0.4690476201829456,0.9898633332479568,0.440299364782515,0.2843803323450543,0.3509445814859299,0.4402993697495687,0.5607882056917463,0.2069534105913979,38.71820613316128,0.3043516178925832,0.304351623569216,4614.456728980655,63.00143205551874,4612.400994318182,1e-06,63.00143205551874,0.2500405510266622,0.9325788617134094,7.160973072052002,4614.456758045015,0.0954514674487568,0.0954514663843881
110,train,0.500739247247737,0.9134368947757188,0.4110055581856799,0.2733273247397074,0.3075996746299087,0.4110055581856799,0.5055683443863546,0.1073295615653517,13.826032269385554,0.2950305906675195,0.2950305937118427,4169.190851232057,21.41148332882953,4177.484353586319,1e-06,,0.245105185415796,0.9317352630758798,58.61661624908447,4169.19085209344,0.0893710499569293,0.0893710505978394
110,val,0.4690476201829456,0.9898943844295685,0.4419858583382198,0.2843193333773386,0.3432606061299642,0.4419858540807451,0.565547988528297,0.2070883725370679,38.48284149169922,0.2939712717419579,0.2939712830952236,4565.1700439453125,62.62021518888928,4569.739210464015,1e-06,62.62021518888928,0.2460604196503049,0.933049826394944,6.947978019714356,4565.170052664621,0.0914708989716711,0.091470901455198
111,train,0.4999663978815079,0.9173928191584926,0.4119816400831745,0.27286336418762,0.3037973222553089,0.4119816404837434,0.5084959193263002,0.108764350274077,14.19177028953388,0.2955273849669323,0.2955273924976266,4301.401073763447,21.783901511981924,4309.559856355712,1e-06,,0.2448082067152505,0.9319537288399152,58.97688913345337,4301.401077044908,0.0893613551492973,0.0893613551893541
111,val,0.4690476201829456,0.9940498499643236,0.4418310877822694,0.2829261521498362,0.3422827195553553,0.4418310977163769,0.5670821006808963,0.2079599290376617,38.497524806431365,0.3009179589294252,0.3009179617677416,4600.220241001674,62.76480602082752,4612.364050662879,1e-06,62.76480602082752,0.2469850040617443,0.9330101069949922,7.044365167617798,4600.22024390811,0.0931770038746652,0.0931770017459279
112,train,0.5003360215053764,0.9158066038482932,0.4115221542055889,0.2728967374210717,0.305888568441714,0.4115221545260439,0.5099168167479576,0.1084304095436168,14.231660512185863,0.2955110970363822,0.2955111052079867,4197.347703913207,21.5413860813264,4205.709955481327,1e-06,,0.2452168811553268,0.9318017180888885,58.60611152648926,4197.347366004862,0.0894113126941906,0.0894113123737355
112,val,0.4690476201829456,0.9801896924064272,0.4398439327875773,0.2880238727444694,0.3613447419234684,0.4398439327875773,0.5541050256717772,0.2056171830211366,38.70196324303036,0.297178505432038,0.2971785153661455,4608.528628394717,63.01091221400669,4605.795493016099,1e-06,63.01091221400669,0.251307515161378,0.9319377513158889,7.161848783493042,4608.528733026414,0.0953366724508149,0.0953366742247626
113,train,0.5005712364950488,0.9178610919944702,0.4115841102696234,0.2718588503938849,0.302120983760844,0.4115841093082582,0.5091471268284705,0.1074401633112981,13.871411210747176,0.2958552017006823,0.2958552053859157,4265.199654015161,21.48915861498925,4273.453960524023,1e-06,,0.2446548728052006,0.9320105259777396,59.1230571269989,4265.199315122379,0.0893416302178495,0.0893416304982477
113,val,0.4690476201829456,0.984083490712302,0.4406457096338272,0.2863310568389438,0.3542298206261226,0.440645708214669,0.5588587096759251,0.2071974855803308,38.96002506074451,0.2978075316974095,0.2978075402123587,4638.9448009672615,63.173041661580406,4644.844158380682,1e-06,63.173041661580406,0.2472589803593499,0.9329891800880432,7.171664476394653,4638.944798060826,0.092302731460049,0.0923027321696281
114,train,0.500369623784096,0.9160900848206652,0.4115265234503695,0.2727037657012222,0.3050250619329432,0.4115265230498006,0.5064332959071923,0.107676340307119,13.880957900836904,0.2957268238708537,0.2957268318822307,4189.607553584601,21.51514131279401,4197.763905740346,1e-06,,0.2446440330916835,0.9318879589598666,58.81528663635254,4189.607555163804,0.0894037592074563,0.0894037591273425
114,val,0.4690476201829456,0.9863072974341256,0.4407857599712553,0.2857010896716799,0.3532072291487739,0.4407857613904135,0.5600594331820806,0.2079136261627787,38.85534186590286,0.2979494645482018,0.2979494673865182,4622.8253987630205,63.095087323869976,4628.203645833333,1e-06,63.095087323869976,0.2483505038988022,0.9329157358124144,7.052641153335571,4622.825299944197,0.0953466186211222,0.0953466186211222
115,train,0.500134408634196,0.9173711616826312,0.4120471407809565,0.2727755087838378,0.3049135266612934,0.4120471431042558,0.5086764713288635,0.106562793334966,14.228658332619617,0.2959168141567579,0.2959168205658595,4248.931402555076,21.90366599893057,4257.556609460079,1e-06,,0.244629289514275,0.9317988089976772,59.092034101486206,4248.9314062057,0.0893506172203248,0.0893506179814056
115,val,0.4690476201829456,0.9927185802232652,0.4416155133928571,0.2825702620404107,0.3417603103887467,0.4416155098449616,0.5673085536275592,0.2091401439337503,38.48783374968029,0.2958739485059465,0.2958739612783704,4628.379656110491,62.837835130237394,4637.018016098485,1e-06,62.837835130237394,0.2462860572905767,0.9333267155147734,7.072375297546387,4628.379688081287,0.093197107669853,0.0931971087342216
116,train,0.4995967742576394,0.923197928135113,0.4124326437551488,0.2725534638570201,0.304270242170621,0.4124326447966278,0.5116016358457586,0.1074589072696624,14.223225152620705,0.295906765967287,0.2959067725366162,4491.9811394804265,21.756829302798035,4499.636240867332,1e-06,,0.2447100514045325,0.9318948275940392,57.90452790260315,4491.98114198254,0.0894706954238235,0.089470695263596
116,val,0.4690476201829456,0.9948338752701168,0.4398323183967954,0.2826373726129532,0.3499637175173986,0.4398323212351118,0.5622217974492482,0.2080386444216682,38.85942259288969,0.3111573429334731,0.3111573429334731,4699.266241164434,63.38484845842634,4702.179456676136,1e-06,63.38484845842634,0.2526887350139163,0.9323163146064396,6.894738674163818,4699.266270228794,0.0982684890429178,0.0982684879785492
117,train,0.4999327957630157,0.9169998367627462,0.4119364114137747,0.2728630624791627,0.3049689490468271,0.4119364111734334,0.508944195765321,0.1072200748628826,13.987076349155878,0.2958292506074392,0.295829255574493,4260.388546892392,21.215355606489283,4269.079861727628,1e-06,,0.2451297854704241,0.931728470069106,58.324530601501465,4260.388543939078,0.0893731014302341,0.0893731003486981
117,val,0.4690476201829456,0.9902254144350688,0.4408355234634308,0.283450899379594,0.3453674614429474,0.4408355227538517,0.563831701874733,0.2076619334873699,38.75041307721819,0.3023188199315752,0.3023188341231573,4585.015444800967,62.88523810250418,4584.176162997159,1e-06,62.88523810250418,0.2475981194348562,0.9328201867285228,6.985379934310913,4585.015241350447,0.0918771851630438,0.0918771848082542
118,train,0.5005376345367842,0.917014753626239,0.4117903662945634,0.2729702954010297,0.3044100329279899,0.4117903668553598,0.5090467259287834,0.1057122838232786,14.035394489124258,0.2955427487050333,0.2955427546334523,4217.328224223147,21.49370934886317,4225.583637450761,1e-06,,0.2454002230398116,0.93185929040755,58.98386192321777,4217.32855983447,0.0894262601210865,0.0894262605617123
118,val,0.4690476201829456,0.9835076644307092,0.4397289632331757,0.2867970934935978,0.3594292785440172,0.4397289618140175,0.5553707040491558,0.2060078652132125,39.2941339583624,0.3013130837962741,0.3013130979878561,4632.382684616816,63.22462899344308,4632.709377959281,1e-06,63.22462899344308,0.2508604994841984,0.932565567039308,7.092149019241333,4632.382661365327,0.0956237954752785,0.0956237961848576
119,train,0.500369623784096,0.9158485940387172,0.4114535503810452,0.2727883978877016,0.3047848212462599,0.4114535506213865,0.5067593735712831,0.1079710865172968,13.517043303417903,0.2959081955173964,0.2959082000037675,4108.505660436486,20.98416838594662,4115.867041262231,1e-06,,0.2447027125025308,0.9319063812814732,58.74799823760986,4108.505324702109,0.0894835060963066,0.0894835060161929
119,val,0.4690476201829456,0.9836384739194598,0.4410621254217057,0.2866829584042231,0.3520671810422625,0.4410621197450728,0.5592496927295413,0.207226778779711,39.26958193097796,0.2938928916340783,0.2938928973107111,4632.875482468378,63.21980067661831,4633.567057291667,1e-06,63.21980067661831,0.2466273456811905,0.93245663245519,7.012471914291382,4632.8756103515625,0.0884630790068989,0.0884630814904258
120,train,0.5003360215053764,0.9162594879506736,0.4115928058983177,0.2732320142689571,0.3068441871193147,0.4115928075807069,0.5077249817950751,0.1053348167408858,14.304155224113057,0.2957476391907661,0.2957476435169097,4297.394765997446,22.05330572589752,4305.122333708998,1e-06,,0.2456995351340181,0.931610172474256,58.448158740997314,4297.394769483997,0.0893842630809353,0.0893842632411628
120,val,0.4690476201829456,0.9952874382336936,0.4402619131973811,0.2831624874046871,0.3503216661158062,0.4402619195835931,0.5623173195691336,0.2058147362300328,38.63125864664713,0.3120434809298742,0.3120434837681906,4657.015130905878,63.13089261736189,4656.944699928978,1e-06,63.13089261736189,0.2523401358297893,0.9323552250862122,7.254868745803833,4657.015119280134,0.0994273665405455,0.099427366895335
120,val_periodic_epoch_120,0.4690476201829456,0.9952874382336936,0.4402619131973811,0.2831624874046871,0.3503216661158062,0.4402619195835931,0.5623173195691336,0.2058147362300328,38.63125864664713,0.3120434809298742,0.3120434837681906,4657.015130905878,63.13089261736189,4656.944699928978,1e-06,,0.2523401358297893,0.9323552250862122,6.92358660697937,4657.015119280134,0.0994273665405455,0.099427366895335
121,train,0.5001680107526881,0.9158441496472204,0.4116720698213064,0.2732971586206907,0.3072007625333725,0.4116720701417615,0.5094765830104069,0.1078477905041748,14.078508653948385,0.2954379810440924,0.2954379863316013,4285.703046326997,21.90933169600784,4293.296664562289,1e-06,,0.2450200928955949,0.9318572285995688,58.45526814460754,4285.703373037359,0.0894055502308953,0.0894055500306108
121,val,0.4690476201829456,0.9907142718633016,0.4413529733816783,0.2835929890473683,0.3446903143610273,0.4413529691242036,0.5648691824504307,0.2082363218069076,38.79513213748024,0.2963230524744306,0.296323055312747,4613.3066813151045,62.897684733072914,4611.608528645834,1e-06,62.897684733072914,0.2451696913866769,0.9332985281944276,7.135698556900024,4613.306722005208,0.0909486618779954,0.090948662232785
122,train,0.5005712364950488,0.914398780593308,0.41117636010211,0.2737279386930568,0.3085910532903927,0.4111763584998346,0.506083163482848,0.104848983146811,14.099800250863517,0.295651467096421,0.2956514711021095,4183.486715050154,21.84654872648177,4191.054383988814,1e-06,,0.2454251050949096,0.9317262451494892,57.92550158500672,4183.486712589059,0.0895033246006376,0.0895033246406944
122,val,0.4690476201829456,0.9958278423263912,0.4418467638038453,0.2818161674908229,0.3385887287911914,0.4418467630942662,0.5688671171665192,0.2058696558787709,38.519850776309056,0.2989615159375327,0.2989615173566909,4592.547247023809,62.68764704749698,4598.574319365531,1e-06,62.68764704749698,0.2465631273530778,0.9332675650006248,6.852672576904297,4592.547180175781,0.0931407078391029,0.0931407078391029
123,train,0.5003360215053764,0.9143889517553392,0.4111890092251762,0.2733628438204847,0.3077803753236288,0.4111890083439247,0.5066702891021005,0.0998934670000948,14.228263280724969,0.2957269209687427,0.2957269272176168,4234.958272011049,21.714509510224865,4242.959725695267,1e-06,,0.2449517879755266,0.9320250278519046,57.47156643867493,4234.957929877824,0.0894207178905446,0.0894207180107152
123,val,0.4690476201829456,0.9869502726055328,0.4407893632139478,0.2856376582667941,0.3520854370934622,0.4407893589564732,0.5599465923649924,0.2049576572719074,38.85164151872908,0.2998441259066264,0.2998441330024174,4642.943963913691,62.94892411004929,4655.711890388257,1e-06,62.94892411004929,0.248599390898432,0.9327103722663151,7.02382755279541,4642.943998790923,0.0935898575754392,0.0935898572206497
124,train,0.500369623784096,0.915921623988818,0.4114560826170829,0.2731683712492707,0.3065622344773303,0.4114560834182206,0.5055142898232706,0.1037644379802288,13.883830570405529,0.2955850353164057,0.2955850415652798,4224.393911587295,21.21448554787585,4232.790464839229,1e-06,,0.245602499733689,0.9318291445573172,57.93625378608704,4224.394255074121,0.0893794447183609,0.0893794448785884
124,val,0.4690476201829456,0.9868077777680896,0.4420805431547619,0.2859525148357664,0.3466209400267828,0.4420805396068664,0.5631822943687439,0.205051333066963,38.61601066589356,0.2913465883050646,0.2913465897242228,4624.512770879836,62.951581954956055,4631.290796638257,1e-06,62.951581954956055,0.2449284430061067,0.9336497755277724,7.015586614608765,4624.512770879836,0.0913790407634916,0.0913790411182812
125,train,0.500739247247737,0.9152093915849604,0.4111937201151284,0.2728279937178858,0.3059756739806103,0.4111937181923979,0.5091150712662487,0.1022737357685322,13.860795367148617,0.2959011299635774,0.2959011368533616,4250.394501409223,21.26651604201204,4258.921676101428,1e-06,,0.245294590951294,0.9319814664702262,57.6619176864624,4250.39416813594,0.0893439334486761,0.089343932767709
125,val,0.4690476201829456,0.9854443271954856,0.4412497736158825,0.2856276439768927,0.3478017179738907,0.4412497729063034,0.5616168521699452,0.2040260082909039,38.63924507867722,0.2946884674685342,0.294688473145167,4579.307652064732,62.77436365400042,4579.678281841856,1e-06,62.77436365400042,0.2465126124166307,0.9329011638959248,6.949831962585449,4579.307698567708,0.090321893848124,0.0903218927837553
126,train,0.4999663978815079,0.9157092004053056,0.4115596598675174,0.2731160448603733,0.3072436121042057,0.4115596617101341,0.5054098119338354,0.1001978428253243,13.42641422825475,0.2961003988660792,0.2961004063967735,4187.782976950369,20.81762689928855,4196.148201682351,1e-06,,0.2452917620539665,0.9318853309077602,58.17258405685425,4187.782642015847,0.0893934909855165,0.0893934910255734
126,val,0.4690476201829456,0.9881311598278228,0.4409079785857882,0.2847736179828644,0.3488748967647552,0.4409079828432628,0.5619069536526998,0.2025133016563597,38.92559696379162,0.2972962189288366,0.297296221767153,4639.771315801711,63.05061948867071,4639.267518939394,1e-06,63.05061948867071,0.248347758537247,0.932864969684964,7.035789012908936,4639.771202450707,0.0930099089940389,0.0930099072200911
127,train,0.5001680107526881,0.9147437264521916,0.4113934572025012,0.2734638935615939,0.3084679007209757,0.4113934542382917,0.5071566502253214,0.1037179453458677,14.046637927332233,0.2958532267360277,0.2958532337860394,4159.939874054283,21.323253826428484,4167.94369067054,1e-06,,0.2452501983892533,0.9318558105858424,58.11014223098755,4159.939872290499,0.0894572871026172,0.0894572876634136
127,val,0.4690476201829456,0.9791316588719686,0.4397078858954565,0.2877911024150394,0.3600752836182004,0.4397078922816685,0.5543742250828516,0.2022883377614475,38.69994063604446,0.2936607599258423,0.2936607734078452,4645.90824672154,63.080621628534224,4642.562278053977,1e-06,63.080621628534224,0.2483236988385518,0.9332863177571978,6.848280668258667,4645.908240908668,0.0940541695980798,0.0940541699528694
128,train,0.5003360215053764,0.9156488982900496,0.4114548744213196,0.2730863092727558,0.3062815519590531,0.411454874661661,0.5063741904913738,0.1026793652644721,13.893280062624203,0.2957294477570441,0.2957294536854631,4234.565912246704,21.32073805409093,4242.535001442649,1e-06,,0.2454490007091594,0.9317949481548802,57.78681826591492,4234.565906627204,0.0893734198824692,0.0893734197222417
128,val,0.4690476201829456,0.9911810954411824,0.4411439221529734,0.2841063496612367,0.347702525910877,0.4411439221529734,0.5633698822486968,0.2027374058961868,38.85820815676735,0.3021256696610224,0.3021256767568134,4701.71246047247,63.2509951818557,4712.092296993371,1e-06,63.2509951818557,0.2485355514855612,0.9328574651763551,6.985126733779907,4701.71240234375,0.0938743164851552,0.0938743186138925
129,train,0.500739247247737,0.913320967106409,0.4109502515645437,0.2735303202143279,0.3084571175677802,0.4109502512440887,0.5075237801478755,0.1015275561360902,14.235083818435667,0.2956605880491195,0.2956605931764008,4134.26589974024,21.693108240763348,4142.010670034492,1e-06,,0.2464571934874339,0.9315686430982364,57.97886633872986,4134.266235249017,0.0893382138061908,0.0893382136059063
129,val,0.4690476201829456,0.9837601951190404,0.4420124349139985,0.2874566160497211,0.3510156429949261,0.4420124405906314,0.5607244088536217,0.2031982285635812,38.80571410769508,0.2905451101916177,0.2905451158682505,4609.172002883184,62.99118895757766,4608.308188328599,1e-06,62.99118895757766,0.2458522184973671,0.9330637937500365,7.010673999786377,4609.171985444568,0.0899633492032686,0.0899633477841104
130,train,0.5003360215053764,0.9150214353876728,0.4113957811427373,0.2734453482653505,0.3090604942652487,0.4113957797006894,0.5057392589828019,0.1028351857256825,14.188283240923315,0.2958965934412453,0.295896604016263,4212.080015367077,21.831973901358985,4220.0324067908905,1e-06,,0.2458623606831796,0.9318942824999492,57.87681698799133,4212.080009419431,0.089370283869005,0.0893702838289481
130,val,0.4690476201829456,0.9838469000089736,0.440456564937319,0.2863320552167438,0.3551785704635438,0.440456557841528,0.5585153145449502,0.2011118985357738,38.81545312064035,0.2954609685000919,0.2954609685000919,4629.431358700707,62.91222953796387,4634.909419389204,1e-06,62.91222953796387,0.2490549463601339,0.9328031000636872,7.043583154678345,4629.431268601191,0.0948686652949878,0.0948686631662505
131,train,0.4999663978815079,0.9154751680551036,0.4115156007389868,0.2729395357190922,0.3066352571370781,0.4115156012997832,0.5084402596437803,0.0991098614589821,13.976867501453686,0.2957566523103304,0.2957566580785218,4110.283755251156,21.293735801532705,4118.355161303382,1e-06,,0.245889351813383,0.9318819331225529,62.69137120246887,4110.283417732485,0.0893284934422662,0.0893284938027781
131,val,0.4690476201829456,0.9940003156661988,0.4402291831516084,0.2831675083864303,0.3486716974349249,0.4402291831516084,0.5623502050127301,0.2014494570238249,38.56354895092192,0.3080599407354991,0.3080599535079229,4629.4994884672615,63.06819843110584,4635.133812736743,1e-06,63.06819843110584,0.2537038397221338,0.9319558824811665,7.413725852966309,4629.499465215774,0.0986573039775803,0.0986573039775803
132,train,0.4999663978815079,0.9157364676075596,0.4116318222656044,0.2730876655187658,0.3073755983383425,0.4116318216246943,0.5075498601441742,0.1000466907537111,14.203750905170237,0.2955966974778842,0.29559670100289,4245.479738830239,21.629939110048355,4253.092366988571,1e-06,,0.2461559325456619,0.9317823972112388,58.76921892166138,4245.480076779601,0.0893585811299021,0.0893585806091626
132,val,0.4690476201829456,0.987191569237482,0.4404303765013104,0.285286498211679,0.3528957948798225,0.4404303743725731,0.559687043939318,0.2000185024170648,38.89473370143345,0.3018128219104948,0.3018128204913366,4680.352318173364,63.2684501466297,4685.242794152462,1e-06,63.2684501466297,0.2505533276569275,0.9326131769589016,7.229607105255127,4680.352411179316,0.0937661212824639,0.0937661216372535
133,train,0.5005376345367842,0.9142174890605352,0.4110179148534292,0.2738206917720456,0.3119736886633339,0.4110179123699024,0.5068872139178296,0.1020228051610531,14.108049677264306,0.2956840995178428,0.2956841062473994,4267.513957813222,21.55419712169196,4274.956005201757,1e-06,,0.2462016848787184,0.9317845753444138,57.45875072479248,4267.513953219178,0.0893709383985047,0.0893709387590167
133,val,0.4690476201829456,0.9667020582017444,0.4371137633210137,0.2926253307433355,0.3817701055890038,0.4371137689976465,0.5403109611499877,0.2010501222241492,39.758389064243865,0.3008593838839304,0.3008593845935094,4621.259405226934,63.2483035496303,4616.201902817234,1e-06,63.2483035496303,0.2522934121744973,0.9329026540120444,6.913488149642944,4621.259318033855,0.094395708824907,0.0943957066961697
134,train,0.4997647850103275,0.9130620610329412,0.4111123234033584,0.2742848816898561,0.3125786017826808,0.4111123242846099,0.5063290931684996,0.1008627218224348,13.95304456064778,0.295606457418011,0.2956064638271126,4124.695790608724,21.295419631465787,4132.115487455118,1e-06,,0.2461521119199773,0.9317986083927976,58.18087363243103,4124.695789439704,0.0894021072615218,0.0894021071012943
134,val,0.4690476201829456,0.9758133036749704,0.4385668706326258,0.2893400532858712,0.3694735921564556,0.4385668763092586,0.5487980906452451,0.2017044765608651,39.55002512250628,0.2997789241018749,0.2997789248114541,4677.224469866072,63.22208994910831,4687.849378551136,1e-06,63.22208994910831,0.2519407414254688,0.9323868325778416,6.885978698730469,4677.224458240327,0.0941945094437826,0.0941945101533617
135,train,0.5001680107526881,0.9143564620966552,0.4110970848830797,0.27398200068743,0.3117643117263753,0.4110970849631935,0.504414160325322,0.0978273175937193,14.02168389545974,0.2957162475714119,0.2957162490134598,4096.042751066147,21.662118352869506,4103.2016310977615,1e-06,,0.2460262982114668,0.9319848232371832,58.33225226402283,4096.043088318199,0.0894343651911263,0.0894343649908419
135,val,0.4690476201829456,0.9845480039006188,0.4405454120465687,0.2858923269169671,0.3512185485590072,0.4405454170136225,0.5592244877701714,0.2010081261396408,39.04880696251279,0.2955573570160639,0.2955573598543803,4577.249715169271,63.02293314252581,4581.876029829546,1e-06,63.02293314252581,0.247856067050071,0.9328265984853108,6.981916666030884,4577.2499273391,0.0909632433738027,0.0909632408902758
136,train,0.5005376345367842,0.910687088485687,0.4103652991114124,0.2742588351811132,0.3148296558728782,0.4103653003932327,0.5045296366737094,0.1007528714535217,14.222836807209958,0.2952654940146272,0.295265499302136,4307.021553039551,22.01890250687958,4315.146226157243,1e-06,,0.2465057687092852,0.9316474606272996,58.04128289222717,4307.021549183835,0.0894797206806239,0.089479720640567
136,val,0.4690476201829456,0.985785492828914,0.4412886642274402,0.2868254269872393,0.3534325162569682,0.4412886613891238,0.5595418143840063,0.2023392805740946,39.144843146914525,0.2988061635267167,0.298806179137457,4624.325198218936,62.78856595357259,4637.434061316288,1e-06,62.78856595357259,0.2481504543906166,0.9331850324358258,6.885451316833496,4624.325160435268,0.0938451758452824,0.0938451772644406
137,train,0.4997647850103275,0.910343286971892,0.4110440568577859,0.2756866045216078,0.317364372873819,0.4110440568577859,0.5031258994212715,0.0991596319983082,14.19074264905786,0.2948907368606137,0.2948907450322182,4264.522571707284,21.60685968911776,4272.038597461431,1e-06,,0.2469141529772871,0.9317991137504578,57.8797402381897,4264.52190304828,0.0894840058059461,0.0894840057258324
137,val,0.4690476201829456,0.9794398688134692,0.4387854046764828,0.288765644743329,0.3665810099669865,0.4387854032573245,0.5499081930943898,0.2006975288192431,39.12783795311337,0.304551994516736,0.304552001612527,4588.821934291294,63.046836853027344,4592.333599668561,1e-06,63.046836853027344,0.2535325210718882,0.9319388781275068,6.916979789733887,4588.822097051711,0.0959601012014207,0.0959601019109998
138,train,0.4997983871288197,0.9114587547317629,0.4107744447005692,0.2746973044128828,0.3159389031990882,0.410774445822162,0.5036831030281641,0.0952247525815681,14.126202852495256,0.2950889368851979,0.2950889404102038,4119.493740840625,21.80200805458972,4127.693882129811,1e-06,,0.2469540437863719,0.9317082381376656,57.86032295227051,4119.493748572565,0.0894085484086185,0.0894085483685616
138,val,0.4690476201829456,0.9748831277801876,0.4387602706750234,0.2900600525594893,0.3696956662904648,0.4387602678367069,0.5480745094163078,0.1998308364834104,38.83745829264323,0.300193992399034,0.3001940023331415,4603.134445917039,63.099610283261256,4591.761860795455,1e-06,63.099610283261256,0.2533850208634421,0.9320988456408182,6.968090772628784,4603.13445172991,0.0958235093525477,0.0958235093525477
139,train,0.5001680107526881,0.9111854685570604,0.4107714421165886,0.2743105258672468,0.3134515812640549,0.4107714414756785,0.5036973192967394,0.0979628828304108,13.3833448297234,0.2952829072231887,0.2952829096266018,4135.408297487485,20.73904574814663,4143.795718029292,1e-06,,0.2461029194215292,0.9317853149547372,57.91771459579468,4135.408297343921,0.0894660419353874,0.0894660425762976
139,val,0.4690476201829456,0.9758246966770716,0.4393732576143174,0.2891348302364349,0.3643351168859572,0.4393732561951592,0.5513591354801541,0.1998536466133026,38.9108586084275,0.2944807750838144,0.2944807779221308,4580.438863118489,62.88264229184105,4577.526728219697,1e-06,62.88264229184105,0.2494097898403803,0.9328515558015732,7.284748792648315,4580.438726515997,0.0929634138232185,0.0929634138232185
140,train,0.500134408634196,0.9107397676155132,0.4108475913764328,0.2751026040604037,0.3160485984977855,0.4108475913764328,0.5032605274069694,0.0956501297612664,13.997839086799212,0.2948843192669653,0.2948843266374321,4077.282321765859,21.48249253919048,4084.54056567054,1e-06,,0.2473024642595681,0.9315674846531242,58.07702922821045,4077.282323345061,0.0895632911193114,0.0895632914798234
140,val,0.4690476201829456,0.986491805031186,0.4398653067293621,0.28559229913212,0.3568883311180841,0.4398653095676785,0.5579028952689398,0.1994410795824868,38.8742933727446,0.3020555987244561,0.3020556015627725,4685.144804454985,63.15579405285063,4688.917495265152,1e-06,63.15579405285063,0.2517906583490826,0.9327953315916516,7.093570709228516,4685.144664946057,0.0971244364267303,0.0971244371363094
141,train,0.4997983871288197,0.9189926687107292,0.4111620746152375,0.2739750173303388,0.3154089735240065,0.4111620753362615,0.5076705110810136,0.0980937695431132,14.381823339769918,0.2952957840696458,0.29529579095943,4420.747561793173,21.85454822868429,4429.688563943471,1e-06,,0.2462198528391058,0.9317960216793962,58.14851522445679,4420.747216563071,0.0893969799401939,0.0893969798600801
141,val,0.4690476201829456,0.989635095709846,0.4397080774818148,0.2840965319247472,0.353503433011827,0.4397080689668655,0.5597104969478789,0.1996499523520469,38.71948614574614,0.3063568132264273,0.3063568231605348,4630.603050595239,63.05430675688244,4631.198026160037,1e-06,63.05430675688244,0.2509171075764156,0.9327998757362366,6.915570259094238,4630.603033156622,0.097349515628247,0.0973495159830365
142,train,0.5007728495264566,0.9092821852173856,0.4100203967543058,0.2741637294010449,0.3152976358129132,0.4100203977957848,0.5044372799976539,0.0999864259314152,14.572929400269704,0.2950304009581125,0.2950304076876691,4217.676176296767,22.167153171313707,4224.411944107415,1e-06,,0.2469450362747715,0.93181223382232,58.32269454002381,4217.676178306661,0.0894328993094223,0.0894328991892517
142,val,0.4690476201829456,0.975478552636646,0.439200636886415,0.2890095902340753,0.3631007160459246,0.4392006361768359,0.5511936233157203,0.1998423142802147,38.90937450953892,0.2949326662790207,0.2949326790514446,4579.52337937128,62.92584609985352,4574.261479048296,1e-06,62.92584609985352,0.2489383320013682,0.9323837842260088,6.920938014984131,4579.523434593564,0.0888601381863866,0.0888601378315971
143,train,0.5003360215053764,0.9130619067338204,0.410558968381856,0.2737002682781989,0.3119865661507012,0.4105589686221974,0.5039605198688405,0.0964382942565666,13.495833614821075,0.295399520506141,0.2953995286777455,4262.564127091438,20.837228649406025,4264.605380012692,1e-06,,0.2464906426687394,0.9317021254570254,58.31945514678955,4262.564806763844,0.089407460063055,0.0894074598627705
143,val,0.4690476201829456,0.989501518862588,0.4412510040260496,0.2838705664589291,0.3453167095070794,0.4412509990589959,0.5644073685010275,0.1992158588199388,38.52816054934547,0.2952732557342166,0.2952732528959002,4660.175409226191,62.958632060459685,4667.933463541666,1e-06,62.958632060459685,0.2483497439395813,0.9329635727973212,7.018784046173096,4660.1753830682665,0.091934401009764,0.0919344013645535
144,train,0.500134408634196,0.91088493104263,0.4104968373493481,0.2744021443750268,0.3145643161028944,0.4104968367885517,0.5045112485206256,0.0961303906615382,14.159012548385128,0.2946553789479758,0.2946553861582151,4083.797894836754,21.364793831302272,4092.1026271781534,1e-06,,0.2473778280840125,0.931638342078014,58.12648320198059,4083.797895000827,0.0894017968607205,0.0894017971811756
144,val,0.4690476201829456,0.9793313457852318,0.4403738436244783,0.2880717253401166,0.3578936486017136,0.4403738450436365,0.5555093458720616,0.2003269717097282,39.039022718157085,0.2915227342219579,0.2915227455752237,4620.9610595703125,62.94822447640555,4626.415855823863,1e-06,62.94822447640555,0.2469736138979593,0.9334528588113332,7.043990850448608,4620.961129324777,0.0899785228428386,0.0899785210688908
145,train,0.4997311828117217,0.9119789927236496,0.4109168511725241,0.2742805030717644,0.3133112055159384,0.4109168506918415,0.5043985673016117,0.0963036168006158,14.125179165153094,0.2946116233705192,0.2946116291387107,4285.415285130983,21.70607287396667,4293.527183476201,1e-06,,0.2467537338855446,0.9318256698628908,58.01727533340454,4285.415617501864,0.0894437304908229,0.089443730811278
145,val,0.4690476201829456,0.9788285635766528,0.4384832098370507,0.2876280844211578,0.364177283786592,0.4384832148041044,0.5514373140675681,0.1989337560676393,38.72775931585403,0.3008284341721308,0.3008284384296054,4607.219174339658,62.89385795593262,4606.731767874053,1e-06,62.89385795593262,0.2534499281928652,0.9321396890140716,7.180022716522217,4607.219185965402,0.0953891699512799,0.0953891699512799
146,train,0.500369623784096,0.9111972822937914,0.4105183102430836,0.2743173117438952,0.3149152661683739,0.4105183115249039,0.5024816863318925,0.0982391579697529,14.16589976382512,0.2948194985748619,0.2948195027407779,4147.665520247593,21.8630148133924,4155.707674420803,1e-06,,0.2466233439182722,0.9316552874221596,57.82283616065979,4147.665183733869,0.0894429771810449,0.0894429773012156
146,val,0.4690476201829456,0.9800751237642198,0.4402826059432256,0.2873656593617938,0.3566139837106069,0.4402826023953302,0.5565302975120998,0.1996127061900638,38.93183726356144,0.2915696061792828,0.2915696097271783,4656.591907319568,63.02724384126209,4666.257966382575,1e-06,63.02724384126209,0.2471632496232078,0.9332254472233,6.988712549209595,4656.5920003255205,0.0905281390462603,0.090528140820208
147,train,0.500134408634196,0.9109149304448916,0.4103813699336462,0.2743401397620478,0.3145693668755152,0.410381368251257,0.5031480501576137,0.0975077514767005,13.681962559300084,0.2947201937116602,0.2947201973968936,4168.758083548597,20.95786278222197,4175.203986664332,1e-06,,0.2470202221665331,0.9316256815387356,58.21064519882202,4168.757745886362,0.0893576092297031,0.0893576096302719
147,val,0.4690476201829456,0.9843748268626984,0.4404214038735344,0.2864070307640802,0.3554936349391937,0.4404214109693254,0.5581956810894466,0.1984528941767556,38.71054494948614,0.2956425632749285,0.2956425795952479,4694.675060453869,63.10784839448475,4708.004539535985,1e-06,63.10784839448475,0.250332752153987,0.9326460389863878,7.217188596725464,4694.675205775669,0.0952148636182149,0.0952148625538462
148,train,0.5005376345367842,0.9119744791138557,0.4102743827207114,0.2740056214313353,0.3150900215391189,0.4102743835218491,0.505049631039622,0.0972156101256929,14.31586136612841,0.2946486647731514,0.2946486705413428,4211.023221005676,21.97586633825815,4217.898982130879,1e-06,,0.2474411017792199,0.931633137246614,58.04803967475891,4211.02288264613,0.0893722908391106,0.0893722909592813
148,val,0.4690476201829456,0.9869143622262138,0.440906795717421,0.284832837326186,0.3491952802453722,0.440906795717421,0.5618490363870349,0.1999877208755129,38.86017790294829,0.2930013090372085,0.2930013168425787,4629.523425874256,62.96770976838612,4643.033630741003,1e-06,62.96770976838612,0.2475035169294902,0.9332880264236814,7.089120149612427,4629.523268926711,0.09263445827223,0.0926344579174405
149,train,0.5003360215053764,0.9104232041425604,0.4101279941938257,0.274179157871072,0.3156865229529719,0.4101279913898437,0.5029868939390747,0.0945888676189927,13.671130618741437,0.2945336922202059,0.2945336979883973,4210.481448224796,21.1003234001898,4218.37266027791,1e-06,,0.2468693972595276,0.931659831154731,57.94759798049927,4210.481114459294,0.0893918766129401,0.089391876292485
149,val,0.4690476201829456,0.9803862486566816,0.4391799235627764,0.2872239095824105,0.3606874360924675,0.43917992072446,0.5535286594004858,0.199972024276143,38.97370338439941,0.2993290119227909,0.2993290183090028,4594.489682152158,62.89840761820475,4603.561550071023,1e-06,62.89840761820475,0.2501108681871777,0.9326435185614086,6.971843481063843,4594.489734468006,0.0928862013277553,0.0928862016825448
150,train,0.5009408602791448,0.9077909558370548,0.4092579973481035,0.2747656912092239,0.3189201351775917,0.4092579962265107,0.4993284859404128,0.0952632804351147,14.051694590558288,0.2941609683536714,0.2941609744423179,4125.82225859037,21.485222877994666,4134.054760557233,1e-06,,0.247494274169527,0.9315276210026074,58.05945682525635,4125.8222564164025,0.0894849738206273,0.0894849730595465
150,val,0.4690476201829456,0.9760830601056416,0.439123884553001,0.2885963760671161,0.3625998766649337,0.4391238810051055,0.5514056285222372,0.1993038182457288,39.09439559209915,0.2924066079514367,0.2924066242717561,4641.413710821243,63.27621550787063,4643.936993963068,1e-06,63.27621550787063,0.2487052714540845,0.9329306937399364,7.077948808670044,4641.413739885603,0.0911205939593769,0.0911205925402187
150,val_periodic_epoch_150,0.4690476201829456,0.9760830601056416,0.439123884553001,0.2885963760671161,0.3625998766649337,0.4391238810051055,0.5514056285222372,0.1993038182457288,39.09439559209915,0.2924066079514367,0.2924066242717561,4641.413710821243,63.27621550787063,4643.936993963068,1e-06,,0.2487052714540845,0.9329306937399364,6.717682123184204,4641.413739885603,0.0911205939593769,0.0911205925402187
151,train,0.500739247247737,0.9067927147111584,0.4093415367026483,0.2749150948178384,0.319257625729166,0.4093415368628758,0.5003503987225153,0.0965414319628028,13.968550864086357,0.2940831400694386,0.29408314583763,4282.042088785479,21.5568400608596,4290.295334941209,1e-06,,0.2472139918195304,0.9316317144260612,57.99987173080444,4282.042428826773,0.089477291551008,0.0894772910703254
151,val,0.4690476201829456,0.9807499930972144,0.4400592048962911,0.2868141624189558,0.3552031332538241,0.4400592020579746,0.5567766172545296,0.1984074910481771,38.7868580591111,0.2887999883719853,0.2887999954677763,4634.058994838169,62.90526081266857,4642.129865056818,1e-06,62.90526081266857,0.2469232756467092,0.9332835305304754,6.9796528816223145,4634.05914015997,0.0909587031319027,0.0909587024223236
152,train,0.500134408634196,0.908551691039916,0.4096649047988717,0.274921887904726,0.3212218223720468,0.4096649041579616,0.5020637508201343,0.0949895608849743,14.467300668839483,0.2945117689268563,0.2945117730927724,4184.349783005253,21.88684979305473,4192.697768517696,1e-06,,0.2470440716352514,0.9317788574644316,57.865360260009766,4184.349775293822,0.0894122406920438,0.0894122410525557
152,val,0.4690476201829456,0.9758388031096684,0.4394965363400323,0.2889616886774699,0.3619951932203202,0.4394965356304532,0.5520125059854417,0.198831894213245,39.150957107543945,0.289326222879546,0.2893262285561788,4593.283284505208,62.822141284034366,4602.55097360322,1e-06,62.822141284034366,0.2478644840774082,0.9328695847874596,6.942453622817993,4593.283194405692,0.0899839780869938,0.0899839777322042
153,train,0.5001008065157039,0.9080920064000672,0.4097082532381498,0.2752613591090325,0.3211164759692325,0.4097082522767846,0.5011390286988469,0.0941907443426629,13.55088923823449,0.2941512701011473,0.2941512744272909,4022.307017746792,20.67007852369739,4028.169392492635,1e-06,,0.247466802196477,0.9315561113819,58.17471766471863,4022.3063519180464,0.0894234168433373,0.089423416963508
153,val,0.4690476201829456,0.9777736607052032,0.4386804856005169,0.2881161045460474,0.3633357357411158,0.4386804870196751,0.5511074917657035,0.1979597331512542,39.02852848597935,0.2978416979312897,0.2978417050270807,4621.318603515625,62.90332894098191,4631.044892282197,1e-06,62.90332894098191,0.2500042922440029,0.9325947761535645,6.95593523979187,4621.318591889881,0.0928778868345987,0.0928778861250196
154,train,0.5005040322580645,0.9084656650340686,0.4094716808007609,0.2741391319901712,0.3176832156636381,0.409471677636267,0.4996916700595168,0.0957990380264418,13.865212407163394,0.2944449814417029,0.2944449876905769,4172.6948969851255,21.341371305527225,4181.023069583366,1e-06,,0.2465928625515712,0.9317155720726136,57.97694492340088,4172.695234380743,0.0893067845734216,0.0893067840526821
154,val,0.4690476201829456,0.9728915350777764,0.4390422850847244,0.2895418050743285,0.3642814315500713,0.439042282246408,0.5502316015107291,0.1984321808531171,39.03545988173712,0.2876706861314319,0.2876706910984857,4623.781668526785,62.94751503354027,4629.71435250947,1e-06,62.94751503354027,0.2479299072708402,0.9327260227430434,6.910362243652344,4623.781674339658,0.0900192679393859,0.0900192693585441
155,train,0.5005040322580645,0.9080501030529698,0.4094241171754816,0.2745405602999913,0.3183593076243195,0.4094241163743439,0.4995676692855614,0.0936759499612674,13.958964197866376,0.2945571650740921,0.2945571714831936,4101.755775287587,21.428661695090675,4110.007348766391,1e-06,,0.2470508956460542,0.9315657356093008,57.55757188796997,4101.755439358373,0.0894405618309974,0.0894405612301442
155,val,0.4690476201829456,0.9729795910063244,0.4387660118795576,0.2893853421722139,0.3649208446343739,0.438766007622083,0.5494820120788756,0.1988134316745258,39.4093257359096,0.2898577387843813,0.2898577380748022,4600.844671340215,63.08214886983236,4598.834682765151,1e-06,63.08214886983236,0.2469076159454527,0.9331711076554798,7.088970899581909,4600.8447498139885,0.0893060646596409,0.0893060628856931
156,train,0.5003360215053764,0.906721885005633,0.4091789645533408,0.2752032440195801,0.3221096500594129,0.4091789656749335,0.4970962735273505,0.093803144911284,14.313923987009192,0.294224660402985,0.2942246671325417,4103.641812273251,21.47951159425961,4111.802439484773,1e-06,,0.2476188796822742,0.9315238604622502,57.952903747558594,4103.641818261915,0.0894327193338384,0.0894327200548623
156,val,0.4690476201829456,0.9812312495140804,0.4393728439296995,0.2863609045743942,0.356559422754106,0.4393728403818039,0.5553712866136006,0.1988956161907741,39.19160388764881,0.293278110169229,0.2932781130075454,4665.964756556919,63.23005694434757,4673.826379024621,1e-06,63.23005694434757,0.2491922037942069,0.9329022509711128,6.971102237701416,4665.964779808408,0.092039871428694,0.0920398692999567
157,train,0.4999327957630157,0.9065812899861284,0.4093531441864788,0.2756436155528151,0.3223828086128799,0.4093531425040896,0.5009383322891369,0.0946107246582546,13.995888320348596,0.2936162288470935,0.2936162384607458,4335.865091180289,21.53262585209261,4341.9430956907945,1e-06,,0.2477495953120211,0.9316202325205648,57.63943552970886,4335.865428145214,0.0894049090002813,0.0894049085596556
157,val,0.4690476201829456,0.9726640553701492,0.4379965010143462,0.2894910176595052,0.3689982082162584,0.4379965038526626,0.547470898145721,0.1983793342397326,38.87929389590309,0.2910167113656089,0.2910167106560298,4616.844276064918,62.885983694167365,4615.728776041667,1e-06,62.885983694167365,0.2510828468061629,0.9325258107412429,7.038172483444214,4616.844319661458,0.0939342911754335,0.0939342940137499
158,train,0.500739247247737,0.9059366135187048,0.4087960752107764,0.2750329824705277,0.3216632083058357,0.4087960744096386,0.4980086312499097,0.0965366743865513,13.6749088405281,0.2941301682943938,0.2941301758250882,4110.0619920094805,21.12949104462901,4118.334724657463,1e-06,,0.2473296946094882,0.9315861341773822,58.08804273605347,4110.062325836509,0.0894734023078795,0.0894734019073106
158,val,0.4690476201829456,0.9839276784942264,0.4393242994944255,0.2851315559375854,0.3530141824767703,0.4393242980752672,0.5572683236428669,0.2002112620643207,38.91522452944801,0.293807912440527,0.2938079230842136,4626.57961890811,62.88834117707752,4631.469258996212,1e-06,62.88834117707752,0.2490937603371484,0.9327797719410488,7.123433351516724,4626.579595656622,0.0922478089729944,0.0922478086182049
159,train,0.5006720430107527,0.9053982837546256,0.4089523940797775,0.2760353457703385,0.3243911140548285,0.4089523954417116,0.4967299916891641,0.0933482625111136,13.270443236956032,0.2937371017791891,0.2937371099507936,4269.8949564862,20.521928492412773,4278.42599482167,1e-06,,0.247802851341104,0.931416932934074,58.00152611732483,4269.894957532165,0.0895869012881991,0.0895869015685973
159,val,0.4690476201829456,0.9788506513550168,0.4384805191130865,0.2873811594077519,0.3633233195259457,0.4384805191130865,0.551707210285323,0.1986660705435843,39.00642631167457,0.2948838266588393,0.2948838287875766,4664.845691499256,63.11255409604027,4673.682874644886,1e-06,63.11255409604027,0.2523543962410518,0.9321498587017968,6.886954784393311,4664.845778692336,0.0955635064414569,0.0955635060866673
160,train,0.5004704301395724,0.9075040757976552,0.4091480958365625,0.274666940973651,0.3206740267654901,0.409148093913832,0.4975440547831596,0.0938703237922601,13.358019969796622,0.2942716157244098,0.2942716224539664,4086.830274233254,20.59949537246458,4094.357720186895,1e-06,,0.2473666502102728,0.9315556476834,57.29326128959656,4086.830271300449,0.089474841551755,0.0894748414315844
160,val,0.4705357154210408,0.9790314634641012,0.438973911461376,0.2872320463260014,0.3594326916195097,0.4389739086230595,0.5530401666959127,0.1990587966782706,39.282963253202894,0.2928929981731233,0.2928930066880725,4688.92477562314,63.51151775178455,4690.603068773674,1e-06,63.51151775178455,0.24918156791301,0.9328375515483674,7.016992330551148,4688.924813406808,0.0913963857151213,0.0913963871342795
161,train,0.5007056452894724,0.9088488125031994,0.4088921526106455,0.2742077588073669,0.3206974787096823,0.4088921536521245,0.4972519669481503,0.0942254237510183,13.87670805633709,0.2941150426544169,0.2941150481021532,4206.323429148684,21.17654436890797,4214.577760916045,1e-06,,0.2471484657256833,0.9317783338408316,57.83784294128418,4206.3234274259175,0.0894392211671157,0.0894392220884241
161,val,0.4690476201829456,0.9865522640092032,0.4389318795431228,0.2841102218344098,0.3532491666930062,0.4389318781239645,0.5577456057071686,0.1994492812525658,38.97566804431734,0.2994062034856705,0.2994062063239869,4669.27679734003,63.18785304114933,4677.233931107955,1e-06,63.18785304114933,0.2497085936012722,0.932853238923209,7.119247913360596,4669.2767653692335,0.094909087178253,0.0949090875330425
162,train,0.5005040322580645,0.9057956784963608,0.4083299009550002,0.2741805247722133,0.3227941365812414,0.4083298995129524,0.4988062932927121,0.0944590181592972,13.885937201079502,0.2939104748669491,0.2939104798340028,4112.567476908366,21.50384481491581,4117.3288019353695,1e-06,,0.2476262127359708,0.9315060566189468,57.87204694747925,4112.567810304703,0.0894171028768503,0.0894171032774192
162,val,0.4705357154210408,0.9699342818487258,0.4371026122853869,0.2905718442939576,0.3755231712545667,0.4371026087374914,0.5433282440616971,0.1988823349986757,39.22716803777786,0.2948552178485052,0.2948552242347172,4662.69338843936,63.13269142877488,4667.271925307765,1e-06,63.13269142877488,0.2517830821729842,0.932307609489986,6.915891885757446,4662.693391345796,0.0938158698734783,0.0938158677447409
163,train,0.5005040322580645,0.90368018018943,0.4082550728513348,0.2754092855799582,0.3262840361204198,0.4082550732519037,0.4965906754055971,0.0941793608769614,13.45078581122942,0.2938365006959566,0.2938365071050582,4249.04053273765,20.69312278942396,4257.408224785288,1e-06,,0.2480329630836363,0.931415787307165,57.42573404312134,4249.04019634698,0.0894908099885909,0.0894908095479652
163,val,0.4705357154210408,0.9798684262094044,0.438669489962714,0.2861349816833223,0.3570367665517898,0.4386694928010304,0.5542099866129103,0.1991500222966784,38.74386415027437,0.2932952926272437,0.2932952947559811,4577.961079915364,62.67552166893368,4584.975932173295,1e-06,62.67552166893368,0.2480079936129706,0.9327864533378964,6.946645021438599,4577.961065383184,0.0910910336034638,0.091091035022622
164,train,0.5007056452894724,0.9042633534759604,0.4081501906277031,0.2748929982384046,0.3241188002209509,0.4081501869424697,0.4993051953052961,0.091853654512795,13.363250419657716,0.2937332294000092,0.2937332338863803,4146.956979608023,20.421900477460635,4155.151729884292,1e-06,,0.24817357444635,0.931233278205318,57.83331322669983,4146.956648057507,0.0894942411411834,0.0894942413014109
164,val,0.4705357154210408,0.9670472400529044,0.4367575787362598,0.2911786536375682,0.3774586092858087,0.4367575844128926,0.5416325486841655,0.1987937468857992,39.46108990623837,0.2913371899298259,0.2913371934777214,4649.231233142671,63.26932816278367,4654.743797348485,1e-06,63.26932816278367,0.2503714568558193,0.9326199662117732,7.050622224807739,4649.231175013951,0.0916669230375971,0.0916669212636493
165,train,0.5003024193868842,0.9048536820437318,0.408447517983375,0.2753197505108772,0.3263521918686487,0.4084475179032613,0.4990417431359009,0.0949620968431875,13.58583644641343,0.2936342382623303,0.2936342462737073,4173.043412587976,20.87491080068773,4181.44679505833,1e-06,,0.2482049156741429,0.9314679448963492,57.78266763687134,4173.043409286007,0.0894497906168301,0.0894497907370008
165,val,0.4705357154210408,0.9783696134885153,0.4388482116517566,0.2866467585166295,0.3566348396596454,0.4388482088134402,0.5539812048276266,0.1982837418715159,38.72095562162853,0.2878621802443549,0.2878621923071997,4601.967747279576,62.84275627136231,4610.838580137311,1e-06,62.84275627136231,0.247836525951113,0.932903215998695,7.05111837387085,4601.96783156622,0.0907054401579357,0.0907054419318835
166,train,0.500134408634196,0.9071365019647024,0.4083789381128485,0.2754141333442862,0.3276889342614399,0.4083789386736449,0.4972610814516903,0.0954134366725401,13.936549473834294,0.2934622937633145,0.2934623000121886,4137.295603393227,21.570875042228288,4144.255094277738,1e-06,,0.2481755589445432,0.9313013303664422,57.61309218406677,4137.295272129838,0.0895663036774563,0.0895663035572857
166,val,0.4705357154210408,0.976818933373406,0.4376092113199688,0.2876303046941757,0.3665472595464615,0.4376092070624942,0.5491605621008646,0.1983651259825343,38.97514070783343,0.2948511583464486,0.2948511555081322,4649.808826264881,62.99996757507324,4660.034191524621,1e-06,62.99996757507324,0.2527349030687695,0.9321461774054028,7.142407178878784,4649.8088611421135,0.0952630472325143,0.0952630479420934
167,train,0.4998991935644098,0.9066431887688176,0.4086986718479023,0.2747000698601046,0.3231235473386703,0.408698670566082,0.4982617740188875,0.0915571439770921,13.657850237302885,0.2936503460971258,0.2936503549096405,4024.689544944353,21.00566983222961,4032.0539347330728,1e-06,,0.2476760231519258,0.9316663825383752,57.661372661590576,4024.689547466976,0.0894890658717642,0.0894890654711954
167,val,0.4705357154210408,0.9773121703238714,0.4365892495427813,0.2881010813372476,0.3729993275233677,0.4365892452853067,0.5458493942306155,0.1979577860661915,39.02083487737747,0.3025599008514767,0.3025599100760051,4680.578575497582,63.14740480695452,4694.511902225378,1e-06,63.14740480695452,0.2554481866813841,0.932026037148067,6.913737773895264,4680.578619094122,0.0994822237463224,0.0994822233915329
168,train,0.5012096775475369,0.9040459679659976,0.4078106994750679,0.2747653423137562,0.325330866761105,0.4078107002762056,0.4944575836741796,0.0929025215327098,13.388663448313231,0.2935730935104431,0.2935731004002274,4059.078560470253,20.73800959382006,4067.148137955072,1e-06,,0.2483515057672736,0.9314163702149544,58.33148741722107,4059.07856336204,0.0894798332404705,0.0894798332404705
168,val,0.4705357154210408,0.9787679598444984,0.4388270520028614,0.2868879309722355,0.3576989017781757,0.4388270520028614,0.5535387850943065,0.1971281220515569,38.83596520196824,0.2904052720183417,0.290405280533291,4667.22086297898,63.07291158040365,4674.236780894887,1e-06,63.07291158040365,0.2499201723507472,0.9325063171840848,7.126674175262451,4667.220993768601,0.0908436640387489,0.0908436629743803
169,train,0.5008736560421605,0.9039486342219896,0.4078568768917873,0.2747371659003278,0.3250718454840363,0.4078568782537214,0.4952054507629845,0.095722785079351,13.805741084519251,0.2935817640635275,0.2935817674283058,4196.105438437513,21.24808656015704,4204.213487865307,1e-06,,0.2477198319249255,0.9315662723715588,58.6490170955658,4196.105779832409,0.0894387825041689,0.0894387823038844
169,val,0.4705357154210408,0.9758484278406416,0.4381741562059947,0.2882879333836691,0.3640109456720806,0.4381741498197828,0.5492593944072723,0.1979794101346106,38.82815669831776,0.2924509332293555,0.2924509311006182,4631.363333565848,62.95485696338472,4640.743667140152,1e-06,62.95485696338472,0.250431898803938,0.932483843394688,6.8829779624938965,4631.363414946057,0.0915312731549853,0.0915312745741435
170,train,0.5005040322580645,0.903581450863551,0.4078267647694515,0.2751279865061083,0.3274279206350285,0.407826764609224,0.4944144433304187,0.0906964240655783,13.8760664386134,0.2931056543383547,0.2931056628304143,4291.75873701034,21.20450640750188,4300.514903331205,1e-06,,0.2482800269799847,0.9315084468933844,59.57338166236877,4291.759067699473,0.0895233359388125,0.0895233358586988
170,val,0.4705357154210408,0.9729534699803308,0.4365489440304892,0.2886099694740204,0.3716536320391155,0.4365489447400683,0.5449371579147521,0.1984386766950289,39.2624443599156,0.2960096448659897,0.2960096583479926,4647.326526460193,63.19389079865955,4653.293045691288,1e-06,63.19389079865955,0.2512317257268088,0.9323171150116694,7.03402042388916,4647.326558430989,0.0940299399551891,0.0940299371168727
171,train,0.5012096775475369,0.9007372256889138,0.4073296677201025,0.2763359748548077,0.3320604378497728,0.4073296697229467,0.492913432098845,0.0938174611418157,13.455496244533087,0.2928767600046691,0.2928767659330881,4122.696592269405,20.8672697800462,4130.871800011015,1e-06,,0.2489793544174522,0.9312626379792408,58.21777009963989,4122.6965948945735,0.0896799381301608,0.0896799383304452
171,val,0.4705357154210408,0.9772540217354184,0.4374554817165647,0.2874655780338105,0.3656737009684245,0.4374554831357229,0.5487315548317773,0.1974390440043948,39.0484984261649,0.2952697766678674,0.2952697851828166,4693.709152948289,63.26724779038202,4701.608664772727,1e-06,63.26724779038202,0.2518914952164605,0.932120817048209,6.981284379959106,4693.7090744745165,0.0949215700938588,0.0949215693842797
172,train,0.5008736560421605,0.9033328975721072,0.4075115946752409,0.2747756850815588,0.3276864842221301,0.4075115944749565,0.4974803096184166,0.0943445802255663,13.644986003957769,0.2933425890502109,0.2933425933763545,4226.959123939596,21.115965735527777,4235.331319830795,1e-06,,0.2482062101524363,0.9312302098479324,58.22876262664795,4226.959123098722,0.0895447706182797,0.0895447706182797
172,val,0.4705357154210408,0.9670593511490596,0.4366267096428644,0.2908179582584472,0.3758233374073392,0.4366267075141271,0.5420223942824772,0.1966973646056084,38.9288509005592,0.2890343793800899,0.28903438718546,4686.032464890253,63.232296353294736,4690.351340553977,1e-06,63.232296353294736,0.2522490925732113,0.9316655681246804,7.070121049880981,4686.032621837798,0.091666250356606,0.0916662489374478
173,train,0.5006720430107527,0.9044157168878022,0.4077439077438847,0.2745766500311513,0.3263395744305785,0.407743908304681,0.4958672472626291,0.0956866339409864,13.34305421511332,0.2932918284849454,0.2932918337724542,4133.984096322009,20.73675640936821,4142.113980287494,1e-06,,0.2481516040461037,0.9312867535057888,58.38854336738586,4133.984095050442,0.0895059615053156,0.0895059614652587
173,val,0.4705357154210408,0.9708148382958912,0.4368886131615865,0.2892210568700518,0.3707062275636764,0.4368886103232701,0.5449082595961434,0.1982948673622948,39.30175490606399,0.2897833912145524,0.2897833841187613,4673.411699567522,63.33930887494768,4678.106782670455,1e-06,63.33930887494768,0.2506148063001178,0.932349755650475,6.919861793518066,4673.411690848215,0.0909545098741849,0.0909545081002371
174,train,0.5005712365751626,0.9057672065432354,0.4080334015751398,0.2744975065992724,0.3247284064850499,0.4080334024563912,0.497685479420808,0.0935852947013993,13.6685231167783,0.2930505746795285,0.2930505804477199,4065.466499205559,20.644164854480373,4072.237748661748,1e-06,,0.2482031496462001,0.9315220752070028,58.707887411117554,4065.466156990297,0.0894875598530615,0.0894875596527771
174,val,0.4705357154210408,0.9880984737759544,0.4371893668458575,0.284156390598842,0.3607106152034941,0.4371893725224903,0.5531930128733317,0.1986125572806313,39.14934739612398,0.307816743850708,0.3078167417219707,4804.171221051897,63.64319065638951,4821.824328243371,1e-06,63.64319065638951,0.2552531638315746,0.9317290782928468,7.089723348617554,4804.171305338542,0.1001520288132485,0.1001520281036694
175,train,0.5005040322580645,0.9047750241012984,0.4077342022811213,0.2743784125133227,0.3247468305691596,0.4077342030021452,0.4940704688910515,0.0907925389586917,13.272965608104585,0.2937335580266932,0.2937335642755672,4003.993102371052,20.350675385485413,4011.939602681684,1e-06,,0.2481897041522046,0.931400962093825,58.19321823120117,4003.993102576143,0.089483429747884,0.0894834302686235
175,val,0.4705357154210408,0.9831279544603256,0.4386841512861706,0.2856772939364115,0.3566039871601831,0.4386841527053288,0.5545568004960105,0.1979073562792369,38.8115348815918,0.2943284646386191,0.2943284816685177,4713.8765375046505,63.2706603095645,4722.103127959281,1e-06,63.2706603095645,0.2497897566783996,0.9329934205327716,7.0281407833099365,4713.876595633371,0.094085313024975,0.0940853119606063
176,train,0.5006720430107527,0.9055404018971228,0.4078643875577116,0.2743623395280171,0.3255411837530392,0.4078643890798732,0.4983159715850507,0.0924965098940877,13.40923636190353,0.2932703953276398,0.2932704018969689,4211.393757584275,20.908693598162746,4219.814995587795,1e-06,,0.2484341818158344,0.93147910089903,57.971789836883545,4211.394090180756,0.0895141960792644,0.0895141960792644
176,val,0.4705357154210408,0.9807634694235664,0.4383224546909332,0.2856760720411936,0.3575448464779627,0.4383224589484079,0.5539285703783944,0.1967623077687763,39.08526929219564,0.2904046163672492,0.2904046184959866,4763.730759393601,63.56759561811175,4769.983777225379,1e-06,63.56759561811175,0.2503995945056279,0.9326480087779816,7.02131199836731,4763.7308029901415,0.0930965624394871,0.0930965603107497
177,train,0.5005040322580645,0.9045075884749813,0.4077653154250114,0.2750336924387562,0.3271538562351657,0.4077653147841013,0.4961626085863319,0.0926060585645578,13.299231718945247,0.2932245540682987,0.2932245596762626,4175.557150789487,20.54724516407136,4184.011432172473,1e-06,,0.2488912833474015,0.9313264989083812,58.02707314491272,4175.557149784539,0.0895410317486973,0.0895410317887542
177,val,0.4705357154210408,0.983069365932828,0.4378388829174496,0.2851357772236779,0.3577938533964611,0.4378388779503958,0.5532444573584057,0.1974861852469898,38.8045457204183,0.2993880865119752,0.2993880936077663,4616.998982747396,63.07840619768415,4625.187473366477,1e-06,63.07840619768415,0.2508098703055155,0.9321225427445912,7.089496612548828,4616.998968215215,0.0941714172561963,0.0941714158370381
178,train,0.5006720430107527,0.9080663195220372,0.407924581198923,0.2741828163464864,0.3286520734589587,0.4079245831216535,0.4968061810058932,0.0957550497184838,14.386574229886454,0.2931991426214095,0.2931991474282357,6453.786236773255,22.164517089884768,4165.946089105574,1e-06,,0.248683991851986,0.9313959716468728,58.18614220619202,6453.786909267466,0.0895481798196992,0.0895481804205525
178,val,0.4705357154210408,0.981786202816736,0.4376986239637647,0.2857736774853298,0.3604056381043933,0.4376986296403976,0.5521617162795294,0.1967725980849493,38.84919275556292,0.2955567297481355,0.2955567418109803,4701.48480515253,63.1159413655599,4716.962951290247,1e-06,63.1159413655599,0.2532116983618055,0.9324863184066046,6.95374608039856,4701.484764462426,0.0964648666835966,0.0964648670383862
179,train,0.5008736560421605,0.9069622860800836,0.4079262326641749,0.2734312233264728,0.3221219000957345,0.4079262309817857,0.495822905292434,0.0927681473674633,13.426043028472572,0.2934496417160957,0.2934496482854248,4073.7417935607255,20.88657800100183,4081.464197599366,1e-06,,0.2480444334527497,0.9314644407200556,57.38905692100525,4073.741793314616,0.0895284669453738,0.0895284673859996
179,val,0.4705357154210408,0.9751196673938206,0.4371607523588907,0.2878318946985971,0.3675174613793691,0.4371607587451026,0.5478695233662924,0.1966409715158598,38.97074871971493,0.291059408159483,0.2910594188031696,4643.860677083333,62.86035065423874,4655.915191465436,1e-06,62.86035065423874,0.2512902723891394,0.9326584679739816,6.975236654281616,4643.860514322917,0.0950188739668755,0.0950188729025068
180,train,0.501108871031833,0.9036025981749256,0.4071201847926263,0.2740751665926749,0.3255704884888023,0.4071201833505784,0.4948105082636879,0.0922493411688714,13.50118015914835,0.2930526957716993,0.293052700738753,4048.4915213841264,20.55670313168597,4056.333076471913,1e-06,,0.2485830748593935,0.9314317107200624,58.85925245285034,4048.4911857522943,0.0896064599034606,0.08960645978329
180,val,0.4705357154210408,0.9787438000951496,0.4380476027727127,0.2866658646435964,0.3600059960569654,0.438047597805659,0.5516371762468701,0.1962584267769541,38.66038313366118,0.2919271737337112,0.2919271787007649,4608.632254464285,62.757116681053525,4605.230720288826,1e-06,62.757116681053525,0.2503496309121449,0.9323180119196574,6.952934503555298,4608.632106236049,0.0913672997128395,0.0913673004224186
180,val_periodic_epoch_180,0.4705357154210408,0.9787438000951496,0.4380476027727127,0.2866658646435964,0.3600059960569654,0.438047597805659,0.5516371762468701,0.1962584267769541,38.66038313366118,0.2919271737337112,0.2919271787007649,4608.632254464285,62.757116681053525,4605.230720288826,1e-06,,0.2503496309121449,0.9323180119196574,6.769790410995483,4608.632106236049,0.0913672997128395,0.0913673004224186
181,train,0.5001008065157039,0.9063699320759824,0.4079977838743117,0.2742338627576828,0.3243333750194119,0.4079977828328327,0.4965860499970375,0.0918184091807693,13.25340134866776,0.2932578903693025,0.2932578978999968,4141.356265960201,20.407397242002588,4149.222418767756,1e-06,,0.2484195147470761,0.9315087939462354,58.72483420372009,4141.356265796128,0.0895697986807233,0.0895697990011784
181,val,0.4705357154210408,0.9747741562979562,0.4362102974028814,0.2886857127859479,0.3740157201176598,0.436210294564565,0.5437270871230534,0.1960730740711802,39.06240381513323,0.2988203834919702,0.2988203920069195,4677.741768973215,63.20929091317313,4689.016138435132,1e-06,63.20929091317313,0.2566356900192442,0.931301684606643,7.033540487289429,4677.741803850447,0.097365182070505,0.0973651824252946
182,train,0.5010752687531133,0.9055330179711824,0.407486858467261,0.2739290685583186,0.3238716120681455,0.4074868604701052,0.4980505654408085,0.0929809925496898,13.415499902540638,0.2929918530487245,0.292991857054413,4181.377803269253,20.5811604556217,4189.837881207707,1e-06,,0.2490043712239111,0.9313431696225238,58.76996946334839,4181.3778080068605,0.0895655483648341,0.0895655488855736
182,val,0.4705357154210408,0.9778534968694051,0.438042300088065,0.2873002801622663,0.361146806251435,0.4380422986689068,0.5505130887031555,0.1968213103356815,39.015802655901226,0.2889218195563271,0.2889218231042226,4669.853916713169,63.13244038536435,4678.406205610795,1e-06,63.13244038536435,0.2501845317227499,0.9323367873827616,6.929509401321411,4669.853922526042,0.0908245699746268,0.0908245699746268
183,train,0.5006048387737685,0.9039064996665525,0.4077155793546348,0.2757374911058333,0.3305294494475088,0.4077155796750899,0.4945484523971875,0.093275105059948,13.855142049891974,0.2924955141159795,0.2924955186023507,4132.130902608235,21.13936181222239,4140.101044831453,1e-06,,0.2499102847550505,0.9312013967703748,58.93614029884338,4132.130568227461,0.0895736181848151,0.0895736183450427
183,val,0.4705357154210408,0.9796846367063976,0.4368082646812711,0.2870600642192931,0.3678459283851442,0.4368082753249577,0.5475148005144936,0.1972991125214667,39.25681477501279,0.2984162597429184,0.2984162611620767,4738.311883835566,63.56376956758045,4742.779675662879,1e-06,63.56376956758045,0.2546560515960057,0.9320651037352424,6.948420286178589,4738.311933244978,0.0976706697117714,0.0976706682926132
184,train,0.5004704301395724,0.9055488627123576,0.4077161574555981,0.2743832839913265,0.3251630989934808,0.4077161574555981,0.497071092067066,0.0910178334602425,13.210862075128864,0.2925428168107105,0.2925428248220874,4116.106313008134,20.007132384084887,4123.9906607579705,1e-06,,0.2490304997691544,0.9312669663659988,58.52160453796387,4116.106649932041,0.0896022083057511,0.0896022091870026
184,val,0.4705357154210408,0.9787304713612512,0.4364450701645442,0.2870962094692957,0.3685265155065627,0.4364450673262278,0.5466657933734712,0.196915093986761,39.12443887619745,0.2994978640760694,0.2994978633664903,4648.436517624628,63.14642533801851,4657.381223366478,1e-06,63.14642533801851,0.2547431722992942,0.9319964618909926,7.039878129959106,4648.436424618676,0.096608409569377,0.0966084081502187
185,train,0.5008736560421605,0.9039687027213394,0.4072083213156269,0.274493349976437,0.3272911423156338,0.4072083201940342,0.4967900257237175,0.0916701513993483,13.401979338738226,0.2925279515404855,0.292527955546174,4013.925448099772,20.705857912699383,4021.939560275608,1e-06,,0.2489932483883314,0.9315188559152748,58.28523588180542,4013.925448263845,0.0895683354027168,0.0895683358833994
185,val,0.4705357154210408,0.9715092210542589,0.4365678174155099,0.2888716118676321,0.3711957633495331,0.4365678159963517,0.5447267904168084,0.1958715301894006,39.07393464587984,0.2898251825854891,0.2898251783280146,4646.85598609561,62.91253162565685,4653.507966382575,1e-06,62.91253162565685,0.2525300979614258,0.9320596428144544,7.034804821014404,4646.8559977213545,0.0922160333111172,0.092216031891959
186,train,0.5008064516449487,0.9072034416660186,0.4078132735705503,0.2743291608107987,0.3251110133464618,0.4078132715677061,0.497442654984933,0.091037329927247,13.391768588814683,0.2924730622319765,0.2924730694422158,4126.940631497291,20.51866906945424,4135.155762766828,1e-06,,0.248864683572964,0.9314721979761637,59.02635097503662,4126.94130544765,0.0896407571691338,0.0896407570890201
186,val,0.4705357154210408,0.973652618271964,0.4371254940827687,0.2884597373860223,0.3672349396206084,0.4371254940827687,0.5465189104988462,0.1964841208287648,39.26836922055199,0.2899967779715856,0.289996780809902,4633.4201253255205,63.08979688371931,4636.912062026515,1e-06,63.08979688371931,0.2519819317829041,0.9320456527528308,6.97622537612915,4633.420168922061,0.0909389768327985,0.0909389771875881
187,train,0.501008064516129,0.9084511085223126,0.4078213973872123,0.2736979812704107,0.3237152991275633,0.4078213978678949,0.5009376418686682,0.0913291696699396,13.57489525887274,0.2921477134830208,0.2921477208534876,4300.135572289908,20.80896314497917,4308.8307942091815,1e-06,,0.2498461824431214,0.931110587491784,58.34054350852966,4300.135572884672,0.0895773020162377,0.0895773022966359
187,val,0.4705357154210408,0.9688216703278678,0.4339425705728076,0.290720339332308,0.3876971446332477,0.4339425705728076,0.5351236271006721,0.1964323162322952,39.64233716328939,0.3040310350202378,0.3040310236669722,4665.829514276414,63.30649911789667,4667.414459043561,1e-06,63.30649911789667,0.2587135930856069,0.9314862546466646,7.168167352676392,4665.82953171503,0.0975230275875046,0.0975230268779255
188,train,0.4998991935644098,0.9084302517034676,0.408197632560166,0.2741326312384298,0.325686301675535,0.4081976323198246,0.4986475095633537,0.0934049634923858,13.261114161501649,0.2927413680540618,0.2927413736620257,4165.461048044184,20.543184623923352,4167.783656860763,1e-06,,0.2496290344704863,0.9313038734979528,57.88231182098389,4165.461383799071,0.0895882646643346,0.0895882647845053
188,val,0.4705357154210408,0.9981120995112828,0.4379184047381083,0.2808222933894112,0.3486509096054804,0.4379184075764247,0.5598122960045224,0.197176694160416,38.83917417980376,0.3094554373196193,0.309455435190882,4632.989609491257,62.936702274140856,4644.657096354166,1e-06,62.936702274140856,0.2541069218090602,0.9316639616375878,6.93820071220398,4632.989763532366,0.0961300989701634,0.0961300986153738
189,train,0.5002688172683921,0.9053398928334636,0.407697285535515,0.2744161423335793,0.3257531712773026,0.4076972869775628,0.4970499563121026,0.0915396020857877,13.439385790978708,0.2921643438198233,0.2921643486266495,4192.635453336982,20.73950764697085,4198.348511893018,1e-06,,0.2496250157234489,0.9314470156546562,58.30578303337097,4192.635786528228,0.0896475283048486,0.0896475281045642
189,val,0.4705357154210408,0.9831743126823788,0.4377821981906891,0.2851476066169284,0.3569747578530085,0.4377822081247965,0.5531336863835653,0.1972964200235548,38.75100753420875,0.2924401476269677,0.2924401476269677,4635.348005022322,62.69146610441662,4653.106577000473,1e-06,62.69146610441662,0.252498787073862,0.9325567796116784,6.9768688678741455,4635.348016648066,0.0946612574514888,0.094661255677541
190,train,0.5006384408922606,0.906093254685402,0.4075350360043587,0.2741495138534935,0.3269261908467098,0.4075350372060652,0.496815809038698,0.0918286587161723,13.564156155432425,0.2922724261078783,0.2922724305942494,4215.438452464278,21.1135686315516,4223.26674823183,1e-06,,0.2492842129481736,0.931332003685736,58.630605936050415,4215.438777800529,0.0895339633508395,0.0895339629903275
190,val,0.4705357154210408,0.9847400330361866,0.4375065444480805,0.2843306717418489,0.3569338421026866,0.4375065444480805,0.5536946647223973,0.1965246197013627,39.02080990019299,0.2944041178340003,0.2944041249297914,4712.0715099516365,63.4107859475272,4717.096354166667,1e-06,63.4107859475272,0.2526241370609828,0.9322718779246012,7.03581976890564,4712.071527390253,0.0951496738763082,0.0951496721023605
191,train,0.5008400537634409,0.906614831057928,0.4074620155076827,0.2739636652091498,0.325462300130116,0.4074620152673414,0.4971162468815843,0.0895213302905841,13.460651938633251,0.292160665796649,0.2921606709239303,4135.631220438148,20.37369151781964,4142.6078102599895,1e-06,,0.2495698925628457,0.9313021202882132,58.73308277130127,4135.631218489781,0.0895218277570381,0.0895218279172656
191,val,0.4705357154210408,0.9839260975519816,0.4374396233331589,0.2859316595963069,0.3619405229886372,0.4374396176565261,0.5507890099570865,0.1969066553172611,38.844335101899645,0.2971404514142445,0.2971404627675101,4658.821271623884,62.87966973440988,4673.499067826705,1e-06,62.87966973440988,0.2548621481373196,0.932096174785069,7.002138376235962,4658.821291968936,0.0970380249477568,0.0970380242381777
192,train,0.5006384408922606,0.9064972924609338,0.4075754792780005,0.2741106114881013,0.3262158593022695,0.4075754788774316,0.4961110886226418,0.0919326441662926,13.074867317753451,0.2919165048227515,0.2919165121932183,4051.1296060828754,20.315518656084613,4059.041893503722,1e-06,,0.2496578808753721,0.9312721570973757,58.62155270576477,4051.1296067801854,0.0895785818737681,0.0895785823945076
192,val,0.4705357154210408,0.9705665310223898,0.4370438428152175,0.2890849432774952,0.3685261365913209,0.437043852749325,0.5456745993523371,0.1961020937278157,39.008476802280974,0.2820361909412202,0.2820361944891157,4615.883544921875,62.94567371550061,4622.272324810606,1e-06,62.94567371550061,0.250144987588837,0.9326250042234148,7.097085475921631,4615.883440290178,0.090869780807268,0.0908697793881098
193,train,0.5006384408922606,0.9053330520788828,0.4073191959691304,0.2740487097412027,0.3258673230646759,0.4073191950878789,0.4950292779793662,0.0917667460938294,12.84586484714221,0.2920453277646854,0.2920453352953798,3949.172241600611,19.59040944294263,3957.3021637861975,1e-06,,0.2494248418558028,0.931419285394812,58.572319746017456,3949.172576104441,0.0895643089247006,0.089564308764473
193,val,0.4705357154210408,0.9771720483189538,0.4357489971887497,0.2868077605962753,0.3702802189758846,0.4357489915121169,0.5453855097293854,0.1964090952561015,39.00079136803036,0.2963716919933046,0.2963716990890957,4632.098135811942,63.04708671569824,4638.507427793561,1e-06,63.04708671569824,0.2544210453828175,0.9321397117206028,7.025079011917114,4632.098223005022,0.0946172858987535,0.0946172869631222
194,train,0.5014112902584896,0.907189997934526,0.4073519807268855,0.2731249262728998,0.3232971372142915,0.4073519810473406,0.4991224718991146,0.0900230279132243,13.198491273387786,0.2923135967344366,0.2923136015412628,4056.898029778594,20.51808117282006,4065.120157928981,1e-06,,0.249362224132143,0.9313505859144272,58.13311195373535,4056.898028383973,0.0896763496741812,0.0896763503551483
194,val,0.4705357154210408,0.97685915799368,0.4375894928262347,0.2872337024836313,0.3629903012797946,0.4375894921166556,0.5496029683521816,0.196693079102607,39.01390911283947,0.2869673115866525,0.286967322230339,4670.884710402715,63.11687315078009,4683.080261600378,1e-06,63.11687315078009,0.2515185858522142,0.932417739005316,6.959108352661133,4670.884762718564,0.0927297480049587,0.0927297483597483
195,train,0.5004704301395724,0.9089709126180218,0.4080708359358131,0.2732138236363728,0.3210081551824846,0.4080708359358131,0.4962905625342041,0.0912097915205904,13.344784523851128,0.2920690742872094,0.2920690800554009,3989.574843745078,20.356634998834263,3997.31074876368,1e-06,,0.249626359391597,0.9313303510988912,57.65630769729614,3989.575179356401,0.0895593349010713,0.089559335021242
195,val,0.4705357154210408,0.9787086929593768,0.4368260240270978,0.2862450352736881,0.3635096223581405,0.4368260275749933,0.5490476034936451,0.1961233970664796,38.93304761250814,0.2936700426396869,0.2936700518642153,4640.72199358259,63.16405296325684,4645.262949810606,1e-06,63.16405296325684,0.2536464638653256,0.9318307496252514,7.043503284454346,4640.722133091518,0.0942846412460009,0.09428464195558
196,train,0.5006384408922606,0.908134066289471,0.4077153868412458,0.2729964854736482,0.3227634717540074,0.4077153845179465,0.4976911288435741,0.0905478026677844,13.017481334747806,0.2921927399853224,0.2921927467148791,4113.370564491518,20.41075660336402,4121.563571259469,1e-06,,0.2494874334623736,0.9311647219683534,58.03993535041809,4113.370562686715,0.0896257325926775,0.0896257327128482
196,val,0.4705357154210408,0.9778585888090588,0.4368629696823302,0.2867344475927807,0.364778785478501,0.4368629725206466,0.5484415115345092,0.1961416396356764,39.09159633091518,0.2933048116309302,0.2933048201458795,4653.996791294643,63.11165518987747,4663.964103929924,1e-06,63.11165518987747,0.2528251828182311,0.9323757744970776,6.93907356262207,4653.996878487723,0.0928609002204168,0.0928608991560481
197,train,0.5008400537634409,0.9085480952134696,0.4076433120075092,0.273007810516383,0.3225041653520317,0.4076433130489882,0.4986502015462485,0.0919355766907815,13.471730265566098,0.2921370229413432,0.2921370296708999,4029.774949145573,20.586997834585045,4037.110501458268,1e-06,,0.2496770700459839,0.9313772772589036,58.22587132453919,4029.77461355476,0.0896039564683232,0.0896039561478681
197,val,0.4705357154210408,0.9737210472424824,0.4357023948714846,0.2875104454301652,0.3717442083926427,0.4357023955810638,0.5444366108803522,0.1967160652081171,39.25391006469727,0.2938200561773209,0.293820063273112,4649.025925409226,63.303139187040784,4649.874789891099,1e-06,63.303139187040784,0.2540712086927323,0.9316496621994744,7.140613794326782,4649.0258062453495,0.092754949416433,0.0927549504808017
198,train,0.5004368280210802,0.90880919976901,0.4079402427199066,0.2733352148244458,0.3232219088622319,0.4079402396755834,0.4971815704578353,0.0902170096874557,13.21101434769169,0.2918129287740236,0.2918129339013048,3928.450396609562,20.22113356538998,3936.474422472816,1e-06,,0.2497312870397362,0.9312925357972422,58.3791868686676,3928.450732261904,0.0896367658610625,0.0896367655406075
198,val,0.4705357154210408,0.971434181644803,0.4363153690383548,0.2887837581691287,0.3717187557901655,0.4363153732958294,0.5440768869150252,0.195738432308038,39.097019377208895,0.2878081883702959,0.2878081997235616,4673.096612839472,63.1900684719994,4674.024976325758,1e-06,63.1900684719994,0.2536069303750992,0.9321905431293306,7.072674036026001,4673.096577962239,0.0943027039368947,0.0943027018081574
199,train,0.501108871031833,0.9078032786166796,0.4072394984704192,0.2725202999608491,0.3218135233688098,0.407239499592012,0.4992485632819514,0.0923969017602102,13.612572362346034,0.291844267358062,0.2918442740876187,4196.005978758617,20.771233845782536,4204.282350102178,1e-06,,0.249179794342928,0.9316265647129346,58.04298448562622,4196.005647331156,0.0895354852320686,0.0895354844709878
199,val,0.4705357154210408,0.9796331042335148,0.4374744395414988,0.2855983121054513,0.3596136740275791,0.4374744402510779,0.551725352803866,0.1964320980367206,38.96597744169689,0.2881107748973937,0.2881107862506594,4639.454842703683,63.0418883732387,4650.618890565815,1e-06,63.0418883732387,0.2512987738563901,0.9327019907179332,7.030543327331543,4639.454880487351,0.0929680821441468,0.0929680814345677
200,train,0.5012432795058015,0.9061184958104164,0.4071510869969604,0.273003833748961,0.3232854874704474,0.4071510841929784,0.4933609456945491,0.0895245824690147,12.800717482002833,0.2920679573410301,0.2920679621478563,4072.847682911863,19.855909239861276,4081.212454721984,1e-06,,0.2492613659430575,0.931338667869568,58.23675394058228,4072.847686295868,0.0895525059232147,0.0895525063237836
200,val,0.47053571542104083,0.9928074876467387,0.4395091618810381,0.2813550297703062,0.341535903158642,0.4395091689768292,0.5633163033496766,0.19661853107668104,38.655865805489675,0.2904450325738816,0.29044504179840996,4624.398242768787,62.836848758515856,4639.223218513258,1e-06,62.836848758515856,0.2498768355165209,0.9325571627843947,7.081599950790405,4624.398207891555,0.09084863322121757,0.09084863393079667
