epoch,phase,bucket_acc,bucket_ce,bucket_distance_l1,bucket_entropy,bucket_expectation_l1,bucket_index_l1,bucket_prior_kl,calorie_from_map_l1,calorie_mae,calorie_map,calorie_map_l1,calorie_mse,calorie_rmse,loss,loss_contrast,loss_reconstruction,loss_total,lr,scheduler_metric,segmentation,segmentation_dice,time_sec,total_calories,volume,volume_mae
1,selfsup,,,,,,,,,,,,,,,2.109683489927681,0.3195359734117344,2.2694514823216263,,,,,,,,
2,selfsup,,,,,,,,,,,,,,,0.986931552649826,0.2425738089988308,1.1082184596728253,,,,,,,,
3,selfsup,,,,,,,,,,,,,,,0.542194959296975,0.2313154028948917,0.657852661385331,,,,,,,,
4,selfsup,,,,,,,,,,,,,,,0.3969162520702167,0.1970353880396453,0.4954339467710064,,,,,,,,
5,selfsup,,,,,,,,,,,,,,,0.3396538478392427,0.2064694303578587,0.4428885615961526,,,,,,,,
6,selfsup,,,,,,,,,,,,,,,0.2884001147042038,0.1764513825777397,0.3766258072148087,,,,,,,,
7,selfsup,,,,,,,,,,,,,,,0.2589156283966957,0.1675702123151671,0.3427007344140801,,,,,,,,
8,selfsup,,,,,,,,,,,,,,,0.2298647706066408,0.1674499765278831,0.3135897586903264,,,,,,,,
9,selfsup,,,,,,,,,,,,,,,0.2211197411981962,0.1535771116213773,0.2979082968286288,,,,,,,,
10,selfsup,,,,,,,,,,,,,,,0.2070983127560667,0.1530507337101685,0.2836236790303261,,,,,,,,
11,selfsup,,,,,,,,,,,,,,,0.2000239771860902,0.1466798650160912,0.2733639094137376,,,,,,,,
12,selfsup,,,,,,,,,,,,,,,0.1966037729815129,0.1444717201814856,0.2688396323912887,,,,,,,,
13,selfsup,,,,,,,,,,,,,,,0.182415787891675,0.1346575175962781,0.2497445466697856,,,,,,,,
14,selfsup,,,,,,,,,,,,,,,0.1795102785671911,0.1389777405207516,0.2489991485271402,,,,,,,,
15,selfsup,,,,,,,,,,,,,,,0.1736471894127066,0.1282653019072548,0.2377798401059642,,,,,,,,
16,selfsup,,,,,,,,,,,,,,,0.170778733948546,0.1251058840463238,0.2333316760518217,,,,,,,,
17,selfsup,,,,,,,,,,,,,,,0.1690817576662827,0.1270625568445652,0.2326130362287644,,,,,,,,
18,selfsup,,,,,,,,,,,,,,,0.162885103935516,0.123886546140076,0.2248283772058384,,,,,,,,
19,selfsup,,,,,,,,,,,,,,,0.15912510450649,0.1181551524067437,0.2182026800288949,,,,,,,,
20,selfsup,,,,,,,,,,,,,,,0.1597760867687963,0.1174721338495772,0.2185121535934427,,,,,,,,
1,train,0.500134408634196,0.623287625050032,0.4193499509685783,0.5867671075687614,2.286999852106135,0.4193499495265304,0.1148733499169509,0.6649843065008041,115.7253240564818,0.197621813544663,0.1976218178708066,28428.725504557293,152.57990022884903,0.5838343877182264,,,,0.0001,,0.587199237718377,0.7567696770032247,290.10110306739807,0.2203606401760411,0.1142271957810848,0.1142271959413123
1,val,0.4690476201829456,0.7430606966926938,0.4343750320729755,0.4957941046782902,1.5921115818477811,0.4343750334921337,0.2293723630053656,0.5229542581808,132.03023965018136,0.4017916846842992,0.401791696037565,31032.946428571428,172.01248132614862,0.6010826190312704,,,,0.0001,172.01248132614862,0.5479289548737662,0.8379817718551272,25.64266896247864,0.2823514902875537,0.1292747432986895,0.1292747429438999
1,selfsup,,,,,,,,,,,,,,,2.109683489927681,0.3195359734117344,2.2694514823216263,,,,,,,,
2,selfsup,,,,,,,,,,,,,,,0.986931552649826,0.2425738089988308,1.1082184596728253,,,,,,,,
3,selfsup,,,,,,,,,,,,,,,0.542194959296975,0.2313154028948917,0.657852661385331,,,,,,,,
4,selfsup,,,,,,,,,,,,,,,0.3969162520702167,0.1970353880396453,0.4954339467710064,,,,,,,,
5,selfsup,,,,,,,,,,,,,,,0.3396538478392427,0.2064694303578587,0.4428885615961526,,,,,,,,
6,selfsup,,,,,,,,,,,,,,,0.2884001147042038,0.1764513825777397,0.3766258072148087,,,,,,,,
7,selfsup,,,,,,,,,,,,,,,0.2589156283966957,0.1675702123151671,0.3427007344140801,,,,,,,,
8,selfsup,,,,,,,,,,,,,,,0.2298647706066408,0.1674499765278831,0.3135897586903264,,,,,,,,
9,selfsup,,,,,,,,,,,,,,,0.2211197411981962,0.1535771116213773,0.2979082968286288,,,,,,,,
10,selfsup,,,,,,,,,,,,,,,0.2070983127560667,0.1530507337101685,0.2836236790303261,,,,,,,,
11,selfsup,,,,,,,,,,,,,,,0.2000239771860902,0.1466798650160912,0.2733639094137376,,,,,,,,
12,selfsup,,,,,,,,,,,,,,,0.1966037729815129,0.1444717201814856,0.2688396323912887,,,,,,,,
13,selfsup,,,,,,,,,,,,,,,0.182415787891675,0.1346575175962781,0.2497445466697856,,,,,,,,
14,selfsup,,,,,,,,,,,,,,,0.1795102785671911,0.1389777405207516,0.2489991485271402,,,,,,,,
15,selfsup,,,,,,,,,,,,,,,0.1736471894127066,0.1282653019072548,0.2377798401059642,,,,,,,,
16,selfsup,,,,,,,,,,,,,,,0.170778733948546,0.1251058840463238,0.2333316760518217,,,,,,,,
17,selfsup,,,,,,,,,,,,,,,0.1690817576662827,0.1270625568445652,0.2326130362287644,,,,,,,,
18,selfsup,,,,,,,,,,,,,,,0.162885103935516,0.123886546140076,0.2248283772058384,,,,,,,,
19,selfsup,,,,,,,,,,,,,,,0.15912510450649,0.1181551524067437,0.2182026800288949,,,,,,,,
20,selfsup,,,,,,,,,,,,,,,0.1597760867687963,0.1174721338495772,0.2185121535934427,,,,,,,,
1,train,0.500134408634196,0.6239850144552929,0.4213088545747983,0.5912161966164907,2.3057094113801115,0.4213088558566186,0.1133959878195998,0.7086630089468854,114.99129303552772,0.2284708273026251,0.2284708323497926,28023.418317897347,151.0672358030914,0.5858631817580072,,,,0.0001,,0.5857428517392886,0.7930893458986795,66.13714241981506,0.2177674398427048,0.1145210227658671,0.1145210224454121
1,val,0.4690476201829456,0.690834505217416,0.4180185993512471,0.5005705314023154,1.5684257916041784,0.4180186050278799,0.2146838442200706,0.5229934922286442,112.303464617048,0.3967009243511018,0.3967009413810003,24919.33117094494,152.54848298572358,0.5306593468694976,,,,0.0001,152.54848298572358,0.5087266252154395,0.8855195584751311,7.598249197006226,0.2226866018914041,0.1010709365918522,0.1010709362370627
2,train,0.5002016130314079,0.8509228884853343,0.4160572975393264,0.3594254187999233,0.7526634035892384,0.4160572978597815,0.3849028448263804,0.485660228758089,94.19641761369604,0.2940683839141682,0.2940683912045212,21477.844110960603,129.27037589780747,0.5607731301776487,,,,0.0001,,0.4363576607998981,0.8880716315520707,60.76787352561951,0.1607691826679373,0.1044707717273824,0.10447077188761
2,val,0.4690476201829456,1.0289034559613182,0.4592384397983551,0.3042707421949931,0.517270069746744,0.4592384454749879,0.5656126375709262,0.4399355408691224,88.65774209158761,0.3078839253811609,0.3078839225428445,18839.098330543155,128.0546587989444,0.5582838123494929,,,,0.0001,128.0546587989444,0.3899382877917516,0.904654724257333,7.108226776123047,0.1602773313366231,0.1194240649541219,0.1194240645993323
3,train,0.4995967742576394,0.9341607818039516,0.4238457640492788,0.309120723797429,0.5645924095184572,0.4238457616458657,0.4759298682773626,0.4406066995955283,91.7186131220992,0.2712402174709946,0.2712402254823715,21724.109238491263,127.34368432978148,0.6649818428437718,,,,0.0001,,0.3703059054190112,0.8985187465785652,60.90593528747559,0.1587991710872419,0.102776897129833,0.1027768969295486
3,val,0.4690476201829456,1.1568556200890314,0.4629216038045429,0.2472969371648062,0.3874460444563911,0.4629216052237011,0.6770407025303159,0.446983699287687,94.3076415289016,0.2742530717736199,0.2742530717736199,22641.932640438987,139.96282486688523,0.7180914730736704,,,,0.0001,139.96282486688523,0.3633638804867154,0.9055409544990176,7.351839303970337,0.1857874663103194,0.1200346623857816,0.1200346616762025
4,train,0.5002016130314079,0.946706810144968,0.4233457649587303,0.2961883246898651,0.5017180080695819,0.4233457673621434,0.4925184696512196,0.4155045011511413,84.97523759001045,0.2820526612221554,0.2820526677113707,18823.80616678217,118.46282887202436,0.7488541024702566,,,,0.0001,,0.3539445090998885,0.903960725633047,59.78739809989929,0.1375399540048293,0.1009084376436407,0.1009084377237545
4,val,0.4690476201829456,0.944506449358804,0.4452736193225497,0.3272055543604351,0.5487461941582816,0.4452736122267587,0.5045453281629653,0.3707356282642909,90.6206183660598,0.2683280486436117,0.26832805786814,14705.23451450893,118.2682124546596,0.7566383423227252,,,,0.0001,118.2682124546596,0.3455676847980136,0.9073756848062788,7.070755958557129,0.1414072476327419,0.1018026474685896,0.1018026453398522
5,train,0.4993951613063453,0.9546572649350732,0.4224405565889932,0.2875471143152124,0.4759064815057221,0.4224405554674005,0.5028065405786037,0.3847638897357448,81.12695771904401,0.2816883180570859,0.2816883231843671,17685.098916330644,114.16856769848896,0.8416040402871591,,,,0.0001,,0.3308825763643429,0.9081462996621286,59.09764385223389,0.1288661010643487,0.0968952673257038,0.0968952678464433
5,val,0.4690476201829456,1.061670598529634,0.4589225124745142,0.2816060504743031,0.4488255452542078,0.4589225053787231,0.6078561955974215,0.3640300943737938,74.77209018525623,0.3067854075204758,0.3067854160354251,12335.74562872024,105.67493293398904,0.8586116201949842,,,,0.0001,105.67493293398904,0.3328489561875661,0.912252235980261,8.293970584869385,0.1139365269669464,0.1064470999297641,0.1064470956722895
6,train,0.5004032257423606,0.9477381018861648,0.4218890090142527,0.2895985552540389,0.4714257882166934,0.4218890108568694,0.5007305047925441,0.3688189505088713,81.6714591569798,0.28580670010659,0.2858067061151227,17540.051707934308,113.32938503962691,0.8317504369449936,,,,0.0001,,0.3216579059759776,0.910971954945595,59.340108156204224,0.1275767929731838,0.0995506370660438,0.0995506369058163
6,val,0.4690476201829456,1.0277515309197562,0.4452431436095919,0.2837085149117878,0.4383121615364438,0.4452431471574874,0.5640207784516471,0.3824985914287113,77.48215566362653,0.2863041503088815,0.2863041531471979,14510.079520089286,112.92054803030832,0.8564005938443271,,,,0.0001,112.92054803030832,0.3235756769066765,0.9133764590535846,6.988056659698486,0.1286668207141615,0.1079273085509027,0.1079273078413236
7,train,0.5,0.953900012918698,0.4216652301050002,0.2849968870480855,0.4613123684320399,0.4216652309061378,0.5098028248676689,0.3633307243386904,79.79031187488187,0.2813011506392109,0.2813011572886539,17484.109798964633,111.81949966184554,0.8254815552371119,,,,0.0001,,0.3155431024810319,0.9119794448857668,61.236547231674194,0.1248385961497983,0.0981962742504253,0.0981962742103684
7,val,0.4690476201829456,1.0093206053688413,0.4435953476599285,0.280404840906461,0.3910050420534043,0.4435953462407702,0.570058408947218,0.3094114590258825,72.54720388139997,0.2995362594014122,0.2995362636588868,12985.674409412202,104.82065836588542,0.7972083619146636,,,,0.0001,104.82065836588542,0.3244955979642414,0.9149707697686696,7.576494693756103,0.1135485285360898,0.1134997120215779,0.113499709538051
8,train,0.5004032257423606,0.9452396595990786,0.4186821903592796,0.28127856640726,0.4387177393961978,0.4186821899587108,0.5047709313772057,0.3337709060920182,73.49305952748945,0.2705525767899329,0.270552582317783,15611.231009534613,103.80681204026745,0.788103851405057,,,,0.0001,,0.3016756739347211,0.915672617573892,59.68208694458008,0.1095473616714439,0.099331992848586,0.0993319930088135
8,val,0.4690476201829456,0.989380609421503,0.4471282079106286,0.3026792336077917,0.4595137210119338,0.4471282100393658,0.5414331008990606,0.3153686849843888,76.68121047247024,0.2802126279899052,0.2802126379240127,12329.941313244048,105.64650254022509,0.8140669840754885,,,,0.0001,105.64650254022509,0.2955128380230495,0.9190352388790676,7.052058935165405,0.1134646107398328,0.0929100573772475,0.092910057022458
9,train,0.4997983871288197,0.94946477666337,0.4195959273205009,0.279550081058856,0.4193183116374477,0.4195959263591356,0.5116330890726017,0.3214168259373275,72.45049394587035,0.2742436749319876,0.274243680700179,15295.44288421959,101.88031975940991,0.7731952522338842,,,,0.0001,,0.2991957988149376,0.9156278903766344,60.91347980499268,0.1046797504788765,0.0982366314818782,0.0982366315219351
9,val,0.4690476201829456,1.174413556144351,0.4600455647423154,0.2342508023693448,0.3890649789855593,0.4600455647423154,0.6901539131289437,0.375362203234718,104.00325520833331,0.3264979294368199,0.3264979393709273,25265.513718377977,148.05627259754,0.9757831223083264,,,,0.0001,148.05627259754,0.3116550942262013,0.9215039412180582,7.18479585647583,0.2076347626390911,0.1292657451260657,0.1292657422877493
10,train,0.5,0.94602129295949,0.41881295069251,0.2796002972510553,0.4194656378158959,0.4188129525351268,0.5092578541527513,0.3260277529717773,70.7741993524695,0.2928565708539819,0.2928565796664966,14691.749318768902,99.89529256923224,0.7704950657356467,,,,0.0001,,0.2972869852217294,0.9171076529128576,61.01093935966492,0.1015450361294932,0.1002336372371001,0.1002336368765882
10,val,0.4705357154210408,1.1007359992890131,0.4564434524093355,0.2601843823989232,0.3548842640150161,0.4564434524093355,0.6346679102806818,0.3195966730515162,74.23027801513672,0.290764719247818,0.2907647306010836,12483.491176060268,105.16106414794922,0.8182620973298044,,,,0.0001,105.16106414794922,0.3023624576273419,0.9202408847354708,7.22882866859436,0.1129510021280674,0.1082522603017943,0.1082522595922152
11,train,0.5002016130314079,0.9539039849594076,0.4197574635987641,0.2781392426420284,0.42550211407805,0.4197574645601293,0.5177237819079109,0.3279610311472288,72.69209455674694,0.294367729976613,0.2943677346232117,15232.118673345094,101.93720669900218,0.780133479813534,,,,0.0001,,0.2922636840933112,0.9171452499845976,59.96188855171204,0.1056172895415495,0.1006366485549557,0.1006366490356383
11,val,0.4705357154210408,0.9462909329505194,0.43399635383061,0.3044009187391826,0.4705944926965804,0.4339963595072428,0.509023809007236,0.3050600222888447,64.72321028936477,0.2992109486034938,0.2992109528609684,10049.175281343008,95.16227504185268,0.7772468743902264,,,,0.0001,95.16227504185268,0.3045533994833628,0.9211184609503972,7.057469129562378,0.094577592841926,0.1118035263248852,0.111803524905727
12,train,0.4993951613063453,0.948990185094136,0.418836641535964,0.2783237120477102,0.4116550296224573,0.4188366395331198,0.5120608142466956,0.3048547691395206,67.92997385865898,0.2923637844862476,0.2923637897737564,13798.867956017935,96.27229434187694,0.7521960516168613,,,,0.0001,,0.288407473314193,0.9178890883922576,61.28162693977356,0.0941216344344279,0.0997041601647612,0.0997041607656145
12,val,0.4690476201829456,0.9030930939174834,0.4307814978417896,0.3278535576093764,0.548641752629053,0.4307815106142135,0.4671749855790819,0.3214682106460844,71.53439113071987,0.2782704901127588,0.278270491531917,10979.976760137648,101.73593811761764,0.8025961120923361,,,,0.0001,101.73593811761764,0.2933505844502222,0.9211291131519136,7.026517391204834,0.1052202380129269,0.100084727363927,0.1000847259447688
13,train,0.5004032257423606,0.9443236325056322,0.417597364794503,0.2771165513543672,0.4077638188196766,0.4175973642737635,0.5127131539767468,0.2956131437132435,68.45391108400078,0.2956273092698025,0.2956273171209519,13983.995908675655,96.13538067315214,0.7482157417018004,,,,0.0001,,0.2853998788582381,0.9191569612231306,59.70591068267822,0.0949618461772158,0.0997017395272049,0.0997017403283426
13,val,0.4705357154210408,1.0140517524310522,0.4427440833477747,0.275183325722104,0.3816781781968616,0.4427440805094583,0.5773955051388059,0.3100576535576865,71.60050891694569,0.2779569966452462,0.2779570079985119,12077.00537109375,103.41768192109608,0.7885731346679457,,,,0.0001,103.41768192109608,0.2967690839653923,0.9230052857171922,7.13027024269104,0.1096772494770231,0.1150788757063093,0.1150788753515198
14,train,0.5002016130314079,0.948200520007841,0.4174567964929406,0.2736540536085765,0.3890900580633071,0.4174567959321442,0.5151034885196275,0.3003181842386082,64.16674423217773,0.3026956579377574,0.3026956632252662,12858.85239467826,90.69096429886356,0.7356583891894279,,,,0.0001,,0.2832423663267525,0.920392741439163,59.49324917793274,0.086055918736884,0.0994498781779761,0.0994498781779761
14,val,0.4690476201829456,1.1333982518741064,0.4560907830794652,0.2432815397069567,0.334951612211409,0.456090781660307,0.6649711082379023,0.3051352288041796,68.86386435372489,0.3019578343346005,0.3019578329154423,11149.692685081844,100.48926871163503,0.807701495921973,,,,0.0001,100.48926871163503,0.2762278417746226,0.9242745297295708,7.045819520950317,0.1024411884801728,0.1054387560912541,0.1054387550268854
15,train,0.5005712364950488,0.9534657793019408,0.4175651768843333,0.2723215271228103,0.3841675019232176,0.4175651756826267,0.5192043518907922,0.2844508827854228,62.71805434073171,0.3058903896680442,0.305890394955553,12503.863020702074,89.57667477925618,0.7260112475867223,,,,0.0001,,0.2764433547053286,0.9220445931598704,60.79756689071655,0.0824187072494658,0.0985942396024863,0.0985942396826
15,val,0.4690476201829456,1.1518190247671944,0.4618272816851025,0.2388239176500411,0.3375418512594132,0.461827284523419,0.6916053153219677,0.4053365942977723,72.3156229654948,0.3068892955780029,0.3068893012546357,12767.566382998511,105.3379990713937,0.8625880031874685,,,,0.0001,105.3379990713937,0.2737217105570294,0.9255679363296144,7.465756416320801,0.112691691411393,0.1100125209916205,0.1100125252490951
16,train,0.4997983871288197,0.9551195031212222,0.4182594534690662,0.2732926701666206,0.3803310256491425,0.418259453869635,0.5195869291701944,0.2808512480508897,62.26238769613286,0.3198393083387805,0.319839314106972,12567.192954442837,88.60269396792177,0.7225482017504246,,,,0.0001,,0.273242934096244,0.9237206488527278,60.06773710250855,0.0814469708680545,0.0984911270519738,0.0984911263710068
16,val,0.4705357154210408,1.04806372381392,0.4413259022292636,0.2686505899542853,0.3841817648637862,0.4413259071963174,0.5788873575982594,0.3065129177910941,67.95831643967401,0.3317034485794249,0.3317034457411085,10198.614478701636,96.38667406354632,0.783113523685571,,,,0.0001,96.38667406354632,0.2797907165118626,0.92368384486153,7.069024085998535,0.0947473134313311,0.1140517219901084,0.1140517198613711
17,train,0.5002016130314079,0.948821222589862,0.416633516229609,0.2748285716259351,0.3924612914842944,0.4166335182324532,0.5148754171946998,0.2849630809599353,62.74766734338576,0.3349596148216596,0.3349596207500785,12766.71874671854,89.52700752340337,0.7276541894132441,,,,0.0001,,0.2706136882946055,0.924910452096693,59.53524327278137,0.0833045359630818,0.0960126143870174,0.0960126137861641
17,val,0.4690476201829456,0.9797271007583256,0.4400820902415684,0.2901324658166794,0.396381363982246,0.4400820916607266,0.5489202652658735,0.2769132930608022,60.12121182396298,0.3306963117349715,0.3306963131541297,8649.787027994791,88.24518203735352,0.7398236502300609,,,,0.0001,88.24518203735352,0.2702919698896862,0.9274979176975432,7.45672082901001,0.0812402228336958,0.0962186033527056,0.0962186033527056
18,train,0.5006048387737685,0.9480742618281354,0.4164396326548309,0.2726439720680637,0.3804119200475754,0.4164396325747172,0.5178700653055022,0.2690374264794011,61.124754874937,0.3359736458909127,0.3359736505375114,12217.218130788497,86.00749645438246,0.7140418505227124,,,,0.0001,,0.2681790629542002,0.924948335975729,59.4122850894928,0.0792565886832533,0.0966596509660444,0.0966596507657599
18,val,0.4809523820877075,0.8349345894086928,0.4063594873462404,0.3342600337096623,0.6809764717306409,0.4063594901845568,0.4077213406562805,0.3343192566008794,107.33713822137742,0.3433982403505416,0.3433982573804401,25463.457821800595,155.93351382300966,0.9447435740268592,,,,0.0001,155.93351382300966,0.2830909050646282,0.9236216431572324,7.130694627761841,0.2263821775004977,0.0917979748476119,0.0917979744928223
19,train,0.5005712364950488,0.9549261837877252,0.4169562201025665,0.2672357555198413,0.3558500285751076,0.4169562205031354,0.5221472015223836,0.2670753340647426,56.99841266550044,0.338625122302322,0.3386251277500583,11477.567044493971,80.75347638899281,0.6978515358886334,,,,0.0001,,0.2628527713879462,0.9262080272679688,59.8064820766449,0.0700855278209733,0.0953978504384717,0.0953978505586424
19,val,0.4735119058972313,1.0181503295898438,0.4450889144624982,0.2788100725128537,0.3656337204433623,0.4450889187199728,0.5755113235541752,0.2737642061852273,62.0034057980492,0.3501072412445432,0.3501072455020177,10150.625412713916,94.36516752697172,0.7545591061765498,,,,0.0001,94.36516752697172,0.2690955329509008,0.9280436493101574,7.008843183517456,0.0917123361889805,0.0992578981178147,0.0992578988273938
20,train,0.4997983871288197,0.9483643992934176,0.4165086701352109,0.2701381452942407,0.3581145940128193,0.4165086689335043,0.5199064408499067,0.254930957550964,55.86115090565015,0.3399760713500361,0.3399760753557246,10840.78124015562,79.77906321453791,0.6879870007335136,,,,0.0001,,0.2615729748241363,0.9266368785212116,62.93340444564819,0.0665675550198523,0.0941258184211228,0.0941258182608953
20,val,0.472023810659136,0.8999279765855699,0.4272115840798333,0.3237047174147197,0.5378009719508035,0.4272115883373079,0.4661309044985544,0.344998286593528,79.87286958240327,0.337293233190264,0.3372932431243715,13323.585984002975,111.61265636625744,0.8281215938654813,,,,0.0001,111.61265636625744,0.2689043042205629,0.9297308297384352,9.469889879226685,0.1276070629911763,0.0892874960388456,0.089287495684056
21,train,0.5005712364950488,0.9527634981498924,0.4173306465469381,0.2676147972383806,0.3468297845734063,0.4173306467872794,0.5290362165179304,0.2405204186916992,54.60516524571244,0.3362368776272701,0.3362368848375094,10745.029186617943,77.35174314437374,0.6785260297232606,,,,0.0001,,0.2579322118432291,0.9274219841726364,78.98668217658997,0.0637104200770057,0.0956459634646933,0.0956459638252053
21,val,0.472023810659136,0.9846369453838894,0.4323711402359463,0.2876124779383341,0.43255719826335,0.4323711352688925,0.5298003298895699,0.2612187543085643,63.84024156842913,0.3562875375861213,0.3562875503585452,9698.494954427084,92.75724102201916,0.7545332529328086,,,,0.0001,92.75724102201916,0.2746146434829348,0.9280348420143129,11.619492053985596,0.0889758738201288,0.1170629653192701,0.1170629642549015
22,train,0.4997647850103275,0.9466680139303209,0.4158669392107635,0.269528523968753,0.3496064231280357,0.4158669388101947,0.5214673966890381,0.2374573038710702,53.01500396318333,0.3388644517749868,0.3388644581840884,10119.529011716124,75.17774861858737,0.6706868024386139,,,,0.0001,,0.2558324268908911,0.9275899356411348,79.7601809501648,0.0597612389703832,0.0963958958864853,0.0963958962069403
22,val,0.4794642868496123,0.8790606288682847,0.4211350345895404,0.3309253319388344,0.5951414349533263,0.4211350438140687,0.4422691734064193,0.2934447292770658,85.2712631225586,0.3194385610875629,0.3194385724408285,16022.08238002232,122.6362769717262,0.8448374383377306,,,,0.0001,122.6362769717262,0.2634106980902808,0.9282066055706568,8.742777347564697,0.14846054961284,0.0845677446396578,0.0845677448170525
23,train,0.500369623784096,0.9592465402618532,0.4163996464302463,0.2647892557164674,0.335118774845395,0.4163996463501325,0.530300222066862,0.2345864940634978,51.666982250828895,0.3428257498689877,0.3428257585212748,10004.816424626177,73.92261915309454,0.6680611609609841,,,,0.0001,,0.2513896454406041,0.929114354554043,79.41425704956055,0.0582403056473741,0.0944482043625846,0.0944482047230966
23,val,0.4794642868496123,0.8903065636044457,0.4203683733940124,0.3156289444083259,0.52434441447258,0.4203683790706453,0.4635084285622551,0.3188715832574026,67.37217203776042,0.3679467936356862,0.3679468092464265,10186.497918991816,97.48513830275763,0.7811714132626851,,,,0.0001,97.48513830275763,0.2596542558499745,0.9317481631324404,9.026201486587524,0.0995942464187031,0.0941357080425534,0.0941357069781848
24,train,0.5001680107526881,0.9517872192526377,0.4159436190641054,0.2633760754139193,0.3152166630632134,0.4159436206663808,0.5331619991570391,0.2090145289817805,46.33730090561733,0.3397566148991225,0.3397566209877691,8920.30786001554,66.14320710910263,0.6389924417039762,,,,5e-05,,0.2482441446633749,0.9304870508050406,79.04566955566406,0.0475643359184745,0.0954182658705019,0.0954182660307294
24,val,0.472023810659136,1.0580256978670757,0.4486098026945477,0.2597064120428903,0.3021071929307211,0.4486097998562313,0.6178123844521386,0.2435092528661092,57.78810537429083,0.3499049970081874,0.3499050069422948,7956.767043340774,83.66506903512138,0.7181846752311244,,,,5e-05,83.66506903512138,0.2539175961698804,0.9321294114703224,10.01630711555481,0.0751079291637454,0.1043476604280017,0.1043476607827913
25,train,0.5013440860215054,0.9567492945540336,0.4156012305168695,0.2592601925935796,0.2905891975888642,0.4156012316384623,0.5353653503842252,0.1879198333268524,41.85079791981687,0.3399264695503378,0.339926478202625,7932.607510146275,59.51047033904701,0.6158250193403225,,,,5e-05,,0.2468370518857432,0.9307191609054484,80.74372100830078,0.0386764650653687,0.0948629007945137,0.0948629004340017
25,val,0.477976191611517,0.9999697832834152,0.4351930880830401,0.2767926709992545,0.3660054660978771,0.4351930866638819,0.5535966214679536,0.2512650135017577,55.740401495070685,0.3687161618754977,0.3687161547797067,7036.1402093796505,80.48665528070359,0.713639688130581,,,,5e-05,80.48665528070359,0.2535938003233501,0.933680704661778,9.38674283027649,0.0701116034761071,0.1103360979329972,0.1103360972234181
26,train,0.5010416667948487,0.9562972399496265,0.4159828006259857,0.2599965072767708,0.293372056016358,0.4159828020680335,0.5361561254468016,0.1894953777232478,42.01764257492557,0.3405379467113044,0.3405379529601784,8108.295088245022,60.34054054752473,0.6181630104880542,,,,5e-05,,0.2433053054796752,0.9317744640252924,78.12468028068542,0.0400231964435548,0.0948201100672445,0.0948201103476426
26,val,0.477976191611517,0.938012597106752,0.4315427768798101,0.303580873069309,0.4521074990431468,0.4315427790085475,0.5071999111345836,0.2709129807494935,57.81490144275484,0.3618625856581188,0.3618625927539098,8025.106980096726,84.9399535769508,0.734684203971516,,,,5e-05,84.9399535769508,0.250971414503597,0.9333039124806722,9.015458106994627,0.0756585139426447,0.0998734640223639,0.0998734636675743
27,train,0.5003360215053764,0.9554315880742124,0.4158530401126031,0.2593489354977044,0.2943210117919471,0.4158530412341958,0.5362746469596381,0.1849881119585485,42.5598631828062,0.3423078941401615,0.3423079037538138,8184.504617014239,60.60303539358159,0.6168813259914668,,,,5e-05,,0.2406797103023016,0.931910792986552,75.98520040512085,0.0406112971450252,0.0940143929854516,0.0940143920240863
27,val,0.4735119058972313,1.0617819002696447,0.446297356060573,0.2567683387370336,0.2958181060495831,0.4462973574797312,0.6158790183918816,0.2569165542012169,54.69577616737003,0.3267484066032228,0.3267484207948049,6622.9677734375,77.56083225068592,0.7097094185424574,,,,5e-05,77.56083225068592,0.2443082744166964,0.9334269449824378,9.803731679916382,0.0648125945812179,0.0993373766541481,0.0993373770089376
28,train,0.5009072580004251,0.9569878289776464,0.4157331861475462,0.2579100952353528,0.2830855145409543,0.4157331889515282,0.5389671910514113,0.1804079453470886,40.36719319128221,0.3427756478389104,0.3427756553696048,7791.457197948169,57.34631638885826,0.6082232455011168,,,,5e-05,,0.2400284406318459,0.9327047822936888,75.29770970344543,0.0365024167113006,0.0940692978360319,0.0940692979161457
28,val,0.477976191611517,0.9794645479747228,0.436812209941092,0.2826259767725354,0.363611740725381,0.4368122092315128,0.5509843272822244,0.2524039234433855,55.42500123523531,0.3358341455459595,0.3358341526417505,7348.482619512649,82.74434988839286,0.7104412963896086,,,,5e-05,82.74434988839286,0.2435457188458669,0.9343536013648625,9.286619663238524,0.0733188035055285,0.0957587123626754,0.0957587141366232
29,train,0.5003024193868842,0.9556993835715836,0.4158729990163157,0.2582529443566517,0.2887975015146758,0.415872998215178,0.5403911476173708,0.1820103884223968,40.94846028153614,0.3441192881074003,0.3441192962790048,7731.710379323652,58.43890482379544,0.6110350313010039,,,,5e-05,,0.239282760328503,0.9330067330150194,78.65223121643066,0.0374735978692369,0.0945413909371822,0.0945413904965564
29,val,0.4764880963734218,1.0161371685209728,0.4394277908972331,0.2693111484959012,0.3359073726903824,0.439427796573866,0.5769020517667135,0.2606171248924164,54.46515946161179,0.3286642787002382,0.3286642872151874,6830.972760881697,79.15287435622443,0.7102522250377771,,,,5e-05,79.15287435622443,0.2453338830243973,0.9337955145608812,8.586286544799805,0.066826546742093,0.0960568218004135,0.0960568200264658
30,train,0.5008064516449487,0.9614632677647376,0.4165166314410907,0.2571847111146937,0.2780625082312091,0.4165166320018871,0.5443184981423039,0.1771556677957696,40.27497480248892,0.3423491186031731,0.3423491237304544,7739.125017391738,57.340388728726296,0.6064202116796064,,,,5e-05,,0.2390324525454993,0.9330361132980676,77.46718692779541,0.0362634242322015,0.094962841801105,0.0949628416809343
30,val,0.4735119058972313,1.0331279294831412,0.4434309211515245,0.2672897492136274,0.3242521094424384,0.4434309218611036,0.5916792352994283,0.2421682874361674,54.69129326230004,0.350770639521735,0.3507706508750007,7042.986653645833,78.16200456165132,0.7074805573983626,,,,5e-05,78.16200456165132,0.2448331926550184,0.9348523191043308,10.726513862609863,0.066723356999102,0.1043384955042884,0.1043384923111824
30,val_periodic_epoch_30,0.4735119058972313,1.0331279294831412,0.4434309211515245,0.2672897492136274,0.3242521094424384,0.4434309218611036,0.5916792352994283,0.2421682874361674,54.69129326230004,0.350770639521735,0.3507706508750007,7042.986653645833,78.16200456165132,0.7074805573983626,,,,5e-05,,0.2448331926550184,0.9348523191043308,8.632164239883423,0.066723356999102,0.1043384955042884,0.1043384923111824
31,train,0.5015456990529132,0.9572225411732992,0.4157950524841585,0.2569909467492052,0.2827190590161149,0.4157950534455238,0.5411650512006975,0.1761384670452405,39.50079453376032,0.3380924222930785,0.3380924274203598,7706.959824100618,56.13239907705656,0.6054801260180747,,,,5e-05,,0.2373040775137563,0.9331332685485962,75.99362754821777,0.0353531532905875,0.0949114628376499,0.0949114639191858
31,val,0.472023810659136,0.9782587885856628,0.4381389901751563,0.284865195552508,0.3640492473329816,0.4381389915943146,0.5528985744430905,0.2329433446838742,51.321883065359934,0.3392099014350346,0.3392099014350346,6458.618228004092,76.04407900855655,0.6940720160802205,,,,5e-05,76.04407900855655,0.2408748630966459,0.9339416310900732,8.941670179367065,0.0632539472675749,0.0913965286953108,0.0913965279857317
32,train,0.5006384408922606,0.9634068661159084,0.4168257898781248,0.255420098621999,0.2686972870461402,0.4168257907593763,0.5452551775241411,0.1627522513711004,36.94347254435221,0.3419363250335057,0.3419363308016971,7071.99267906271,52.189948092224775,0.5929201506605052,,,,5e-05,,0.2338021073931007,0.9334163947771954,75.46874237060547,0.030819941906669,0.0933732759728226,0.0933732751716849
32,val,0.477976191611517,1.023108686719622,0.440861572821935,0.2682709381693885,0.3214608225084486,0.440861572821935,0.582340222739038,0.2301585113718396,52.85759726024809,0.3520778673035757,0.3520778729802086,6552.021118164063,78.00083814348493,0.6959360158804692,,,,5e-05,78.00083814348493,0.2405595942622139,0.9333972448394412,9.562968015670776,0.0648541415908506,0.1011168601967039,0.1011168616158621
33,train,0.500134408634196,0.956035937032392,0.4163844053463269,0.2580067258208028,0.2753098940336576,0.4163844042247341,0.5451006274069509,0.1633335833828295,37.91677442160986,0.3434872128950652,0.3434872218678074,7225.440011301348,54.42827468790034,0.5955541970352533,,,,5e-05,,0.2329746494370122,0.93317491553163,76.96525812149048,0.0331105278724784,0.0943381574445514,0.0943381572042101
33,val,0.4750000011353266,1.0184959570566814,0.4403121386255537,0.2729766915241877,0.332647252650488,0.4403121350776581,0.5734840489569164,0.2412974224204108,53.00633793785458,0.3750135969547998,0.3750136182421729,6564.8878987630205,77.9218857174828,0.7012609806927768,,,,5e-05,77.9218857174828,0.2396977189041319,0.934406612600599,9.04914689064026,0.0648995778922523,0.1099014590893473,0.1099014573153995
34,train,0.5008400537634409,0.9611942050277544,0.4164787989149811,0.2559894499599293,0.2725854532853249,0.4164787987547536,0.5460004668722871,0.1667481045569143,37.577580657056586,0.3437234528603092,0.343723460230776,7193.206520982968,54.11115839148081,0.5971869389617483,,,,5e-05,,0.2317156606624203,0.93398696857114,81.14229989051819,0.0328615389523967,0.0938449004084192,0.0938449006487605
34,val,0.4735119058972313,1.0681958397229512,0.4476703107357025,0.2551830176796232,0.297629007980937,0.4476703135740189,0.622038946265266,0.2452179292837778,52.64462534586588,0.35895655694462,0.3589565626212528,6686.112665085566,77.66879417782738,0.7090130119612723,,,,5e-05,77.66879417782738,0.2359997665598279,0.9344168135098048,8.711384534835815,0.0643761881760188,0.099653409350486,0.0996534089956964
35,train,0.5008400537634409,0.9585609695603772,0.4158612597853907,0.2549436222962153,0.2686269119862587,0.4158612586637979,0.5447125809807931,0.1630923302183228,36.89542103839177,0.3435759081314968,0.3435759138996883,6945.607765443863,52.07654927366524,0.5910738416793772,,,,5e-05,,0.2299303545426297,0.9338999765534556,76.14992809295654,0.0306071801066038,0.0931460005781983,0.0931460010989378
35,val,0.4750000011353266,1.0739571906271437,0.4470169104280926,0.2521968122039522,0.2928303742692584,0.4470169054610388,0.6254214601857322,0.2574506217525119,54.417160942440944,0.3589302500089009,0.3589302627813248,7116.954938616072,79.74198840913319,0.7166276819778211,,,,5e-05,79.74198840913319,0.2350085555087952,0.9348959553809392,9.83174729347229,0.0689521008836371,0.1014414482883044,0.1014414497074626
36,train,0.5011760752688172,0.9619746594339288,0.4161820647216612,0.2537988336176001,0.2619500441416617,0.4161820633597271,0.5487212234687421,0.1525056509561436,34.84414109876079,0.3457673313797161,0.3457673422751888,6743.676169774865,49.65122940719768,0.5845751452927638,,,,5e-05,,0.2293721363749555,0.9350528085744508,72.31613993644714,0.0287598087076818,0.0928077806308064,0.0928077801100669
36,val,0.4735119058972313,1.0433164551144554,0.4469386786222458,0.2624331443082718,0.2923639445077805,0.4469386814605622,0.6107933131002244,0.2254621571018582,48.906461988176616,0.3259804915814173,0.3259805000963665,5775.310593377976,73.06324568248931,0.6855766953844012,,,,5e-05,73.06324568248931,0.2322924406755538,0.9364833122208004,8.15930986404419,0.0579774628082911,0.0917068262185369,0.0917068272829055
37,train,0.5006384408922606,0.970866741993094,0.416850436919479,0.2535939251863828,0.2659270990119186,0.4168504365990239,0.5511807415594336,0.1620753102244869,36.64546081583987,0.3443369501700965,0.3443369564189705,7019.18412354172,52.59695732978083,0.5950517009002994,,,,5e-05,,0.2274048011149129,0.935112436291992,67.4653754234314,0.0321115886276808,0.0923782853830245,0.0923782855833089
37,val,0.4750000011353266,1.0719802748589289,0.4486869296857289,0.2520581256775629,0.2816388209660848,0.448686930395308,0.631293155607723,0.2203412456881432,51.96569469996861,0.3599177967934381,0.3599178053083874,7184.704084123884,77.79369172595796,0.6986500295725736,,,,5e-05,77.79369172595796,0.2295198178007489,0.9356899431773594,8.04068922996521,0.0662935316740047,0.0974679784405799,0.0974679766666321
38,train,0.5012432795058015,0.9631978667551472,0.4164550908470666,0.2538119740383599,0.2586065070923938,0.416455092809854,0.5492633974520109,0.1519419898589452,34.79854930344448,0.3450426803801649,0.3450426875904042,6690.649713987945,50.21104920294977,0.5838964365548156,,,,5e-05,,0.2251421829224914,0.935350622861616,68.4212760925293,0.0289746379925398,0.0927096507562104,0.0927096504758122
38,val,0.4750000011353266,0.9871687548501152,0.4391314678248905,0.2811440335852759,0.3548845464274996,0.4391314642769949,0.5600701478265581,0.2345110163802192,49.41758800688244,0.3357375079677218,0.3357375235784621,6315.031482514881,75.4555793035598,0.6927985653732762,,,,5e-05,75.4555793035598,0.2316148195947919,0.9363764552843004,8.206102132797241,0.0612600720265791,0.0900404070104871,0.0900404055913289
39,train,0.5008400537634409,0.9601779596139026,0.415879561776115,0.253954814166151,0.2593663115334767,0.4158795608147498,0.5474433311691849,0.1494682202095626,33.59248452032766,0.3470226692897017,0.3470226766601685,6792.532673005135,48.25709589066044,0.5800497664345635,,,,5e-05,,0.2253410622317304,0.9358613407740028,75.00799179077148,0.0272061207346738,0.0928081403015762,0.0928081408223157
39,val,0.4735119058972313,1.0300118100075497,0.4449566943304879,0.265679841240247,0.3053431865714845,0.4449566971688043,0.6002641121546427,0.2261471429041453,48.80790292649042,0.3426587922232492,0.3426588078339894,5829.253208705357,72.7025139218285,0.6841422525319186,,,,5e-05,72.7025139218285,0.2284950152749107,0.93771307241349,8.764974594116211,0.0575317051261663,0.0944414241682915,0.0944414252326602
40,train,0.5008400537634409,0.958327066834255,0.4157195208213662,0.2537585415987558,0.2617562302658635,0.415719521622504,0.5460591883428635,0.153530085299124,34.35380199391355,0.3489778620261018,0.3489778692363411,6772.587178384104,49.437103958540064,0.5827371715696572,,,,5e-05,,0.2243959930154585,0.9362482787460408,76.3187952041626,0.0281913609078694,0.0923637705304289,0.0923637700096894
40,val,0.4735119058972313,1.0894914297830491,0.4510341896897271,0.2460860006866,0.270769803296952,0.4510341882705688,0.6489882653667813,0.2445840143731662,50.01489702860514,0.348356028397878,0.3483560326553526,6335.355532691592,73.67152077811105,0.7047789017359416,,,,5e-05,73.67152077811105,0.225715554186276,0.9368842499596732,8.880783796310425,0.0613615360288392,0.099995779849234,0.099995779849234
41,train,0.5011424731503251,0.9632185130350052,0.4167152739340259,0.2529008314814618,0.2559830853615397,0.4167152723317505,0.5483193000958811,0.1516090056468402,34.32105722735005,0.3506538052392262,0.3506538151733337,6694.141430926579,49.007456061660605,0.5814442349202705,,,,5e-05,,0.2226890673240026,0.9360729173947406,70.82171654701233,0.0281057752723935,0.0926053917776512,0.0926053913770824
41,val,0.4764880963734218,1.0400696567126684,0.4437785943349202,0.2606060164315359,0.3062136492558888,0.4437785900774456,0.6051736601761409,0.224827246651763,51.938475835891,0.3594704185213361,0.3594704199404943,6988.139154343378,78.5768803187779,0.6967717795661001,,,,5e-05,78.5768803187779,0.2295136075644266,0.9370524258840652,9.52158260345459,0.0657111001866204,0.0991219221836044,0.0991219214740253
42,train,0.5018145161610778,0.9631277026348216,0.4161033939209677,0.2519134391219385,0.2504289604082543,0.4161033922385785,0.5509737387740163,0.1390921270414706,33.23833788082164,0.3492396174259083,0.3492396251168302,6386.213165611349,47.18736928509128,0.5734798245959811,,,,5e-05,,0.2219422188817814,0.9356362842103486,70.93952178955078,0.025865589654053,0.0921430561731579,0.0921430556924753
42,val,0.4794642868496123,1.044005342892238,0.4427878310283025,0.2588499032315753,0.2969899142072314,0.4427878232229323,0.60247783717655,0.2232012170411291,49.42913863772438,0.3660937973431178,0.3660938030197507,6182.447870163691,74.57927413213821,0.6869313619353554,,,,5e-05,74.57927413213821,0.2264629034768967,0.9369051428068252,8.828452348709106,0.0597771187091157,0.0980735367962292,0.0980735378605978
43,train,0.5003360215053764,0.9637814633628372,0.4166678207856352,0.2524158705466537,0.2495814603903601,0.4166678200646113,0.5493598142138092,0.1428762485663737,32.59720451088362,0.3508794706675314,0.3508794798005011,6296.917673254526,46.28730413990636,0.5734843738552697,,,,5e-05,,0.2210194406810627,0.936127317849026,71.46229243278503,0.0254413377786535,0.092692924282884,0.092692924643396
43,val,0.4690476201829456,1.0844174793788366,0.450106938680013,0.2473506615275428,0.2871470139140174,0.4501069372608548,0.6457461296092897,0.2296474838540667,52.138294129144576,0.3524700899918874,0.3524700899918874,6843.1844976516,77.28642826988583,0.7073766997366241,,,,5e-05,77.28642826988583,0.2248568683862686,0.9364952615329196,8.606616735458374,0.0658319293122206,0.0959176637587093,0.0959176641134988
44,train,0.5004368280210802,0.9624289452068268,0.4163672330398713,0.2515583323535099,0.2471982405711245,0.4163672339211228,0.5511247818508456,0.1348715989940589,31.99909019982943,0.3496387472716711,0.3496387517580422,6200.22103504468,45.77782584774879,0.5682453066813022,,,,5e-05,,0.2194516406424584,0.936437991998529,66.93798208236694,0.024459111158766,0.0919341671691146,0.0919341668486595
44,val,0.4764880963734218,1.041449370838347,0.4455745333716983,0.261168802068347,0.2987060156606492,0.4455745305333818,0.6098127656039738,0.2148110547236033,45.83398791721889,0.3414214480490911,0.3414214579831986,5534.543683733259,69.67921048118954,0.6782921773014646,,,,5e-05,69.67921048118954,0.2234302858511606,0.93767435777755,8.07335638999939,0.0536796642644774,0.0921553887781642,0.092155387359006
45,train,0.501982526913766,0.962192931803324,0.4158875826065258,0.251936803261439,0.2465738064499311,0.4158875832474359,0.5498325406143101,0.1373217029757397,31.40116519825433,0.3488106764452431,0.3488106831747998,6050.098312049784,45.13297889053181,0.5692576530405167,,,,5e-05,,0.2192733536163965,0.9364739127697485,64.87315130233765,0.024020376447488,0.0916517505081751,0.0916517506283457
45,val,0.472023810659136,1.044417767297654,0.4469428949412845,0.2613527051040104,0.2937495971009844,0.4469428999083383,0.6145029664039612,0.2154324476917584,48.7252197265625,0.3407017773105985,0.3407017758914402,5995.391595749628,72.42085874648322,0.6826240806868582,,,,5e-05,72.42085874648322,0.224446232120196,0.93636592513039,7.800129175186157,0.0581998026353262,0.0892021886649585,0.0892021861814317
46,train,0.5008400537634409,0.9658421957364648,0.4166512646341836,0.2510429201747781,0.2433369582699191,0.4166512630319082,0.5537315785724629,0.1371375884540299,31.275419399302493,0.3502420188598735,0.3502420265507954,6163.989697692215,44.9170360155003,0.5686642223335677,,,,5e-05,,0.2190137055291924,0.9363089517880512,64.37828922271729,0.0237365546999298,0.0917090141484814,0.091709014268652
46,val,0.4750000011353266,1.021119739328112,0.4437029489449092,0.270641551840873,0.3234382818142573,0.4437029418491182,0.5889699728715987,0.2299104049092247,50.2767076038179,0.3297518860726129,0.3297518960067204,6320.461658296131,76.5552749633789,0.6925362438866587,,,,5e-05,76.5552749633789,0.2240876307090123,0.9378361560049512,8.010451793670654,0.0615228104094664,0.0933224125987007,0.0933224136630694
47,train,0.5008400537634409,0.9656083612672745,0.4167087306418726,0.2520660649063767,0.2443233810124858,0.4167087296805074,0.5509473952635001,0.1341619165113536,30.48498444403372,0.3504693543398252,0.3504693626716573,5937.104506461851,44.12929894847255,0.5666115515159839,,,,5e-05,,0.2186311490593418,0.9373102075951074,64.50364303588867,0.0228031782836463,0.0923360454779799,0.0923360453578092
47,val,0.4750000011353266,1.0243287767682756,0.444587026323591,0.2675232156401589,0.3050165226062138,0.4445870206469581,0.5975735535224279,0.2162775610174451,47.02620170229957,0.3631931997480846,0.3631932025864011,5611.899257114956,70.73818915230888,0.6758173010566018,,,,5e-05,70.73818915230888,0.2240488493726367,0.9369459350903828,7.960605382919311,0.0541807576747877,0.0926170214301063,0.0926170217848959
48,train,0.501747311763866,0.9641090224507034,0.4163198749865255,0.2511542079749927,0.2488042748663374,0.4163198740652171,0.5527123969889456,0.1396320626860664,31.82117186310471,0.3503301577862873,0.3503301638749338,6230.107111612956,46.27679846363683,0.5724947136660617,,,,5e-05,,0.2173978760838508,0.937338137498466,64.68288803100586,0.0251777581645235,0.092084195264565,0.092084195264565
48,val,0.4750000011353266,1.0490935955728804,0.4421529571215312,0.2552293829974674,0.3124498753320603,0.4421529542832147,0.6095655730792454,0.2238654057894434,50.97350147792271,0.36826943783533,0.3682694449311211,6719.13623046875,76.95237568446568,0.6983223329890859,,,,5e-05,76.95237568446568,0.2247637034881682,0.9362851494834536,8.065800666809082,0.0642891394950094,0.0963717404575575,0.0963717372644515
49,train,0.501008064516129,0.9630837709672988,0.4163855235743266,0.2516857205379393,0.2427804264169867,0.416385524135123,0.5523684737022205,0.1347987913796978,30.759998413824267,0.3501406824716958,0.3501406867978393,5935.135459653793,44.21087526505993,0.5657765986542108,,,,5e-05,,0.2164593702682885,0.93707321824566,65.79534578323364,0.0229872284952791,0.09218863946616,0.0921886387050792
49,val,0.4764880963734218,1.0703526451474143,0.4459129898321061,0.2516050438086192,0.2894264260927836,0.445912982736315,0.6232780125879106,0.2317320009072621,51.29848489307222,0.3431008231072199,0.3431008387179601,6568.013416108631,76.36180087498256,0.7016801584850658,,,,5e-05,76.36180087498256,0.2224293656292416,0.937947276092711,7.911350965499878,0.0641746088596326,0.0980840066359156,0.098084005571547
50,train,0.501377688300225,0.9668143522995776,0.4167593861779859,0.2510237483888544,0.2439150368013689,0.4167593870592374,0.5554186804320222,0.1359557721924076,30.75913368758335,0.3519661011554861,0.35196610676345,5961.270634066674,44.57393714945803,0.5689175462481951,,,,5e-05,,0.2152162134967824,0.9380025959783984,64.46640872955322,0.0237716567760173,0.0924757945361316,0.0924757948966436
50,val,0.4705357154210408,1.1142893887701488,0.4527413149674733,0.2393728622368403,0.2777546012685412,0.4527413135483151,0.665285600792794,0.2416898139885493,53.34337906610398,0.3641068381922586,0.3641068438688914,7468.844706217448,79.81864929199219,0.7225560079921376,,,,5e-05,79.81864929199219,0.2191417281116758,0.9378659696806044,8.022036790847778,0.0708271160810476,0.0983392347892125,0.0983392354987916
51,train,0.5003360215053764,0.9625556502611406,0.4181346287650446,0.2543304410352501,0.2417916927526715,0.4181346281241345,0.5523618272235317,0.1251893969432961,29.914682203723537,0.3533861548990332,0.3533861616285898,5715.240195817845,42.63063090334656,5723.865020155987,,,,2.5e-05,,0.2150386731310557,0.9379938526820112,65.41609811782837,5715.239539689916,0.0936659708298662,0.0936659707096956
51,val,0.472023810659136,1.1127785046895344,0.4553957184155782,0.2453826949709937,0.2684714652243115,0.4553957120293662,0.6641039543208622,0.2489292763528369,50.8662037622361,0.3595608884379977,0.3595608983721052,6531.878237769717,75.45001892816452,6566.634682765151,,,,2.5e-05,75.45001892816452,0.2193380140122913,0.9383421483493988,8.157527923583984,6531.878365652902,0.1027906725094432,0.1027906721546536
52,train,0.5003360215053764,0.9665103231066016,0.4189389618013495,0.2542475197584398,0.2428355757747927,0.4189389616411219,0.5525071917362111,0.130918176524261,28.5311403582173,0.3524050988176817,0.3524051082711066,5949.866776661206,41.395098419599634,5961.485738693905,,,,2.5e-05,,0.2163140963642827,0.9376001851533048,66.84171342849731,5949.867124495968,0.0934514447806343,0.0934514449408618
52,val,0.472023810659136,1.03654188201541,0.4472267116819109,0.2680011675471351,0.3071428118717103,0.4472267088435945,0.6024042822065807,0.2352041694379988,47.01574407305037,0.3566781736555554,0.3566781835896628,5832.483630952381,71.21278299604144,5868.90810694839,,,,2.5e-05,71.21278299604144,0.2239407776367096,0.9374965996969312,8.363832235336304,5832.4835205078125,0.0998814574309757,0.0998814560118175
53,train,0.5007056452894724,0.962333288244022,0.4185709647273504,0.2566157524944633,0.2426900638527767,0.4185709636858714,0.5474778445016953,0.1276876844706073,27.007801050780923,0.3530718708230603,0.3530718722651081,5534.6971904795655,38.83856404212214,5542.761569552951,,,,2.5e-05,,0.2193258017782242,0.9370648213612136,67.5756049156189,5534.697192284369,0.0944068582868704,0.0944068576860171
53,val,0.4705357154210408,1.0635412619227456,0.4508666665781112,0.2592359071686154,0.2800118376811345,0.4508666672876903,0.6268172987869808,0.2465054917903173,48.25824174426851,0.3553904905205681,0.3553905004546756,6049.518391927083,72.96471495855423,6078.806261837121,,,,2.5e-05,72.96471495855423,0.2248401712803613,0.9379202978951592,8.514037132263184,6049.518450055803,0.097831252784956,0.0978312524301665
54,train,0.4997647850103275,0.9576239965615734,0.4180279395352768,0.2586628642453942,0.2498869977651104,0.4180279397756182,0.5419020416435375,0.1260389582684604,25.804380196397023,0.3538534477833778,0.3538534517890663,5443.439217680244,38.450495878855385,5449.369852742924,,,,2.5e-05,,0.2215152684078421,0.9368804847040484,68.87831473350525,5443.43986896802,0.0945834896016505,0.0945834899621625
54,val,0.4705357154210408,1.0240000770205544,0.4461000923599515,0.2729912457011995,0.3158202916383743,0.4461000994557426,0.5919741264411381,0.218503112239497,45.77734801882789,0.3573181118283953,0.3573181146667117,5356.4814860026045,69.38098435174851,5377.850050307765,,,,2.5e-05,69.38098435174851,0.2268667433943067,0.937021289552961,8.425116777420044,5356.481532505581,0.0954166409515199,0.0954166402419408
55,train,0.5005040322580645,0.9580814796750264,0.4178415109072962,0.2581004108632764,0.2486317914019349,0.4178415121090028,0.5455142584058547,0.1222060728137211,24.602920337389875,0.354228122900891,0.3542281278679448,5467.030590180428,36.52242766144455,5477.6456118599735,,,,2.5e-05,,0.2216296061392753,0.9368589911409604,71.24595403671265,5467.030588211552,0.0939302447662558,0.0939302445659714
55,val,0.472023810659136,1.0415825701895214,0.4477696014302117,0.2650282063654491,0.3017741271427699,0.4477696021397908,0.6097783077330816,0.2430106969106765,46.97003909519741,0.3523947326909928,0.3523947440442584,5999.385062081473,71.88462139311291,6043.624961529356,,,,2.5e-05,71.88462139311291,0.2282907785404296,0.937483339082627,8.482651948928833,5999.385024297805,0.0968477261208352,0.0968477250564666
56,train,0.5001008065157039,0.955834499129685,0.4176162656757139,0.2589800927427507,0.2495845937600699,0.4176162650348037,0.5428052163652836,0.1287496931931024,24.43204374723537,0.3534006585357009,0.3534006679891258,5397.668903309812,36.48098616446218,5406.15331439394,,,,2.5e-05,,0.2238565797927559,0.93630929050907,74.32277536392212,5397.668557443926,0.0940540554302354,0.0940540554702922
56,val,0.4705357154210408,1.0269058914411635,0.4451242337624232,0.2703784313939866,0.3165750134558904,0.4451242330528441,0.5924923696688243,0.2307846411353065,46.02877362569173,0.3590731876237051,0.359073193300338,5732.331124441965,71.28919692266555,5776.203918087122,,,,2.5e-05,71.28919692266555,0.2301892091830571,0.9371076424916586,11.175943613052368,5732.330944242932,0.0962029890645118,0.0962029876453536
57,train,0.5008736560421605,0.9515332159816576,0.4166055736682748,0.2602574355820173,0.2510886992658338,0.4166055744694125,0.5384526578809625,0.1311853982067556,23.32261885366132,0.3524969534207416,0.3524969596696156,5102.4937504594045,34.80459607032038,5110.600539000026,,,,2.5e-05,,0.2248252337818504,0.9360779382849252,81.07032060623169,5102.493764979865,0.0946338505994889,0.0946338501188062
57,val,0.4705357154210408,1.0457865397135415,0.4487442799976894,0.2652958078043801,0.2943484605777831,0.4487442814168476,0.6110137204329172,0.2436470311312448,45.04168501354399,0.3537942951633817,0.3537943008400145,5614.672444661458,69.85725448245094,5663.131918797349,,,,2.5e-05,69.85725448245094,0.2305732575200852,0.9359682486170814,9.976619482040403,5614.672450474331,0.0969817404236112,0.0969817404236112
58,train,0.4999663978815079,0.9548816206234116,0.4178178668803265,0.2601073987141091,0.2540390038842796,0.4178178653581649,0.546595365069406,0.1412798699432162,25.234780291075342,0.3533374079132593,0.3533374146428159,5366.58004366967,36.72177273740051,5375.002904533618,,,,2.5e-05,,0.2267665671565199,0.935337455362402,76.64993906021118,5366.58039035592,0.0945222099782318,0.0945222093773785
58,val,0.4705357154210408,1.028534364132654,0.4472651992525373,0.2717055068129584,0.3127358222291583,0.4472651971238,0.596735091436477,0.2335927039384842,44.4038200378418,0.3500553412096841,0.3500553468863169,5221.120710100447,67.4639462970552,5262.354693418561,,,,2.5e-05,67.4639462970552,0.2307639675480979,0.93670407079515,8.862251996994019,5221.120797293527,0.097803265211128,0.0978032637919698
59,train,0.5005376345367842,0.9494735108267875,0.4161573797464371,0.2602238932283975,0.2551534708629372,0.4161573775032515,0.5413698932977133,0.1348772895752742,23.8164464119942,0.3531776475970463,0.3531776568902436,5013.185594374134,34.94218187434699,5022.553258660827,,,,2.5e-05,,0.2277704486122695,0.9350428360123788,67.74000310897827,5013.185933266916,0.0942715843037892,0.094271584023391
59,val,0.472023810659136,1.002039719195593,0.4414040914603642,0.2786471460546766,0.3379651017132259,0.441404090041206,0.5710784083320981,0.220826166726294,45.353910718645366,0.3621637565749032,0.3621637636706942,5264.461989629836,69.41484869094123,5287.709912109375,,,,2.5e-05,69.41484869094123,0.2353360922563643,0.9353913721584138,8.468684673309326,5264.4619547526045,0.0984126684211549,0.0984126684211549
60,train,0.5005376345367842,0.9451733326078744,0.4153757052876616,0.2615997488460233,0.2593557210538977,0.4153757060887993,0.5353839540834068,0.1275876347896873,22.410395135161696,0.3535968260739439,0.3535968320023629,4861.516616657216,33.20470132109939,4871.129590285587,,,,2.5e-05,,0.2283077258416401,0.9352471389437236,69.35646677017212,4861.51661632907,0.0942878818880486,0.094287881046854
60,val,0.4705357154210408,0.9882930914560952,0.4399452493304298,0.2871056227456955,0.3595824922834124,0.4399452535879044,0.5539932478041876,0.2236186556872867,46.66455632164365,0.3610664478370121,0.3610664506753285,5323.855462937128,69.78004255748931,5356.566176905777,,,,2.5e-05,69.78004255748931,0.238155667980512,0.9348928843225752,9.375483989715576,5323.855404808408,0.0980019388454301,0.0980019377810614
60,val_periodic_epoch_60,0.4705357154210408,0.9882930914560952,0.4399452493304298,0.2871056227456955,0.3595824922834124,0.4399452535879044,0.5539932478041876,0.2236186556872867,46.66455632164365,0.3610664478370121,0.3610664506753285,5323.855462937128,69.78004255748931,5356.566176905777,,,,2.5e-05,,0.238155667980512,0.9348928843225752,7.971957206726074,5323.855404808408,0.0980019388454301,0.0980019377810614
61,train,0.5001680107526881,0.9463312218907058,0.4163433379063042,0.2627779497734962,0.2619481455654867,0.4163433376659629,0.5331290748811537,0.1322122539083162,22.332688972514163,0.3516157062784318,0.3516157157318566,4925.029430758568,32.99941021396268,4934.851914479676,,,,2.5e-05,,0.2302429743351474,0.934556754045589,73.02644181251526,4925.029422431864,0.0941989359355742,0.0941989356952328
61,val,0.4705357154210408,1.0254019839423043,0.4474833125159854,0.2738938658010392,0.3137989555086408,0.4474833082585108,0.5940150235380445,0.2256639564321154,45.58981686546689,0.3481625417868296,0.3481625474634625,5329.173566545759,68.6416122799828,5370.144128787879,,,,2.5e-05,68.6416122799828,0.2340122943832761,0.935366798014868,9.350162029266356,5329.173595610119,0.0929168022814251,0.0929168037005833
62,train,0.5005376345367842,0.9443704421802234,0.4160057711665348,0.2625632344554829,0.2643646512941647,0.4160057725284689,0.5354064852399851,0.1318111122455648,22.9399514813577,0.3519749763191387,0.3519749848111983,4889.111913045247,33.679345043756626,4895.472581939183,,,,2.5e-05,,0.2311452515823866,0.934126579312868,73.72617030143738,4889.111918951876,0.0944299707890197,0.094429971029361
62,val,0.4705357154210408,1.0470183548473178,0.4456270259051096,0.2648521257298333,0.3161912496600832,0.4456270280338469,0.6022903394131434,0.2348170010816483,47.42928159804571,0.3713231994992211,0.3713232151099613,5852.603068033855,71.88216218494233,5868.795445667613,,,,2.5e-05,71.88216218494233,0.2384249355111803,0.9351962946710132,8.920925378799438,5852.60320172991,0.1011347366230828,0.1011347337847664
63,train,0.4999663978815079,0.935716500686061,0.4146407020668829,0.2661484022454549,0.2785529661723362,0.4146407029481344,0.5264444294315512,0.1274659453580776,22.004377242057554,0.3537419965510727,0.3537420060044975,5017.873993822323,32.75846092162594,5025.318213219434,,,,2.5e-05,,0.2347366983691851,0.9334760372356702,72.63916492462158,5017.873995052871,0.095729257430761,0.095729257110306
63,val,0.4705357154210408,1.0015711528914315,0.4436750128155663,0.2820847665979749,0.3425221329643613,0.4436750184921991,0.5711609302532106,0.2294357259358678,45.26849319821312,0.3520575932094029,0.3520575988860357,5187.895345052083,68.62312198820568,5208.834795217803,,,,2.5e-05,68.62312198820568,0.2426661983841941,0.9340342056183588,9.039307594299316,5187.895350864956,0.099238508159206,0.0992385085139955
64,train,0.5005712364950488,0.9398639178083787,0.4152582908269538,0.2649377350525189,0.2740382913460014,0.4152582891445647,0.531762047640739,0.1329235446148662,22.515989539443805,0.3523325593240799,0.3523325654127264,5127.994662213069,33.64180433109242,5136.577199074074,,,,2.5e-05,,0.2364384406196173,0.9325163463751476,72.40741682052612,5127.994331770045,0.0953602652235697,0.0953602652636266
64,val,0.4705357154210408,1.002043590659187,0.4431327595597222,0.2786680658658345,0.3372819075981776,0.4431327581405639,0.5755999670142219,0.2359060691226096,45.8913201831636,0.3500434756278991,0.3500434798853738,5354.749192010789,69.41896729242234,5388.818445194129,,,,2.5e-05,69.41896729242234,0.2428291858661742,0.9334378781772796,9.164483547210692,5354.749215262277,0.0943236088468914,0.0943236063633646
65,train,0.4999327957630157,0.9320614280239228,0.4137640818152376,0.2661550011365644,0.2773818537913343,0.4137640843788783,0.5236270067191893,0.1280045323073864,20.558268142002884,0.3542172764578173,0.3542172844691943,4894.286651365219,30.651277034513413,4903.3986546371925,,,,1.25e-05,,0.2353156015917819,0.9331486263582784,73.1127450466156,4894.28666350662,0.0953942867376471,0.0953942869779884
65,val,0.4705357154210408,1.0110789707728796,0.4417081688131605,0.2760712944325946,0.3351629873116811,0.4417081645556858,0.5749208799430302,0.2281873332602637,44.813458578927175,0.3653001245998201,0.3653001331147693,5161.526948474702,68.24339421590169,5192.359451941288,,,,1.25e-05,68.24339421590169,0.2430108466318675,0.933708735874721,8.813274145126343,5161.526820591518,0.0995840887938227,0.0995840891486122
66,train,0.500134408634196,0.9337035159590424,0.4141442903107212,0.2668708735095557,0.2785524270066651,0.4141442894294698,0.5228237261374792,0.1313305190934609,20.009924945010933,0.3536109869839042,0.353610989868,4708.196755111859,29.916929116813087,4717.390288464067,,,,1.25e-05,,0.2361892090849979,0.933012875497982,71.50000286102295,4708.19708912347,0.0951957004044645,0.0951957009652609
66,val,0.4705357154210408,0.9978664971533276,0.44109793645995,0.2816643828437442,0.3492421380111149,0.441097943555741,0.565042678798948,0.230973482131958,44.55262311299642,0.3585626383622487,0.3585626511346726,5209.6332600911455,68.35934384663899,5241.952268288353,,,,1.25e-05,68.35934384663899,0.2448844462633133,0.934030600956508,8.826832056045532,5209.633446103051,0.1013467400556518,0.1013467404104414
67,train,0.5003360215053764,0.9316233928485584,0.4138413444962552,0.2677685363638785,0.2811597052120393,0.4138413418525009,0.5228871620230137,0.1298062751890831,19.24056332342086,0.3536671707707067,0.3536671778207184,4668.187470384823,29.1227973968752,4677.642982333919,,,,1.25e-05,,0.2369387163430132,0.9327715324458256,72.6865463256836,4668.187465462634,0.095330689182525,0.0953306897833783
67,val,0.4705357154210408,1.0180304646492004,0.4455515713918777,0.2754156639178594,0.3214902338527498,0.4455515713918777,0.5868970226673853,0.2326397104632286,44.90028326851981,0.3526887510504041,0.352688756727037,5294.386428106399,68.19663402012416,5335.238997395833,,,,1.25e-05,68.19663402012416,0.242501037461417,0.932601687454042,9.16126585006714,5294.386480422247,0.0947037122788883,0.0947037129884674
68,train,0.5007056452894724,0.9331197338078612,0.4139359325811427,0.2678303474219896,0.2817513097518234,0.4139359343436457,0.525699533882641,0.1279890207393515,19.41138744097884,0.3533759363876876,0.3533759397524659,4522.080448273689,29.67334177673504,4530.425951819629,,,,1.25e-05,,0.2388599269011969,0.9318908148555344,72.22367286682129,4522.080448601835,0.0953281951206986,0.095328195681495
68,val,0.4705357154210408,1.0001539843423026,0.4432771503925323,0.2813474670762107,0.3391602046432949,0.4432771390392667,0.5713257576738086,0.2269231634480612,44.14927028474354,0.353943448691141,0.3539434713976724,5151.487310500372,67.58960651216053,5194.183644057765,,,,1.25e-05,67.58960651216053,0.2467194447914759,0.9324424408731008,9.093612432479858,5151.487444196428,0.0942031730498586,0.0942031755333855
69,train,0.5005376345367842,0.927806427081426,0.4128360382972225,0.2687142017067119,0.2878582310131801,0.4128360368551746,0.516830337303941,0.1307627386063017,19.12287686460761,0.353873237647036,0.3538732467800058,4549.142749253139,28.60972585985737,4556.385746400364,,,,1.25e-05,,0.238513745367527,0.9322894391834096,74.81950163841248,4549.142750729797,0.0955533904414023,0.0955533906416867
69,val,0.4705357154210408,1.014150239172436,0.4443273608173643,0.2767526876358759,0.3274837278184436,0.444327358688627,0.5815886649347487,0.2480357296410061,43.68790862673805,0.3552264769872029,0.3552264869213104,5197.806047712053,67.56470098949615,5228.810475852273,,,,1.25e-05,67.56470098949615,0.2449972125745955,0.933124045530955,10.31410312652588,5197.806248256138,0.0987294873311406,0.0987294891050883
70,train,0.4997647850103275,0.9320665189335424,0.4140344329819243,0.2673715739961593,0.2817537287069905,0.4140344342637446,0.5234998030768286,0.135997834825708,18.558761740243565,0.3537742433048064,0.3537742474707224,4529.746162455569,27.75192182294784,4537.306891300703,,,,1.25e-05,,0.2388991530864469,0.9321512144099,73.28448009490967,4529.746159707346,0.0953448975999509,0.0953448974797802
70,val,0.4705357154210408,0.9981415811039152,0.4420784080312365,0.2816810082821619,0.3441198986201059,0.4420784101599738,0.5681824400311425,0.2337634978549821,43.18060348147438,0.3588744841870807,0.358874499797821,4962.070167178199,66.30922081356957,4994.716369258997,,,,1.25e-05,66.30922081356957,0.2442715764045715,0.933548921630496,9.448917627334597,4962.070213681176,0.0986977663068544,0.0986977670164335
71,train,0.5003360215053764,0.9320092036198544,0.4139271298403381,0.2669129644029884,0.2809589707082318,0.4139271296801106,0.5222261420661404,0.1336264869258288,18.29282997244148,0.3548140448908652,0.3548140509795117,4515.643395536689,27.916404601066343,4522.758073245475,,,,1.25e-05,,0.2388302466721945,0.9321319922324148,73.11478328704834,4515.643726102768,0.0953148478862419,0.09531484816664
71,val,0.4705357154210408,1.009310401621319,0.4443453458093461,0.2767709763277144,0.3312098830938339,0.4443453436806088,0.5819920883292243,0.2396711072041875,44.18472253708613,0.3534885204973675,0.3534885346889496,5350.6410725911455,67.91784586225238,5398.063467684659,,,,1.25e-05,67.91784586225238,0.2438671815963018,0.9333215866770064,9.134476900100708,5350.641066778274,0.0957506760245277,0.0957506774436859
72,train,0.5005712364950488,0.933422952249486,0.4142863744048662,0.266785184542338,0.2759350104037151,0.4142863741645249,0.5216180706216443,0.1331023307897711,17.967240284847957,0.3540639625762098,0.3540639697864491,4328.028639721614,27.064080602379256,4335.263338914865,,,,1.25e-05,,0.23915939681953,0.9319114034534782,70.73288297653198,4328.028984274915,0.0954656824068997,0.0954656825270704
72,val,0.4705357154210408,0.9824148019154868,0.4421012813136691,0.2897892338888986,0.3699154357115428,0.4421012798945109,0.5559751625571933,0.2290736362338066,45.02652740478516,0.3506330492950621,0.3506330549716949,5243.447573707217,68.19930303664435,5276.450205669981,,,,1.25e-05,68.19930303664435,0.2452844246512367,0.9329383969306946,9.071838855743408,5243.447463262649,0.0960271819716408,0.0960271816168512
73,train,0.5003360215053764,0.9315037265900644,0.4143412864656858,0.2690133429182473,0.2846427274647579,0.4143412863054583,0.5187929029105812,0.1299684894501522,17.61383359406584,0.353495218901224,0.3534952291557865,4438.69590111189,26.77896108422228,4446.628405679517,,,,1.25e-05,,0.2400606146422765,0.9318847044180798,74.65620255470276,4438.695900414579,0.0957100076140255,0.095710007774253
73,val,0.4705357154210408,1.0115956635702223,0.4452891761348361,0.2791525629304704,0.3282992208287829,0.4452891732965197,0.5805003153426307,0.2307685890368052,42.42120470319475,0.3579608500003814,0.3579608528386979,4898.492658342634,65.37611661638532,4933.752429569129,,,,1.25e-05,65.37611661638532,0.2441008140643437,0.933121661345164,8.984931945800781,4898.492655436198,0.0992447112997372,0.0992447109449477
74,train,0.4999327957630157,0.935866387300594,0.4156950575209433,0.2683998444868672,0.279044793337904,0.4156950567198056,0.52531524363064,0.13092193832641,17.740499527223648,0.353789964670776,0.3537899731628356,4344.188497317735,26.80117290763445,4351.717749146741,,,,1.25e-05,,0.2408495636716965,0.9315845421565476,70.60659146308899,4344.188163962415,0.0963944721045673,0.096394471864226
74,val,0.4705357154210408,0.9888302967661904,0.4427639685925983,0.2872219610781896,0.3564437826474507,0.4427639678830192,0.5618811540660404,0.227959608393056,43.147198813302175,0.3498228830950601,0.3498228845142183,4962.608122326079,66.51266270592099,4992.415733013731,,,,1.25e-05,66.51266270592099,0.2480811164492652,0.9328391296522958,8.698858261108398,4962.608154296875,0.0990598698457082,0.0990598691361291
75,train,0.5005712364950488,0.9359215105413108,0.4140323436148064,0.2688051653645372,0.2856728162175865,0.4140323435346926,0.5248455285064636,0.1307668821105072,17.873401395736202,0.3527980690361351,0.3527980775281947,4219.527182302168,26.863952452136623,4227.971790321427,,,,1.25e-05,,0.2419989366204508,0.9317722660239024,73.16446852684021,4219.526851366925,0.0962357116482591,0.096235711327804
75,val,0.4705357154210408,1.008553113256182,0.4464922746022542,0.2797399936687378,0.3294928421576817,0.4464922760214124,0.5837751761788413,0.2370003500864619,43.87698900131952,0.3425978592463902,0.3425978762762887,5146.077944800967,66.98825527372814,5192.221724076705,,,,1.25e-05,66.98825527372814,0.245436362567402,0.9331504645801726,9.332639694213867,5146.078101748512,0.0938631462908926,0.0938631466456822
76,train,0.500369623784096,0.9303294330514889,0.4141415878329226,0.2688322671318567,0.2840201257057087,0.4141415884738327,0.5197865391770998,0.1331410133830642,18.508375634429274,0.3517494791297502,0.3517494855388518,4241.186844692435,27.34154096726448,4248.817222929161,,,,1.25e-05,,0.2428321486679456,0.9314356612902815,73.15026664733887,4241.186839606173,0.095813267734102,0.095813268415069
76,val,0.4705357154210408,1.0114032739684695,0.4460585642428625,0.2784203794740495,0.3291241583370027,0.4460585614045461,0.5836940067155021,0.2390006149098986,44.179945537022185,0.3433048143273308,0.3433048313572293,5048.783551897322,67.45744850521996,5087.440928326231,,,,1.25e-05,67.45744850521996,0.2491532500301088,0.9315476048560368,9.12559199333191,5048.783522832961,0.095939216869218,0.0959392165144284
77,train,0.4997983871288197,0.9315645951096728,0.4146631139741149,0.2687884474633842,0.2841623623364715,0.4146631130127496,0.519509043824929,0.1338981937777291,17.83763562992055,0.3528601780373563,0.3528601849271405,4143.326160307854,26.638206297351463,4150.508953097051,,,,1.25e-05,,0.2437290957858485,0.93071801784218,73.37088322639465,4143.326835714361,0.096068449278352,0.0960684495988071
77,val,0.4705357154210408,1.0039103485289074,0.445113195549874,0.2818886758316131,0.3365413007282075,0.445113195549874,0.5757351822796322,0.2336636320466087,43.567124412173314,0.3521294537044707,0.3521294678960527,4997.120529901414,66.25088255746024,5034.168016098485,,,,1.25e-05,66.25088255746024,0.2502552760498864,0.9317777951558432,8.907421112060547,4997.120535714285,0.0964673594349906,0.0964673601445697
78,train,0.4995631720590335,0.9295921742275196,0.4147051052861316,0.2702495960458632,0.2882412840281763,0.4147051032031736,0.5192842477912544,0.1262446801548683,16.574125548844698,0.3535020618989903,0.3535020683080919,4154.620931112638,25.27270852365801,4162.049956104009,,,,1.25e-05,,0.2439983520776995,0.9306110813412616,74.59828209877014,4154.620924016481,0.0962174723465596,0.0962174724667303
78,val,0.4705357154210408,0.9931787110510326,0.4427466747306642,0.2866429729121072,0.3543219381854647,0.4427466747306642,0.5626587498755682,0.2263165059543791,42.87540553864979,0.3549666177658808,0.3549666347957793,4914.1976318359375,66.00511569068546,4945.217203776042,,,,1.25e-05,66.00511569068546,0.2492923325016385,0.9321807140395756,9.410531997680664,4914.197684151785,0.100403816927047,0.1004038165722574
79,train,0.500369623784096,0.9301061727987824,0.4140509630563438,0.2691204611973096,0.2855413898184735,0.4140509623353199,0.5198637763819387,0.1312256241918251,17.24681874244444,0.3534980417900188,0.353498048679803,4307.977770364413,26.12795642627183,4315.942786404902,,,,1.25e-05,,0.2441661740022321,0.930524601410794,74.9014060497284,4307.97744131601,0.0961837095198451,0.0961837089991056
79,val,0.4705357154210408,0.9797762745902652,0.4399203941935584,0.2926833296105975,0.3798872736238298,0.4399203956127167,0.5460886238586335,0.2311696484684944,44.77680342538016,0.3613901776926858,0.3613901876267932,4996.255923316592,67.88076918465751,5009.811493844697,,,,1.25e-05,67.88076918465751,0.2520622582662673,0.932422609556289,8.924920558929443,4996.2560134161085,0.1033971384167671,0.1033971387715566
80,train,0.4999663978815079,0.9248659581907334,0.413187694645697,0.2700298198608942,0.291052124432979,0.413187695687176,0.5157525984830754,0.1364695688969986,16.48544478416443,0.3530872587555198,0.3530872662862142,4172.545465161724,24.908496897707703,4180.403817923703,,,,6.25e-06,,0.2432597021582306,0.9310586516575148,73.92731785774231,4172.545466146162,0.095674920226297,0.09567491954533
80,val,0.4705357154210408,0.9898723307110014,0.4417957933176131,0.2862494417599269,0.358880442522821,0.4417957933176131,0.5604966992423648,0.2381714884014356,43.191632407052175,0.3535021458353315,0.3535021543502807,4970.32961890811,66.638916742234,4999.599230587121,,,,6.25e-06,66.638916742234,0.2495359622296832,0.932158282824925,9.19534945487976,4970.32956077939,0.1010696774437314,0.1010696777985209
81,train,0.5003360215053764,0.9237841037652824,0.4130768059722839,0.2703116158003448,0.2925939508663711,0.4130768046904636,0.5167136437469914,0.1325263307299665,15.96245119904959,0.3526339870627208,0.3526339921900021,3948.511984630298,24.531638535120155,3956.256985144824,,,,6.25e-06,,0.2435241073209752,0.9309404851287923,73.21876120567322,3948.5119870913927,0.0959075599988942,0.0959075608000319
81,val,0.4705357154210408,0.9905828890346344,0.44296638241836,0.2869571575096675,0.3546482140109652,0.4429663802896227,0.5624335117283321,0.2354548623164495,42.90480577378046,0.3485189364069984,0.348518940664473,4828.761788504465,65.99534170968192,4854.270527047822,,,,6.25e-06,65.99534170968192,0.2492629779236657,0.931912050360725,8.715429306030273,4828.761683872768,0.0963995839868273,0.0963995836320377
82,train,0.5,0.928051171283568,0.4135747220247022,0.2695307499298485,0.2885588608602041,0.4135747222650435,0.517993654134453,0.1322455542782942,16.17459412031276,0.35217244843001,0.3521724553197943,3963.9204767493793,24.56265334929189,3971.585547840876,,,,6.25e-06,,0.2436110381317395,0.9311042107561583,71.4516658782959,3963.9204732218095,0.0956607160148441,0.0956607158946734
82,val,0.4705357154210408,0.983054933093843,0.4414393986974443,0.288091860356785,0.3632644180740629,0.4414394043740772,0.5570370228517623,0.2331354224256106,42.37458129156204,0.3510015521730695,0.3510015535922277,4879.892008463542,65.9336682274228,4903.090647194602,,,,6.25e-06,65.9336682274228,0.2481534786167599,0.9328348068963914,8.61909008026123,4879.8919677734375,0.0982561647182419,0.0982561650730314
83,train,0.5002016130314079,0.9258226499121676,0.4133483462275997,0.2701698164305379,0.2912739223690443,0.4133483463878272,0.5177124959006104,0.1301004078279259,16.154472251092233,0.352347763956234,0.3523477687630602,4177.177010300339,24.34813690698275,4185.420605160492,,,,6.25e-06,,0.2444665404737636,0.9309629656935252,73.99449372291565,4177.177009315901,0.0958582228950915,0.0958582226547502
83,val,0.4705357154210408,0.9992220685595558,0.4434598414670853,0.2830947133756819,0.3454721740313938,0.4434598435958226,0.5700759277457282,0.2411771963040034,42.7429328191848,0.351677588054112,0.3516775894732702,4938.47869001116,66.08300490606399,4969.890882457386,,,,6.25e-06,66.08300490606399,0.2505098318769818,0.9317836193811326,8.870852708816528,4938.47869001116,0.0977457112499645,0.0977457112499645
84,train,0.4995631720590335,0.9263719565445376,0.4140105082463192,0.2704296540669215,0.291652618316553,0.4140105084866606,0.5173912214175347,0.1378097317071371,15.336760502989572,0.3523588641997306,0.3523588749349758,4135.175990894277,23.51025940269552,4141.594588216146,,,,6.25e-06,,0.2449018039530323,0.9310041518621548,73.04062533378601,4135.176332043064,0.0958735467365352,0.0958735469368196
84,val,0.4705357154210408,0.9941789621398562,0.4426589324360802,0.2853241860866546,0.3530651820557458,0.4426589267594473,0.5643398903665089,0.2402319698816254,42.611093884422665,0.3507567104839143,0.3507567189988635,4892.998488653274,66.0954357328869,4922.679728929924,,,,6.25e-06,66.0954357328869,0.2538706440301168,0.9315116689318702,7.97791314125061,4892.998450869605,0.0984845012426376,0.0984845030165854
85,train,0.5006048387737685,0.9231723455652114,0.4130532846495669,0.2715301261313499,0.2958604558020509,0.4130532832876328,0.515904540776886,0.1313994190986118,15.73556040435709,0.352195125914389,0.3521951358484965,4199.91555548227,24.13896084344515,4208.273291364984,,,,6.25e-06,,0.2465410754084587,0.9304039330892664,65.5883436203003,4199.915894498107,0.0962458967521626,0.0962458972328452
85,val,0.4690476201829456,0.980550731931414,0.4424135777212324,0.2921374269894191,0.3726926587876819,0.4424135791403906,0.5534702532348179,0.238490882728781,43.31063824608212,0.3456264024689084,0.3456264124030158,4856.688889276414,65.90358243669782,4876.000084339488,,,,6.25e-06,65.90358243669782,0.2536060682364872,0.9308349376633054,7.799860954284668,4856.6888427734375,0.0961107012061845,0.0961106987226577
86,train,0.4997983871288197,0.921840753125888,0.4131398370028823,0.2721136096183971,0.2980996255752861,0.4131398380443614,0.5147733476854139,0.1354245438931449,15.12961777564018,0.3518095024490869,0.3518095074161406,3910.520933417864,22.98284182753614,3918.536883729877,,,,6.25e-06,,0.2458768848289725,0.9305300850381132,63.91388487815857,3910.52093633016,0.0961366059478893,0.0961366059879462
86,val,0.4705357154210408,0.9968068599700928,0.4429447601238886,0.2841479785385586,0.3517455955346425,0.4429447587047304,0.5671089866331646,0.2392519556340717,43.00461333138602,0.3547682733762832,0.3547682889870235,5046.204953148252,66.53367414928618,5082.461672881155,,,,6.25e-06,66.53367414928618,0.2522937300659361,0.9318778145880926,7.494848966598511,5046.204828171503,0.0987563147431328,0.098756312969185
87,train,0.4993951613063453,0.9293644668594484,0.4147871800808496,0.2708985845568359,0.291788850340151,0.4147871771967539,0.5200727880001068,0.1349575369148164,15.218856526959328,0.352203183597134,0.352203191608511,4095.150048430248,23.28696439343114,4102.6822657935145,,,,6.25e-06,,0.2462851789689833,0.9301368546101356,62.54361629486084,4095.1493762436735,0.096040204167366,0.0960402042474798
87,val,0.4705357154210408,0.9754595841680256,0.4417009467170352,0.2935130638735635,0.375253962618964,0.4417009467170352,0.5499700045301801,0.2345569449521246,42.512663069225496,0.3451604658649081,0.3451604687032245,4925.961175827753,66.01899346851167,4951.262545868844,,,,6.25e-06,66.01899346851167,0.2533627783968335,0.931269143308912,7.583497762680054,4925.961300804502,0.0968346656078384,0.0968346656078384
88,train,0.4999663978815079,0.9252590604366796,0.4139735867740005,0.272133452517371,0.2962317054149925,0.4139735866938868,0.5152614984701398,0.1384425721862303,15.431109400205717,0.3519413911847658,0.3519413995165978,4049.4102627538864,23.571721781966502,4054.8546977341775,,,,3.125e-06,,0.2466099767755436,0.9303598166793904,61.75667142868042,4049.410257380496,0.0961407661758443,0.0961407660556736
88,val,0.4705357154210408,0.9960304981186276,0.4437716660045442,0.2836398226874215,0.3484225202174413,0.4437716660045442,0.5705455704813912,0.2425968678934233,43.07146072387695,0.346028657186599,0.3460286671207064,5066.106951032366,66.92586281186058,5094.130459872159,,,,3.125e-06,66.92586281186058,0.2516436832291739,0.9311453075636,7.38096284866333,5066.107038225447,0.0959322707993643,0.095932268670627
89,train,0.5001680107526881,0.9258543762468524,0.413683200555463,0.2712123601507115,0.2952580231652465,0.4136832015168282,0.5162923784666164,0.136033351763442,14.740157896472562,0.3523138785554516,0.3523138848043257,4031.071410148375,22.28986497079173,4039.1631526446095,,,,3.125e-06,,0.2465471481123278,0.93035600230258,62.4224956035614,4031.071749164212,0.0961534929692104,0.0961534934899499
89,val,0.4690476201829456,0.9957264179275148,0.4445434198493049,0.2855784218935739,0.35149813691775,0.4445434184301467,0.5690297030267262,0.239375131825606,42.93450010390509,0.3485117512089865,0.348511761143094,5029.02814592634,66.47809709821429,5059.847145774148,,,,3.125e-06,66.47809709821429,0.2519115656614303,0.9314599718366352,7.451168060302734,5029.028105236235,0.0973755798879123,0.0973755798879123
90,train,0.5,0.9267337677940246,0.4138600338370569,0.2703285566581193,0.2901664290537116,0.4138600338370569,0.5159859258321023,0.1347944050105989,14.384279325444211,0.3532451032310403,0.3532451086787767,3793.536028256981,22.08096085825274,3801.1241796833897,,,,3.125e-06,,0.2466257649563974,0.9303660341488418,60.84193968772888,3793.536363376085,0.0958714511205432,0.095871450479633
90,val,0.4690476201829456,0.9890849136170888,0.4427046066238767,0.2862794065759295,0.3561242719491322,0.4427046030759811,0.5636741320292155,0.234401601765837,42.87381762549991,0.3507271848973773,0.3507271905740102,5006.453311011905,66.45240983508882,5036.85772076231,,,,3.125e-06,66.45240983508882,0.2513335850976762,0.9318729184922718,7.863380432128906,5006.453322637649,0.0952771515363738,0.0952771501172156
90,val_periodic_epoch_90,0.4690476201829456,0.9890849136170888,0.4427046066238767,0.2862794065759295,0.3561242719491322,0.4427046030759811,0.5636741320292155,0.234401601765837,42.87381762549991,0.3507271848973773,0.3507271905740102,5006.453311011905,66.45240983508882,5036.85772076231,,,,3.125e-06,,0.2513335850976762,0.9318729184922718,7.055804014205933,5006.453322637649,0.0952771515363738,0.0952771501172156
91,train,0.5002016130314079,0.9230373283067056,0.4131627622390947,0.2710933441756874,0.2953151944343761,0.4131627615981845,0.5140471469650987,0.1331368793322835,14.47518374586618,0.3526025850285766,0.3526025956035942,4071.530032332225,22.26386784994474,4079.5072464451646,,,,3.125e-06,,0.246381770298686,0.9305821945590358,61.75530529022217,4071.5300283944734,0.095914097883368,0.0959140977631974
91,val,0.4690476201829456,0.9925521810849508,0.4428545797155017,0.2866088173219135,0.3582056519531068,0.4428545811346599,0.5633047407581693,0.2396565849582354,42.93950934637161,0.3528414013839903,0.3528414070606231,5060.854091099331,66.40722292945499,5097.989467921401,,,,3.125e-06,66.40722292945499,0.2532780106578554,0.9318024516105652,7.855879783630371,5060.853835332961,0.1006275521857398,0.100627553604898
92,train,0.4997983871288197,0.924239101589367,0.4137094364531578,0.2714676523721346,0.2952935451301195,0.4137094369338405,0.5160859217967397,0.1348880965422879,14.640236752007596,0.3522827716604356,0.3522827798320401,3845.958189543857,22.82971818729113,3853.455259771379,,,,3.125e-06,,0.2466028610705047,0.93045290022768,62.4672589302063,3845.958187574981,0.0959344611212771,0.0959344609209927
92,val,0.4705357154210408,0.9925032002585276,0.4419153261752355,0.284697189217522,0.3559249937534332,0.4419153311422893,0.5637998935722169,0.2378745423186393,42.77722367786226,0.3534114105360849,0.3534114176318759,4983.86572265625,66.23274576096307,5018.898946496212,,,,3.125e-06,66.23274576096307,0.2532924541405269,0.9318845158531552,7.714484453201294,4983.86572265625,0.0971182506708871,0.0971182510256767
93,train,0.4997647850103275,0.9225813780100116,0.4135831251580228,0.2723158846298854,0.2990579010658367,0.4135831241966575,0.5142712161265394,0.1339586660346036,14.285638437476209,0.3517163708325355,0.3517163806064154,3920.56436991948,21.8544228025662,3928.613262659452,,,,3.125e-06,,0.2474058425073982,0.930264598900272,60.30120706558228,3920.56470745866,0.0959418609898577,0.0959418610299146
93,val,0.4690476201829456,0.9816663804508392,0.4428848113332476,0.2911361981005895,0.3697566709348133,0.442884807075773,0.5562700615042732,0.2340743722660201,42.806985945928666,0.3471315205097198,0.3471315247671945,4946.278250558035,66.12790734427315,4971.633080314868,,,,3.125e-06,66.12790734427315,0.2526293560152962,0.9316598347255162,6.955130815505981,4946.278174990699,0.0945857163696062,0.0945857163696062
94,train,0.5,0.92659926462558,0.4140069797955533,0.2709146305438011,0.293334354876831,0.4140069817983976,0.5144845530871422,0.1357270994133526,14.883572263102378,0.3526792287506083,0.3526792385244882,3759.362674487535,22.581057504941057,3764.1744096852312,,,,3.125e-06,,0.2468488088218114,0.9303953067589832,57.8994779586792,3759.3626700575633,0.0957820109061656,0.0957820113868482
94,val,0.4690476201829456,1.004046224412464,0.4432943477517083,0.2819415096725736,0.3473081049464998,0.4432943363984425,0.5713747470151811,0.2411620592077573,43.25944836934408,0.3608834374518621,0.3608834459668114,5097.985432942708,66.86870774768647,5133.079450757576,,,,3.125e-06,66.86870774768647,0.2533646417515618,0.9319158111299788,7.009113073348999,5097.985479445684,0.1023513241892769,0.1023513227701187
95,train,0.5004032257423606,0.9236665212659424,0.4133476680645379,0.2712119719193828,0.296420558646161,0.413347668705448,0.51550411465027,0.1349186836791935,14.893646204343408,0.3523606420845114,0.3523606504163434,3976.412484179261,22.840843039174235,3983.741638841212,,,,3.125e-06,,0.2472151018759255,0.9303487632223356,57.8760027885437,3976.412822354224,0.0958408863554077,0.0958408857144976
95,val,0.4690476201829456,1.0010845888228643,0.4441664687224796,0.2813543138049897,0.3413362375327519,0.4441664680129006,0.5749941922369457,0.2415831688614118,42.91996056692941,0.3467461055233365,0.3467461097808111,5000.351795014881,66.56139010474796,5034.621112985322,,,,3.125e-06,66.56139010474796,0.2531850018671581,0.9308079310825892,6.9970314502716064,5000.351713634673,0.0950202548078128,0.0950202516147068
96,train,0.4991935483951081,0.9264667356206524,0.4141949667565284,0.2707556111998455,0.2934182633956273,0.4141949661156183,0.5180431070026531,0.133328069942773,14.636714114937732,0.3522047868338964,0.3522047959668662,4047.3673307357294,22.59811062966624,4054.136969754512,,,,1.5625e-06,,0.2470729121117181,0.930313318326909,58.42459964752197,4047.367665690761,0.0957673231680547,0.0957673224069738
96,val,0.4705357154210408,0.9895199083146596,0.4394469140540986,0.2884924858808517,0.3749654193719228,0.4394469147636777,0.5514997385797047,0.2395083510449954,43.83877690633138,0.3720142614273798,0.3720142685231708,5057.306617373512,67.14811979021344,5087.210194720644,,,,1.5625e-06,67.14811979021344,0.258189619297073,0.9315217846915836,6.985936403274536,5057.306565057664,0.1064629150288445,0.1064629157384236
97,train,0.4999663978815079,0.9221437349114366,0.4132555740815337,0.2717120774811314,0.2963306992765396,0.4132555735207373,0.5159299855911603,0.1311593852857107,13.978758537641136,0.3522016978071582,0.3522017080617207,3737.4950195435554,21.10231996095309,3744.561920124914,,,,1.5625e-06,,0.2475037819115064,0.9303604524622682,60.03245973587036,3737.495024199127,0.095901409704839,0.0959014087434737
97,val,0.4705357154210408,0.985062919911884,0.4410182663372585,0.2873067437183289,0.3646871653341111,0.4410182649181002,0.5575825721025467,0.237940921315125,42.73495120093936,0.350592002982185,0.3505920143354507,4921.784598214285,66.1651124500093,4954.03174124053,,,,1.5625e-06,66.1651124500093,0.2553788160993939,0.931466008935656,7.289243459701538,4921.7844964890255,0.0998157195392109,0.0998157206035795
98,train,0.5,0.9255730428041952,0.4134176781260839,0.2710783667461846,0.2963682080629051,0.4134176758027846,0.5185194797413324,0.1308699283468467,15.25974101661354,0.3524144250218586,0.3524144333536907,3936.755449459117,22.78044020232334,3944.3930887447054,,,,1.5625e-06,,0.247473891063403,0.9302287217109434,58.60876703262329,3936.755444208781,0.0959376061074836,0.0959376072290764
98,val,0.4690476201829456,1.0010441286223275,0.4439076625165485,0.2822835211242948,0.3447375042097909,0.4439076582590739,0.5725670357545217,0.2368143023479552,42.53180576506115,0.354797180209841,0.35479717311405,4939.4945882161455,66.0134793236142,4975.824884588068,,,,1.5625e-06,66.0134793236142,0.2526468052750542,0.9319280215672084,6.9648401737213135,4939.494564964658,0.0978535960117975,0.0978535953022184
99,train,0.4997983871288197,0.9227175667721738,0.4134046454583445,0.2719213278383337,0.2972690904492973,0.4134046476214162,0.5131943675699413,0.1298920772168585,13.773367089609946,0.352629023694223,0.3526290285010491,3748.5011671332895,21.032103789749964,3751.258536701652,,,,1.5625e-06,,0.2477581576314023,0.9300603174394176,57.876590728759766,3748.5011706198416,0.0958831263005092,0.0958831266209643
99,val,0.4690476201829456,0.9825800174758548,0.4421969460589545,0.2895443716219493,0.3669385108209791,0.4421969403823216,0.5572709732112431,0.2356909179971331,42.64845139639719,0.3457689342044648,0.3457689455577305,4972.232386997768,66.37332171485538,5006.683817175663,,,,1.5625e-06,66.37332171485538,0.2544563334612619,0.9309237060092744,6.838353395462036,4972.232352120535,0.0956302459041277,0.0956302469684964
100,train,0.5004032257423606,0.9243873157488404,0.4132950912399958,0.2708833143916181,0.29458866260385,0.413295090839427,0.5151254540329339,0.1297479906189505,14.00621179355088,0.3525551676109273,0.3525551736995738,3722.5725565879575,21.442446813788465,3729.852375695842,,,,1.5625e-06,,0.2480703277453299,0.9300801564929306,58.14785480499268,3722.572557756978,0.095874573354439,0.0958745728336995
100,val,0.4690476201829456,0.9926572952951704,0.443550604439917,0.286481085277739,0.3568826956408364,0.443550610826129,0.5652711590131124,0.2358443917972701,42.94746952965146,0.3537376083078838,0.3537376168228331,4984.324933733259,66.58215277535575,5017.436684718276,,,,1.5625e-06,66.58215277535575,0.2541501046646209,0.9306778198196776,6.924689054489136,4984.325113932292,0.0946785985004334,0.0946785988552229
101,train,0.4993951613063453,0.9244765642509666,0.4141472711838702,0.2726909475781584,0.2991101859558013,0.4141472691810259,0.5159908358448295,0.1313545329556349,14.53547046517813,0.3513098793324604,0.3513098841392866,3730.173920128935,22.07518098431249,3737.199393964055,,,,1.5625e-06,,0.2481634024811047,0.930126734959182,57.68591737747192,3730.1742541815647,0.0961017445611056,0.0961017443608212
101,val,0.4690476201829456,0.982125583149138,0.442002419204939,0.2907647015083404,0.3699452174561364,0.4420024163666226,0.5546701394376301,0.2327355561511857,42.55060241335914,0.3487971935953413,0.3487971950144994,4872.769362676711,65.78654153006417,4901.748058712121,,,,1.5625e-06,65.78654153006417,0.2543790489435196,0.932101343359266,6.972901582717896,4872.769397553943,0.0987761435764176,0.0987761421572594
102,train,0.5002016130314079,0.9238788080151364,0.4135526650214708,0.272088902371545,0.2985985905572932,0.4135526647811295,0.5151750432547703,0.1285382747169464,14.260689391884751,0.3518141695568638,0.3518141751648277,4057.099082577613,22.078394907777028,4065.367135964339,,,,1.5625e-06,,0.2482934877757103,0.929930627666494,58.05208969116211,4057.09907562502,0.0961299099989475,0.0961299108401421
102,val,0.4690476201829456,0.9863564882959638,0.4423017750183741,0.2882801017590931,0.3637461790016719,0.4423017707608995,0.5593229553529194,0.2322425402346111,42.78989991687593,0.3510186331612723,0.3510186430953798,4873.525913783482,65.89780262538365,4902.096835049716,,,,1.5625e-06,65.89780262538365,0.2552695245969863,0.931244461309342,6.978092670440674,4873.525995163691,0.0951208553853489,0.0951208536114011
103,train,0.5,0.9243800297219266,0.4137380620644938,0.2712889424254817,0.2957267568156283,0.4137380644679069,0.5147865829608773,0.1323726759242114,13.653767185826457,0.352143854864182,0.3521438625551039,3793.266933420653,20.90943371608693,3800.920406436599,,,,1.5625e-06,,0.2479761286127952,0.9300854372721846,57.74044299125672,3793.267269667759,0.0958560509306769,0.0958560514514164
103,val,0.4690476201829456,0.993598793234144,0.4438324442931584,0.2864831749882017,0.3553693408057803,0.4438324471314748,0.5658973661207017,0.2316877366531463,42.760863985334126,0.3517021380719684,0.3517021579401834,4874.884637741816,65.79483649844215,4907.272705078125,,,,1.5625e-06,65.79483649844215,0.2537479265814736,0.9312879216103328,6.944919109344482,4874.884690057664,0.0956565418413707,0.0956565429057393
104,train,0.5004032257423606,0.9226435579920328,0.4133727124701905,0.2721245786355388,0.2988230674978225,0.4133727123500198,0.5153976810635418,0.1309244425025998,14.66131652298794,0.3514600987395933,0.3514601062702876,3922.3456377624175,22.43289339414207,3929.3649540653937,,,,1e-06,,0.2487408804797357,0.9299344577456032,60.09726405143738,3922.345635670488,0.0961680197587577,0.0961680193581888
104,val,0.4690476201829456,0.998806241012755,0.4445399202051617,0.2837247067973727,0.3473868824186779,0.444539922333899,0.5720819241943813,0.2360750057158016,42.69407572065081,0.34848581467356,0.3484858189310346,4928.762997581845,66.01563844226655,4962.86933297822,,,,1e-06,66.01563844226655,0.2538041202794938,0.9310729957762218,7.093562364578247,4928.762927827381,0.0952781924889201,0.0952781928437096
105,train,0.5004032257423606,0.9211673175775876,0.4130441763548441,0.2726327194481767,0.3010878715944546,0.4130441784378021,0.5125152439840378,0.127852629269323,13.999922490889029,0.3516002752447641,0.351600283256141,3970.050428267448,21.57164743382444,3978.063227392126,,,,1e-06,,0.2490471120803586,0.9298501335164552,58.502402544021606,3970.050091343541,0.0960201369097796,0.0960201372702916
105,val,0.4690476201829456,0.9892065752120244,0.443601797733988,0.2890396707114719,0.3621977156116849,0.443601797024409,0.5612090740885053,0.2301493045829591,42.61338924226307,0.3531429625692822,0.3531429781800225,4858.264142717634,65.67988895234608,4887.282691169507,,,,1e-06,65.67988895234608,0.2545714612518038,0.9309770720345634,6.912091970443726,4858.264142717634,0.0948261905993734,0.0948261905993734
106,train,0.4997983871288197,0.9222982641189328,0.413466419103325,0.2725085390190924,0.3002543185827552,0.4134664193436663,0.5127692226600903,0.1297767300519251,13.590446728532031,0.3519626436054066,0.3519626503349632,3662.363408980831,20.92374185849261,3669.366625853259,,,,1e-06,,0.2490367877387231,0.929762012855981,58.89773988723755,3662.363410272906,0.0961412648440048,0.0961412654448581
106,val,0.4690476201829456,0.9922193856466384,0.4438355820519583,0.2866396804650624,0.3555280424299694,0.4438355792136419,0.5658927098626182,0.2324228882789611,42.68652479989188,0.3461447088491349,0.3461447173640841,4949.529721214658,66.05485425676618,4981.052306758997,,,,1e-06,66.05485425676618,0.2533815056085586,0.9313137701579502,6.918603658676148,4949.52972702753,0.0971957995068459,0.0971957987972668
107,train,0.5006048387737685,0.923395457447216,0.4131947265517327,0.2713254243135452,0.2966503735671761,0.4131947287148045,0.5159515445671414,0.1298950751942973,14.054097134579894,0.3520501038079621,0.3520501089352433,3858.560560841714,21.61524417836179,3866.245006286416,,,,1e-06,,0.2484334501367743,0.929951020145929,58.13493609428406,3858.5602206363474,0.096134145974472,0.0961341456540169
107,val,0.4690476201829456,0.9806746954009646,0.4406793954826536,0.2915328613349369,0.3772201701289132,0.4406793961922328,0.5500645495596386,0.2350315274227233,42.82287343343099,0.3575038626080468,0.3575038725421542,4908.642397925967,66.10179174514045,4938.040988991477,,,,1e-06,66.10179174514045,0.2581583673045748,0.9310117903209868,7.155621528625488,4908.642354329427,0.1005959141822088,0.1005959127630506
108,train,0.5002016130314079,0.919740411222622,0.413058317556817,0.2738131924021628,0.3036618402568243,0.4130583180374996,0.5108362719096163,0.1263403089576831,13.981560753237815,0.3519687143064314,0.3519687252019041,3737.616399498396,21.409594048735915,3744.990558333991,,,,1e-06,,0.2493240476776194,0.9297779683143862,57.16934466362,3737.6167375092864,0.0963297424617634,0.096329742942446
108,val,0.4705357154210408,0.9863787236667816,0.4416450971648806,0.2886184524922144,0.3670296356791541,0.4416451007127762,0.5570345322291056,0.233340968688329,42.89023808070591,0.3536758139019921,0.3536758209977831,4941.869338262649,66.42261850266229,4969.981579959754,,,,1e-06,66.42261850266229,0.255412295460701,0.931403656800588,7.0418078899383545,4941.86931501116,0.0997144462806838,0.0997144459258942
109,train,0.4997983871288197,0.9231453826350552,0.4137072222687865,0.2722316621452249,0.2978645672080337,0.4137072233903792,0.51362787591674,0.1277677771705453,13.739359817197244,0.3522538462633727,0.352253857319073,3661.238742377168,20.79062463391212,3668.454960791591,,,,1e-06,,0.2485021424870337,0.9299794576501332,57.79418396949768,3661.2390779884913,0.0960036534215173,0.0960036540223706
109,val,0.4690476201829456,0.997321157228379,0.4420701506591978,0.2850795232114337,0.3580866250253859,0.442070152078356,0.563428194749923,0.2311881589038031,43.28374989827474,0.3606579587573096,0.3606579615956261,4986.028012230283,66.6250866481236,5017.752064098011,,,,1e-06,66.6250866481236,0.255864448490597,0.9311245452790032,6.820361614227295,4986.02780296689,0.1007747235042708,0.1007747231494812
110,train,0.5004032257423606,0.9215214627404368,0.4131764558854923,0.2727818516313389,0.3017612045971296,0.4131764589298156,0.5152975287969395,0.1272958904624946,14.488989214743338,0.351382204441614,0.3513822122927635,3904.879661457513,22.234059144091862,3912.490136431042,,,,1e-06,,0.2493960656305795,0.9298608171683486,57.70490622520447,3904.879995489633,0.0962131465234423,0.0962131460427597
110,val,0.4690476201829456,0.9862069629487538,0.4422173897425334,0.2897369513909022,0.367888603182066,0.4422173840659005,0.5566843435877845,0.2299114710518292,42.49671654474167,0.3545181282929012,0.3545181282929012,4909.1667247953865,66.00180544172015,4943.825034031724,,,,1e-06,66.00180544172015,0.2565950133970806,0.9315386272612072,7.1243064403533936,4909.166713169643,0.0986504348970594,0.0986504348970594
111,train,0.4995967742576394,0.9229111341379022,0.4138264924448023,0.2725528130928675,0.2982179765259066,0.4138264934061676,0.5126474876237171,0.1270718913405172,14.205350524635724,0.3520402962802559,0.3520403033302676,3973.044496146581,22.0486199573804,3978.2502238161233,,,,1e-06,,0.2489232741376405,0.9299176399425794,59.79402160644531,3973.044833337107,0.0961407658153323,0.0961407660957305
111,val,0.4705357154210408,0.9851922761826288,0.4409374807562147,0.2895686697392237,0.3735386786006746,0.440937482884952,0.5538605153560638,0.2361432821268127,43.162324632917134,0.353794698204313,0.3537946996234712,5024.463123139881,66.59051913306827,5059.294954427083,,,,1e-06,66.59051913306827,0.2582566574925468,0.9311944444974264,7.010839462280273,5024.4631754557295,0.1041978530230976,0.1041978523135185
112,train,0.5006048387737685,0.919616527615055,0.4127853147445186,0.2731408405528274,0.3027562090466099,0.4127853149047462,0.512421997644568,0.1244058930665575,13.970830573830554,0.3515302442735241,0.3515302532462663,3780.3753000074817,21.34569211159983,3788.023599746653,,,,1e-06,,0.2495359169539585,0.9297555790793512,57.29582333564758,3780.374964396159,0.0963134866167781,0.0963134866167781
112,val,0.4690476201829456,0.9828355482646396,0.4426275633630298,0.2919086934555144,0.3736868415560041,0.4426275704588209,0.5545855178719475,0.2339308712454069,43.18067296346029,0.3511213362216949,0.3511213461558024,5010.687343052456,66.46321087791806,5044.15381451231,,,,1e-06,66.46321087791806,0.2574588720287595,0.9305770652634756,7.051313638687134,5010.687366303943,0.0977040898232232,0.0977040919519606
113,train,0.5,0.9209929518802192,0.4133868832742014,0.2734419633784601,0.3022912241598611,0.4133868819923811,0.5124993896292102,0.123406993145103,13.911623298480947,0.3514492266601132,0.3514492325885321,3801.5993320506095,21.34224914991728,3806.288656647037,,,,1e-06,,0.249416171462946,0.929855373597914,57.48018217086792,3801.5996681336433,0.0962636067021277,0.0962636067021277
113,val,0.4690476201829456,0.9881797376133148,0.4429516068526676,0.2885223357450394,0.3634336519808996,0.4429516075622468,0.5605328970012211,0.2340794826547304,42.87973276774088,0.3495892470791226,0.3495892541749136,5006.364193870908,66.40799822126117,5041.027880859375,,,,1e-06,66.40799822126117,0.2555740631762005,0.9315047462781272,7.001559257507324,5006.364188058035,0.09856507394995,0.09856507394995
114,train,0.4993951613063453,0.9238570063344894,0.4139478651265944,0.2724088011409646,0.2990116267114557,0.4139478670493249,0.5150255733119544,0.1247201811682472,13.975519841717135,0.3517984007635424,0.3517984055703686,3718.613204874018,21.24613843425628,3725.551839727023,,,,1e-06,,0.2491646328920959,0.929916476370186,57.93000030517578,3718.6135394188655,0.0962437201812062,0.0962437199408649
114,val,0.4690476201829456,0.9932667982010616,0.4428778141736984,0.2869217197100321,0.3598198464938572,0.4428778205599104,0.5627365935416448,0.2351098245098477,42.81366411844889,0.354642296121234,0.3546422932829176,4970.794009254092,66.28129395984467,5003.346437026516,,,,1e-06,66.28129395984467,0.2562149876639956,0.9312547785895212,7.237393856048584,4970.7939860026045,0.1007815404307274,0.1007815404307274
115,train,0.5004032257423606,0.9208613122983644,0.4130455052820585,0.2726257533155461,0.3016817422323329,0.4130455057627411,0.5116870790239303,0.1229207512712286,13.930123236871534,0.3522049368068736,0.3522049428955201,3934.652248156968,21.47527441158089,3940.6061293682255,,,,1e-06,,0.2490498152791813,0.9298193900174992,57.58711242675781,3934.652585121893,0.0962303414620378,0.0962303421830618
115,val,0.4690476201829456,0.9901046383948552,0.4430895199378331,0.2875342631623858,0.3601032545169194,0.4430895163899376,0.5623533874750137,0.2284971117263748,42.37741988045829,0.3567965825398763,0.3567965967314584,4899.088018508184,65.97530800955636,4930.278336588542,,,,1e-06,65.97530800955636,0.2557003136192049,0.9311817515464056,7.600862979888916,4899.08806501116,0.0968831979802676,0.0968831983350572
116,train,0.4999663978815079,0.9210401539520552,0.4136071894918718,0.2740420002930908,0.3053960647153598,0.4136071877293689,0.5146769463855733,0.1250816698997251,14.196929562476374,0.3507895998416408,0.3507896056098322,3715.77583554996,21.64994525140332,3723.356748381849,,,,1e-06,,0.2495996294322834,0.9299673088776168,58.16925573348999,3715.775840656732,0.0964319909051541,0.0964319910253247
116,val,0.4690476201829456,0.9944943473452612,0.4438695084481012,0.2866887634708768,0.3564891815185547,0.443869507028943,0.5657551253125781,0.2324294206641969,42.948634011404856,0.350245931318828,0.3502459384146191,4960.06771123977,66.34505762372699,4988.053718335701,,,,1e-06,66.34505762372699,0.2554863776479448,0.9304565645399548,6.991386413574219,4960.067754836309,0.0967418888495082,0.0967418884947186
117,train,0.5002016130314079,0.925800113267796,0.4133478792444352,0.2727106675024955,0.3010209509602157,0.4133478799654591,0.5142165173285751,0.1210061620960953,14.35812012610897,0.351624604194395,0.3516246134875923,4005.168229913199,21.655793618130428,4013.372830241297,,,,1e-06,,0.2492457881409635,0.92993728768441,57.45236325263977,4005.167898034537,0.0963802352467531,0.0963802359277202
117,val,0.4690476201829456,0.9904038111368816,0.4428824023121879,0.2871720577989305,0.3609949194249652,0.4428824037313461,0.5625873491877601,0.2331466089401926,42.73931675865536,0.3466392925807408,0.3466393039340064,5005.035429454985,66.47668420700799,5038.011046993372,,,,1e-06,66.47668420700799,0.2556739016657784,0.9305912171091352,7.248420238494873,5005.0354236421135,0.0986995576393036,0.098699556574935
118,train,0.4995967742576394,0.9201694731750796,0.4135084752273816,0.2737419077305383,0.3045143864808544,0.4135084770699983,0.5109739757433374,0.1214056170235077,13.586863843343592,0.3515324438771894,0.3515324496453808,3814.0500188848014,20.951013631718133,3820.9914444123856,,,,1e-06,,0.2495302028393232,0.929867668497947,57.87692284584045,3814.050357387912,0.0963145058241582,0.0963145062247271
118,val,0.4690476201829456,0.9825067860739573,0.4419926333995092,0.2913934609719685,0.374265934739794,0.4419926333995092,0.5536411816165561,0.2290742595990499,43.04117202758789,0.3512817025184631,0.3512817039376213,4999.004952566965,66.4446344829741,5032.26083540483,,,,1e-06,66.4446344829741,0.2565199370895113,0.9308874521936688,6.914898872375488,4999.005077543713,0.0985885897562617,0.0985885897562617
119,train,0.5,0.9208619639437686,0.4133054864823177,0.2732580161543302,0.3026895319582313,0.4133054869630003,0.511237268005648,0.119632071224592,13.676207068145915,0.3514774146900382,0.3514774210991398,3673.973705107166,21.0817185191698,3681.085286478884,,,,1e-06,,0.2494375035967878,0.9297475238000192,57.00269293785095,3673.9737034254176,0.0962149133925796,0.0962149137130347
119,val,0.4690476201829456,0.9947044877778916,0.4431101935250418,0.2859687649068378,0.3555533176376706,0.4431101892675672,0.5649039844671885,0.2278200973357473,42.61513310387021,0.3534419437249501,0.3534419451441083,4975.013352167039,66.19088690621513,5012.603172348485,,,,1e-06,66.19088690621513,0.2551490941217967,0.9312847341809954,7.00927734375,4975.013381231399,0.0991117663326717,0.0991117681066195
120,train,0.4993951613063453,0.9207523378633684,0.4136724323034286,0.2739925765863029,0.3049236389417802,0.4136724302204706,0.5098458988371716,0.1188225252854247,13.919722167394497,0.3513274449174122,0.3513274529287892,3886.646298931491,21.38853242833128,3894.181896993207,,,,1e-06,,0.2498353936018482,0.9297566263265508,57.34474992752075,3886.646637721728,0.0963701703135044,0.096370169752708
120,val,0.4690476201829456,0.9851675686382112,0.4416684770867938,0.2885387348277228,0.3673974999359676,0.4416684657335281,0.5574609921092079,0.229265713975543,42.74679211207798,0.3491443466572534,0.3491443565913609,4998.585827055432,66.39721879504975,5032.69267282197,,,,1e-06,66.39721879504975,0.2567581754355204,0.9311584631601968,6.864241361618042,4998.585803803943,0.0994850968321164,0.0994850964773269
120,val_periodic_epoch_120,0.4690476201829456,0.9851675686382112,0.4416684770867938,0.2885387348277228,0.3673974999359676,0.4416684657335281,0.5574609921092079,0.229265713975543,42.74679211207798,0.3491443466572534,0.3491443565913609,4998.585827055432,66.39721879504975,5032.69267282197,,,,1e-06,,0.2567581754355204,0.9311584631601968,6.727986097335815,4998.585803803943,0.0994850968321164,0.0994850964773269
121,train,0.5,0.921433258681528,0.4133119762785012,0.2732391076222543,0.3025346115551969,0.4133119761983874,0.5158764306876448,0.1170027993058645,13.870658246419763,0.3513196359078089,0.3513196392725872,3841.933496126565,21.25483673362322,3849.731081300472,,,,1e-06,,0.2498449423620777,0.9297130652653274,57.145814418792725,3841.9334930091777,0.0963153952872881,0.096315396008312
121,val,0.4690476201829456,0.9828409382275172,0.4421045907906124,0.2907836756535938,0.3722626439162663,0.4421045822756631,0.5548851944151378,0.2267028355882281,42.267218544369655,0.3487363003549121,0.3487363188039689,4956.318004789807,66.09204964410691,4990.373511482007,,,,1e-06,66.09204964410691,0.2580265111866451,0.93070825224831,6.790767192840576,4956.31790015811,0.0996162848813193,0.0996162823977924
122,train,0.5,0.9199567991559224,0.4131295411016351,0.2736627555662586,0.3047820480280025,0.413129538698222,0.5090277114061899,0.1136467349465175,13.663860926064112,0.351666401150406,0.3516664106038309,3607.583632684523,20.736805121103924,3614.906052873913,,,,1e-06,,0.2496082755506679,0.9297724459120024,58.238128900527954,3607.583298201202,0.0963599826459602,0.0963599828061878
122,val,0.4690476201829456,0.9848437564713616,0.441229583252044,0.2902499430236362,0.3722195313090369,0.4412295882190977,0.5534737819717044,0.2246160890374864,42.90860848199753,0.3595713604064214,0.3595713717596872,4957.353672572544,66.37471680414109,4988.326019472064,,,,1e-06,66.37471680414109,0.2574574358406521,0.9318353193146842,7.062586069107056,4957.353567940848,0.1026614166441417,0.1026614162893522
123,train,0.5002016130314079,0.919244259275416,0.4129857107676485,0.2741961516840484,0.306131401209421,0.4129857119693551,0.5089517987223082,0.1155428177406711,13.72422436488572,0.3511883919277498,0.3511883996186717,3863.598118925607,21.03420281153853,3871.36976728343,,,,1e-06,,0.249876529218689,0.9297916206621356,57.9958713054657,3863.598115603129,0.0964097836886041,0.0964097837687179
123,val,0.4690476201829456,0.9832362617765156,0.4420643739757083,0.2902060392357054,0.371214264915103,0.4420643697182337,0.5559105099666686,0.2268983029893466,43.17671258108957,0.3469547515823727,0.3469547671931131,5003.0374755859375,66.53884324573335,5035.368792909564,,,,1e-06,66.53884324573335,0.2561200637192953,0.9310415954816909,7.114029169082642,5003.037446521577,0.0982958585733459,0.0982958607020832
124,train,0.4997983871288197,0.9202711290569716,0.4133825473567491,0.2737613666442133,0.3037669403097963,0.4133825485584556,0.5118715545983725,0.1124769965166686,13.110924995073708,0.3515492379665375,0.3515492397290404,3736.890220088344,20.301974101733137,3743.281382921007,,,,1e-06,,0.2498584709340526,0.9295684618334616,58.84686350822449,3736.889883902765,0.0963092624980916,0.0963092627784898
124,val,0.4690476201829456,0.9831314995175316,0.4414463894707816,0.2901793831870669,0.3727765423910958,0.4414463866324651,0.5540667985166822,0.2234639113857632,42.706880296979634,0.3533946403435298,0.3533946446010044,4979.7353748139885,66.2011783236549,5015.074047111742,,,,1e-06,66.2011783236549,0.2561930567026138,0.93127722683407,6.9210405349731445,4979.7353515625,0.0981223405826659,0.0981223402278763
125,train,0.5004032257423606,0.9222711670783258,0.4129648843920359,0.2726234457986329,0.30233468652092,0.4129648839914671,0.5117704639992406,0.1136826406363197,14.05893692662639,0.3516662317898966,0.3516662340330821,3912.392253998787,21.38745294335068,3919.9187449651135,,,,1e-06,,0.2497385914928169,0.9296451275066664,58.00741291046143,3912.392586636287,0.0962639565189038,0.0962639562385056
125,val,0.4690476201829456,0.9842638770739236,0.4415168499662762,0.2901738420838401,0.3727838907923017,0.4415168563524882,0.5543952130136036,0.2253856914384024,42.89545903887068,0.3565959944611504,0.3565960029760996,4966.876232328869,66.34542755853562,4998.788668915719,,,,1e-06,66.34542755853562,0.257207331203279,0.9308653133256096,6.9643638134002686,4966.876336960566,0.1003002978506542,0.1003002989150229
126,train,0.4997983871288197,0.921221905658322,0.4134782793861563,0.2734682733012784,0.3034917396563356,0.4134782769827432,0.5118074133110944,0.1139638714131809,13.66178471811356,0.3517483431164936,0.3517483530506011,3667.2711693958568,20.95912820293057,3670.146926170889,,,,1e-06,,0.2496620976636486,0.9297893226787608,57.81588435173035,3667.2711698060393,0.0961967777981553,0.0961967783188948
126,val,0.4690476201829456,0.9924026869592212,0.4435415480818067,0.2865655152570633,0.356630007425944,0.443541556596756,0.5653339652788072,0.2271051541680381,42.416874386015394,0.3473364583083561,0.3473364625658308,4952.624372209822,65.98071379888626,4984.586079545455,,,,1e-06,65.98071379888626,0.2561296756778444,0.9303973515828452,7.555271863937378,4952.624267578125,0.0969144102363359,0.0969144120102837
127,train,0.4997983871288197,0.9202167696209363,0.4132437092322175,0.2734917923808098,0.30521793222876,0.4132437105941516,0.5116072948421201,0.1107928524975494,13.465529203414915,0.3514780115376236,0.35147801698536,3650.744712070752,20.56355353581008,3658.15559393886,,,,1e-06,,0.2498328007196867,0.9298263624791177,57.76108717918396,3650.744376069756,0.0961734920900355,0.0961734918496942
127,val,0.4690476201829456,0.9832009446053278,0.4425455381472905,0.2898299083823249,0.3674141523383912,0.4425455289227621,0.5577496346973237,0.2208350872000058,42.32392084030878,0.34708153066181,0.3470815335001264,4957.32845342727,66.18675458998908,4990.465315755208,,,,1e-06,66.18675458998908,0.2549343300717218,0.9310736457506816,6.930819511413574,4957.328531901042,0.0961891096972283,0.0961891082780701
128,train,0.5,0.9198823367716163,0.4130062853456825,0.2731982649814698,0.3040572109241639,0.4130062818206766,0.5095441199999343,0.1087180724547755,13.098233702362224,0.3520594719917543,0.3520594777599458,3837.7339296033306,20.33386678593133,3843.498742737433,,,,1e-06,,0.2498050112557667,0.9296484230667031,57.77240180969238,3837.734275530743,0.0962687045015314,0.096268704301247
128,val,0.4690476201829456,0.9969599899791536,0.4441616308121454,0.2842113865273339,0.3489620557853153,0.4441616322313036,0.5705864117259071,0.2250768027844883,42.68588393075125,0.3462258179982503,0.3462258236748831,5041.882510230655,66.40380532400948,5080.78115086411,,,,1e-06,66.40380532400948,0.2537162069763456,0.9312667449315388,6.88715410232544,5041.882516043527,0.0961574383434795,0.0961574379886899
129,train,0.4999663978815079,0.9219506049668916,0.4135070494426194,0.2731288008952653,0.3017207932087682,0.413507048881823,0.5125436555313808,0.1082520920142371,13.805097949120306,0.3516624459335881,0.3516624545858752,3679.344556705926,21.00961870019153,3686.652623782174,,,,1e-06,,0.2502987017875077,0.9296219906499308,58.02243280410767,3679.344219741001,0.0962660505326204,0.0962660504925635
129,val,0.4690476201829456,0.9814280385062808,0.4416285880974361,0.2915168837422416,0.3748516312667301,0.4416285852591197,0.552574594105993,0.2224167493127641,42.51585914975121,0.3521104653676351,0.3521104795592172,4942.495419456845,66.12877073742095,4975.924229107481,,,,1e-06,66.12877073742095,0.2578664194969904,0.931049040385655,7.505547761917114,4942.495524088542,0.0989260666427158,0.0989260659331367
130,train,0.5002016130314079,0.919726891062593,0.4128964850979467,0.2733049765229225,0.3035855879706721,0.4128964870206771,0.5105987365848275,0.1078119695747411,13.50288817703083,0.3518934874765335,0.3518934954879104,3609.885985015541,20.74215529810997,3616.8443307176585,,,,1e-06,,0.2497462619857121,0.9297206289665674,58.2129819393158,3609.885986656271,0.0961929682682278,0.0961929677474883
130,val,0.4690476201829456,0.9901267914544968,0.4439809932595208,0.2875731417110988,0.3580638886917205,0.4439809904212043,0.5649543780656088,0.2253437269301641,42.50378172738211,0.3447217813559941,0.3447217884517851,4941.14740280878,66.04149391537621,4970.915543619792,,,,1e-06,66.04149391537621,0.2555625161954334,0.9305234863644556,7.238418102264404,4941.1471761067705,0.0957712286284991,0.0957712289832887
131,train,0.5002016130314079,0.919989669355013,0.4129772642927785,0.2732741645266933,0.3038381084959994,0.4129772655745988,0.5090416373024064,0.1077224121939751,13.597114060514716,0.3518764991914072,0.3518765072027842,3584.513695234893,20.642709852546773,3591.609785456288,,,,1e-06,,0.250294340554104,0.9295170182181944,59.383975982666016,3584.5133615924465,0.0961205987760456,0.0961205987359887
131,val,0.4690476201829456,0.9850670638538542,0.441529780626297,0.2893357617514474,0.3694808156717391,0.4415297792071387,0.5556500270253136,0.2208371602353595,42.81914874485561,0.3532339518978482,0.3532339618319556,4954.694341750372,66.25679415748233,4990.993485144413,,,,1e-06,66.25679415748233,0.2570319984640394,0.931218309061868,6.952232122421265,4954.694155738467,0.1004506434713091,0.1004506431165195
132,train,0.5001680107526881,0.9184808407419472,0.4127997060616811,0.2740415861049006,0.3069437205471018,0.4127997049400883,0.5103546789977499,0.1056228731909105,13.504856681311002,0.3516684206583166,0.3516684307526516,3607.5842918272942,20.85175169924254,3614.681786040746,,,,1e-06,,0.2504812259507435,0.9295417204979928,58.87671494483948,3607.584288750925,0.0961199630332249,0.09611996335368
132,val,0.4690476201829456,0.9936683007649012,0.4437256916647866,0.2852080428884143,0.3507544611181531,0.4437256888264701,0.5678184912318275,0.2160856127738952,42.20193118140811,0.3502950994741349,0.3502951108274005,4857.657505580357,65.50686082385835,4892.235150331439,,,,1e-06,65.50686082385835,0.2546234734001614,0.9312015175819396,7.531493902206421,4857.657488141741,0.0942112260631152,0.0942112257083257
133,train,0.4997983871288197,0.9211131417623132,0.4132448240153251,0.2729564332353171,0.3027143404688886,0.4132448270596484,0.5114720162124403,0.1046147778910654,13.654773322484829,0.3519542664289474,0.3519542705948635,3747.760339101156,21.08693791461248,3755.200878464413,,,,1e-06,,0.2504558624920024,0.9294766620282204,58.51618361473084,3747.7603384858817,0.0960534180925097,0.0960534177319977
133,val,0.4690476201829456,0.9860151183037532,0.4425989815167018,0.2883366495370865,0.3628633341618946,0.4425989857741764,0.5601363955509095,0.2201102156014669,42.32557196844192,0.3449550015585763,0.3449550072352091,4954.653680710566,65.87304215204148,4991.9212964607,,,,1e-06,65.87304215204148,0.2562039785441898,0.9306052469071888,7.040419578552246,4954.653849283855,0.0968444946975935,0.0968444954071726
134,train,0.5,0.9171054289546064,0.4125500386280398,0.2744847991133249,0.3076666618386904,0.4125500389484949,0.5064076834147976,0.1043347155334808,13.541678449159027,0.3516551184077416,0.3516551249770708,3602.4800184311407,20.73494161585326,3605.974233608053,,,,1e-06,,0.2502126735384746,0.9295502170439688,58.5837836265564,3602.480014760007,0.0962057665230766,0.0962057666833041
134,val,0.4690476201829456,0.9961618241809664,0.4432585977372669,0.2856045393716721,0.3566173116366068,0.4432585948989505,0.565796305735906,0.2228063054028011,43.01023365202404,0.3560172489711216,0.3560172560669127,5061.158081054688,66.51538903372628,5099.433905954072,,,,1e-06,66.51538903372628,0.2574790056262697,0.9303301856631324,6.985371351242065,5061.158203125,0.0986304825970104,0.098630486144906
135,train,0.4997983871288197,0.9193415880523702,0.4130796802941189,0.2740147342925431,0.3058760683703166,0.4130796789321848,0.5128375785325163,0.1047378346644422,13.798519631867768,0.3517752786477406,0.351775286178435,3959.8188340176816,21.332413983601395,3967.8363558322894,,,,1e-06,,0.250417801561535,0.9297306931787922,57.72153663635254,3959.818827065089,0.0961868983282837,0.0961868983683406
135,val,0.4690476201829456,0.9896384250550044,0.4428858402229491,0.2874597587755748,0.3611261227301189,0.4428858416421072,0.5621978044509888,0.2171801977923938,42.556891123453774,0.352831000373477,0.3528310117267427,4902.661545526414,66.01783825102306,4931.421950461648,,,,1e-06,66.01783825102306,0.2559534091325033,0.9308171698025296,6.8663060665130615,4902.661609468006,0.0963957902221452,0.0963957905769348
136,train,0.4997983871288197,0.9182945470656118,0.4127658845916871,0.2741806904474894,0.3084911182522774,0.4127658854729386,0.508503790824644,0.1023329858497906,14.264212885210592,0.351152271513016,0.3511522784028002,3866.3695266887694,21.86269484796832,3873.0068760932895,,,,1e-06,,0.2509937662110534,0.9295092776257504,57.994234561920166,3866.3698629153673,0.0962272833592148,0.0962272831188735
136,val,0.4690476201829456,0.9905978129023596,0.4428715095633552,0.2868226113773527,0.3590804012048812,0.4428715067250388,0.5629809569744837,0.221785982804639,42.63425381978353,0.3455123475619724,0.3455123560769217,4984.71843610491,66.21518779936291,5019.877204663826,,,,1e-06,66.21518779936291,0.2568729370832443,0.9305973790940784,7.136954784393311,4984.718354724702,0.0981494436661402,0.098149445440088
137,train,0.5006048387737685,0.9176838720037092,0.4122080280575701,0.2735613203978025,0.3062070725105142,0.4122080271763186,0.5087265058630898,0.1002670799291903,13.464715862786898,0.3515061837050222,0.3515061918766268,3871.876279318205,20.543308165765577,3879.715140155831,,,,1e-06,,0.2502694980752084,0.929761903901254,57.76638698577881,3871.8766138220335,0.0961521771005404,0.0961521771806542
137,val,0.4690476201829456,0.980082338764554,0.4428620459068389,0.2922464914265133,0.3713033596674601,0.4428620501643135,0.5548177035081954,0.2169791605500947,42.36132821582613,0.3429171102387564,0.34291710740044,4877.022676013765,65.71582049415225,4906.104153349906,,,,1e-06,65.71582049415225,0.2565334198020753,0.9305275224504016,6.957536697387695,4877.022693452381,0.094975688627788,0.094975688627788
138,train,0.500369623784096,0.9152658258074072,0.4120545496623362,0.2748008094006969,0.3113315359398882,0.4120545503433033,0.5071552568065223,0.1017117099736326,14.170287263008856,0.3507607386958215,0.3507607441435578,3721.7824820856895,21.64123403128757,3729.067302665325,,,,1e-06,,0.2504818108613773,0.9296521733524978,59.75435042381287,3721.782813718242,0.0963266892058234,0.0963266890455958
138,val,0.4690476201829456,0.9788028455915904,0.4415587470644996,0.2909280104296548,0.3717116990259715,0.4415587548698698,0.5537624117873964,0.2166843967778342,42.49990990048363,0.3443642102536701,0.3443642116728283,4920.596540178572,65.98929196312314,4952.147746508049,,,,1e-06,65.98929196312314,0.2558370736383256,0.9308177289508638,7.305842638015747,4920.596656436012,0.0952661555437814,0.0952661555437814
139,train,0.4995967742576394,0.9159100387365589,0.4125930398141825,0.2754979068713803,0.3133656312060612,0.4125930362090628,0.509173261812858,0.1017616717845842,13.527475690328949,0.3510187583905394,0.3510187639985033,3902.078423489808,20.74142478101997,3909.2342718773016,,,,1e-06,,0.2507591793133366,0.9295779210264964,58.089433670043945,3902.0780831613847,0.0963872742428574,0.0963872739624592
139,val,0.4705357154210408,0.9803577434448968,0.4382876072611127,0.2918338640814736,0.3861143290996551,0.4382876072611127,0.5436901790755135,0.2173087948134967,43.44999467758905,0.3699755995046525,0.3699756080196017,4975.243884858631,66.52724057152157,5004.47197561553,,,,1e-06,66.52724057152157,0.2621347620373681,0.9310635725657144,7.161164283752441,4975.24396623884,0.1059850386920429,0.1059850401112011
140,train,0.500369623784096,0.914908109493153,0.412058514693091,0.2748841249173687,0.3098641100429719,0.4120585151737736,0.508057690195499,0.0990672182211632,13.450161785207769,0.3509009826567865,0.3509009897067983,3555.1050927562096,20.30988778862902,3561.869934739649,,,,1e-06,,0.2507465766963138,0.929647143169116,57.31302666664124,3555.1054291263704,0.0961983622482387,0.0961983618476698
140,val,0.4690476201829456,0.9895878093583244,0.4426548665478116,0.2865026153269268,0.3581270901929764,0.4426548679669698,0.5630959868431091,0.2146140638561476,42.43335124424526,0.3469742252713158,0.3469742323671068,4940.772083100818,66.05453763689313,4976.867345821496,,,,1e-06,66.05453763689313,0.2546887220371337,0.9311733614830744,6.824412822723389,4940.772071475074,0.0962776431725138,0.0962776453012511
141,train,0.4995967742576394,0.9145529007398954,0.4121503956535811,0.275369493791493,0.312568289377997,0.4121503955734673,0.5063255477736714,0.097076493786067,13.4591266903826,0.3506833382191197,0.3506833503964127,3831.221334375361,20.844855144459714,3837.4967174388735,,,,1e-06,,0.2507690537360407,0.9296688203529644,57.25539088249207,3831.22200529037,0.0961932915272892,0.0961932909264359
141,val,0.4690476201829456,0.9757278079078312,0.4411865146387191,0.2929800621100834,0.3791946264959517,0.4411865160578773,0.5494283565453121,0.216511675289699,42.37440082005092,0.3453908250445411,0.3453908349786486,4938.7682872953865,66.11318297613235,4968.444994377367,,,,1e-06,66.11318297613235,0.2577959199746449,0.930257002512614,7.1264564990997314,4938.7682698567705,0.0969691233975546,0.0969691233975546
142,train,0.4997983871288197,0.915920619041689,0.4121338673817214,0.274857841992891,0.3114158351735402,0.4121338676220627,0.5068097713413418,0.095607367634613,13.349262001693887,0.3509026370061341,0.3509026438959183,3785.775161066363,20.61705868731263,3793.363537309948,,,,1e-06,,0.2506816912722844,0.9297116946789526,57.06953811645508,3785.775490648003,0.0961685787525869,0.0961685783119611
142,val,0.4690476201829456,0.9853964504741488,0.4418956708340418,0.2883467574914296,0.3656340269815354,0.4418956708340418,0.5583013899269558,0.2179316512885548,42.91951243082682,0.3449943278517042,0.3449943377858117,4995.496797107515,66.46791621616909,5026.888451408618,,,,1e-06,66.46791621616909,0.2568781730674562,0.9305260266576496,6.904270648956299,4995.496663411458,0.0968038847758656,0.0968038844210761
143,train,0.4997983871288197,0.9135619914659888,0.4119081551269177,0.2760625712333187,0.3156050838610177,0.41190815432578,0.5059702060716127,0.0968265212992186,13.366506356064992,0.3502769942886086,0.3502770022999856,3665.734608968099,20.38438596776737,3673.250642477222,,,,1e-06,,0.2510393507858758,0.9296883863787496,57.70189189910889,3665.734942487491,0.0964000810698796,0.0964000807894814
143,val,0.4690476201829456,0.9882001933597384,0.4420279285737446,0.2881704008295422,0.3655717081966854,0.4420279285737446,0.55868842062496,0.2212100312823341,42.65677906218029,0.3490437269210815,0.349043736855189,4982.323765345982,66.26724406651088,5014.734386837121,,,,1e-06,66.26724406651088,0.2576918332349686,0.9305591583251952,6.943241596221924,4982.323771158855,0.0983439130442483,0.0983439123346692
144,train,0.4997983871288197,0.9130678986028958,0.4115433595994467,0.2756988107356974,0.3154360493344645,0.4115433599199018,0.5026952323093209,0.0973881726323436,13.249908898466376,0.350355365744201,0.3503553753578535,3882.055474640221,20.2737040494078,3889.108572356869,,,,1e-06,,0.2507936553929442,0.9297058194555262,57.640536308288574,3882.055474681239,0.0962994582951068,0.0962994580147087
144,val,0.4705357154210408,0.9889794474556332,0.4411797920862834,0.2871828916526976,0.3651427144096011,0.4411797906671251,0.5579436683938617,0.215139572819074,42.750561577933176,0.356265997602826,0.3562660132135664,5055.505603608631,66.49680546351841,5092.008849727747,,,,1e-06,66.49680546351841,0.2563775366260892,0.9314771436509632,7.136500358581543,5055.505539667039,0.1002310507354282,0.1002310500258491
145,train,0.5005376345367842,0.9127692705200564,0.4114050272331443,0.2756523949003989,0.3150424426121096,0.4114050275535993,0.5052952371057002,0.0973809859965757,14.088519350174934,0.3505076899002957,0.3505076988730379,3977.4134555939695,21.8366115964869,3985.4335511897953,,,,1e-06,,0.2511211797114341,0.9296422921201234,58.31058979034424,3977.413451738255,0.0963866787972629,0.0963866784768078
145,val,0.4690476201829456,0.9819733330181668,0.4418833610557374,0.2899620256253651,0.3689917269207182,0.4418833638940538,0.5556864710081191,0.2156899386928195,42.47712198893229,0.3441153324785687,0.3441153367360433,4946.513259161086,66.04690896897088,4979.19794625947,,,,1e-06,66.04690896897088,0.2562523633241653,0.9305589426131476,7.1055896282196045,4946.513288225447,0.0958664023450442,0.0958664023450442
146,train,0.500369623784096,0.9121017603464024,0.4110132124955936,0.2750847371675635,0.315478269451408,0.4110132116944559,0.5046016498599001,0.0966208557327908,13.279212044131372,0.3507843451794757,0.3507843559147209,3615.7088078734696,20.35745774802341,3622.903594405562,,,,1e-06,,0.2510599448315559,0.9296376294987176,58.84328007698059,3615.709482192993,0.0962995315190925,0.0962995315190925
146,val,0.4690476201829456,0.981311905951727,0.4423099954922994,0.2908156485784621,0.3690221245799746,0.4423100040072486,0.5555422000941777,0.2127411471945899,42.38475545247396,0.3443804879983266,0.3443804979324341,4907.982491629465,65.83259909493583,4939.920933948863,,,,1e-06,65.83259909493583,0.2553432065816152,0.9309392486299788,6.9584596157073975,4907.982514880952,0.0953485579008147,0.0953485575460252
147,train,0.5001680107526881,0.9105199634708384,0.4110656730750555,0.2761759576938485,0.3183305125723603,0.4110656729949418,0.5023943668892307,0.0959315533519432,13.495092289422148,0.3507673581761698,0.3507673639443613,3649.099501866167,20.701886579554568,3656.0819596313054,,,,1e-06,,0.2509717099288458,0.9296533465385436,57.560075759887695,3649.099501702093,0.0963755161050827,0.0963755164655947
147,val,0.4705357154210408,0.9823330584026518,0.4405661076307297,0.2889000510885602,0.3698884057147162,0.4405661090498879,0.5540663777362733,0.2185095268346014,42.34210005260649,0.3477469966525123,0.3477470051674616,4932.5141834077385,65.95048868088494,4964.305317826705,,,,1e-06,65.95048868088494,0.2573642858437129,0.9310071922483898,7.004813194274902,4932.514195033482,0.098310051929383,0.0983100529937517
148,train,0.4995967742576394,0.9119807161310668,0.4114792755534572,0.2761403548140679,0.3183335905433982,0.4114792757136847,0.5032114093342135,0.0947166548701383,13.10344608112048,0.3508686863927431,0.3508686908791142,3821.110302217545,20.45206384504995,3828.283265660347,,,,1e-06,,0.2510182876740732,0.92960048555046,57.60176229476929,3821.1099619301417,0.0963778748547518,0.0963778752152637
148,val,0.4705357154210408,0.9791717330614724,0.4396667402415048,0.2903288077740442,0.3766282633656547,0.439666741660663,0.5496848481042045,0.2158090596397718,42.32850537981306,0.3515191674232483,0.3515191773573557,4949.710925874256,65.9839611961728,4981.97783794981,,,,1e-06,65.9839611961728,0.2584734410047531,0.9312818703197298,6.972437620162964,4949.710914248512,0.1014324384076254,0.1014324398267836
149,train,0.500369623784096,0.9101573042972112,0.4106998113534784,0.2756532449876108,0.3179191543209937,0.4106998123148436,0.5002646019221634,0.0966311298631211,13.315883049400904,0.3510362940129413,0.3510363026652285,3696.910434476791,20.405238489950857,3704.087019343007,,,,1e-06,,0.2510159344121974,0.9295503974601786,58.076252937316895,3696.910437819778,0.0961517571441588,0.0961517573043864
149,val,0.4705357154210408,0.9764670871552968,0.4406607832227434,0.2916285629783358,0.3765885638339178,0.440660780384427,0.5503030390966506,0.2158636060499009,42.61439686729794,0.3430893080575125,0.3430893151533036,4967.7951253255205,66.23460170200893,4999.051322798296,,,,1e-06,66.23460170200893,0.2572030496029627,0.9306067909513202,7.010091781616211,4967.795107886905,0.0969598754530861,0.0969598768722443
150,train,0.5005376345367842,0.910294260549289,0.4107554147961319,0.2759215919881738,0.3181051442059137,0.4107554154370421,0.50234299056953,0.0949013506773338,12.85248214455061,0.3505037085663888,0.3505037181800411,3780.726301582911,19.93204334218015,3788.263716377232,,,,1e-06,,0.2510684838378301,0.9295693315485472,57.318016052246094,3780.726303633823,0.096286808330846,0.0962868084109598
150,val,0.4705357154210408,0.9746663570404052,0.4407282202016739,0.2926957727897735,0.378306229909261,0.4407282202016739,0.5487360046023414,0.2128441855311393,42.53305916559128,0.3439808587233225,0.3439808743340628,4900.782912481399,65.80962716965448,4933.03007960464,,,,1e-06,65.80962716965448,0.257377782747859,0.9307852784792582,6.930603504180908,4900.782976422991,0.0952663077484993,0.095266305619762
150,val_periodic_epoch_150,0.4705357154210408,0.9746663570404052,0.4407282202016739,0.2926957727897735,0.378306229909261,0.4407282202016739,0.5487360046023414,0.2128441855311393,42.53305916559128,0.3439808587233225,0.3439808743340628,4900.782912481399,65.80962716965448,4933.03007960464,,,,1e-06,,0.257377782747859,0.9307852784792582,6.816679239273071,4900.782976422991,0.0952663077484993,0.095266305619762
151,train,0.5005712364950488,0.9101534229452892,0.4104604354949407,0.2754491852015577,0.3162269464103124,0.4104604355349976,0.5009609253336025,0.0931035393388361,13.107266754232429,0.351187162021155,0.3511871658666159,3684.8525299154303,20.1697865686109,3692.038540608313,,,,1e-06,,0.2507543633541753,0.9295841574027974,57.9242730140686,3684.8528647474063,0.0961729288902334,0.0961729283694939
151,val,0.4705357154210408,0.9702775677045188,0.4400069302036649,0.2942740385021482,0.3847663274833134,0.4400069273653484,0.544481044723874,0.2152445568215279,42.38134938194638,0.3449316691784632,0.3449316791125706,4940.526576450893,65.96572367350261,4971.259551077178,,,,1e-06,65.96572367350261,0.2570908069610595,0.930350797516959,7.109548330307007,4940.526576450893,0.0957395746594383,0.0957395743046488
152,train,0.5005376345367842,0.9080656917505366,0.4102442955137581,0.2763847062183964,0.3203090652823448,0.4102442957540994,0.4995263526516576,0.0951069117353488,13.283635036919708,0.3504840579404625,0.3504840685154802,3620.580732202017,20.184309569738243,3627.6182029647057,,,,1e-06,,0.2512272444944228,0.9295572337283884,58.11713171005249,3620.580732037944,0.0963312915816742,0.0963312919421862
152,val,0.4705357154210408,0.9821418268339974,0.4410371326264881,0.2890421521096002,0.368472322112038,0.4410371319169089,0.5549457612491789,0.2145349252082052,42.283285322643465,0.3464762752964383,0.3464762823922293,4929.346063523066,65.71709423973446,4964.445831853694,,,,1e-06,65.71709423973446,0.2569444839443479,0.9307354660261244,7.046953678131104,4929.346005394345,0.0977887713483401,0.0977887699291819
153,train,0.5,0.9090906402436636,0.410490856215518,0.2768168470231436,0.322695172762358,0.4104908570166557,0.5003082092490888,0.0951764735002671,13.901147683461508,0.3500861543160612,0.3500861610456179,3779.3081061865696,21.01788975346473,3787.1096956760393,,,,1e-06,,0.251397932168617,0.9294617941943548,57.40890312194824,3779.308105673841,0.096378444263371,0.0963784441432004
153,val,0.4705357154210408,0.97564130737668,0.4395305812358856,0.2908797888528733,0.3781841517913909,0.4395305755592528,0.5485409909770602,0.2168043685101327,42.499945958455406,0.3470004867939722,0.3470005009855543,4955.295474097842,66.03941090901692,4988.500489760891,,,,1e-06,66.03941090901692,0.2570739097538448,0.9306501093364896,7.002149343490601,4955.29538109189,0.0984696774255661,0.0984696756516184
154,train,0.5007728495264566,0.9073802218321833,0.409704058841672,0.2761275412574891,0.321227738052927,0.4097040579203636,0.4982387998331619,0.0951371009471595,13.645411734939904,0.3510117327333778,0.3510117402640722,3605.270394397038,20.77818093761321,3609.716061658249,,,,1e-06,,0.2512548015482964,0.9294766283804372,57.13367223739624,3605.270731074836,0.0961277838996661,0.096127783939723
154,val,0.4690476201829456,0.9681728737694876,0.4405701394592012,0.2952076835291726,0.3864018335228875,0.4405701401687804,0.5445530208803359,0.2125657034062203,42.5188181740897,0.3420335948467254,0.3420336047808329,4943.687162853423,66.16597584315709,4972.259596946023,,,,1e-06,66.16597584315709,0.2580180572611945,0.9302188271567936,7.028700351715088,4943.687075660342,0.0916702204516955,0.0916702197421164
155,train,0.500369623784096,0.911659011757502,0.4098248006675833,0.2769437490772175,0.3241605799525014,0.4098248008278108,0.4989755999657415,0.0957488955389107,13.960107149616364,0.3501780702862688,0.3501780749328674,3784.429874009984,21.25444793444808,3791.929920892683,,,,1e-06,,0.251737770454217,0.9292991683688216,59.329458236694336,3784.429197906166,0.0964423627542552,0.0964423627141983
155,val,0.4705357154210408,0.9639410859062558,0.4383648655244282,0.2959231805233728,0.3928881095988409,0.4383648591382162,0.5380507423764184,0.2115221009367988,42.52545256841751,0.3467099709170205,0.346709980851128,4934.232113792783,66.0000361487979,4965.064618844697,,,,1e-06,66.0000361487979,0.2588664335863931,0.9303754312651498,6.828585386276245,4934.232038225447,0.0962113085247221,0.0962113085247221
156,train,0.4997647850103275,0.9064204340339987,0.4099695731795603,0.2772389257787376,0.3254415095653585,0.4099695728991621,0.4985412186191928,0.0928359752701174,12.8098422942623,0.3509142841062238,0.350914293078966,3539.711260662284,19.452631447904853,3546.705160203928,,,,1e-06,,0.2513707592602699,0.929441027102932,57.90418744087219,3539.7115955968056,0.0963107663937794,0.0963107659531536
156,val,0.4705357154210408,0.9865336872282482,0.4410093980176108,0.2872482744001207,0.3638666953359331,0.4410093958888735,0.5571547178995042,0.2161975063028789,42.571845463344026,0.3476483481270926,0.3476483608995165,4972.041143508184,66.14993031819661,5008.069553444602,,,,1e-06,66.14993031819661,0.2566796867620377,0.9308026234308878,6.882750749588013,4972.041102818081,0.096597392644201,0.0965973944181487
157,train,0.500739247247737,0.90563068322597,0.4093972414091069,0.2767465842026536,0.323566855922822,0.409397241729562,0.4990452181908392,0.0961147399559136,13.68329099173187,0.3501687859014798,0.35016879695718,3829.417027258104,20.87945343345724,3837.3344365309385,,,,1e-06,,0.2520394424597422,0.9292645188429024,57.45653080940247,3829.417029391053,0.0964324507181362,0.0964324503175673
157,val,0.4705357154210408,0.976864335082826,0.4396103634720757,0.2898389143603189,0.3722371210654576,0.4396103677295503,0.5500559934547969,0.2152281868315878,42.09829648335775,0.3436988847596304,0.3436988833404722,4855.993658156622,65.52996281215123,4885.257506214489,,,,1e-06,65.52996281215123,0.25611455312797,0.930814822514852,7.032268524169922,4855.993553524926,0.0976388294781957,0.0976388301877748
158,train,0.5007056452894724,0.90507403432682,0.4093144527205857,0.2769741969563628,0.3263238396856092,0.4093144530410407,0.4948667220130402,0.093236777671082,12.842651936315722,0.3506649509873441,0.3506649589987211,3683.424938468523,20.018316294557305,3690.992722017436,,,,1e-06,,0.251309856692309,0.9294001130006646,57.78129029273987,3683.424938858196,0.0963215379705352,0.0963215380105921
158,val,0.4705357154210408,0.9713472667194548,0.43792648542495,0.2933169085355032,0.3873042123658316,0.4379264911015828,0.540639578586533,0.2134256827689352,42.47476278032576,0.3536450366179148,0.3536450465520223,4897.355596633184,65.81410707746234,4929.426223662405,,,,1e-06,65.81410707746234,0.2585838784774144,0.930682775520143,6.945831537246704,4897.355561755952,0.1006434144718306,0.100643414117041
159,train,0.5003360215053764,0.9040871052652276,0.4092779516853312,0.2778770962870249,0.3283104367794529,0.4092779535279479,0.49580682585797,0.0956083030229614,13.423303593871411,0.3502630812506522,0.3502630883006639,3814.748507325368,20.434261970622565,3821.3910395252974,,,,1e-06,,0.2517642070369054,0.9292983784470508,58.478968381881714,3814.748506894676,0.096514241549597,0.0965142410689143
159,val,0.4705357154210408,0.9730708968071712,0.4398104945818583,0.2920452994959695,0.3761823297966094,0.4398104903243837,0.5474546225298018,0.2127859049609729,42.07308769226074,0.3400217422417232,0.3400217535949889,4870.883062453497,65.51230802990142,4901.61513227983,,,,1e-06,65.51230802990142,0.2556753094707216,0.9308818663869586,7.195286512374878,4870.883045014881,0.0966264946120125,0.0966264970955394
160,train,0.5005376345367842,0.9057106966933895,0.4092519437113115,0.2770600620937604,0.3251974782956544,0.4092519452334732,0.496100652962923,0.0923683010842851,13.043356446809666,0.3509484508665659,0.3509484561540747,3620.439884165282,19.92058005896948,3626.5980268382064,,,,1e-06,,0.2514770744789031,0.929293494391185,58.00942325592041,3620.440219756096,0.0963340892746884,0.0963340890343471
160,val,0.4705357154210408,0.9724839414869036,0.4398347728309177,0.2926642916032246,0.3780382133665539,0.4398347685734431,0.5466016623235884,0.2130818799847648,42.39845303126744,0.3421461170627957,0.3421461199011121,4895.46613420759,65.607602255685,4922.77939009233,,,,1e-06,65.607602255685,0.2565314833606992,0.9304853507450648,7.168127536773682,4895.466256277902,0.0952364358873594,0.0952364348229907
161,train,0.5005040322580645,0.9052622379154288,0.409349540148371,0.2775591312236683,0.3272539879525861,0.4093495375847303,0.4957313656967173,0.0945655660483465,12.953487550058671,0.3501341174687108,0.3501341249994052,3783.2746951605686,19.933253665124216,3791.0649769047695,,,,1e-06,,0.2516927421894124,0.9293799954716876,57.81866979598999,3783.274699898176,0.0965138566830465,0.0965138574441274
161,val,0.4705357154210408,0.9675858985810052,0.4382873546509516,0.2932978449832825,0.3842703579437165,0.4382873610371635,0.5418557212466285,0.2145420110651425,42.319813137962704,0.337219979081835,0.3372199890159425,4871.3419189453125,65.59430512927827,4898.214405776515,,,,1e-06,65.59430512927827,0.2571438444512231,0.9305492355709984,7.039119005203247,4871.341930571057,0.0962970522897584,0.0962970501610211
162,train,0.5003024193868842,0.9074394401683602,0.4094712461034457,0.2764763396273377,0.3248570675170549,0.4094712440204877,0.4990619482692852,0.0938462505657826,13.799517639221683,0.3504617766987893,0.3504617871135794,3655.698494695848,20.814884057608985,3663.0340756400265,,,,1e-06,,0.2517052245556667,0.9295011239667093,57.25139975547791,3655.698156008156,0.0962444794995169,0.0962444790588912
162,val,0.4705357154210408,0.9711584079833258,0.4391505661464873,0.292104680623327,0.3783867146287645,0.4391505604698544,0.5456488600799015,0.2127886584826878,42.15321232023693,0.3405939397357759,0.340593953927358,4856.512683686756,65.653503599621,4883.063048946497,,,,1e-06,65.653503599621,0.2564714089745566,0.9305929853802636,7.000426530838013,4856.5126953125,0.0950225971284366,0.0950225978380157
163,train,0.4995295699004844,0.9074362219982248,0.4098602122356815,0.2771303039244426,0.325597674455694,0.4098602111140887,0.4968789496248768,0.0946922621098897,13.113374417827975,0.3507567315652806,0.3507567418198432,3550.1622332090974,20.12577368623467,3556.906322337963,,,,1e-06,,0.2517018295744413,0.9292692830485684,57.58206558227539,3550.1625686973653,0.0962828442614565,0.0962828445017978
163,val,0.4705357154210408,0.967404788448697,0.435954539548783,0.2956906890585309,0.3998162363256727,0.435954539548783,0.5320955372992016,0.2116053317274366,42.95750654311407,0.3613057448750451,0.3613057548091525,4922.700764973958,66.00085812523251,4953.669179095644,,,,1e-06,66.00085812523251,0.2610622303826468,0.9311537941296896,7.005391836166382,4922.700823102678,0.1038747177947135,0.1038747199234508
164,train,0.5009408602791448,0.9030522071225668,0.4084285646677017,0.2773920766288234,0.3291196185414509,0.4084285645875879,0.4970945818049292,0.0951349713829576,13.383381453893518,0.3500859631646064,0.3500859724578037,3793.9314208287065,20.544218386373213,3801.503937127213,,,,1e-06,,0.2523519224537316,0.9292617190268732,58.74418330192566,3793.931420931252,0.0966525638215644,0.0966525639016782
164,val,0.4705357154210408,0.9747990568478904,0.4384683257057553,0.2914326020649501,0.3802149004879452,0.4384683257057553,0.5446848209415164,0.2126944739194143,42.4739685966855,0.352264506476266,0.3522645022187914,5003.165126255581,66.09875070481073,5039.418807705966,,,,1e-06,66.09875070481073,0.258052585380418,0.9309573542504084,7.146359443664551,5003.165201822917,0.0984055492139998,0.0984055509879475
165,train,0.5005040322580645,0.905932513776646,0.4089648627465771,0.2763989196829898,0.3253429964665443,0.4089648608238466,0.4953925186587918,0.0944328022499879,13.457242617043116,0.3506522957355745,0.350652303586724,3593.0511009872603,20.32429377237956,3600.202206513376,,,,1e-06,,0.2524106779726602,0.9291207960215948,59.16391754150391,3593.0507643915,0.0963298034283422,0.0963298036286266
165,val,0.4705357154210408,0.9850845791044688,0.4410653653598967,0.2876057071345193,0.3618348567258744,0.4410653639407385,0.5570546168656576,0.2141003122641926,42.12573805309477,0.3462897808778853,0.34628978513536,4924.092764718192,65.63457470848446,4957.2361328125,,,,1e-06,65.63457470848446,0.2559346102532886,0.9304710144088382,7.083035707473755,4924.092790876116,0.0944640334872972,0.0944640338420867
166,train,0.5007056452894724,0.902991382505304,0.4084528532399926,0.2771134509514736,0.3308417093689724,0.4084528550024955,0.4937585377164425,0.0956252890248452,13.228337226375457,0.3497603751959339,0.3497603849698139,3699.1159037108064,20.28254146473382,3706.223791832715,,,,1e-06,,0.2518469120065371,0.9293297593311596,58.78735542297363,3699.1162356099776,0.0963850882184761,0.0963850876977366
166,val,0.4705357154210408,0.973346097128732,0.4389946375574384,0.2921495018970398,0.3800255620763415,0.438994634719122,0.5449639161427816,0.2110520615464165,42.20075461978004,0.3457503361361367,0.3457503460702442,4891.172212146577,65.62503124418713,4923.273956853694,,,,1e-06,65.62503124418713,0.2569148689508438,0.930847602231162,6.817539215087891,4891.172235398066,0.09678506283533,0.0967850617709614
167,train,0.5003360215053764,0.9054452969181922,0.4088305739625807,0.2768146245870539,0.3270029996832211,0.4088305757250837,0.4968048583275528,0.0974534247170693,13.71579110750588,0.3497116113862684,0.349711619878328,3616.280044555664,20.9848589281882,3623.1473368326815,,,,1e-06,,0.2523190207699293,0.929242290476317,58.35203409194946,3616.279709641652,0.0965209203942488,0.0965209203942488
167,val,0.4705357154210408,0.9747956338382904,0.4379968387739999,0.2904767940441767,0.3796120697543734,0.4379968359356835,0.5450177802926018,0.2139315896091007,42.34210822695778,0.3498209473632631,0.3498209544590541,4919.522739955357,66.00714447384789,4951.170093513258,,,,1e-06,66.00714447384789,0.2576716804788226,0.9307340213230678,6.95419192314148,4919.522670200893,0.0978748198776018,0.0978748191680227
168,train,0.5003360215053764,0.9030523135136532,0.408511222770778,0.2777865045173194,0.3316815378524924,0.4085112235719157,0.4949068943018554,0.0940165581802527,13.25462870444021,0.349856454358306,0.3498564638117308,3790.919853333504,20.755721040951308,3798.571210507993,,,,1e-06,,0.2523758772720573,0.92921743245535,57.934011936187744,3790.920185212166,0.0965845091769131,0.096584508495946
168,val,0.4705357154210408,0.972115281082335,0.4385019469828832,0.2911654441129593,0.3788968736217135,0.438501945563725,0.5451069374879202,0.2166586042869658,42.40310886928013,0.3374228009155818,0.3374228108496893,4941.378917875744,66.06820369902111,4972.205057410038,,,,1e-06,66.06820369902111,0.259258148925645,0.9303244153658548,6.943162441253662,4941.378842308408,0.0957959751997675,0.095795975554557
169,train,0.5009072580004251,0.9023927483827836,0.4080038061866196,0.2770010579818038,0.3286111611993082,0.4080038089906015,0.4954598463110385,0.0931090293552285,12.843302552418042,0.3494874431240943,0.3494874541797945,3511.198377322125,19.59522645960572,3516.721864745272,,,,1e-06,,0.2524078223173336,0.9292043684631266,57.64771842956543,3511.1983768914333,0.0965122844903699,0.0965122842099718
169,val,0.4705357154210408,0.9849791384878612,0.4375534270490919,0.289458848181225,0.37959100376992,0.4375534270490919,0.5449445254745937,0.2137571559065864,43.72863933018276,0.3707576181207384,0.3707576209590548,5068.52507672991,66.97108059837704,5100.224914180872,,,,1e-06,66.97108059837704,0.2614323667117527,0.9303512828690664,7.004147529602051,5068.525094168527,0.1043532036599658,0.1043532043695449
170,train,0.5003024193868842,0.9047135306942848,0.4086786687213887,0.2768309585029079,0.3271537386281516,0.4086786704838916,0.4935156444227823,0.0941750306275583,13.154600338269306,0.3496264520511832,0.349626459101195,3723.728887475947,20.12648355063572,3730.949279374145,,,,1e-06,,0.2522800678527483,0.9291535571057308,58.01807689666748,3723.728886101836,0.0963881701551458,0.0963881696744631
170,val,0.4705357154210408,0.9735141822269984,0.4383157321384975,0.2908497623034886,0.3790614753961563,0.4383157293001811,0.545042750381288,0.2150337231301126,42.13941546848842,0.3408240761075701,0.3408240832033611,4894.720865885417,65.61710630144391,4925.694395123106,,,,1e-06,65.61710630144391,0.2574722305649802,0.930667403198424,7.269955396652222,4894.720964704241,0.0970322046251524,0.0970322074634688
171,train,0.5005040322580645,0.9055763954116453,0.4086330442499088,0.2767987251281738,0.3276944918337688,0.4086330433686574,0.4953969530360673,0.0954114100345039,13.0095796585083,0.3492287233952553,0.3492287339702729,3671.492424708541,19.85219130977508,3677.255319532401,,,,1e-06,,0.2522254326651173,0.9291279424903214,59.09483432769776,3671.49208530303,0.0964602957810125,0.0964602958210694
171,val,0.4705357154210408,0.9733151765096756,0.4372360493455614,0.2930795848369598,0.3882060959225609,0.4372360521838778,0.5388457817690713,0.2122153675272351,42.83280000232515,0.3577492989244915,0.3577493102777572,4951.499639601934,66.0751824151902,4982.483413233902,,,,1e-06,66.0751824151902,0.259076374627295,0.930714882555462,6.974350929260254,4951.499761672247,0.1016303886260305,0.1016303893356096
172,train,0.5006720430107527,0.9029720274991888,0.4079030261084597,0.2765915920977951,0.3294064560404388,0.407903028111304,0.4947936460375786,0.0943667126358837,13.313349309787956,0.3494652977553747,0.3494653051258415,3800.193281358288,20.079401585363573,3807.8194524797127,,,,1e-06,,0.2526107183707657,0.9290867970194868,57.84219574928284,3800.193282476036,0.0964224255613742,0.0964224260821137
172,val,0.4705357154210408,0.9754078672045752,0.4385456705377215,0.2902199434382574,0.3763651422091892,0.4385456662802469,0.5465153654416403,0.2143525889232045,42.16468829200382,0.3430720354829515,0.3430720397404262,4941.492582775298,65.94588216145833,4973.999016039299,,,,1e-06,65.94588216145833,0.2576586589926765,0.9304171800613404,6.921815633773804,4941.492559523809,0.0974401838722683,0.0974401835174787
173,train,0.5006720430107527,0.9049860400858746,0.4081717776835605,0.2764104345152455,0.3290837318185837,0.4081717780040156,0.4956023366220535,0.0942316882672809,13.211468365884595,0.3499158848357457,0.3499158910846197,3811.188695476901,20.5330517625296,3819.028772632843,,,,1e-06,,0.2523355703520518,0.9291939860390078,58.46542072296143,3811.188690964894,0.0964088045381089,0.0964088047784502
173,val,0.4705357154210408,0.970579791636694,0.4383871981075832,0.2922826054550352,0.3812431820801326,0.4383871895926339,0.543130962621598,0.2152239368075416,42.18608501979283,0.3380428311370668,0.3380428410711742,4900.514718191965,65.81674939110165,4929.587627249053,,,,1e-06,65.81674939110165,0.2584206603822254,0.9299977506910052,7.085391044616699,4900.514526367188,0.0956824766028495,0.0956824755384808
174,train,0.5003024193868842,0.9047671261654106,0.4083557953276941,0.2769155160233538,0.3293754124353009,0.4083557976509935,0.4950931668682124,0.0937900107594267,12.9379456837972,0.3492127197083606,0.349212727239055,3850.053436545916,19.801520947487123,3857.469658642907,,,,1e-06,,0.2527004270463861,0.9290002517161832,58.16439056396485,3850.0534357050415,0.0965933283009836,0.0965933276600735
174,val,0.4705357154210408,0.9646412446385338,0.4369647829305558,0.294774428719566,0.3931681471211569,0.4369647871880304,0.5357126174938112,0.2142650651789847,42.13750394185384,0.3400122494924636,0.3400122594265711,4899.70407249814,65.6707649230957,4929.15732569839,,,,1e-06,65.6707649230957,0.2592345469054721,0.9303462874321712,7.424860239028931,4899.7041248139885,0.0991531440189906,0.0991531440189906
175,train,0.5009072580004251,0.9030736287434896,0.40753655400007,0.2765496953200268,0.3317977954303064,0.4075365547210939,0.4934447794671981,0.0954279943259172,12.961713721675258,0.3499261249778091,0.3499261329891861,3906.153070388302,19.894427686609248,3912.094983937684,,,,1e-06,,0.2526371974137522,0.92909324361432,57.57091236114502,3906.153069916592,0.0965057944738736,0.0965057945539874
175,val,0.4705357154210408,0.9749367151941573,0.4393061867782047,0.2908611340182168,0.3743832161029179,0.4393061910356794,0.5474412157422021,0.2126595832052685,42.30222384134928,0.3409677303972698,0.3409677374930608,4893.8617931547615,65.69090416317894,4923.684163411458,,,,1e-06,65.69090416317894,0.2586269286416826,0.929952737830934,7.130682229995728,4893.861729213169,0.0932808450999714,0.0932808454547609
176,train,0.5009072580004251,0.9048604801777872,0.4078359330693881,0.2756383233974057,0.3270534466831915,0.4078359341909808,0.4944225681485027,0.0939435276693554,13.180427935815626,0.3501002770918672,0.3501002852634717,3772.695424110658,20.39926784782,3780.399256213667,,,,1e-06,,0.2526884537230255,0.9289555972622286,59.10303735733032,3772.6954234133486,0.0963460522633726,0.0963460516625194
176,val,0.4705357154210408,0.9828063760484969,0.4398488927455175,0.286842073003451,0.3639620684442066,0.4398488941646757,0.5547527209633872,0.2137389594600314,42.321477617536274,0.3394714991251628,0.3394715118975866,4957.913074311756,66.06539444696335,4990.991431403882,,,,1e-06,66.06539444696335,0.2580934571368353,0.9293345383235386,7.048388242721558,4957.913103376116,0.0939958677405402,0.0939958673857507
177,train,0.5008736560421605,0.909329497846224,0.4080837409823171,0.2752198941444838,0.3261672334485156,0.4080837399408381,0.4980517439143632,0.0917604836605248,13.44723544582244,0.3503696944123955,0.3503697019430898,3555.171646097655,20.40489432632282,3562.439573006678,,,,1e-06,,0.2524570584777862,0.9290749795975224,61.09993982315064,3555.1709743007536,0.096285943662928,0.096285943302416
177,val,0.472023810659136,0.9723352420897712,0.4369233101606369,0.2912193664482662,0.3837216425509679,0.4369233129989533,0.5408730095341092,0.2135294491336459,42.707753771827335,0.3484401745455606,0.3484401788030352,4946.124366396949,66.1893546694801,4974.388161399148,,,,1e-06,66.1893546694801,0.2591166432414736,0.9303808269046602,7.621777296066284,4946.12445359003,0.0977725393715358,0.0977725386619567
178,train,0.4998991935644098,0.9035356547883762,0.4079671393158615,0.2767405828801534,0.330315774086342,0.4079671373130172,0.4934493458719663,0.0926643990140448,13.024796180827645,0.3498165250144979,0.3498165303020067,3726.721650687597,19.884123581711965,3733.1663041959305,,,,1e-06,,0.2533754654308801,0.9287864418439968,57.71187949180603,3726.721312492125,0.0964039234464527,0.0964039230859407
178,val,0.472023810659136,0.9596182505289712,0.4345351961396989,0.296192202539671,0.4050677950893129,0.4345351982684362,0.5276628044389543,0.2129164128786041,42.67337553841727,0.3490107456843058,0.3490107541992551,4980.215895879836,66.08093570527576,5012.415031664299,,,,1e-06,66.08093570527576,0.2616324999502727,0.9304490316481816,7.043880462646484,4980.215907505581,0.1001661490826379,0.1001661480182693
179,train,0.5005040322580645,0.9057289334715054,0.4079710754656022,0.2754921885908291,0.3259392641084168,0.4079710763468537,0.4950025487410766,0.0941172714034716,13.015801068275206,0.3499651503178381,0.3499651556053469,3518.4313569838,19.998923217096635,3525.409644520564,,,,1e-06,,0.2526734861475165,0.9290525499851472,57.43207859992981,3518.4313514873547,0.0962458477625923,0.0962458474020804
179,val,0.472023810659136,0.9694648072833106,0.437156318908646,0.2923662478015536,0.3855417938459487,0.4371563231661206,0.5398325153759548,0.2122927034894625,42.178994587489534,0.3413943988936288,0.341394407408578,4949.262143089658,65.8064555213565,4984.010131096117,,,,1e-06,65.8064555213565,0.259057920603525,0.9305521306537446,7.446268558502197,4949.262160528274,0.098353973811581,0.0983539752307392
180,train,0.5003024193868842,0.9052111701939696,0.4080270229167835,0.2758828155616278,0.328602112188775,0.4080270233974662,0.4957106179127129,0.0941282967606218,13.293611652107648,0.3498044204647823,0.3498044249511534,3573.6398539184243,20.325737842949486,3579.8132986563223,,,,1e-06,,0.2528860320647557,0.928947176023196,57.36669611930847,3573.63985330315,0.0963865195310885,0.0963865190504058
180,val,0.472023810659136,0.963995118935903,0.4347956201859883,0.2942922654606047,0.3988867040191378,0.434795625153042,0.5311052643117451,0.2128001100250653,42.41344015938895,0.3508155133043016,0.3508155147234599,4925.917619977678,65.95123045785087,4954.852033025568,,,,1e-06,65.95123045785087,0.2611104831809089,0.9308044427917116,6.942864656448364,4925.917800176711,0.1013841845449947,0.1013841827710469
180,val_periodic_epoch_180,0.472023810659136,0.963995118935903,0.4347956201859883,0.2942922654606047,0.3988867040191378,0.434795625153042,0.5311052643117451,0.2128001100250653,42.41344015938895,0.3508155133043016,0.3508155147234599,4925.917619977678,65.95123045785087,4954.852033025568,,,,1e-06,,0.2611104831809089,0.9308044427917116,6.749949216842651,4925.917800176711,0.1013841845449947,0.1013841827710469
181,train,0.4995295699004844,0.9072566535524142,0.4085472831001845,0.2754501959168783,0.3261645465127883,0.408547281898478,0.4965761575487352,0.0927848796890948,13.547621262970791,0.3501619076536548,0.3501619155048042,3787.785836332588,20.68219143088146,3786.408704846315,,,,1e-06,,0.2526152609016305,0.9291390904816248,57.20150136947632,3787.785502628613,0.096244465199209,0.0962444653994934
181,val,0.472023810659136,0.9635346588634308,0.4347702066103617,0.2945314986365182,0.3998046276115236,0.4347702080295199,0.530703590739341,0.2150021880155518,42.74968428838821,0.3518595056874411,0.3518595142023904,4999.230346679688,66.34136254446847,5033.953397253787,,,,1e-06,66.34136254446847,0.2632502154225394,0.9299654279436383,6.941102504730225,4999.230451311384,0.1021152628319604,0.1021152614128022
182,train,0.5008400537634409,0.9049731110052396,0.4076404325583929,0.2756136675835937,0.327914249192002,0.4076404331993031,0.4931377509749063,0.0938917751754483,13.235945870799403,0.3505138629867184,0.3505138677935446,3686.628405191565,20.42947326937029,3694.039828706992,,,,1e-06,,0.2528955295521726,0.9289763021853662,57.25432348251343,3686.628403694399,0.0963280169313312,0.0963280168912744
182,val,0.472023810659136,0.9709252033914838,0.4361799721206937,0.2914295579705919,0.3877170376834415,0.4361799699919564,0.5388693376666024,0.2171272908647855,42.76915532066708,0.3466779192288716,0.346677922067188,4992.817301432292,66.2903322492327,5023.674667080966,,,,1e-06,66.2903322492327,0.2606445231607982,0.9299046056611198,7.137265920639038,4992.817214239211,0.10100114771298,0.1010011498417173
183,train,0.5006720430107527,0.905204759650333,0.4077526997494441,0.2759971836561797,0.3285755394927917,0.4077526991886477,0.4947682947160736,0.0918018903823629,12.7627325852712,0.350269280774619,0.3502692897473612,3480.2263509483746,19.40365985644761,3487.141184488932,,,,1e-06,,0.2528130799852391,0.9290757422806114,57.55545592308045,3480.226015337052,0.0964416177362524,0.0964416180567074
183,val,0.472023810659136,0.9821510116259256,0.4385125402893339,0.2863238326140812,0.3671656847000122,0.4385125438372294,0.5521390523229327,0.2145084568432399,42.33819107782273,0.3418937949907212,0.3418938035056704,4935.260486421131,65.99474788847424,4966.467782315341,,,,1e-06,65.99474788847424,0.2573783716985157,0.930479747908456,6.986172437667847,4935.260463169643,0.0967322407024247,0.0967322407024247
184,train,0.5010752687531133,0.9038939294956064,0.4071747077408657,0.2753780089238638,0.3286807284720482,0.4071747080613208,0.4920378028545328,0.0947558491500795,12.899589902611188,0.3503329452647957,0.3503329511932147,3705.531275985061,19.751504895507647,3712.644337704848,,,,1e-06,,0.2528454409812086,0.9288945210877284,57.51554203033447,3705.5316103043097,0.0963606074131945,0.0963606072529669
184,val,0.472023810659136,0.981984955923898,0.4376212024972552,0.2872023085753123,0.3710667349043346,0.4376212039164134,0.5484139564491454,0.2113775178080513,42.3913681393578,0.3524190201645806,0.3524190244220552,4912.196283249628,65.89406640189034,4949.957402639678,,,,1e-06,65.89406640189034,0.2599911462692987,0.9301904837290446,7.008997201919556,4912.196306501116,0.0982965316091265,0.0982965294803891
185,train,0.5006384408922606,0.907193144803406,0.4079676747962992,0.2749928514803609,0.3255785808608096,0.4079676759980058,0.4957092590630054,0.0912378375288299,12.973745330687493,0.3502868862562282,0.350286895709653,3733.3972704897647,19.93309593713412,3737.843783333005,,,,1e-06,,0.2530194825382643,0.9287958321391896,58.88655209541321,3733.397273320024,0.0963091347967424,0.0963091351171975
185,val,0.472023810659136,0.9838862958408536,0.4380241263480413,0.2881529345398858,0.372336976584934,0.4380241348629906,0.5479360464073363,0.2145826032473927,43.19912574404762,0.3580465330964043,0.3580465274197714,4963.561296735491,66.29381906418573,4994.578505267519,,,,1e-06,66.29381906418573,0.260812894929023,0.9297788114774794,7.150872230529785,4963.561314174107,0.099743400301252,0.0997433974629356
186,train,0.5007056452894724,0.9068031230921386,0.4078395348242534,0.2752218541278634,0.3261031411508078,0.4078395345839121,0.4965903592366044,0.0954271947304087,12.905727876129973,0.3493457978130668,0.3493458034210308,3559.4476790889616,19.78011989080778,3566.5480476661965,,,,1e-06,,0.2531307722612094,0.9289183873002248,57.6951584815979,3559.4476808117283,0.0963405768076578,0.0963405762468614
186,val,0.472023810659136,0.9707174726894924,0.4359117710874194,0.2920410320872352,0.3879479694934118,0.435911768249103,0.5370139053889683,0.2116181375015349,42.42709168933687,0.3540901257878258,0.3540901328836168,4906.346185593378,65.7568842569987,4938.894025213068,,,,1e-06,65.7568842569987,0.2604092905918757,0.9303931707427616,6.984482049942017,4906.3462320963545,0.0977466219947451,0.0977466237686929
187,train,0.5010416667948487,0.9032861989352012,0.4072481672610006,0.275997097934446,0.3293723073056949,0.407248167100773,0.4939555259401439,0.0930684724802611,12.699794902596423,0.3491588561765609,0.3491588638674828,3475.729780997,19.419389452985538,3482.838381685713,,,,1e-06,,0.2533321368598168,0.9288961310540476,57.18652892112732,3475.729781407182,0.0966269328228889,0.0966269333035715
187,val,0.472023810659136,0.9816076755523682,0.4388380958920433,0.2870606893584841,0.366406452797708,0.4388380944728851,0.5517954656055996,0.2121585916195597,42.45209412347703,0.3402157965160551,0.3402157965160551,4967.481863839285,65.95109975905646,5002.493112275095,,,,1e-06,65.95109975905646,0.2574000103133065,0.9305944527898516,6.913052082061768,4967.481916155134,0.0956437644504365,0.0956437648052261
188,train,0.501108871031833,0.905694717361081,0.4071963390996379,0.2746676778601062,0.3254185173940915,0.4071963399007756,0.4941302324014325,0.0913102181568261,12.509924798883418,0.3492186079102178,0.3492186160818223,3598.2190597903345,19.326762353220293,3605.500729940395,,,,1e-06,,0.2531098790707127,0.9289095241536376,58.59004020690918,3598.219398211407,0.0964348822912221,0.0964348824113927
188,val,0.472023810659136,0.977182462101891,0.4386471126760755,0.2896489195880435,0.3733751823504765,0.4386471098377591,0.547375677596955,0.2147704646700904,42.38261268252418,0.3378934874421074,0.3378934888612656,4933.0742594401045,65.8424935113816,4968.038750295928,,,,1e-06,65.8424935113816,0.2590965500899723,0.9300830846741086,6.898385763168335,4933.074085053943,0.0976535184752373,0.0976535191848164
189,train,0.501108871031833,0.9064256292517467,0.4075171029375445,0.2744161308773102,0.3234694495957385,0.4075171022565775,0.4949463408099868,0.0939904188396789,12.906933417884252,0.3492631790458515,0.3492631889799589,3697.096923335906,19.724667808061007,3703.624505409729,,,,1e-06,,0.2529955309244894,0.9289600871583468,57.484630823135376,3697.097258557556,0.0964174965216267,0.0964174966017405
189,val,0.472023810659136,0.97364912714277,0.4385356448945545,0.2902880112330119,0.3760496448902857,0.4385356385083425,0.5462907616581235,0.2142023937333197,42.4883965083531,0.3308184274605342,0.3308184430712745,4990.480811709449,66.24627921694801,5023.724122573391,,,,1e-06,66.24627921694801,0.2590745219162532,0.929904580116272,6.793832302093506,4990.480773925781,0.0957278112570444,0.0957278137405713
190,train,0.5007056452894724,0.9083619152986876,0.407916278127701,0.2741299318850681,0.3226652036431015,0.407916280210659,0.4966382964323925,0.0928758068350694,12.873264333253266,0.3494067276998233,0.3494067355509727,3499.443365896902,19.801732819567444,3506.3899997287326,,,,1e-06,,0.2532444571455319,0.9287494818369548,57.34515738487244,3499.443700728878,0.0963474787291019,0.0963474788492725
190,val,0.4705357154210408,0.9800776413508824,0.4387356035766147,0.2882986920220511,0.3696334901310149,0.4387356021574565,0.5495387422186988,0.2131723264853159,42.31778299240839,0.3421952156793503,0.3421952284517742,4898.861659458706,65.78347632998512,4930.769451349432,,,,1e-06,65.78347632998512,0.2591452626954941,0.9295507641065688,6.948193550109863,4898.861589704241,0.0947603391749518,0.0947603395297413
191,train,0.5006720430107527,0.9069225996412256,0.4077625471738077,0.2747838431468574,0.3243807035908904,0.4077625473340352,0.4958332383664705,0.0929639960929591,12.960019232124411,0.3488720620191225,0.3488720706714097,3670.7478397841096,19.72402584424583,3677.478912589847,,,,1e-06,,0.2533119807961166,0.9289712646315176,57.760350942611694,3670.747838051088,0.0964924747184399,0.0964924751190088
191,val,0.472023810659136,0.9741267533529372,0.4370080991869881,0.2904980040731884,0.3818376333940597,0.4370080942199343,0.5420940447421301,0.2147553651815369,42.8557984488351,0.3416436158475421,0.3416436130092257,5067.116745721726,66.44152995518276,5103.339444247159,,,,1e-06,66.44152995518276,0.2602488363072985,0.9305838374864488,7.111018180847168,5067.116739908855,0.1010080643353008,0.1010080632709321
192,train,0.5006384408922606,0.9057347994017344,0.4076089800525737,0.2753582901211195,0.3285846199880364,0.4076089794917773,0.494717616307479,0.0918723327978964,12.824664126160323,0.3488811139137514,0.3488811211239907,3549.7394410615325,19.6624892321966,3556.809922456581,,,,1e-06,,0.2536048717716688,0.9289793487518064,59.385480642318726,3549.738771377072,0.0965514628076425,0.0965514630880407
192,val,0.472023810659136,0.9773785982813152,0.4371432754255476,0.2890613199699492,0.3779837517511277,0.4371432683297566,0.5442770996264049,0.2135484910437039,42.43513525099981,0.3451003446465447,0.3451003503231775,4918.874505905878,66.09046718052456,4947.962532552084,,,,1e-06,66.09046718052456,0.2602590329590298,0.9300102846963064,7.059855937957764,4918.874401274182,0.0990026408717745,0.0990026383882477
193,train,0.5008400537634409,0.9067687892144726,0.4075723260801325,0.274713507022268,0.3257040877335815,0.4075723268011564,0.4978698801289322,0.0945536538317639,12.882459217502223,0.3487074541789229,0.3487074599471143,3629.024393840503,19.71273860111032,3636.148551627522,,,,1e-06,,0.2536368577550816,0.9288450947371862,58.36476230621338,3629.024395378687,0.0965931163199486,0.0965931164801761
193,val,0.472023810659136,0.967826647417886,0.4363000165848505,0.2944411706356775,0.3940147587231227,0.4363000094890594,0.5344281253360567,0.2118681523771513,42.96145166669573,0.3473541623070126,0.3473541679836455,4983.718459356399,66.25041253226144,5014.777126242898,,,,1e-06,66.25041253226144,0.2625417390039989,0.9299585705711728,6.969229698181152,4983.718389601934,0.0993712175460088,0.0993712171912193
194,train,0.5008736560421605,0.9069165673948104,0.4076409901502312,0.2748602444446215,0.3253571373480622,0.4076409903104587,0.4963217969703418,0.0940663580211901,12.652270155568276,0.3484044483592433,0.3484044581331232,3660.221951515444,19.51189027294036,3667.136008563829,,,,1e-06,,0.2538637225666353,0.9289746999099692,57.74082493782044,3660.22161873438,0.0967611888804102,0.0967611893610928
194,val,0.472023810659136,0.9803695309729804,0.4357028681607473,0.2894989386910483,0.3830863052890414,0.4357028653224309,0.540033758396194,0.2122723715645926,42.67233739580427,0.3598286041191646,0.3598286097957974,4958.550653366816,66.21350733439128,4991.75917524858,,,,1e-06,66.21350733439128,0.2627314350434712,0.9305333778971716,6.802158832550049,4958.550630115327,0.1038937742511431,0.1038937749607222
195,train,0.5002352150697862,0.908877321629114,0.4082163801036214,0.2746095722240786,0.3235506676538016,0.4082163798232232,0.4960076130365812,0.0932645441623785,12.726033428663849,0.3484706639923075,0.3484706697604989,3558.685645770001,19.43299298901712,3565.6218796958024,,,,1e-06,,0.2534494529007584,0.929034278277428,58.19558358192444,3558.685983022054,0.0966134010864201,0.0966134006858513
195,val,0.472023810659136,0.9825707446961176,0.4357784993591763,0.2888556300174622,0.3803130374068305,0.4357784894250688,0.5410386863208952,0.2116917258217221,42.77770596458798,0.3644483997708275,0.3644483940941946,4942.581240699405,66.22804151262555,4974.779669744318,,,,1e-06,66.22804151262555,0.2627391190755935,0.9303020295642672,6.940959930419922,4942.581252325149,0.1032271711599259,0.1032271722242945
196,train,0.5008736560421605,0.9071602927100274,0.407447596070587,0.2743616686553083,0.3259077935769994,0.4074475943080841,0.4940731161704627,0.0925284164446976,12.981388235604893,0.3483420113722483,0.3483420171404398,3679.3632735795873,19.94330585900173,3686.8019337561,,,,1e-06,,0.2537589549858083,0.9289164777084064,58.02419781684876,3679.363270831365,0.0965800858953947,0.0965800857351672
196,val,0.472023810659136,0.9771325588226318,0.4360846713894889,0.2895559547912507,0.3810610473155975,0.4360846671320143,0.5409978642350152,0.2128237223341351,42.378343037196565,0.3526717254093715,0.3526717239902133,4905.245686848958,65.89681298392159,4936.422724313447,,,,1e-06,65.89681298392159,0.2612146728095554,0.9301850710596355,6.903002023696899,4905.245646158855,0.1011786833405494,0.1011786840501285
197,train,0.5004704301395724,0.9095890855276456,0.4080181497559753,0.2739381177290793,0.3221419580200667,0.4080181487144962,0.4979271287879636,0.092779349916244,12.73777743821503,0.3486714484871074,0.3486714552166641,3629.1698599989695,19.71089091095873,3636.230107666426,,,,1e-06,,0.2537450364200018,0.9288562427284895,57.61746144294739,3629.169863629085,0.0964593714283358,0.0964593706271981
197,val,0.472023810659136,0.9788574150630406,0.4372856333142235,0.287921110079402,0.3719889542886189,0.4372856290567489,0.5466083203043256,0.2121118168745722,42.337795348394486,0.3446207585788908,0.344620759998049,4907.327712286086,65.78753044491722,4943.601606889205,,,,1e-06,65.78753044491722,0.261044972709247,0.9299536716370356,6.978265762329102,4907.327770414807,0.0970052399096034,0.0970052377808661
198,train,0.5010416667948487,0.908745099459925,0.4076149341079496,0.273634680496749,0.3221804030960606,0.4076149345886323,0.4961959671589636,0.0919717584926915,12.918199482784477,0.3488312028749015,0.3488312078419552,3611.901608210738,20.2224858345524,3619.0184119125006,,,,1e-06,,0.2540445250048432,0.9287186726447074,57.37007117271423,3611.901953727968,0.0964278367257887,0.0964278367257887
198,val,0.472023810659136,0.975824012642815,0.4378631434270313,0.2888144737198239,0.3730899961221786,0.437863147684506,0.5466103184790838,0.2127712170282999,42.18663451785133,0.3400053481260935,0.3400053623176756,4893.837175641741,65.97940226963588,4923.108820134943,,,,1e-06,65.97940226963588,0.2597337102606183,0.9296483851614452,6.970583200454712,4893.837193080357,0.0935348510032608,0.0935348520676295
199,train,0.5003024193868842,0.9087209427548992,0.4079211391909148,0.274390504645404,0.3232373657726472,0.4079211375085256,0.4983837670616565,0.0918258660102403,13.119053463782034,0.3475136830601641,0.3475136902704033,3417.740453945693,20.10235066567698,3424.4898878412214,,,,1e-06,,0.2544805165580523,0.9288587163212478,57.74735736846924,3417.7401168782226,0.0966233252597752,0.0966233252597752
199,val,0.472023810659136,0.9755492068472362,0.4374158056009383,0.2902073037056696,0.3795962447211856,0.4374158077296756,0.5433834627980277,0.2133957183077222,42.41399438040597,0.3407809876260303,0.3407809904643467,4947.932541620164,66.05044265020462,4977.790833629261,,,,1e-06,66.05044265020462,0.2598967594759805,0.9302882637296404,6.988059282302856,4947.932599748884,0.0997140524642808,0.0997140517547017
200,train,0.5006720430107527,0.9086595342684818,0.4075728609997739,0.2734718546271324,0.3223240715201183,0.4075728620412529,0.4963109458005556,0.093047843484949,13.060758267679525,0.3484121567459516,0.3484121636357358,3734.767546684511,20.01143686233028,3742.251912424621,,,,1e-06,,0.2537232489996059,0.928948208209007,57.3867416381836,3734.767545248873,0.0964027248643418,0.0964027249043987
200,val,0.47202381065913607,0.9737965776806786,0.4359878862187976,0.2905209135441553,0.38396052590438295,0.43598788338048117,0.5392998769169762,0.2113606436621575,42.56026131766183,0.3479412765729995,0.3479412779921577,4892.389049711682,65.78919701349167,4922.536119495739,,,,1e-06,65.78919701349167,0.26092653402260374,0.9302771857806614,6.96089243888855,4892.389072963169,0.09916793342147555,0.09916793413105465
