epoch,phase,bucket_acc,bucket_ce,bucket_distance_l1,bucket_entropy,bucket_expectation_l1,bucket_index_l1,bucket_prior_kl,calorie_from_map_l1,calorie_mae,calorie_map,calorie_map_l1,calorie_mse,calorie_rmse,loss,loss_contrast,loss_reconstruction,loss_total,lr,scheduler_metric,segmentation,segmentation_dice,time_sec,total_calories,volume,volume_mae
1,selfsup,,,,,,,,,,,,,,,2.301195337567278,0.303709268329605,2.453049964161329,,,,,,,,
2,selfsup,,,,,,,,,,,,,,,1.119347494456076,0.2423001295456322,1.240497556745365,,,,,,,,
3,selfsup,,,,,,,,,,,,,,,0.6089007183108278,0.2205100212526577,0.7191557297783513,,,,,,,,
4,selfsup,,,,,,,,,,,,,,,0.4203280643109352,0.2012461385419292,0.5209511326205346,,,,,,,,
5,selfsup,,,,,,,,,,,,,,,0.3325429363276369,0.1907872576466811,0.4279365646903232,,,,,,,,
6,selfsup,,,,,,,,,,,,,,,0.274535849770551,0.1791963131437378,0.3641340066027898,,,,,,,,
7,selfsup,,,,,,,,,,,,,,,0.2417791715312388,0.1767825934915773,0.3301704678964871,,,,,,,,
8,selfsup,,,,,,,,,,,,,,,0.2244168886494252,0.1742585669522003,0.3115461718651556,,,,,,,,
9,selfsup,,,,,,,,,,,,,,,0.2114664119097494,0.1594236455056616,0.2911782350431206,,,,,,,,
10,selfsup,,,,,,,,,,,,,,,0.1997264759434807,0.1519466088183464,0.2756997804327677,,,,,,,,
11,selfsup,,,,,,,,,,,,,,,0.1936412032252998,0.1503648995071329,0.2688236539402315,,,,,,,,
12,selfsup,,,,,,,,,,,,,,,0.1861335549463507,0.1385578593259216,0.255412485170108,,,,,,,,
13,selfsup,,,,,,,,,,,,,,,0.1815997339704985,0.1471017284258719,0.2551505983036051,,,,,,,,
14,selfsup,,,,,,,,,,,,,,,0.1775483326405607,0.1322102680882459,0.2436534675859636,,,,,,,,
15,selfsup,,,,,,,,,,,,,,,0.1684953258723341,0.1329268977767037,0.2349587747006006,,,,,,,,
16,selfsup,,,,,,,,,,,,,,,0.16260730787631,0.1364004430110736,0.2308075294619606,,,,,,,,
17,selfsup,,,,,,,,,,,,,,,0.1630431329130485,0.1195336831433157,0.2228099753459294,,,,,,,,
18,selfsup,,,,,,,,,,,,,,,0.1611503970318584,0.121773731123696,0.2220372628140193,,,,,,,,
19,selfsup,,,,,,,,,,,,,,,0.1558918101733089,0.1157091152203339,0.2137463676032199,,,,,,,,
20,selfsup,,,,,,,,,,,,,,,0.1559071038519182,0.1129872953539253,0.212400751488824,,,,,,,,
1,train,0.6613911290963491,0.5960577792057427,0.4275420003680772,0.6417242685953776,2.9541919346778625,0.4275420010089874,0.0590620317386202,0.9886234481168048,120.73960451925954,0.1969692254819536,0.1969692282859356,32664.30003045195,162.6185862018216,0.6642657360444567,,,,0.0001,,0.5651428843698194,0.8338802405582961,66.99686241149902,0.2352714253168913,0.0620078378987889,0.0620078376384191
1,val,0.5130952383790698,0.5947032783712659,0.3828071824141911,0.529302845398585,1.783022437776838,0.3828071781567165,0.127242442575239,0.4925528182869866,85.15657988048736,0.359586211897078,0.3595862175737108,13170.559291294643,112.33067721412296,0.427922404534889,,,,0.0001,112.33067721412296,0.4436564601603008,0.8945848743120829,9.073583364486694,0.1268579605079832,0.0544312784359568,0.0544312793229307
2,train,0.5002016130314079,0.8314905970968226,0.4198041109628574,0.3825504975293272,0.8252235977880417,0.4198041120844503,0.3625718589912178,0.4887106386564111,95.47180417788924,0.2645758586705372,0.2645758623557706,22741.8118515835,131.74256925685432,0.5679400816910998,,,,0.0001,,0.4071236421023645,0.8934125268972049,59.56088733673096,0.161274226302261,0.0502753763669921,0.0502753762468215
2,val,0.5130952383790698,0.9563393621217636,0.4234870842524937,0.2936571737130483,0.4432355236439478,0.4234870856716519,0.4899244847751799,0.3352368211462384,74.48319898332868,0.2632008351030804,0.2632008421988714,10764.537376767114,99.77586691720144,0.4530321195270076,,,,0.0001,99.77586691720144,0.3833673227401006,0.895625963097527,7.226157188415527,0.1014036190296922,0.0462712072545573,0.0462712070771626
3,train,0.5002016130314079,0.924981431294513,0.4217748971235368,0.309749482940602,0.556289846057533,0.4217748972837642,0.4677266423660581,0.4214687422719053,89.45167916820895,0.3000508434669945,0.300050851318144,20727.428916356897,124.53424246593188,0.6453088676889336,,,,0.0001,,0.3714265329863435,0.8996072619832972,59.753140449523926,0.1467982856656915,0.0503871347955478,0.0503871346152918
3,val,0.5130952383790698,0.8603145054408482,0.4097183786687396,0.3235074267500922,0.5550777940523057,0.4097183871836889,0.4155533618870236,0.3328819885140374,74.52240062895275,0.3020403101330712,0.3020403172288622,9799.290922619048,96.73677171979632,0.5583008520530932,,,,0.0001,96.73677171979632,0.3775665163993835,0.90024353208996,7.23698353767395,0.0955408123277482,0.052261828311852,0.0522618284892468
4,train,0.4997983871288197,0.9396589891884916,0.4225102481181904,0.2995753736906154,0.5134612900275056,0.4225102477977352,0.4805222800181758,0.4442241042852402,86.88552587775774,0.3716279244230639,0.371627932754896,19577.12362834972,120.7890432009133,0.7585095777254715,,,,0.0001,,0.3647667922640359,0.9001746027059453,60.02674174308777,0.1381898710143662,0.0504123031972877,0.050412303077117
4,val,0.5130952383790698,0.9203526207378931,0.4120728728317079,0.2799379761729921,0.4113208793458484,0.4120728799274989,0.4890294294981729,0.370609558054379,67.71477472214471,0.3917186387947627,0.3917186402139209,8850.028099423364,91.48541641235352,0.6505335352637551,,,,0.0001,91.48541641235352,0.3649114100706009,0.9002404184568495,7.230536937713623,0.085820165595838,0.0505304272685732,0.0505304267363888
5,train,0.5,0.9398016706910184,0.4216895411091466,0.294745049729783,0.4951324892300431,0.4216895419903981,0.4901603344747776,0.4037974744394261,85.5264159992177,0.4256652987772418,0.4256653082306667,19504.46495794481,119.06941733821746,0.8592442763373507,,,,0.0001,,0.3560118598322714,0.9032100887708766,59.90573477745056,0.1356361137142264,0.0503818819359425,0.0503818820160563
5,val,0.5130952383790698,0.8633554662976947,0.3884522588480086,0.2858415026040304,0.5335286131926945,0.3884522602671668,0.4254011753059569,0.332227464942705,68.3712645031157,0.3682442761602856,0.3682442889327094,8631.226771763393,90.84649767194476,0.7618338469303015,,,,0.0001,90.84649767194476,0.3568804547900245,0.9027430585452488,7.2113752365112305,0.0840795201559861,0.0522658996993587,0.0522659004089378
6,train,0.4997983871288197,0.9558931566694732,0.4222668602421719,0.2867065271542918,0.4587147929655608,0.4222668586398965,0.5033469097188084,0.3681136888842429,80.12933704417239,0.4119424856798623,0.4119424892048682,17569.693478820143,112.38205029887538,0.8245342177574081,,,,0.0001,,0.3388983886088094,0.9060775163353132,58.65071415901184,0.1216508365606749,0.0498721875771079,0.0498721879376198
6,val,0.5130952383790698,0.7836186715534755,0.3934193281900315,0.3448996309723173,0.6782714667774382,0.3934193310283479,0.3553211490313212,0.3516082366307576,98.33242598034089,0.3936874525887625,0.3936874639420282,19553.816813151043,135.33119310651506,0.8846381382508711,,,,0.0001,135.33119310651506,0.3460374304226467,0.9058180763607934,7.166852951049805,0.1754381716960952,0.0535436565322535,0.0535436572418326
7,train,0.5004032257423606,0.943573671643452,0.419822040424552,0.2852383346487117,0.4562544128907624,0.4198220405046657,0.4976407181351415,0.3608090673242846,79.28440379070979,0.3873564160318785,0.3873564234023453,20209.68022565944,112.44541578395392,0.8110729774642071,,,,0.0001,,0.3303106505704182,0.9075263924496147,59.59429883956909,0.1219601650491997,0.0496589637972334,0.0496589638773472
7,val,0.5175595240933555,0.8442267406554449,0.3881601095199585,0.3039352567422957,0.602462459178198,0.3881601010050092,0.3961378846849714,0.344120823201679,73.55281575520833,0.3142276647545042,0.3142276718502953,11629.220598493304,103.76702299572172,0.8058628530213328,,,,0.0001,103.76702299572172,0.3459464992795671,0.9045782316298712,7.634303092956543,0.1083073413797787,0.0559092240319365,0.0559092234997522
8,train,0.5004032257423606,0.9459224016435684,0.4200180189744119,0.2853750511202761,0.4446119626042663,0.4200180176925915,0.5008930117292429,0.355743568671006,75.58977984356623,0.3867774242034522,0.3867774315739191,16305.029711651545,107.09846574516706,0.801357443846436,,,,0.0001,,0.3268346594225976,0.9074902220438884,59.30297064781189,0.1117410592794899,0.0495809639493624,0.0495809638492202
8,val,0.5130952383790698,0.8502747047515142,0.3980821583952222,0.3027558014506385,0.5030656201498849,0.3980821626526968,0.4257346334911528,0.3034760157267253,68.90146673293341,0.3809073567390442,0.3809073609965188,10620.789457775298,98.73208291190012,0.7512767289624069,,,,0.0001,98.73208291190012,0.3315538167953491,0.9050315079234896,7.128951549530029,0.0980235631799414,0.0493128379540784,0.0493128372444992
9,train,0.5001680107526881,0.9444394138871982,0.4189815804041842,0.283315644949995,0.4372211468796576,0.4189815804041842,0.5015046028520471,0.3293382370023317,74.12331045827558,0.3705151217278614,0.3705151303801485,16048.718584614417,104.98766732984974,0.7835317990193865,,,,0.0001,,0.3174457045332078,0.9107820500609696,59.76543426513672,0.1069956985552625,0.0493515584697966,0.0493515582695122
9,val,0.5130952383790698,0.8363518289157322,0.3952758383183252,0.2993795516945067,0.5059915369465238,0.3952758340608506,0.4239489514203298,0.307554161974362,59.89303897676014,0.3625219535259973,0.3625219634601048,6947.03009905134,81.18446513584682,0.719570043592742,,,,0.0001,81.18446513584682,0.3341818352540334,0.906907836596171,7.183315753936768,0.0680460398573251,0.0512547830031031,0.0512547833578927
10,train,0.4991935483951081,0.9606645890781956,0.4205278964132391,0.2786103122497118,0.4144544103132781,0.4205278952115325,0.5189502411872469,0.3219018961473178,71.82678056532338,0.3657785814295533,0.3657785886397925,15548.518448368195,101.55110400210144,0.7728310506351869,,,,0.0001,,0.3094229903272403,0.9139400031617892,59.9568829536438,0.102196278601324,0.0493630231708608,0.0493630234312306
10,val,0.5130952383790698,0.9896514160292488,0.4199310072830745,0.2500526677994501,0.3281288012152626,0.4199310030255999,0.5588470967043013,0.25856942151274,59.727274940127415,0.3579343159993489,0.3579343259334564,7263.248174758184,81.59207407633464,0.6986727085980502,,,,0.0001,81.59207407633464,0.3237802244368054,0.9077277325448536,7.309474945068359,0.0708961557774316,0.0477541131632668,0.047754112985872
11,train,0.4999663978815079,0.9495166248531752,0.4184823104290552,0.2780374526496856,0.4073856057979727,0.4184823116307617,0.5097560329983631,0.3085761333425199,69.00463674401725,0.3632499343284996,0.3632499392955534,14675.201136435231,97.93311730251516,0.7554983175964869,,,,0.0001,,0.3087856492368124,0.9134834379919112,59.27373194694519,0.0958882670008367,0.0495038288895801,0.0495038287894379
11,val,0.5130952383790698,1.0194480844906395,0.4208712180455525,0.2436503782158806,0.3300623851163046,0.4208712137880779,0.5697102844715118,0.4126050046512058,66.2679793948219,0.298083130802427,0.2980831393173763,9041.684500558036,92.08215132213776,0.7782280903874021,,,,0.0001,92.08215132213776,0.3089834650357564,0.91431854168574,7.158693075180054,0.0878303011968022,0.0531237451803116,0.0531237442933377
12,train,0.500134408634196,0.945568082954294,0.4173498681636267,0.2785116119250174,0.4079506121655946,0.4173498655198723,0.5064118341092141,0.3185331772572251,67.13976101208759,0.3493774488408078,0.3493774568521848,14084.505653955604,95.80387671275804,0.7522678525359542,,,,0.0001,,0.3034285532851373,0.9147120557164632,58.76690578460693,0.0905618919259918,0.0495462928528106,0.0495462933334932
12,val,0.5130952383790698,0.9153360100019544,0.405454009771347,0.2741025118600754,0.3974253279822213,0.4054540083521888,0.4839853779191062,0.2514039391563052,57.96009136381603,0.331951074656986,0.3319510831719353,6612.054466610864,79.74234099615188,0.6861162207343362,,,,0.0001,79.74234099615188,0.302432126942135,0.9146057424091156,7.348942279815674,0.0648481748288586,0.0502988371465887,0.0502988378561678
13,train,0.5005376345367842,0.9366647958435038,0.4163872356857023,0.2811816877094648,0.4173889209025649,0.4163872356857023,0.5000608545798128,0.3268184347819256,67.65499847166,0.3506649189418362,0.3506649234282073,14053.939615229125,96.82802710994598,0.7578019576843339,,,,0.0001,,0.2963406091095298,0.9184155739763732,59.20196890830994,0.0927705107837595,0.048997047667702,0.0489970476076167
13,val,0.5130952383790698,0.9702368747620356,0.417836966968718,0.2577081116892042,0.3140454867056438,0.4178369655495598,0.5438164614495777,0.2501151973292941,52.76752181280227,0.3513131780283792,0.3513131879624866,5747.876714797247,73.49175280616397,0.6674686883435105,,,,0.0001,73.49175280616397,0.297722448905309,0.9151168323698498,7.248553037643433,0.0564947758047353,0.0489053096444833,0.0489053096444833
14,train,0.4995967742576394,0.9447457050123522,0.4181621098710644,0.2774950329975415,0.3959996946236139,0.4181621123545913,0.5118341832071223,0.2970526776807282,66.16614400186846,0.3467305483677054,0.3467305552574896,14022.384987451696,94.2534052120742,0.7391399698225336,,,,0.0001,,0.2956974240400458,0.9172677189432163,59.01285481452942,0.0897805462641421,0.0489093542739909,0.0489093541938771
14,val,0.5130952383790698,1.0533539766357058,0.424533744653066,0.2358777828159786,0.3373083394198191,0.4245337460722242,0.5960225406147185,0.3458382267327535,68.27395956856864,0.2999121262913659,0.299912127710524,9166.103643508184,92.74588357834588,0.7714876615639888,,,,0.0001,92.74588357834588,0.2962544702348255,0.9165638032413664,7.208855152130127,0.0892988219857215,0.0501778902752058,0.0501778892108372
15,train,0.5015793010111778,0.9510965424199258,0.4177011547069396,0.2734032888566294,0.3814554013391977,0.4177011544665983,0.5174319575470622,0.2995618340629403,63.01905514091574,0.3615084686266478,0.3615084715107435,13264.661983366936,90.87689902192804,0.7307368391290658,,,,0.0001,,0.2942824283594726,0.9170188131511852,59.33988642692566,0.0831986072082673,0.0492463976505302,0.0492463977106155
15,val,0.5130952383790698,0.8210432103702,0.3865296017555963,0.3002176760208039,0.5485659837722778,0.3865295946598053,0.4053035165582384,0.3671884969586417,66.42735935392834,0.3666186247553144,0.3666186375277383,10545.814290364584,98.03883361816406,0.7754195274728717,,,,0.0001,98.03883361816406,0.3004796050843738,0.9183708571252368,7.088283061981201,0.0970381341342415,0.0500883672918592,0.0500883665822801
16,train,0.500134408634196,0.946411578725743,0.4172711964416247,0.2749374656267063,0.3810019327267523,0.4172711950796907,0.5162262437084029,0.2810786670093895,62.090755780537926,0.3610396173692519,0.3610396290658623,12936.406857726395,88.80470076940392,0.7191737681125551,,,,0.0001,,0.2883968952522483,0.9198112237838006,59.28565526008606,0.0799143170857782,0.0489951349514466,0.0489951349113897
16,val,0.5130952383790698,0.9442306274459475,0.4110978345076243,0.2608121590954916,0.336742123677617,0.4110978345076243,0.5206173601604643,0.2833995584930692,53.06632450648716,0.3399683549290612,0.3399683648631686,6329.18097795759,76.68466186523438,0.6836979692632502,,,,0.0001,76.68466186523438,0.2938177131471179,0.91887043487458,7.232115268707275,0.0617354922883567,0.0496627307009129,0.049662731410492
17,train,0.501747311763866,0.945662520425294,0.4164963255646408,0.2725200029791042,0.3707156666824894,0.4164963258049821,0.5137183118651631,0.2793925899251174,60.00894665461715,0.3552323962732028,0.3552324041243522,11761.336440875966,84.52260724959835,0.7078976587414341,,,,0.0001,,0.2869482636451721,0.91933320574863,59.15411567687988,0.0731033543024652,0.0490189363318745,0.0490189364921021
17,val,0.5130952383790698,0.8856028659003121,0.4004337418647039,0.2853820366518838,0.4516402312687465,0.4004337447030203,0.4543048611709049,0.2649705282279423,60.17817106701079,0.3381541683560326,0.3381541768709818,8035.40771484375,87.42005484444755,0.7106230352864121,,,,0.0001,87.42005484444755,0.2962586453982762,0.916816024553208,7.169137239456177,0.0776254717437993,0.051620767407474,0.051620767407474
18,train,0.5010752687531133,0.9454495551124696,0.4161220024670324,0.2723650943527939,0.3743427500769656,0.416122001906236,0.5151158027471073,0.2787066388835189,60.80325717310752,0.3558116553611652,0.3558116600077639,12273.638294507098,86.50522014658938,0.7104462479501461,,,,0.0001,,0.2808287659639953,0.9211303002090864,58.95466470718384,0.0751504886755219,0.0490741475775677,0.0490741477978806
18,val,0.5130952383790698,0.9146267771720886,0.4058617850144704,0.2666096942765372,0.3646506880010877,0.4058617864336286,0.4970681014515105,0.2392750424998147,51.0538330078125,0.3511916753791627,0.3511916853132702,5813.12189592634,73.71117401123047,0.6613376863075026,,,,0.0001,73.71117401123047,0.2879467819418226,0.9178617596626282,7.175493001937866,0.0569503255454557,0.0471740734009515,0.0471740734009515
19,train,0.5004368280210802,0.9563772870648292,0.4184290016851117,0.2703864057698557,0.3606755118216238,0.4184290018453392,0.5252730446637318,0.2704013457461711,57.729448154408445,0.3530081167656888,0.3530081226941078,11737.137790146697,82.22626107738864,0.7007371963475288,,,,0.0001,,0.2782428238981513,0.9221880445557256,59.23481583595276,0.06971961745782,0.0491127649181953,0.0491127647379393
19,val,0.5130952383790698,0.997483579885392,0.410968093645005,0.2382338650169826,0.3104473288570131,0.4109680922258468,0.5538498269660133,0.2635945152668726,60.29137057349796,0.3360448962166196,0.3360449004740942,7286.826253255208,82.48518498738606,0.6934290445212162,,,,0.0001,82.48518498738606,0.2904673800581977,0.9225175096875146,7.393930912017822,0.0716754182108811,0.0472441947176342,0.0472441950724238
20,train,0.5003024193868842,0.9459683648360672,0.4167227047265217,0.2698766525874855,0.3342981934547424,0.4167227029640187,0.523345333233636,0.226316983120576,50.82608332685245,0.3536166415740085,0.3536166478228825,10071.214268345986,73.529082903298,0.6597960958978544,,,,5e-05,,0.274774956446822,0.9246132473150888,59.50820469856262,0.056419405570474,0.0495945173966628,0.0495945172364352
20,val,0.5130952383790698,0.9469132849148342,0.4087520837783813,0.2514396905899048,0.3148433580285027,0.4087520894550142,0.5309686213731766,0.2185713074037007,48.98219753447033,0.3368053507237207,0.3368053677536192,5504.097691127232,71.047789982387,0.6453656355539957,,,,5e-05,71.047789982387,0.2751062569164094,0.9243357749212356,7.272791624069214,0.0541467307401554,0.0486514131937708,0.0486514137259551
21,train,0.500134408634196,0.9522981010777976,0.4166983511018496,0.265036517253486,0.3193319847667089,0.4166983507012808,0.5279310848764194,0.2195280339689024,48.5644187414518,0.3508924596732662,0.3508924678448707,9824.907962922129,70.99864465446882,0.6502324696341749,,,,5e-05,,0.2693157268147315,0.9251809261178456,59.84564685821533,0.0529490641483496,0.0491617327976611,0.0491617324972344
21,val,0.5130952383790698,0.91213991244634,0.401056143499556,0.267461937098276,0.3900238460018521,0.4010561392420814,0.4852144448530106,0.2305274662517366,52.273508798508416,0.3398667318480355,0.3398667275905609,6849.709623790923,78.54287374587287,0.6748438733996767,,,,5e-05,78.54287374587287,0.2810041649000985,0.9240387621380034,7.243082284927368,0.0653791069274856,0.048376674808207,0.0483766742760226
22,train,0.4999663978815079,0.9545813026607678,0.4157654120716997,0.2643131762742996,0.3219161054459951,0.4157654127927236,0.5272955600853249,0.2208406124864855,48.6716087402836,0.3608193322215029,0.3608193386306045,9425.534251551477,69.42354846257035,0.6499818306177955,,,,5e-05,,0.2677052655527668,0.926460777559588,59.1677393913269,0.0508989192750705,0.0493300432159054,0.0493300431157632
22,val,0.5130952383790698,0.9503541844231742,0.4071276116938818,0.248989103095872,0.3098059537864867,0.40712761311304,0.5300989051659902,0.218794723706586,48.39729109264555,0.3473125383967445,0.3473125469116938,4919.847856794085,67.71144212995257,0.6382438746365634,,,,5e-05,67.71144212995257,0.2701689047472818,0.9262703827449252,7.1389899253845215,0.0486308307431283,0.0460250226869469,0.0460250223321574
23,train,0.501008064516129,0.9545419451690488,0.4164206280663449,0.2636200601375231,0.3106171014488384,0.4164206264640695,0.5296135720226073,0.2114400268802719,47.00236907056583,0.3572003464865428,0.3572003527354168,9218.461880591609,67.56319583359586,0.6403290616141425,,,,5e-05,,0.2638665956034455,0.9281571052407706,59.16173505783081,0.0483310461514979,0.0492431084194811,0.0492431081190545
23,val,0.5130952383790698,1.0183810449781872,0.4215353415125892,0.2361135220243817,0.2736787412847791,0.4215353429317474,0.5919643278632846,0.267373522122701,55.36052449544271,0.3159337285019102,0.3159337313402267,6282.220203218006,77.0918333871024,0.6817716905564973,,,,5e-05,77.0918333871024,0.2685094078381856,0.9278611994925,7.123083829879761,0.0620346836568344,0.0508097009289832,0.0508097018159571
24,train,0.5006720430107527,0.955261716438878,0.4166637461191864,0.2633562374819991,0.3064777182955895,0.4166637471606654,0.5307904900081696,0.2067378159732588,46.03986492977347,0.3561580240406016,0.3561580336542539,8930.408986081358,65.79463643925165,0.6350055308052988,,,,5e-05,,0.2637659188720487,0.9272164869052107,58.995075941085815,0.0456932391670923,0.0495209817684465,0.0495209819286741
24,val,0.5130952383790698,0.9490050616718474,0.4074682905560448,0.2532395933355604,0.3206159273783366,0.4074682862985702,0.523635304399899,0.2182079422331991,47.95857674734933,0.3507253243809655,0.3507253258001236,5746.910824730283,72.83328010922386,0.6489325216322234,,,,5e-05,72.83328010922386,0.2719451870237078,0.9260052300634838,7.2618584632873535,0.0557329323852346,0.0493020782513277,0.0493020777191434
25,train,0.5013104839030132,0.9538624488538312,0.4160671099539726,0.2622495473873231,0.3050600787804973,0.4160671070698769,0.5299943210456961,0.1985864884029793,45.05677158601822,0.3694185792438446,0.3694185859734012,8891.913948961483,64.47732280403055,0.6295631538336526,,,,5e-05,,0.2630524202700584,0.9277330643387252,59.63329601287842,0.0442971774697383,0.0497401706193403,0.0497401705191981
25,val,0.5130952383790698,0.9360008466811408,0.4099961221218109,0.261449790426663,0.3362827641623361,0.4099961235409691,0.5177444758869353,0.2240181693008967,49.88542683919271,0.3510818084081014,0.3510818140847342,5195.238089425223,70.43047814142136,0.6472865288907831,,,,5e-05,70.43047814142136,0.2677506435485113,0.9264922113645644,7.201572179794312,0.0513761593472389,0.0512744670822506,0.0512744663726715
26,train,0.5006384408922606,0.9549629697876592,0.4165994187676778,0.2622397391385929,0.3000038210903444,0.4165994181267677,0.5344991301016141,0.1954486934087609,44.68499356956893,0.3677108640311867,0.3677108747664318,8819.420126638104,64.27395922137845,0.6264434630621964,,,,5e-05,,0.2591063381042531,0.9289558558694778,59.36747622489929,0.0437719911206713,0.0496180868276985,0.0496180869678976
26,val,0.5130952383790698,0.9462256034215292,0.4064359920365469,0.2526400614352453,0.3145993359032131,0.4064359891982305,0.5233191393670582,0.2420100484575544,48.40843682062058,0.3520834006014324,0.3520834105355399,5625.2285563151045,72.18736012776692,0.6536146770824086,,,,5e-05,72.18736012776692,0.2654155421824682,0.9258713750612168,7.122150421142578,0.0546837191851366,0.0488095815692629,0.0488095803274994
27,train,0.5013104839030132,0.953990395992033,0.4163779210179082,0.2619232736447806,0.2947884445549339,0.416377921819046,0.5340414618051821,0.1950630014461855,42.66044232153124,0.3702162614753169,0.3702162715696519,8197.95134579238,60.86513196268389,0.6202553620242109,,,,5e-05,,0.2591258371549268,0.928469411147538,58.96535921096802,0.0397086727723319,0.049401173988978,0.0494011741492056
27,val,0.5130952383790698,0.9477755626042684,0.4092002482641311,0.2516879432258151,0.3099876443545024,0.4092002468449728,0.5333026037329719,0.2192970773293858,47.805169060116725,0.3514694670836131,0.3514694826943533,5323.980364118303,71.03188015165783,0.6428744684566151,,,,5e-05,71.03188015165783,0.2644081328596387,0.9288420733951388,7.328528642654419,0.0525033520978121,0.0491198659652755,0.049119866320065
28,train,0.5015120967741935,0.9529081140795062,0.4158170974703245,0.2606980464150829,0.2902909830533048,0.4158170991527137,0.5336170256618531,0.1857219666082372,41.10236538097423,0.3712923187081531,0.3712923273604403,7895.206028107674,58.654780418642105,0.6123071000230834,,,,5e-05,,0.2579013516986242,0.9296535375297712,59.371254205703735,0.0369874318781238,0.0494266915465554,0.0494266918269536
28,val,0.5130952383790698,0.945082806405567,0.4096802047320774,0.253232635202862,0.315760877870378,0.4096802061512357,0.5326587501026335,0.2171306720092183,48.066871643066406,0.3530627957412174,0.3530627943220593,5403.426589239211,70.26826586042132,0.6437643455736565,,,,5e-05,70.26826586042132,0.261361300945282,0.9287911171004886,7.109859466552734,0.0527181260819946,0.0496855104962984,0.0496855104962984
29,train,0.5020497313109777,0.9579207838703228,0.416388338571915,0.2582586796213222,0.2730305652304362,0.4163883395332803,0.5398860690234009,0.1654922324483112,38.34560968542612,0.3697724956017668,0.3697725050551917,7468.827598653814,54.97866180378904,0.5970330119132996,,,,2.5e-05,,0.25556028065502,0.9293731444625444,59.51006817817688,0.0330189038969336,0.0492014385038806,0.0492014382234824
29,val,0.5130952383790698,0.9121573084876652,0.4018313870543525,0.2614727864662806,0.3553362233298165,0.4018313913118271,0.4994202802578608,0.24656690515223,49.5630072639102,0.3737855000155313,0.3737855042730059,6401.211123511905,76.67824445452008,0.6628400694240223,,,,2.5e-05,76.67824445452008,0.2607245232377733,0.9289449453353882,7.149061918258667,0.0607078800066595,0.0481542410949865,0.0481542410949865
30,train,0.5020497313109777,0.96112878460397,0.4162876355231449,0.25598624572959,0.2657127951582272,0.4162876367248515,0.5402183166294489,0.1590308193317664,36.33391193164292,0.3699441547355344,0.3699441592219055,7258.48876460906,52.76181308172082,0.5907199318160111,,,,2.5e-05,,0.2527253695072666,0.9303773583904388,60.27619981765747,0.0306492403690372,0.0491966236663121,0.0491966237464258
30,val,0.5130952383790698,0.9633925103005908,0.4127255734943208,0.2499039343425206,0.294193575779597,0.4127255763326372,0.5463089666196278,0.2112458571791649,47.20505669003441,0.3507842932428632,0.3507842960811796,5052.814581008184,68.73619043259393,0.6366533658721231,,,,2.5e-05,68.73619043259393,0.2558188246829169,0.9308428679193768,7.325230836868286,0.0497806392432678,0.0495670941613969,0.0495670923874491
30,val_periodic_epoch_30,0.5130952383790698,0.9633925103005908,0.4127255734943208,0.2499039343425206,0.294193575779597,0.4127255763326372,0.5463089666196278,0.2112458571791649,47.20505669003441,0.3507842932428632,0.3507842960811796,5052.814581008184,68.73619043259393,0.6366533658721231,,,,2.5e-05,,0.2558188246829169,0.9308428679193768,6.919180154800415,0.0497806392432678,0.0495670941613969,0.0495670923874491
31,train,0.5018481182795699,0.966228925092246,0.4165537418216787,0.2548363712686364,0.2605509860541231,0.416553739979062,0.5432419347506697,0.1561604531141378,36.14342928445468,0.3684196959259689,0.3684197048987112,7118.7781570598645,52.10104035818448,0.5891949004195756,,,,2.5e-05,,0.2514466257185064,0.9313973428741578,60.26717972755432,0.0303708300149689,0.0491020760388784,0.0491020759587646
31,val,0.5130952383790698,0.950528139159793,0.408340539251055,0.2509750922520955,0.3058024077188401,0.4083405435085296,0.5319578079950242,0.2101647520349139,47.43623179481144,0.367747962474823,0.3677479752472469,5363.455990745908,71.06764856974284,0.639166010871078,,,,2.5e-05,71.06764856974284,0.2566804509787332,0.9299095982596988,7.2109599113464355,0.0526884738799361,0.0485864315359365,0.0485864315359365
32,train,0.5008400537634409,0.9712097234623408,0.4180072543601836,0.2553479511250732,0.2620864301439254,0.4180072525976807,0.5519563705530218,0.1554481312231992,36.28721550972231,0.367198103698351,0.3671981105881353,7087.985766831264,51.91286257261871,0.5893309789073187,,,,2.5e-05,,0.2503021044596549,0.9318163253927744,60.99337339401245,0.0308618395844654,0.0494892349046084,0.0494892353652626
32,val,0.5130952383790698,0.9776520956130256,0.40947225689888,0.2383690192585899,0.2895123596702303,0.4094722654138292,0.555768798504557,0.2194076726833979,48.53720074608212,0.3682383469172886,0.3682383582705543,5472.19402204241,71.30395416986374,0.6461148865295179,,,,2.5e-05,71.30395416986374,0.2527889375175748,0.9311559143520536,7.406903982162476,0.0536901150785741,0.0469269390617098,0.0469269397712889
33,train,0.5014784946557014,0.9666972794840412,0.4168557978926166,0.2545347127222245,0.2604577550964971,0.4168557986937543,0.5466040952071067,0.1508177963876596,35.39653316620858,0.3637911819963045,0.3637911884054061,6997.935573947045,50.815073003051104,0.5864939014919679,,,,2.5e-05,,0.2492762343377195,0.9323158337864824,59.95555400848389,0.0294603931452197,0.0494484416139061,0.0494484417140483
33,val,0.5130952383790698,0.9377037627356392,0.4077809197562081,0.2549277983960651,0.319154265381041,0.4077809211753663,0.5265160160405296,0.2183589307325227,47.861444654918856,0.3460450356914883,0.3460450456255958,5648.231154668899,72.3885129292806,0.643848066257708,,,,2.5e-05,72.3885129292806,0.255594158456439,0.9300399025281272,7.204695224761963,0.0548938919923135,0.0492990036450681,0.0492990043546472
34,train,0.5018817205582896,0.9634923502322166,0.4166874528251668,0.254445952353298,0.254635985500069,0.4166874513030052,0.5479419509810145,0.1504103938738505,34.75808798882269,0.3630770574654302,0.3630770651563521,6742.104765369046,49.51747532301052,0.5817546393734839,,,,2.5e-05,,0.2481864309439095,0.9319042403210877,59.31006097793579,0.0275620210400071,0.0495259222244062,0.0495259220842071
34,val,0.5130952383790698,0.9005313089915684,0.4009696074894496,0.2669578996442613,0.3662012120087941,0.4009696117469242,0.4890849072308767,0.2696754485368728,52.61313129606701,0.3689059203579312,0.3689059231962476,7038.823370070684,80.86539731706891,0.6764399326208866,,,,2.5e-05,80.86539731706891,0.2536289691925049,0.9312402719543094,7.147538185119629,0.0672725424880073,0.0490716262942268,0.0490716261168321
35,train,0.5020833333493561,0.9631065404222856,0.4167437947565509,0.2556030366529701,0.2566682606615046,0.4167437945162096,0.5465258573412254,0.1484388150274753,34.631153798872425,0.3638783315176604,0.3638783380869896,6594.433293824555,49.23333481819399,0.580032371511363,,,,2.5e-05,,0.2470840069875922,0.932754699901868,59.71570372581482,0.0272390528466872,0.0494795169641253,0.04947951690404
35,val,0.5130952383790698,0.9641319201106116,0.4126471139135815,0.2466681110007422,0.2856272941543942,0.4126471139135815,0.5520286169790086,0.2089172764903023,46.022831417265394,0.347802745444434,0.3478027624743325,4958.009533110119,67.65076164972214,0.6319411382530675,,,,2.5e-05,67.65076164972214,0.2516549130280812,0.9314211096082416,7.242096424102783,0.0489097802589337,0.0496820575069813,0.0496820573295865
36,train,0.5016129032898975,0.9645088488055814,0.4167658850069969,0.2535474073662552,0.2503080473391599,0.4167658849268831,0.546892432195525,0.1460334841682705,33.25467841343213,0.3616310665684362,0.3616310723366276,6469.3131093671245,47.14906630977507,0.5763615156664993,,,,2.5e-05,,0.2461605881971697,0.9332793290897082,60.1585533618927,0.0255770683213467,0.0492982615226058,0.0492982617629471
36,val,0.5130952383790698,0.9679438358261472,0.4113945081120446,0.243402979913212,0.2924640810205823,0.4113945024354117,0.5532135949248359,0.2082623229140327,46.39108339945475,0.344162711075374,0.3441627224286397,5031.602306547619,68.99779673985073,0.6361664392731406,,,,2.5e-05,68.99779673985073,0.2522002366327104,0.931801111925216,7.329070329666138,0.0497900684851975,0.0473201933006445,0.0473201925910654
37,train,0.5018481182795699,0.9665838239654418,0.4173577619335984,0.2529869581102043,0.2422431781487439,0.4173577606517781,0.5527372537280923,0.1339611201597157,31.63532197090888,0.3607483079997442,0.3607483161713487,6367.008640248288,45.91601835271364,0.5694080178585117,,,,1.25e-05,,0.244603514190643,0.933633961985188,59.58382439613342,0.024414126336905,0.0493330467211943,0.0493330466811374
37,val,0.5130952383790698,0.9476867062704905,0.4087476077533903,0.250379897299267,0.299804843607403,0.4087476063342321,0.5349685925812948,0.198224449796336,44.67779114132836,0.3527501381578899,0.3527501353195735,4820.292805989583,66.7489020937965,0.6257471326625709,,,,1.25e-05,66.7489020937965,0.2501695248342696,0.9324750502904257,7.42596697807312,0.0475042219318094,0.0486198747087092,0.0486198750634988
38,train,0.5014784946557014,0.968321194732061,0.4167119228551464,0.2512603777070199,0.2381814809976726,0.4167119260596972,0.5530136520022987,0.1284177983079546,30.541080849145047,0.359011336840609,0.3590113454928962,6202.410490138556,44.1469092522898,0.564322578465497,,,,1.25e-05,,0.2433364077280926,0.9339536607906382,59.54736638069153,0.0227595214025988,0.0491185335903078,0.0491185334100518
38,val,0.5130952383790698,0.9744903785841804,0.4125410517056783,0.2408964598462695,0.2829893515223548,0.4125410602206275,0.5612263360193798,0.2040800154209137,45.46466019040062,0.3437644612221491,0.3437644725754147,4843.44967796689,66.91958418346587,0.6324859355435227,,,,1.25e-05,66.91958418346587,0.2477376496508008,0.9331013333229792,7.215195178985596,0.0479006662610031,0.0490934784923281,0.0490934793793019
39,train,0.5026209678060265,0.9675938589598544,0.4169362336397171,0.2514274793286477,0.2357079705563924,0.4169362348414236,0.5507765259313327,0.1267990844264145,29.72368818713773,0.3573467978226241,0.3573468074362765,6016.620942474693,43.49168188341202,0.562336073780702,,,,1.25e-05,,0.2421519123418356,0.9345747639415084,59.27184271812439,0.0220540696091609,0.049238624131327,0.0492386245719527
39,val,0.5130952383790698,0.9597219512576148,0.4103493051869528,0.2464856271232877,0.2927587358724503,0.4103493122827439,0.5458223401080995,0.1991506392757097,45.648387545631046,0.3523313956601279,0.35233140985171,5036.376941499256,68.26721609206427,0.6303253401409495,,,,1.25e-05,68.26721609206427,0.2462155861513955,0.9335614300909496,7.517765522003174,0.0496448270000872,0.0492686290471326,0.0492686290471326
40,train,0.5020161290322581,0.9706569727390044,0.4173203928656475,0.250872675609845,0.2298749404889281,0.4173203944679229,0.5561425911002261,0.1229753435779643,28.754376555001866,0.3580625279936739,0.3580625361652784,6016.460196382256,41.97813137628699,0.5589836666479656,,,,1.25e-05,,0.2412284637490908,0.9347749503069026,59.46995401382446,0.0208366818948879,0.0495573413828688,0.0495573413428119
40,val,0.5130952383790698,0.9926357893716722,0.4149474331310817,0.2361833190634137,0.2742494571776617,0.4149474388077145,0.5752208431561788,0.2034222717796053,47.02068873814174,0.3356211185455322,0.335621117126374,4898.405372256324,67.85142662411644,0.6357830213777946,,,,1.25e-05,67.85142662411644,0.2445597911164874,0.9338829829579308,7.406251668930054,0.0484885082447103,0.0491941196932679,0.0491941195158731
41,train,0.5016801075268817,0.968903457445483,0.4173294748029401,0.2509989799350821,0.2320182794524777,0.4173294731205509,0.5562812065084776,0.1226250052211746,29.53156768634755,0.3552980081688973,0.3552980166609569,6003.558440751927,42.72440914441181,0.5600363480924356,,,,1.25e-05,,0.2413113819815779,0.9343963412828344,59.08054089546204,0.0217957180506619,0.0494691042169447,0.0494691042570016
41,val,0.5130952383790698,0.9580579513595218,0.4110580327964964,0.2475780390557788,0.2919713358084361,0.411058037053971,0.5463027471587771,0.1962801139979135,45.19156129019601,0.3465294894717988,0.3465295036633809,4748.678926013765,66.4210391271682,0.625606230172244,,,,1.25e-05,66.4210391271682,0.2438893573624747,0.933331466856457,7.306239604949951,0.0469779472886806,0.0494025278659093,0.049402528930278
42,train,0.5018817205582896,0.9687450757270218,0.4171905385390405,0.2510871968923076,0.2359761171123033,0.4171905414231361,0.555909649178546,0.1290178090854678,30.28122656832459,0.3578883529670776,0.3578883649841431,8726.970050196494,43.979164728554345,0.5608830728113451,,,,1.25e-05,,0.240577195841138,0.9343973856459382,59.43346452713013,0.0244907425986903,0.0493630765867169,0.049363076366404
42,val,0.5130952383790698,0.9861512212526232,0.4150926201116471,0.2393737839800971,0.2762254057895569,0.4150926215308053,0.5707241147756577,0.2033278104804811,46.02651523408436,0.3465182170981452,0.3465182213556199,4872.709240141369,67.45837384178525,0.6343966960906983,,,,1.25e-05,67.45837384178525,0.2439198550723847,0.9336861542293003,7.356209993362427,0.048239949469765,0.0496775293279261,0.0496775291505314
43,train,0.5016129032898975,0.9690591050412064,0.4175403265542881,0.250993337442157,0.234159939271468,0.4175403263139468,0.5537037081936355,0.1241124322818171,28.930233165781985,0.3587309966484706,0.3587310054609852,5885.852694603705,42.10329841285623,0.5598949741835546,,,,1.25e-05,,0.2403371577621788,0.9345522244130412,59.76008439064026,0.020859894548012,0.0491379967500125,0.049137996229273
43,val,0.5130952383790698,0.9597407210440864,0.411617161262603,0.2472446936936605,0.2919063284283593,0.411617161262603,0.5476230737708864,0.2007551544478961,44.83370662870861,0.3460235794385274,0.346023583696002,4717.9680582682295,66.09641020638603,0.6276025407242053,,,,1.25e-05,66.09641020638603,0.2446984336489722,0.9336258258138384,7.174323797225952,0.0466696653249008,0.0497467312074842,0.0497467317396686
44,train,0.5016465054083896,0.9679873819633196,0.4173025143563106,0.2506238017030942,0.2323376583235879,0.4173025145165382,0.5545001360036994,0.1252325859361438,28.61096728232599,0.3571799745162328,0.3571799847707954,5969.476055678501,41.605628310993154,0.5594790558622341,,,,1.25e-05,,0.2393429373060503,0.9345895657616275,62.64975690841675,0.0209561481593697,0.049186662560509,0.0491866625204522
44,val,0.5130952383790698,0.9934116630327134,0.4162614473274776,0.2369539950575147,0.2717323501904805,0.416261450165794,0.5785889994530451,0.2127291205383482,46.80163156418573,0.3351780374844869,0.3351780488377526,4962.425287155878,67.83678218296596,0.6397551359552326,,,,1.25e-05,67.83678218296596,0.2442968281961622,0.933289851461138,7.236423969268799,0.0490316702939924,0.0502460806497505,0.0502460799401714
45,train,0.502116935547962,0.9733605961645804,0.4177210781202521,0.2498100454448371,0.2270282456070505,0.4177210794020725,0.5589323880210999,0.1196310463892195,27.936783534224315,0.3552694224542187,0.3552694282224101,5778.465584211452,40.5059380274947,0.556023534018584,,,,1.25e-05,,0.2391403719622601,0.9346346076457732,59.51677465438843,0.0196601013497759,0.0493460363878678,0.0493460365480953
45,val,0.5130952383790698,0.9662633680161976,0.4126595514161246,0.2453165281386602,0.2848848232201167,0.4126595514161246,0.5540369280747005,0.2020099223369643,45.39683460053944,0.3520678480466206,0.3520678579807281,4782.324782598586,66.44928859529041,0.6283381779988607,,,,1.25e-05,66.44928859529041,0.2426654213950747,0.9335962732632956,7.464169979095459,0.0472825100822817,0.0492534628581433,0.049253463035538
46,train,0.501982526913766,0.967541225815332,0.4170856921262638,0.2509412929736158,0.2309721017316464,0.4170856931677428,0.5526155444082393,0.1181078891480161,28.35698975286176,0.3570861976633789,0.3570862045531632,5812.528378722488,40.88139433501869,0.5551747279135065,,,,1.25e-05,,0.2387090157917751,0.9346842820285468,62.66627597808838,0.020024718995887,0.0492535892433376,0.0492535894436221
46,val,0.5130952383790698,0.9548303257851374,0.4112897302423204,0.2512539972861607,0.2996826775017239,0.4112897316614787,0.5405470303126744,0.200373398406165,46.12629708789644,0.3374926277569362,0.337492633433569,4873.909295944941,67.11220977419899,0.6299338413007332,,,,1.25e-05,67.11220977419899,0.2454831486656552,0.9338168501853944,8.115716934204102,0.0482833213394596,0.0499005150936898,0.0499005158032689
47,train,0.5017809140425856,0.9735427171953264,0.4180129307412332,0.2503843120028896,0.2262257896764304,0.4180129303406643,0.5598750971257687,0.1183717583496404,27.45868267551545,0.3564615212781455,0.3564615296099775,5706.762141730196,39.85698324634183,0.5554727768657184,,,,1.25e-05,,0.2385794898515106,0.9343825120438812,59.38655591011048,0.0195671736152582,0.0494224665666459,0.0494224668069872
47,val,0.5130952383790698,0.9752200217474074,0.4139052813961392,0.2437725798005149,0.2851457851273672,0.4139052785578228,0.5595025484051023,0.2101530510754812,46.31549108596075,0.336613111552738,0.3366131200676873,4935.716657366072,67.90584473382859,0.6361756592085868,,,,1.25e-05,67.90584473382859,0.2426063673836844,0.9338194813047136,7.40299916267395,0.0489096725359559,0.0501776577106544,0.0501776570010752
48,train,0.5016465054083896,0.972102802927776,0.4176366708131246,0.2501529394298471,0.2266463274436612,0.4176366698517594,0.5598794334838467,0.1179761715553781,27.61296001044653,0.3548000464516301,0.3548000552641448,5534.691973942582,40.23521310026928,0.5548591610959884,,,,1.25e-05,,0.2373282802841996,0.934885783862042,59.17383885383606,0.0193915089820161,0.0495757277934782,0.0495757280338195
48,val,0.5130952383790698,0.9662143361000788,0.4105904386157081,0.2437177953265962,0.2872511453571774,0.4105904428731827,0.5507453147854123,0.1992795318365097,45.34738050188337,0.3443667391935984,0.3443667462893894,4819.23892938523,66.82721274239677,0.6280394218184732,,,,1.25e-05,66.82721274239677,0.2415758165575209,0.934247612953186,7.215599775314331,0.0474192091441225,0.0481688188655035,0.0481688181559244
49,train,0.5018817205582896,0.9738147133781064,0.4176877688977026,0.2490527956716476,0.2201367672733081,0.4176877693783852,0.5604360821426556,0.1113534721355604,26.969506371405817,0.3559170456663255,0.3559170528765648,5653.232435411022,39.19088710764403,0.5505872491032187,,,,1.25e-05,,0.2369267819549447,0.9351904815243136,59.58391714096069,0.0187482193865943,0.0494262484372943,0.0494262484773512
49,val,0.5130952383790698,0.9967550351506188,0.4143159545603253,0.2342825695162727,0.2742139072645278,0.414315953141167,0.5763397543203264,0.2035670692012423,47.0145496186756,0.3380232141131446,0.3380232155323028,5069.473906017485,69.0111220223563,0.6384642449292269,,,,1.25e-05,69.0111220223563,0.2404676285528001,0.9348910621234348,7.277318477630615,0.0501053482737569,0.0471837818622589,0.0471837811526798
50,train,0.5010752688332271,0.9741918407781148,0.4180462129654423,0.2491359126663977,0.2206494974433094,0.4180462132057836,0.558702514256521,0.110879331706993,26.12669769410164,0.3547716326611016,0.3547716395508858,5526.103145394274,38.18442512840353,0.5491655273870988,,,,6.25e-06,,0.2362048649980176,0.9356742898623148,59.58604621887207,0.0180251368181279,0.0494104078019498,0.0494104076016654
50,val,0.5130952383790698,0.966247904868353,0.4098241996197473,0.2437533409822554,0.2926690330108006,0.4098241939431145,0.5485133848020008,0.1999081578992662,46.40110533578055,0.3341253541764759,0.3341253626914251,5030.153802780878,68.17769332159133,0.6319428906296238,,,,6.25e-06,68.17769332159133,0.241820990329697,0.9347279298873176,7.4492270946502686,0.0495856409626347,0.0485069090056987,0.0485069088283039
51,train,0.5029233870326831,0.9654576249660984,0.4162047623145964,0.2521309403962986,0.2295704474772817,0.4162047641572132,0.5516324275603859,0.1070118374641864,26.52010146520471,0.3555146063207298,0.355514613210514,5511.655950566774,38.78436877650599,5521.823646540272,,,,6.25e-06,,0.2369539689633154,0.9352203418490708,58.84839200973511,5511.656294463784,0.0499468135937888,0.0499468136739025
51,val,0.5130952383790698,0.961467825231098,0.4114539538111005,0.2470651666323343,0.2862750242153803,0.411453956649417,0.5480863707406181,0.193364156853585,43.86511421203613,0.3511781720888047,0.3511781834420703,4561.663321358817,65.08363060724167,4594.149844637784,,,,6.25e-06,65.08363060724167,0.2406347450755891,0.9340558449427286,7.242969036102295,4561.663394019717,0.0499008106333868,0.049900809746413
52,train,0.5026209678060265,0.969571344314083,0.4172446749383403,0.2522580688518862,0.2275597776777,0.4172446749383403,0.5531826044522947,0.107703190737514,25.628214026010166,0.3574809661155106,0.3574809750882528,5384.529427887291,37.52743588724444,5394.350770769215,,,,6.25e-06,,0.2370750831980859,0.9354070136623998,59.51473212242127,5384.529078986056,0.0499289539111878,0.0499289540313584
52,val,0.5130952383790698,0.9707321354321072,0.4133274824846358,0.2456421476034891,0.278545699658848,0.4133274782271612,0.5551305838993618,0.1917207216223081,43.51929183233352,0.3461035518419175,0.3461035589377085,4388.024937220982,64.07562591916039,4403.841055575284,,,,6.25e-06,64.07562591916039,0.2414306728612809,0.9344857987903412,7.269366264343262,4388.024850027902,0.0505880731202307,0.0505880729428359
53,train,0.5024865591718305,0.969521011075666,0.417727999228944,0.2535428156455357,0.2292685855220082,0.417727999949968,0.5562380898383356,0.1082312233786108,25.85669490855227,0.3583796639596262,0.3583796694073626,5510.30717041672,38.06817497232909,5519.825421656342,,,,6.25e-06,,0.2382265756367355,0.9352103821052018,60.15803718566895,5510.307180753318,0.0505819470892029,0.0505819470691745
53,val,0.5130952383790698,0.9627272515069872,0.4125070515133086,0.2490430275599161,0.2874997825849624,0.4125070472558339,0.5467152290401005,0.1920112687207403,43.27295866466704,0.3410890329451788,0.3410890471367609,4446.688908168248,63.686604908534456,4475.177260890152,,,,6.25e-06,63.686604908534456,0.2422151948724474,0.9348727947189694,7.05467963218689,4446.688880557105,0.0495655816935357,0.0495655809839566
54,train,0.5022177420636659,0.9616457244721792,0.4163866252187759,0.2552130805548801,0.23577909123513,0.4163866235363868,0.5460251977126445,0.1118231533115269,24.798934977541688,0.3599828871027116,0.3599828960754538,5232.2750357351,36.53839333852133,5242.244817457617,,,,6.25e-06,,0.2390075797034848,0.935056383250862,59.089534282684326,5232.275374791955,0.050495142177228,0.0504951421972564
54,val,0.5130952383790698,0.951107538881756,0.4109961418878464,0.2532705018917719,0.2970412281297502,0.4109961418878464,0.5359086571704774,0.1951352691366559,43.45898773556664,0.3531952032021114,0.3531952117170606,4506.416259765625,64.85332852318173,4534.099844637784,,,,6.25e-06,64.85332852318173,0.2435209034454254,0.934109960283552,7.251972675323486,4506.416134788877,0.0505154281854629,0.0505154265889099
55,train,0.5025201612903226,0.9640458117249192,0.4171226844191551,0.2553801580622632,0.2358936518430709,0.4171226838583587,0.5453181866836804,0.1118831477698779,25.23072649330221,0.3606450004923728,0.3606450083435222,5479.697832497217,36.97257914081697,5489.948023858376,,,,6.25e-06,,0.2397643475122349,0.9349001966496948,59.41754150390625,5479.698170897781,0.0506735363754854,0.0506735359348597
55,val,0.5130952383790698,0.9572366447675796,0.4117204944292704,0.251035186506453,0.2941787044207255,0.4117205001059033,0.5417391075974419,0.1962420085356349,43.995139621552966,0.3564182761169615,0.3564182874702272,4560.540905180432,64.88162231445312,4586.434327651516,,,,6.25e-06,64.88162231445312,0.2423253109057744,0.9347021125611804,7.099627256393433,4560.540852864583,0.0501353691021601,0.0501353698117392
56,train,0.5021505376664541,0.9670202275437694,0.4174304421870939,0.254980389950096,0.2347357143317499,0.4174304432285729,0.5498786716852136,0.1103999545016596,25.39907969710648,0.3615502953849813,0.3615503054793163,5570.222405710528,36.98586933587187,5579.093649466672,,,,6.25e-06,,0.2404074651259247,0.9347176891501232,59.10097980499268,5570.222425727434,0.0507001860007163,0.0507001863411998
56,val,0.5130952383790698,0.9624093714214508,0.4129488212721688,0.2516355769974844,0.2930831802742822,0.4129488241104853,0.5436440245026634,0.1989076701658112,44.4019696371896,0.3536297537031628,0.3536297579606374,4717.797023228237,65.87737746465774,4752.548748224432,,,,6.25e-06,65.87737746465774,0.2450808825946989,0.9336795040539332,7.469942331314087,4717.797065371558,0.0513065553137234,0.0513065562006973
57,train,0.5025537635690422,0.9621394246175724,0.4167858479965117,0.2561672871471733,0.2369223328367356,0.4167858472754878,0.5440590321536987,0.1093773470730871,23.872938176637057,0.3614890154010506,0.3614890243737928,5246.88610060497,35.50655250139134,5256.798807821049,,,,6.25e-06,,0.2410947302336334,0.934511633329494,59.82635474205017,5246.886455658943,0.0507091016017942,0.0507091016819079
57,val,0.5130952383790698,0.9465380140713284,0.4105708343642099,0.2554306629158202,0.305609840012732,0.410570835783368,0.5316739770628157,0.2045250872061366,46.191861107235866,0.3561370472113291,0.3561370585645948,4998.041875930059,67.98751104445685,5021.780701053503,,,,6.25e-06,67.98751104445685,0.2451351781686147,0.9335529378482272,7.330273389816284,4998.041820707776,0.0508859957612696,0.0508859961160591
58,train,0.501982526913766,0.962600766010182,0.4167681855540122,0.2570184568564097,0.2387908856554698,0.4167681854738984,0.544282953505234,0.1058504818788459,23.880694081706384,0.3616312572392084,0.3616312622062622,5229.900965618831,35.23348158149309,5238.815715093645,,,,6.25e-06,,0.2414652479271735,0.9347491610434748,59.345393657684326,5229.900967013451,0.0509316572538947,0.05093165731398
58,val,0.5130952383790698,0.9367239418483916,0.4089550248214176,0.258870828009787,0.3152419335785366,0.4089550262405759,0.5216387141318548,0.2016965317584219,45.05829593113491,0.3469427227973938,0.3469427369889759,4834.353626069568,66.76684297834124,4860.903119081439,,,,6.25e-06,66.76684297834124,0.2474795161258606,0.9333049058914183,7.135584115982056,4834.353614443824,0.0511976787376971,0.0511976799794605
59,train,0.5024529570533384,0.9590786057774738,0.4165830749177163,0.257828768462904,0.2422749562769807,0.4165830753182852,0.5431767214610371,0.108758385263143,23.83938704254807,0.3615793347038248,0.3615793407924713,5174.862091228526,35.1998295681451,5183.883722560895,,,,6.25e-06,,0.2424048343973775,0.9344711931802894,59.28052616119385,5174.86175733997,0.0511416970321568,0.051141696952043
59,val,0.5130952383790698,0.950271004722232,0.411942408198402,0.2557944428353083,0.3029224737769082,0.4119424096175602,0.5345751778000877,0.2021159370030675,44.24881435575939,0.3547873184794471,0.35478732415608,4658.431486583892,65.75634593055362,4686.647984730113,,,,6.25e-06,65.75634593055362,0.2459678891159239,0.9335113082613264,7.300671339035034,4658.431550525484,0.0516678304189727,0.0516678318381309
60,train,0.5017809140425856,0.9607760303763933,0.4165752502058142,0.2579942624415121,0.2431218263603025,0.4165752508467243,0.5427382798284612,0.1071519671228303,22.767509609140376,0.3630783687676153,0.3630783780608126,4929.957504026352,33.727543553998395,4939.055868335043,,,,3.125e-06,,0.2425092816833526,0.9344110834983088,59.72188425064087,4929.957850548529,0.0510832737049748,0.0510832736849464
60,val,0.5130952383790698,0.9515376885732016,0.4104156891504923,0.2547637493837447,0.3069178462028503,0.4104156905696505,0.5314162870248159,0.1990514763054393,43.56606928507487,0.3543411053362347,0.3543411138511839,4562.992161342076,65.14880570911225,4589.948712713068,,,,3.125e-06,65.14880570911225,0.2478186126266207,0.9330736710911706,7.300790548324585,4562.992097400484,0.0503420856382165,0.0503420854608217
60,val_periodic_epoch_60,0.5130952383790698,0.9515376885732016,0.4104156891504923,0.2547637493837447,0.3069178462028503,0.4104156905696505,0.5314162870248159,0.1990514763054393,43.56606928507487,0.3543411053362347,0.3543411138511839,4562.992161342076,65.14880570911225,4589.948712713068,,,,3.125e-06,,0.2478186126266207,0.9330736710911706,6.878704071044922,4562.992097400484,0.0503420856382165,0.0503420854608217
61,train,0.5022177420636659,0.9557587443500436,0.4158850919495346,0.2586940180069657,0.2441950303412252,0.4158850906677143,0.5375353062665591,0.1057057546712057,22.797271174769246,0.3626653189941119,0.3626653266850338,5081.105710265457,33.92745710701071,5090.087905133693,,,,3.125e-06,,0.2428966204645813,0.9344068288162192,59.40541005134583,5081.105355949812,0.051274690356466,0.0512746905166936
61,val,0.5130952383790698,0.9302821130979628,0.4085902940659296,0.2627803009180796,0.3283099361828395,0.4085902954850878,0.5139940437816438,0.2056863357623418,44.43381772722517,0.3500187028022039,0.3500187070596786,4753.57182094029,66.32454072861444,4781.224116654829,,,,3.125e-06,66.32454072861444,0.2490358863558088,0.9330397787548248,7.218144178390503,4753.571797688802,0.0517571602194082,0.0517571602194082
62,train,0.501982526913766,0.9565627135897196,0.4161175107282976,0.2586505308106381,0.2444717409790203,0.416117509206136,0.5368715320383349,0.1048040910754152,22.253348222342872,0.3627958619786847,0.3627958704707443,5040.024414882865,33.29284275731733,5047.653266305634,,,,3.125e-06,,0.2434123359540457,0.9341930868805096,59.59356713294983,5040.0247481971655,0.051124838591423,0.0511248385113093
62,val,0.5130952383790698,0.9378533164660136,0.4093601065022604,0.2586488652796972,0.3145072687239874,0.4093601079214187,0.5233397242568788,0.2022191002255394,44.43810017903646,0.355711966753006,0.3557119766871134,4728.734372093564,66.252044405256,4752.081329900569,,,,3.125e-06,66.252044405256,0.247028091833705,0.9333146214485168,7.238528251647949,4728.734279087612,0.0515438036194869,0.0515438030873026
63,train,0.5017809140425856,0.9561060397855696,0.4163218520341381,0.2588772013463,0.2450210159664513,0.4163218479483358,0.5400920750633362,0.1071340341761868,22.079801405629805,0.3625304282352488,0.3625304357659432,5021.455181449972,32.80395803656629,5028.823156409472,,,,3.125e-06,,0.2434515727944271,0.9342941545671032,58.9989652633667,5021.4551784146215,0.0510317037903493,0.0510317037703209
63,val,0.5130952383790698,0.9476858122008188,0.4100609762328012,0.2561367210887727,0.3120773122424171,0.4100609847477504,0.5281808284066972,0.2007766355361257,43.99908229282924,0.3540024814151582,0.3540024927684239,4667.255033947173,65.86243066333589,4690.887582859848,,,,3.125e-06,65.86243066333589,0.2478300297544116,0.9333382362411136,7.153547763824463,4667.255074637277,0.0507126445216791,0.0507126441668896
64,train,0.5017809140425856,0.9570835569212514,0.4163930586749507,0.2586229488413821,0.2443071329785931,0.416393058594837,0.5404483964766866,0.1074821359568065,23.33885376940492,0.3625362901597894,0.3625362957677533,5083.125066859748,34.318924734669345,5087.097176517782,,,,3.125e-06,,0.2435375576217969,0.934210148549849,58.97573113441467,5083.125069977134,0.0509790519192334,0.0509790518992049
64,val,0.5130952383790698,0.9363046146574474,0.4093954123201824,0.2607515922614506,0.3232511906396775,0.4093954151584988,0.5192253667683828,0.2027748894123804,43.88131931849888,0.3451054848375774,0.3451054876758939,4599.538184756324,65.37588809785389,4620.7289136482,,,,3.125e-06,65.37588809785389,0.2496737866174607,0.9333431493668328,7.261895179748535,4599.538091750372,0.0518837159588223,0.0518837159588223
65,train,0.5018481182795699,0.9575982132265644,0.41633348303136,0.2583046483416711,0.2425774149196122,0.4163334828711325,0.5425759489417717,0.1057140317054525,22.868498012583743,0.3622965622012333,0.3622965692512451,4944.425315077587,33.79785661799934,4953.5937294083415,,,,3.125e-06,,0.2439817602756203,0.9342237060428948,61.071368932724,4944.425322091708,0.051289473650276,0.0512894740909017
65,val,0.5130952383790698,0.9413373810904366,0.4106701811154683,0.2587937684286208,0.3115976396061125,0.4106701782771519,0.5261999766031901,0.2004896434290068,43.790637879144576,0.3521550837017241,0.3521550879591987,4582.845511300223,65.29828480311802,4604.253515625,,,,3.125e-06,65.29828480311802,0.2473531187999816,0.9335028330485026,7.173736333847046,4582.845502580915,0.0517583725353082,0.0517583728900977
66,train,0.5013440860215054,0.96151029422719,0.417027507578173,0.2600769499136555,0.2499638152939658,0.4170275079787418,0.5434618811773998,0.1066885395676538,22.19229854050503,0.362874089389719,0.3628740954783655,4957.937702137937,32.5800532935768,4923.450242332176,,,,3.125e-06,,0.2445099050159095,0.9341390693700442,59.55910277366638,4957.937706157725,0.0515686723814215,0.0515686723413646
66,val,0.5130952383790698,0.9651133247784206,0.4115759886446453,0.2491073650973183,0.2943030574492046,0.4115759900638035,0.5436967079128537,0.2013269432243846,44.72258177257719,0.3543672405538104,0.3543672462304433,4740.396196637835,66.45579392569405,4767.611342921402,,,,3.125e-06,66.45579392569405,0.2484772453705469,0.9330434174764723,7.162336349487305,4740.396173386347,0.0499617455615883,0.049961746625957
67,train,0.5018481182795699,0.9534057207325454,0.4155510611912256,0.2592356106446635,0.2473752820684064,0.4155510602298603,0.5352074879632202,0.1079390813666646,21.87237351940524,0.3632739171866447,0.3632739264798421,4892.891080138504,32.89656300698557,4902.065151021938,,,,3.125e-06,,0.2446933044220811,0.934045910835266,59.970898151397705,4892.891071852818,0.0515100273193531,0.0515100276998935
67,val,0.5130952383790698,0.9506138336090816,0.4112175248918079,0.2551537049668176,0.3056041974396932,0.4112175277301243,0.5333816678751082,0.1996921283148583,43.83525839306059,0.3577853824411119,0.3577853937943776,4597.518011183965,65.07561247689384,4627.554595762311,,,,3.125e-06,65.07561247689384,0.2468114459798449,0.933979176339649,7.26581072807312,4597.518019903274,0.0517569783897626,0.0517569799863156
68,train,0.5020497313109777,0.9513696609966216,0.4154052600585004,0.2598587143164809,0.24880730841429,0.415405260218728,0.5373695158269457,0.1053363045937912,21.571564764104863,0.363626871378191,0.3636268784282028,4818.66430089807,32.03123028047623,4827.126672404383,,,,1.5625e-06,,0.2450856706628235,0.9340261576637146,60.074729681015015,4818.664302702873,0.0512762107555904,0.0512762105352776
68,val,0.5130952383790698,0.9431298630578178,0.4103873215970539,0.2570271704878126,0.3111289746704556,0.4103873230162121,0.5281764261779331,0.2027975324363935,44.24096552530924,0.3558763975188845,0.355876414548783,4693.293169294085,65.96784573509579,4718.368202533144,,,,1.5625e-06,65.96784573509579,0.2489702460311708,0.9332470638411384,7.32149076461792,4693.293247767857,0.0513122440094039,0.0513122440094039
69,train,0.5020497313109777,0.9516440703663774,0.4153374158727225,0.2594756973526811,0.2480011801085164,0.4153374182761356,0.5370186248453714,0.1065099903492517,21.19400214636197,0.3636263493568666,0.3636263591307466,4834.87157850368,31.74941429015129,4843.815025581334,,,,1.5625e-06,,0.245063880678787,0.9338997458257984,59.555453062057495,4834.871586133075,0.0514957886790075,0.0514957885588369
69,val,0.5130952383790698,0.9374657471974692,0.409317482085455,0.2605703125397364,0.3229827270621345,0.4093174849237714,0.5191805284647715,0.2047700938724336,44.443766548520045,0.3546264370282491,0.3546264483815148,4854.771690731957,66.74354471479144,4884.650473484849,,,,1.5625e-06,66.74354471479144,0.2493661840756734,0.93349499078024,7.219511032104492,4854.771868024553,0.0509531517468747,0.0509531510372956
70,train,0.5022177420636659,0.9523019226648476,0.4158260149340476,0.2604122488729415,0.2473712275105138,0.4158260131715446,0.5362498037597184,0.1066443535989971,21.205055467544064,0.3636971076009094,0.3636971148111487,4880.831137708438,31.59233619833505,4890.513757272843,,,,1.5625e-06,,0.2450546768884505,0.9342248635266416,59.153016090393066,4880.831145337833,0.0512859180209136,0.0512859176203448
70,val,0.5130952383790698,0.9313955931436448,0.4086316043422335,0.2624434360436031,0.3300154024646395,0.4086316100188664,0.5147155353001186,0.2064951118968782,44.13580213274275,0.3444987138112386,0.3444987081346057,4733.943713960193,66.06859942844936,4767.488692589962,,,,1.5625e-06,66.06859942844936,0.2508076195205961,0.9331496074086144,7.1393866539001465,4733.943754650298,0.0521863278533731,0.0521863282081626
71,train,0.5018817205582896,0.9535148835951284,0.4154904764345897,0.2602092222340645,0.2499679144351713,0.4154904753530538,0.5361713416954522,0.1085082126721259,22.03224636918755,0.3633167666773642,0.3633167750091963,4804.65080696024,32.35872474793465,4813.135766642664,,,,1.5625e-06,,0.2450365018780513,0.9341382679118904,59.48981642723084,4804.651475065498,0.0516476292483588,0.0516476292483588
71,val,0.5130952383790698,0.9333194494247437,0.4100199512072972,0.2625420022578466,0.322766533210164,0.4100199554647718,0.5185978987387249,0.2046769208141735,44.739379610334126,0.353790032012122,0.3537900419462295,4762.888663155692,66.41853159949893,4793.980776515152,,,,1.5625e-06,66.41853159949893,0.2496878142867769,0.9332240365800404,7.194454669952393,4762.888677687872,0.0523409651858466,0.0523409655406361
72,train,0.5020833332692424,0.9518701655249442,0.4154120781408843,0.2599700226258206,0.2482282845403558,0.415412076859064,0.5352570498262041,0.1062369833710373,21.05638340980776,0.3638324420298299,0.3638324510025721,4922.791025141234,31.65436000208701,4931.91155697601,,,,1.5625e-06,,0.2451225741896578,0.9342179400946504,59.40857529640198,4922.791703419019,0.051542385891881,0.0515423857316535
72,val,0.5130952383790698,0.9419909233138676,0.4115479517550695,0.2597613348847344,0.3130958924690882,0.4115479517550695,0.5272800908202216,0.2023044980707622,44.08558336893717,0.3661257539476667,0.3661257596242995,4585.758094424293,65.37983730861119,4613.207022372159,,,,1.5625e-06,65.37983730861119,0.2491949072905949,0.9330305968012128,7.134479999542236,4585.758114769345,0.0524930895439216,0.0524930897213163
73,train,0.5018145161610778,0.9509046524763108,0.4156804222573516,0.2616130816199446,0.2528016976611588,0.4156804240198545,0.5360970012843609,0.1088173378619455,21.08478651251844,0.3626374538226794,0.3626374613533737,4611.16907164871,31.45701193040417,4618.928923430266,,,,1.5625e-06,,0.2461979014258231,0.9338940449299352,58.800188302993774,4611.169069679834,0.0518761713017699,0.0518761714619974
73,val,0.5130952383790698,0.929050258227757,0.4099401491028921,0.2648002874283564,0.3311338453065781,0.4099401505220504,0.5144083769548506,0.20516287535429,44.48505846659342,0.3509690236477625,0.3509690279052371,4710.504804338728,66.08932413373675,4733.207410037879,,,,1.5625e-06,66.08932413373675,0.2504386554161708,0.9331963090669542,7.322008848190308,4710.504847935268,0.0528007401596932,0.0528007405144827
74,train,0.5020161290322581,0.9501139752326472,0.4155537535746892,0.2611249620395322,0.2514470582527499,0.4155537543758269,0.5350968424350985,0.1089389160355573,21.228253108198924,0.3629942259160421,0.362994235689922,4761.8690658897485,31.28181040671564,4770.581194513495,,,,1.5625e-06,,0.2462034614015651,0.9339653554783072,59.05042767524719,4761.869069171208,0.0515790620958933,0.0515790621960355
74,val,0.5130952383790698,0.9374532926650274,0.4097449424720946,0.2600799181631633,0.3192859497808274,0.409744945310411,0.5216003053245091,0.206887481822854,44.18979508536203,0.3551328238986787,0.3551328338327862,4707.592322939918,66.03639248439244,4736.155559008049,,,,1.5625e-06,66.03639248439244,0.2506142258644104,0.933054316611517,7.227603673934936,4707.592334565662,0.0513982611397902,0.0513982606076058
75,train,0.5026209678060265,0.950328403262682,0.4152105698181736,0.2603465630322374,0.249982049107872,0.4152105701386288,0.5352552052867668,0.1069446047868139,21.32646724741946,0.3635252734986685,0.3635252797475425,4713.311038519747,31.855884757093204,4720.4840342306525,,,,1.5625e-06,,0.246065992902043,0.9338442532606024,59.07229399681091,4713.310712342622,0.0515606909669855,0.0515606909269286
75,val,0.5130952383790698,0.9364524341764904,0.4093399941921234,0.2612166284095673,0.3230737312918618,0.409339998449598,0.5186990222760609,0.2053437640979176,44.050425756545295,0.3585194178989955,0.3585194150606791,4666.196475074405,65.9725549788702,4692.912069424716,,,,1.5625e-06,65.9725549788702,0.2495405163083757,0.9333129156203496,7.197234153747559,4666.196451822917,0.0513342022895813,0.0513342021121865
76,train,0.5014448925372093,0.9484539112096192,0.415525121073569,0.2617519258331227,0.2547580276125221,0.415525121073569,0.5332095359442055,0.1076181191470353,21.19821157763081,0.3636819721870525,0.3636819800382019,4868.989063591085,31.45556133024154,4874.61335457439,,,,1e-06,,0.2461370061482152,0.9340231489109736,59.07345008850098,4868.988728718091,0.0516240289735217,0.0516240290736639
76,val,0.5130952383790698,0.9442452532904488,0.4100486011732192,0.2578477341504324,0.3163666526476542,0.4100485983349028,0.5255815862190156,0.2037887413586889,44.18850035894485,0.3481161793073018,0.3481161906605675,4639.476515997024,65.63917259942917,4665.504029060133,,,,1e-06,65.63917259942917,0.2507036470231555,0.9331761201222738,7.201596736907959,4639.476431710379,0.0512033509356634,0.0512033511130582
77,train,0.5018481182795699,0.9517105168873264,0.4157704096487773,0.2606208479853086,0.2499313146997523,0.415770411491394,0.5374534307949005,0.1073077404170587,20.86262351723128,0.3638756036437968,0.3638756135779042,4798.765453461678,30.917821981573617,4807.487984130037,,,,1e-06,,0.2463643818452794,0.9339317205131696,59.16622853279114,4798.7651177273,0.0514603031258429,0.0514603028654731
77,val,0.5130952383790698,0.9462442908968244,0.4102908230963207,0.2563993398632322,0.3118396209818976,0.4102908245154789,0.5286923952045894,0.205603889411404,44.07047707693918,0.3523990852492196,0.3523990909258525,4642.082717168899,65.57232093811035,4672.944986979167,,,,1e-06,65.57232093811035,0.2504964584395999,0.9330003687313624,7.208853244781494,4642.082766578311,0.0510961221797125,0.0510961223571073
78,train,0.5020161290322581,0.9504097666471236,0.4153109257740359,0.2608660311307958,0.2521273706068275,0.4153109251331257,0.5323973009663243,0.109622291159085,20.994859187833725,0.3643814030513969,0.3643814120241391,4674.165078152892,31.69543614951513,4682.7984968089095,,,,1e-06,,0.2460475859622801,0.9339381264102076,60.31323051452637,4674.164748530234,0.0512687179750652,0.0512687175945248
78,val,0.5130952383790698,0.958605666955312,0.4120432762872605,0.2523821173679261,0.2996254244021007,0.4120432791255769,0.5396947725897744,0.2007548145595051,43.641041982741584,0.3576308559803736,0.3576308616570064,4524.691685267857,64.91759100414458,4547.053702059659,,,,1e-06,64.91759100414458,0.2491991441874277,0.9331906409490676,7.43983793258667,4524.691708519345,0.0497735362677347,0.0497735359129451
79,train,0.5020497313109777,0.9531170306026294,0.4158578350018429,0.2601905887325604,0.2484267354812673,0.415857835322298,0.5393797571380292,0.1054687132878649,20.79734687394993,0.3640592391452482,0.3640592450736671,4852.907872394849,31.00294780218473,4859.782213862255,,,,1e-06,,0.2463732445912976,0.9338761340546352,59.8154354095459,4852.908214281964,0.0513313223798108,0.0513313220994126
79,val,0.5130952383790698,0.9377528712863014,0.4090965106373742,0.2605749411242349,0.3231499847911653,0.4090965148948488,0.5188050639061701,0.2061326819516363,44.15530004955473,0.3594722549120585,0.3594722620078495,4753.348307291667,66.29558336167108,4779.54912701231,,,,1e-06,66.29558336167108,0.2518674695775622,0.9326232898802984,7.451257944107056,4753.348284040178,0.0504084708435194,0.0504084713757038
80,train,0.5018817205582896,0.9504603067392944,0.4155108198042839,0.2609966524666355,0.2530212331843632,0.4155108202048527,0.5366706520479213,0.1094415850777139,21.59228512035903,0.3636678625499048,0.3636678686385514,4812.433434106971,32.06386302619852,4820.992368920323,,,,1e-06,,0.2465592944814313,0.9337864777734204,60.22235441207886,4812.433772589571,0.0517738442467425,0.0517738442467425
80,val,0.5130952383790698,0.9302052713575816,0.4097283525126321,0.2634738052175158,0.3266997692130861,0.4097283525126321,0.5164982215279624,0.2072333328071094,44.15257808140346,0.357233886207853,0.3572338961419605,4641.102687290737,65.63916796729679,4667.628240411932,,,,1e-06,65.63916796729679,0.2505678279059274,0.933138424441928,7.267920255661011,4641.102701822917,0.0524129988182158,0.0524129988182158
81,train,0.5022177420636659,0.9487543924841828,0.4151214155698976,0.260938224132343,0.2513927136377621,0.4151214175727418,0.5367718448722234,0.1088181004849492,21.62263826657367,0.3637944950211432,0.363794502071155,4739.47376595774,32.05588955007573,4748.574100070529,,,,1e-06,,0.2464637606534906,0.9338911813433451,59.917322874069214,4739.473771946405,0.0516023121133286,0.0516023122134708
81,val,0.5130952383790698,0.9286299092429025,0.4092247017792293,0.2638428033817382,0.3296027708621252,0.4092246989409129,0.5144060445683343,0.2038301250764302,43.968351545788,0.3527282050677708,0.3527282121635618,4648.73334030878,65.4400813693092,4677.291845703125,,,,1e-06,65.4400813693092,0.2516655914840244,0.9326908077512468,7.280496597290039,4648.733253115699,0.0525165663233825,0.0525165670329616
82,train,0.5012432795859152,0.9502807889253864,0.4157478975192193,0.2612674400530835,0.2518059672206961,0.4157478984004708,0.5331218539066213,0.1087427121657197,20.2407052183664,0.3644080665162814,0.3644080734060657,4494.513580404302,30.177475478059502,4502.998948119706,,,,1e-06,,0.2462332934461614,0.9337309461127046,60.10169529914856,4494.513569165301,0.051357068021291,0.0513570681815185
82,val,0.5130952383790698,0.9471670332409088,0.4105079727513449,0.2564863278752282,0.3118981477760133,0.4105079755896613,0.5290488196270806,0.203467872880754,43.44368362426758,0.3544028671014876,0.3544028756164369,4553.045331682478,65.01945795331683,4580.975841915246,,,,1e-06,65.01945795331683,0.2502136344001406,0.9330921769142152,7.30792498588562,4553.045383998326,0.0508771183944883,0.0508771185718831
83,train,0.5008400537634409,0.9579707701360026,0.4165290724686397,0.261094783582995,0.2556341114223644,0.4165290718277295,0.5381119564496061,0.1085806219207663,21.69031242657733,0.3639310172168157,0.3639310233054622,5026.919425308063,31.84710878454229,4946.547573225747,,,,1e-06,,0.246975147435742,0.9336296512234596,59.65272474288941,5026.919421288275,0.0516271651071566,0.0516271656479245
83,val,0.5130952383790698,0.9744680211657568,0.4114398487976619,0.2465425864571616,0.2914121810879026,0.4114398473785037,0.547504709590049,0.1996577896532558,44.19677434648786,0.3658930233546665,0.365893026192983,4625.658828008743,65.6300428481329,4663.428638435133,,,,1e-06,65.6300428481329,0.2496351663555417,0.9327895811625888,7.358020067214966,4625.658836728051,0.0493243230240685,0.0493243235562528
84,train,0.5018481182795699,0.9488358704313156,0.4153574984720958,0.2609949229705718,0.2531200142637376,0.4153574962289103,0.5350099223595793,0.1089894199163042,21.0556992407768,0.3635040893349596,0.3635041002304323,4795.893337454847,31.55335380697764,4805.126273394755,,,,1e-06,,0.2467496461605512,0.9337544899473909,59.78405070304871,4795.8933383572485,0.0517870004899719,0.0517870005700857
84,val,0.5130952383790698,0.9414788399423872,0.4096910868372236,0.2584470709164937,0.3173774338903881,0.4096910868372236,0.5239049643278122,0.2056022343181428,44.002771831694105,0.3601558307806651,0.3601558364572979,4605.819937569754,65.46503720964704,4628.907233960701,,,,1e-06,65.46503720964704,0.2511454096862248,0.9325371725218636,7.1894707679748535,4605.820056733631,0.0503228221620832,0.0503228223394779
85,train,0.5012768817845211,0.950176999934258,0.4159639935980561,0.2619013167837614,0.2532635798217147,0.4159639931974872,0.5362840897293502,0.1148711690098367,21.7711655247596,0.3635802403573067,0.3635802466061807,4862.815630512853,32.22646906042612,4871.523782338358,,,,1e-06,,0.2469966905892536,0.9337788720925648,60.1942355632782,4862.81562353975,0.0518401318019436,0.0518401314214032
85,val,0.5130952383790698,0.9438738312040056,0.4111065623306092,0.2578919366711661,0.3092702847151529,0.4111065651689257,0.5292461826687768,0.2041399301517577,43.72149485633487,0.3639323626245771,0.3639323768161592,4559.348717099145,65.17203085763114,4589.570669093277,,,,1e-06,65.17203085763114,0.2492187342473439,0.9332652716409592,7.227434158325195,4559.3486328125,0.0515329263039997,0.0515329259492102
86,train,0.5020833332692424,0.947511772474935,0.4148394250341,0.2616457969591181,0.2562756005634544,0.4148394242730192,0.5314723833273816,0.1133636056535666,20.66115387537146,0.3643062625841428,0.364306271556885,4653.497126753612,30.985696510602068,4662.76982402352,,,,1e-06,,0.2470607614164711,0.9336891578089808,59.83042073249817,4653.497130281182,0.0516107082967796,0.0516107088776044
86,val,0.5130952383790698,0.9432585069111415,0.4106699100562504,0.2583557764689128,0.3142041436263493,0.4106699086370922,0.5268953570297786,0.2057574256545021,43.79726864042736,0.3548901464257921,0.354890166294007,4667.547058105469,65.7425232841855,4701.207307942708,,,,1e-06,65.7425232841855,0.2498747635455358,0.9333174058369228,7.302710294723511,4667.547014508928,0.0516965852252074,0.0516965854026022
87,train,0.5018481182795699,0.9477711762151412,0.4150638376032152,0.2615543288248841,0.2545966055764946,0.4150638379236703,0.5320055656615765,0.1116829556362923,21.056030616965344,0.3637379733144596,0.3637379816462917,4851.475490405996,31.57849132886497,4861.013490125868,,,,1e-06,,0.2476368764395355,0.9334639538359898,59.383312463760376,4851.4754731783305,0.0519267752646438,0.0519267748440465
87,val,0.5130952383790698,0.9339358863376436,0.4087829831100645,0.2627122749884923,0.3293358421041852,0.4087829831100645,0.5143551095610573,0.2057882994413375,43.80683390299479,0.3486007054646809,0.3486007139796302,4685.776524135044,65.84414445786248,4717.438614169034,,,,1e-06,65.84414445786248,0.25307245410624,0.9325718908082872,7.405949354171753,4685.776564825149,0.0517333435515562,0.0517333435515562
88,train,0.5023185484191423,0.94453197172893,0.4142606777128994,0.262307598946556,0.2585816182276254,0.4142606753896,0.5312644406271878,0.1119895476487375,20.58135417199904,0.3641506218782035,0.3641506294088979,4683.19520257109,30.583297960219845,4691.046208134404,,,,1e-06,,0.2471251599090073,0.9337870398516296,59.50986385345459,4683.195543596821,0.0515333575907573,0.0515333575106436
88,val,0.5130952383790698,0.939909733477093,0.410850818668093,0.259689429686183,0.3140835740736553,0.4108508200872512,0.5252498927570525,0.203261816785449,43.186128707159135,0.3594142226945786,0.3594142340478443,4463.499157133557,64.3623369307745,4489.970670572917,,,,1e-06,64.3623369307745,0.2504608056374958,0.933068451427278,7.323589563369751,4463.499157133557,0.0517228605846563,0.051722861649025
89,train,0.5019153225165541,0.948941110923726,0.4150496244590769,0.2615207666030494,0.2549107852642254,0.4150496249397595,0.5326060617883359,0.1128094018066442,21.01710918898224,0.3642680923784933,0.3642680989478224,4698.14911520353,31.39557158049717,4705.155461516204,,,,1e-06,,0.2473478543181573,0.9336973707522116,59.34728932380676,4698.1487793460965,0.0516059031129203,0.0516059029727212
89,val,0.5130952383790698,0.9398230654852732,0.4109569120974767,0.2598287640582947,0.3131664884941919,0.4109569078400021,0.5254865870589301,0.203666766839368,43.18323680332729,0.3667549888292948,0.3667549930867694,4510.3041585286455,64.73914137340728,4538.98740678267,,,,1e-06,64.73914137340728,0.2500318239132563,0.9331223624093192,7.351427793502808,4510.3041759672615,0.0516113489866256,0.0516113489866256
90,train,0.5016801075268817,0.9486575198750342,0.4153337580382183,0.2618892494068351,0.2553392652702588,0.4153337575575357,0.531898003632343,0.1104875438275837,20.76978942399384,0.3636606385310491,0.3636606447799231,4813.97022985643,30.931484494158017,4823.225715899227,,,,1e-06,,0.2473795004589583,0.933628160786885,58.95777797698975,4813.970563498877,0.051928748807279,0.0519287488273074
90,val,0.5130952383790698,0.941624104976654,0.410129950160072,0.2582658039672034,0.3150434621742793,0.4101299544175465,0.5254346501259577,0.2036909872577303,43.64836792718796,0.3524339270024073,0.3524339369365147,4525.560686383928,64.85890225001744,4551.714689867425,,,,1e-06,64.85890225001744,0.2510139530613309,0.9326884491103036,7.301301717758179,4525.560799734933,0.0509794952259177,0.0509794948711281
90,val_periodic_epoch_90,0.5130952383790698,0.941624104976654,0.410129950160072,0.2582658039672034,0.3150434621742793,0.4101299544175465,0.5254346501259577,0.2036909872577303,43.64836792718796,0.3524339270024073,0.3524339369365147,4525.560686383928,64.85890225001744,4551.714689867425,,,,1e-06,,0.2510139530613309,0.9326884491103036,6.792073488235474,4525.560799734933,0.0509794952259177,0.0509794948711281
91,train,0.5020833332692424,0.9475306815678074,0.4148485682984834,0.2620252640817755,0.255956574713671,0.4148485696604175,0.5309812372089714,0.1109463714704077,20.497987188318724,0.3644319239162629,0.3644319320878675,4733.760721514302,30.776825135754,4742.888271591238,,,,1e-06,,0.2473847094562745,0.9337306772508928,59.710853815078735,4733.760718150806,0.0517757751688521,0.0517757747081979
91,val,0.5130952383790698,0.9322520920208522,0.4093499439103262,0.2623787501028606,0.32625560320559,0.4093499453294845,0.5166625579198202,0.2067517325991676,43.54594312395368,0.355316006001972,0.355316013097763,4624.34943498884,65.42570086887905,4655.671962298769,,,,1e-06,65.42570086887905,0.2509019914127531,0.932887315750122,7.352559328079224,4624.349307105655,0.0518444432389168,0.0518444428841273
92,train,0.5016129032898975,0.9498020056434856,0.4153552495984621,0.2619833790807314,0.2568347690406666,0.4153552455927736,0.5312950616321896,0.1093047946611399,20.25431592490084,0.3644646294014428,0.3644646399764604,4810.188025936003,30.193841390712286,4818.607161047322,,,,1e-06,,0.2475002781357816,0.9337122199996826,59.55760216712952,4810.188026018041,0.0515510422047427,0.0515510427655391
92,val,0.5130952383790698,0.9379796697979882,0.4100718029907771,0.2604516815571558,0.3195668097053255,0.4100718015716189,0.5215568805024737,0.2041775158473423,43.5429573059082,0.3579275153932117,0.3579275239081609,4572.9573160807295,65.19596036275227,4600.554153349905,,,,1e-06,65.19596036275227,0.2510304174252918,0.9329753915468852,7.143291234970093,4572.957356770833,0.0510708028007121,0.0510708026233173
93,train,0.5018145161610778,0.9453745343351876,0.4148872352896198,0.2626445739660212,0.257793921136087,0.4148872344083683,0.5270103962831599,0.106986062661294,20.05138188536449,0.3646748570665236,0.3646748668404035,4578.294327848701,29.953065410737068,4586.678776904791,,,,1e-06,,0.2472014827753907,0.9336961693661188,60.37977695465088,4578.294321449854,0.0514671879229686,0.0514671876025135
93,val,0.5130952383790698,0.9364006036803836,0.4102638676053002,0.2620292632352738,0.323899840315183,0.4102638704436166,0.5194122897727149,0.204887602300871,43.89446376618885,0.3539869274411882,0.3539869373752957,4583.200747535342,65.30560420808338,4609.821738873106,,,,1e-06,65.30560420808338,0.2520250663870856,0.9328241376649766,7.22827935218811,4583.200657435826,0.0521964508862722,0.0521964514184565
94,train,0.5022849463006501,0.9448498905666411,0.4144732769458524,0.2625078853740487,0.2578518647820719,0.4144732775066488,0.5305555998397771,0.1122503256204948,20.96146066214449,0.3639935325550776,0.3639935420085025,4714.77035825996,31.34130363566901,4723.938991148464,,,,1e-06,,0.2477766790537424,0.933673046929862,60.002979040145874,4714.77069206648,0.0517747131406619,0.0517747130605482
94,val,0.5130952383790698,0.93447436605181,0.4100452122234163,0.2626638462146123,0.3238616720551536,0.4100452108042581,0.5179926738852546,0.2060474877556165,43.5866384052095,0.3597467328820909,0.3597467442353566,4544.383661179316,65.01865123567127,4567.313225023674,,,,1e-06,65.01865123567127,0.2508146663506825,0.9331715362412588,7.368885517120361,4544.383736746652,0.0510666074142569,0.0510666079464412
95,train,0.5019153225165541,0.9477080957543466,0.4149876413967019,0.2617210637657873,0.2554067588781797,0.4149876413165882,0.5312651769929034,0.1077849236467192,20.383370676348285,0.364165061904538,0.3641650668715918,4672.45934607393,30.34447099829233,4680.988429542824,,,,1e-06,,0.2474859096510435,0.9336928254173648,60.35712265968323,4672.459337296024,0.0515798513967824,0.0515798515570099
95,val,0.5130952383790698,0.9388555458613804,0.4089520758106595,0.2591031818162827,0.3211110120727902,0.4089520729723431,0.5206807695683979,0.2095192291197322,43.95765077500116,0.3550366390319097,0.3550366418702261,4710.673116048177,66.18047305515834,4741.510813210227,,,,1e-06,66.18047305515834,0.2516620968069349,0.9327521040326072,7.387243270874023,4710.672903878348,0.0510423041525341,0.0510423045073236
96,train,0.5022513440219305,0.9441358998257626,0.4141988255964812,0.2637023687042216,0.2647561221834152,0.4141988271186428,0.5284415983785224,0.1171694543332822,21.22281810288788,0.3633793928930836,0.363379398661275,4692.25241983065,31.78478097402921,4701.087719459405,,,,1e-06,,0.2488769452257823,0.9335875870079122,59.56286597251892,4692.252426721717,0.0522164612487759,0.0522164612487759
96,val,0.5130952383790698,0.9327334449404762,0.4092217343194144,0.2628459937515713,0.3285916107041495,0.409221738576889,0.5152349493333271,0.2081630123513085,44.16656775701614,0.3541754768008277,0.3541754838966188,4678.099365234375,65.83266576131184,4704.353523023201,,,,1e-06,65.83266576131184,0.2527836461861928,0.9325378423645384,7.176719903945923,4678.099208286831,0.0509367122181824,0.0509367122181824
97,train,0.5023857528163541,0.9461939182653222,0.4150448617755726,0.2627724055000531,0.2591031722484096,0.4150448634579617,0.5312374349162784,0.1120312526341407,21.1919953848726,0.3639684356348489,0.3639684409223577,4868.8539957026,31.870600074850103,4878.303375983961,,,,1e-06,,0.2480458186999444,0.93353852405343,59.84688758850098,4868.853986514512,0.0519847367159141,0.0519847369362269
97,val,0.5130952383790698,0.9289369469597226,0.4088190382435208,0.2651721352622622,0.3354265186048689,0.4088190354052044,0.5104704988854272,0.2111294297944931,44.41678337823777,0.3534686281567528,0.3534686366717021,4799.921619233631,66.66367476327079,4827.081640625,,,,1e-06,66.66367476327079,0.2523557245731354,0.9331532262620472,7.244270086288452,4799.921648297991,0.0515761517343067,0.0515761512021223
98,train,0.5010752688332271,0.9463854481776556,0.4154644937765214,0.2632158142264171,0.2600508759258896,0.4154644946577728,0.5299564652064795,0.1105729523765784,20.52677937476865,0.3644861711930203,0.3644861788839422,4588.299268496934,30.82067015863234,4596.698387521044,,,,1e-06,,0.2479140042297301,0.933671119072104,60.46168780326843,4588.298599120109,0.0517640224587853,0.0517640224187284
98,val,0.5130952383790698,0.9300916365214756,0.4086469667298453,0.2638003215903327,0.3332500330039433,0.4086469695681617,0.512196612500009,0.2132635971619969,43.89811906360445,0.3521581334727151,0.3521581292152405,4625.772521972656,65.6719118754069,4646.072391394413,,,,1e-06,65.6719118754069,0.2534404687938236,0.932771160489037,7.548274755477905,4625.772568475632,0.0520944409072399,0.0520944417942138
99,train,0.5018817205582896,0.9457482718011384,0.4147992242247827,0.2628620040993537,0.2590238189184538,0.414799222061711,0.5304834533442733,0.1134594604973831,20.74846169256395,0.3642093145078228,0.3642093209169244,4743.05327023742,31.21440742349112,4749.424666217842,,,,1e-06,,0.2486111212481734,0.9335039943777104,61.54970812797546,4743.053287875267,0.052199963520291,0.0521999632999781
99,val,0.5130952383790698,0.9377296226365226,0.4100650123187473,0.2605783478135154,0.3224895958389555,0.4100650108995892,0.5213673973367328,0.2055846530766714,43.6351203918457,0.3544190625349681,0.3544190767265501,4558.097821916853,65.13504100981213,4582.196315696023,,,,1e-06,65.13504100981213,0.2529618399483817,0.9325613237562632,7.416472434997559,4558.097935267857,0.0518897851662976,0.0518897844567185
100,train,0.5014784946557014,0.94748253527508,0.4151374567099797,0.2618590840088424,0.2560291804613606,0.4151374552679318,0.5311587965616615,0.1091129978497823,20.257141072263,0.3650866706845581,0.3650866785357075,4644.854044842464,30.24904590011925,4653.957425491898,,,,1e-06,,0.2480252710401371,0.9335522308785428,60.20755982398987,4644.854031470514,0.0512479522055195,0.0512479526261168
100,val,0.5130952383790698,0.9358008702596028,0.4101526737213135,0.2620996371621177,0.3251066569771085,0.4101526723021552,0.5190166433652242,0.2071737320650191,43.74966185433524,0.3569218629882449,0.356921877179827,4600.040506998698,65.39936910356793,4624.952306758996,,,,1e-06,65.39936910356793,0.251762432711465,0.9330032212393624,7.332616806030273,4600.040492466518,0.0520381892011279,0.052038189910707
101,train,0.5012432795859152,0.9459095919324506,0.4152199162110205,0.2630425257387981,0.259823590517044,0.4152199156502241,0.5289230544560699,0.1106482525105758,20.76518284120868,0.3651931056732772,0.3651931127232889,4668.251550653929,30.92285097286265,4667.206507251881,,,,1e-06,,0.2481698241605553,0.9335621262109408,59.43849444389343,4668.251553197061,0.0515353379030061,0.0515353376826932
101,val,0.5130952383790698,0.9357372153372993,0.407795705965587,0.2612663961592175,0.3327160229285558,0.4077956946123214,0.5139865832669395,0.2110381899845032,44.42364756266276,0.348134526184627,0.3481345389570509,4709.252461751302,66.00990195501419,4741.886415423769,,,,1e-06,66.00990195501419,0.2541222288495018,0.9324890233221508,7.165644407272339,4709.252505347842,0.0519080080446742,0.0519080083994638
102,train,0.5020161290322581,0.945736109088826,0.4150710897420042,0.263110949547701,0.2590107660620443,0.4150710878192737,0.5305153161928218,0.1116535187528658,20.04525593275665,0.3640759643367541,0.364075971707221,4693.454814951907,30.03223160261749,4702.940173550487,,,,1e-06,,0.2485748821849464,0.933554063240687,59.41551923751831,4693.454825124433,0.0521171975039666,0.0521171974038244
102,val,0.5130952383790698,0.927955530938648,0.4073225075290316,0.2649052604323342,0.3421175621804737,0.4073225061098735,0.5071234078634352,0.2155890982775461,44.337712151663645,0.3461678907984779,0.3461678936367943,4752.711347307478,66.34996096293132,4781.573083866004,,,,1e-06,66.34996096293132,0.2544394752808979,0.932479617141542,7.187922954559326,4752.711268833706,0.0523256143288953,0.0523256134419214
103,train,0.5012768817845211,0.9448711726293768,0.4149243973435894,0.2636384889483452,0.2641604823931571,0.4149243987856372,0.5300422461843619,0.1152447100568522,20.6931718498148,0.3640261606503558,0.3640261712253734,4682.687605129775,30.9975749651591,4691.249324297664,,,,1e-06,,0.2490782805828638,0.9334674109053868,59.398080348968506,4682.687609026509,0.0521045028161938,0.0521045030164782
103,val,0.5130952383790698,0.9335081066404072,0.4089743253730592,0.2629493184032894,0.3299561199687776,0.4089743253730592,0.5145705590645472,0.210206127947285,43.63790584745861,0.3584691697642916,0.3584691669259752,4604.92914109003,65.31689144316174,4629.682367128315,,,,1e-06,65.31689144316174,0.2545014896563121,0.9320601168132964,7.138767957687378,4604.9291265578495,0.0515430461437929,0.0515430466759772
104,train,0.5016465054083896,0.946359318270478,0.4149473064368771,0.263423420969517,0.2621011806111182,0.4149473061965358,0.5290047552797102,0.109305363248593,20.30158860709077,0.3650127543557074,0.3650127618864018,4727.649324314569,30.356429474328152,4735.92724169593,,,,1e-06,,0.2485215280966092,0.933421520456191,61.54754972457886,4727.6496705086,0.0517541041737923,0.0517541039134225
104,val,0.5130952383790698,0.9400066449528648,0.4091716394537971,0.2595600152299517,0.3203630830560411,0.4091716422921135,0.5205731576397306,0.2068947411718822,43.58781596592495,0.3544342673960186,0.3544342858450753,4576.274765741257,65.10236740112305,4603.751316879735,,,,1e-06,65.10236740112305,0.2524991163185665,0.93288897332691,7.658589601516724,4576.274701799665,0.0509705772357327,0.0509705774131275
105,train,0.5017137098056014,0.9453058354957128,0.4147680453475444,0.2628260246848547,0.2594938685977331,0.4147680443861792,0.5294305765100064,0.1138842296135682,20.31973632176717,0.3648730038955647,0.3648730117467142,4644.307421981647,30.31456946813932,4652.884821728022,,,,1e-06,,0.248611887215927,0.9335247162849672,60.426843881607056,4644.306745221538,0.0518068815231002,0.051806881242702
105,val,0.5130952383790698,0.9346720349221004,0.4090061400617872,0.2618489194483984,0.3259586159672056,0.4090061400617872,0.5165586145151229,0.2121051904701051,44.125443231491815,0.3604124458063216,0.3604124529021127,4724.629647391183,66.17038990202404,4749.991092566288,,,,1e-06,66.17038990202404,0.2525500044936225,0.932487564427512,7.128728151321411,4724.62956891741,0.0508997053617522,0.0508997053617522
106,train,0.5011424731503251,0.9422813684389156,0.4147881009886341,0.2648040517683952,0.2662951167552702,0.414788102430682,0.5330764491872121,0.1169671628383859,20.62475295220652,0.3636964785475884,0.3636964857578277,4630.835238507999,30.796494930021225,4639.806785424229,,,,1e-06,,0.2499494841823014,0.9332410391940864,58.93601179122925,4630.835563413559,0.0526512274218182,0.0526512275620173
106,val,0.5130952383790698,0.9277396571068536,0.4081998084272657,0.2637857681229001,0.3326878519285293,0.4081998098464239,0.5117209809167045,0.2149945593305996,44.24785986400786,0.3561337079320635,0.3561337207044874,4705.931658063616,66.08056395394462,4730.667912523674,,,,1e-06,66.08056395394462,0.2528831689130692,0.9325662652651469,7.377036333084106,4705.93159702846,0.051777210086584,0.0517772099091893
107,train,0.5017137098056014,0.944214768787866,0.4144471926634671,0.2635882149941178,0.2626192955079899,0.4144471927836377,0.5294791355889331,0.1130025908751513,19.98603247570735,0.3649351289195399,0.3649351348479588,4437.813071466261,29.791055986958167,4446.215933402219,,,,1e-06,,0.2491256984811957,0.933356616125312,59.1909704208374,4437.812732491442,0.0518793261619985,0.051879326001771
107,val,0.5130952383790698,0.9423601996330988,0.4103127859887622,0.2593285625889188,0.3162957238299506,0.4103127973420279,0.5238097792580014,0.206811568566731,43.25122261047363,0.3615051607290904,0.361505172082356,4492.236653645833,64.60275550115676,4514.462735262784,,,,1e-06,64.60275550115676,0.2520698947565896,0.9328076300166902,7.266621112823486,4492.236671084449,0.0513607781557809,0.0513607783331757
108,train,0.5023857528163541,0.9418701680116756,0.4141247532060069,0.2635684152764658,0.2639850874741872,0.4141247541673721,0.5238766902556984,0.1153413112205202,19.94279061337953,0.365085895824176,0.3650859023935051,4602.763748948292,29.543840936435167,4611.799186023237,,,,1e-06,,0.2488851071365418,0.9334929912321028,59.87569975852966,4602.763747881818,0.0518330438362975,0.0518330435558993
108,val,0.5130952383790698,0.924686068580264,0.4081036292371295,0.2665050334873654,0.3411558171113332,0.4081036249796549,0.5068229663939703,0.2114344970101402,44.38619886125837,0.3503910033475785,0.3503910147008441,4760.123875209263,66.31274686540876,4789.742001065341,,,,1e-06,66.31274686540876,0.2540620579606011,0.9325559252784366,7.289834976196289,4760.123860677083,0.0532823423189776,0.0532823433833462
109,train,0.5022513440219305,0.9428766794422622,0.4144847886536711,0.2637467970771174,0.2638510359871772,0.4144847906565153,0.5274876594863912,0.1145739957730295,20.33936165481485,0.3642756107353395,0.3642756176251237,4671.665050711683,30.76879431611748,4680.126404301807,,,,1e-06,,0.2490592320119181,0.9334309456809876,60.94180774688721,4671.6657135666055,0.0520984366415969,0.0520984366816538
109,val,0.5130952383790698,0.9406692186991372,0.4115380871863592,0.260556915686244,0.3148880217756544,0.4115380886055174,0.5256375209206626,0.2050390566388766,43.41963422866095,0.3617859454382033,0.361785956791469,4477.354442778088,64.45498357500348,4499.055851976799,,,,1e-06,64.45498357500348,0.2513067452680497,0.9331192062014624,7.444706678390503,4477.354480561756,0.0523254977805273,0.0523254974257378
110,train,0.5024529570533384,0.9447058737277984,0.4145409797308265,0.2629127238867103,0.2590568973332323,0.4145409808524193,0.5284622060435433,0.1096946919156659,19.81469894737325,0.3645096094377579,0.3645096171286798,4534.346815088744,29.888770857164936,4542.8987339623445,,,,1e-06,,0.2491142315569744,0.9332684566897732,59.51006770133972,4534.346810535718,0.051856743712579,0.0518567438527781
110,val,0.5130952383790698,0.9370075833229792,0.4104884238470168,0.2618056188027064,0.3201679388682047,0.410488418170384,0.5207221408685049,0.2073718500988824,43.40564055669876,0.362908627305712,0.3629086414972941,4504.175496419271,64.59338560558501,4528.981492660985,,,,1e-06,64.59338560558501,0.2524229486783345,0.9326685212907336,7.266541957855225,4504.175420851934,0.0517486445605754,0.0517486450927598
111,train,0.5018145161610778,0.9453393555777048,0.4146713318042858,0.2627341854636387,0.2599717224797895,0.4146713292406451,0.528682024168071,0.1138120539366237,20.25263782726821,0.3647245341731656,0.3647245409027222,4656.859697977702,30.28481564470517,4662.623519702231,,,,1e-06,,0.2488862376219482,0.933399720858502,59.644161224365234,4656.860031374039,0.0515902580152596,0.0515902582756293
111,val,0.5130952383790698,0.9339048919223604,0.4099639554818471,0.262921378726051,0.3252010650577999,0.4099639455477397,0.5175474357037317,0.2106298644627843,43.757937204270135,0.3554526652608599,0.3554526794524419,4546.988080705915,64.89193689255487,4571.04131007339,,,,1e-06,64.89193689255487,0.2519425331127076,0.9332199437277656,7.3638694286346436,4546.988037109375,0.0527761152812412,0.0527761147490569
112,train,0.501108871031833,0.9432960199092024,0.4150132483211897,0.2641938500987586,0.2643089827190163,0.4150132504041477,0.5278591030547696,0.1157667825539266,20.42202132235291,0.3642160469485867,0.3642160539985984,4715.353096910702,30.73761825664069,4708.416010528462,,,,1e-06,,0.2494041500713235,0.9335037633295982,59.08778238296509,4715.353429076492,0.0522809359695642,0.0522809365904459
112,val,0.5130952383790698,0.9370013730866568,0.4076227900527772,0.2628436599458967,0.3372496856110437,0.407622781537828,0.5105510907513755,0.2199698097649075,44.30626787458147,0.34109656725611,0.3410965814476921,4646.181126185826,65.418302717663,4673.742788233902,,,,1e-06,65.418302717663,0.2562996262595767,0.9323442095801944,7.343287229537964,4646.181169782366,0.0532035341575032,0.0532035336253188
113,train,0.5018817205582896,0.9432844030921176,0.4146247657556687,0.2635615932685072,0.2610765359895203,0.414624765675555,0.5252917267942941,0.1130018372449182,19.705244987241684,0.3641619823312246,0.3641619887403262,4547.700040017405,29.56531422625305,4554.954015661169,,,,1e-06,,0.2491598568295919,0.9334390753058976,61.579471588134766,4547.699699401856,0.0522174712030156,0.0522174715234707
113,val,0.5130952383790698,0.9353276945295788,0.4099173772902715,0.2623775154352188,0.3261328424726213,0.4099173730327969,0.5180791850600924,0.2075782290526799,43.80682009742374,0.3544863590172359,0.3544863788854508,4555.743989490327,64.8998182387579,4576.813812440814,,,,1e-06,64.8998182387579,0.2534297520206088,0.9327614875066847,7.823941946029663,4555.74395170666,0.0522091780744847,0.0522091773649056
114,train,0.5013104839030132,0.9482692002609212,0.4150184760651281,0.2627537030205932,0.2640269355427834,0.4150184733412599,0.529047184493593,0.1080772191967054,20.62272436900805,0.3641004115343094,0.3641004184240936,4877.618675970262,30.46321544852308,4886.251103564947,,,,1e-06,,0.2493318543639234,0.933482374234866,63.60076117515564,4877.619010515111,0.0519455010171539,0.0519455008368979
114,val,0.5130952383790698,0.9278951769783385,0.409186052424567,0.265519272003855,0.3369383968058086,0.4091860552628835,0.5109519433407557,0.2110467624096643,44.04219218662807,0.3423801163832347,0.3423801234790257,4604.6172107514885,65.29252106802804,4629.842354699337,,,,1e-06,65.29252106802804,0.2557095345996675,0.9323683494613284,7.38440465927124,4604.617111932664,0.0537392074863115,0.0537392078411011
115,train,0.5018817205582896,0.9417263005048998,0.4144341194982169,0.2640421356885664,0.2636183097317655,0.4144341182965104,0.5280443303367143,0.1139287571072258,19.97946422843523,0.3642042716664652,0.3642042783960219,4659.650679106353,29.73565414387693,4668.189254442209,,,,1e-06,,0.2497823529185787,0.9331932731213108,59.42417311668396,4659.650332994359,0.0521740580718683,0.0521740579917546
115,val,0.5130952383790698,0.9264693260192872,0.4099941154321034,0.2673303059169224,0.3357793660390945,0.4099941168512617,0.5106370832238879,0.2077933400869369,44.19021306719099,0.3588051299254099,0.3588051356020428,4638.10888671875,65.64144579569499,4664.674772135417,,,,1e-06,65.64144579569499,0.2528289308150609,0.9330406103815352,7.129890203475952,4638.10891578311,0.0533053206191176,0.053305320264328
116,train,0.5013440860215054,0.94275981412139,0.4147316445746729,0.263930121657028,0.2632455557424535,0.4147316421712598,0.5261333346446996,0.1141824328130291,20.233634292438467,0.3628773849497559,0.3628773950440909,4620.861492280037,30.282140993302868,4629.184315855495,,,,1e-06,,0.2497814108607589,0.9333000500355998,59.49041771888733,4620.861162657378,0.0523796249982169,0.0523796248780463
116,val,0.5130952383790698,0.9278124400547572,0.4090996100789025,0.265055062515395,0.3329171871855145,0.4090996100789025,0.511670979715529,0.2121675858894983,43.67589569091797,0.3567530640533992,0.3567530754066649,4575.41847156343,65.25900204976399,4599.545524088541,,,,1e-06,65.25900204976399,0.2539702178466888,0.9325946257227944,7.224970102310181,4575.41861688523,0.0521408388657229,0.052140839575302
117,train,0.5018481182795699,0.9451438497792009,0.4150382547929723,0.2631385128504486,0.2602057328788183,0.4150382544725172,0.5290778506427042,0.1108623751268912,19.831548393413584,0.3639211459185487,0.363921153128788,4670.889733099169,29.442126151054136,4679.419631413418,,,,1e-06,,0.2495036140404721,0.9332721605095812,60.18739938735962,4670.890063378119,0.0518756323163547,0.0518756321561272
117,val,0.5130952383790698,0.9334134942009336,0.4094839493433634,0.2629360691422507,0.3272417123828615,0.4094839564391545,0.5160761425892512,0.2097045647956076,43.83580979846773,0.3550627685728527,0.3550627756686437,4648.067301432292,65.69859958830334,4677.439825994318,,,,1e-06,65.69859958830334,0.2536606008098239,0.932655155658722,7.385303020477295,4648.067359561012,0.0519610955601646,0.0519610962697437
118,train,0.5011424731503251,0.9422030102822088,0.4146444788703354,0.2640511703587347,0.2643329815999154,0.4146444775885151,0.5273267944012919,0.1176629635875904,20.27965893796696,0.3632139062048286,0.3632139094093794,4545.325268776186,30.2358501649672,4552.392996657657,,,,1e-06,,0.250034846285338,0.9334322736468368,59.59080600738525,4545.325263033631,0.052178344799466,0.0521783448996082
118,val,0.5130952383790698,0.934912173520951,0.4092906415462494,0.2617773165305455,0.3265053502150944,0.4092906415462494,0.5172553105013711,0.2089065462350845,43.67015656970796,0.3462131662028176,0.3462131605261848,4597.739926292783,65.25407146272205,4625.795490056818,,,,1e-06,65.25407146272205,0.2533065804413387,0.9328350453149704,7.153469085693359,4597.739807128906,0.052156828521263,0.0521568283438682
119,train,0.501377688300225,0.9409876169376477,0.4144581662070367,0.2647240798800222,0.2650506237661966,0.4144581660468091,0.5266256554412746,0.1164379969279291,19.977552357540336,0.3625751309176927,0.3625751386086146,4656.187034073696,29.57746204253166,4665.334494141858,,,,1e-06,,0.2503820429405858,0.9331336838583792,60.14500045776367,4656.187034812025,0.0523990532683749,0.0523990534286024
119,val,0.5130952383790698,0.934364358584086,0.4101744166442326,0.2629725308645339,0.3253529071807861,0.4101744180633908,0.5178538071257728,0.2071501903590701,44.27870314461844,0.3614982210454486,0.3614982281412397,4652.27289109003,65.64312662397113,4677.64364790483,,,,1e-06,65.64312662397113,0.2534633278846741,0.9324885918980552,7.232866287231445,4652.272937593006,0.0514498769882179,0.0514498771656127
120,train,0.501108871031833,0.944625053034034,0.415263120765968,0.2639306046629465,0.2612778854466254,0.4152631214869919,0.5295817952963614,0.1155080752627503,19.598984454267768,0.3631684379552,0.3631684429222537,4546.804025957661,29.25429147802373,4555.632419634989,,,,1e-06,,0.2501959493083338,0.9331408300066508,59.555357694625854,4546.804026203771,0.0521802492840315,0.0521802489635764
120,val,0.5130952383790698,0.923111929779961,0.4076438347498576,0.2666079586460477,0.3422305910360245,0.407643837588174,0.5055192034868967,0.2212912919265883,44.55111076718285,0.3473906261580331,0.3473906261580331,4741.781316848028,66.34874725341797,4769.538093335701,,,,1e-06,66.34874725341797,0.2535174801236107,0.9331674348740352,7.572308301925659,4741.781325567336,0.0528135642054535,0.0528135638506639
120,val_periodic_epoch_120,0.5130952383790698,0.923111929779961,0.4076438347498576,0.2666079586460477,0.3422305910360245,0.407643837588174,0.5055192034868967,0.2212912919265883,44.55111076718285,0.3473906261580331,0.3473906261580331,4741.781316848028,66.34874725341797,4769.538093335701,,,,1e-06,,0.2535174801236107,0.9331674348740352,6.957130670547485,4741.781325567336,0.0528135642054535,0.0528135638506639
121,train,0.5020833332692424,0.9431250819595912,0.4147411519160834,0.2637882029978178,0.2603203108714473,0.4147411509547182,0.5277237858503095,0.1150471669651808,19.705096049975324,0.3628146957646134,0.3628147074612238,4438.941030604865,28.96442256435272,4447.225569147695,,,,1e-06,,0.2498806817557222,0.9332993709912863,60.61240816116333,4438.940355116321,0.0523338755091992,0.0523338755692846
121,val,0.5130952383790698,0.9315410199619476,0.4109825364180973,0.2652160092478707,0.325326056707473,0.4109825335797809,0.5170129871084577,0.2065479556719462,43.81106067839123,0.3640900154908498,0.3640900339399065,4549.011657714844,65.016296568371,4575.011319247159,,,,1e-06,65.016296568371,0.2537743960108076,0.9323531360853284,7.39400577545166,4549.011692592076,0.0534849060433251,0.0534849065755094
122,train,0.5011424731503251,0.9422157730466576,0.4146822105332087,0.2643152490578672,0.2650321666752138,0.4146822102127536,0.5271150222228419,0.1140986327081918,20.16183850073045,0.3634464933026221,0.3634465016344542,4551.2118466284965,30.178521028129005,4558.384011830545,,,,1e-06,,0.2504114975692123,0.9331437817183874,59.3164324760437,4551.211847202752,0.0521608039296122,0.0521608042100103
122,val,0.5130952383790698,0.9313371209871202,0.4094667874631427,0.2639040010316031,0.3293641734690893,0.4094667874631427,0.5144491798820949,0.2124090357905342,43.34676869710287,0.352989802757899,0.3529898084345318,4525.978379022507,64.75094250270298,4550.065386777936,,,,1e-06,64.75094250270298,0.2537170918214889,0.9326734315781366,7.285380840301514,4525.978469122024,0.0521040088718845,0.0521040083397002
123,train,0.5016801075268817,0.9400731945230116,0.4144428132842945,0.2651195043838152,0.2665456440500033,0.4144428124831569,0.525647044422165,0.1138605904234673,19.72009027901516,0.3631161177350628,0.3631161209396136,4676.695745611703,29.84521282872846,4686.061046530984,,,,1e-06,,0.2503226066148409,0.9332263578650772,59.281575202941895,4676.695741222751,0.0524177354389941,0.0524177355992217
123,val,0.5130952383790698,0.9284741112164088,0.4093709488709767,0.2652821796280997,0.3347470150107429,0.4093709474518185,0.5120017975568771,0.2162863473807062,44.11616007486979,0.3551253293241773,0.355125340677443,4617.262279692151,65.52307310558501,4640.59541163589,,,,1e-06,65.52307310558501,0.255401713507516,0.9320878613562812,7.271711111068726,4617.262358165923,0.0524521663430191,0.0524521663430191
124,train,0.5020833332692424,0.9426662369921645,0.4145234828834893,0.2641028090510317,0.2633453464155556,0.4145234840451389,0.5299274267288305,0.1129075885419884,19.633823538339268,0.3627908143305009,0.3627908228225605,4424.615012876449,29.389617684066938,4433.168758507931,,,,1e-06,,0.2503349424530101,0.9331079753496314,59.16650748252869,4424.614687765798,0.0522791505140322,0.0522791508545157
124,val,0.5130952383790698,0.92678587777274,0.4086857906409672,0.2656005017814182,0.3362278682844979,0.4086857878026508,0.5098418763705662,0.2105435062022436,43.783288229079474,0.3537328739960988,0.3537328768344152,4601.240115211123,65.41836111886161,4627.512773733428,,,,1e-06,65.41836111886161,0.2544040899901163,0.9324427843093872,7.35584020614624,4601.240147181919,0.0523229335390386,0.0523229335390386
125,train,0.5013440860215054,0.942392845307627,0.4147344905362334,0.2645883876630055,0.2647344115120108,0.4147344906163472,0.5284283101478572,0.1139688229248408,20.173206185781822,0.3625830538490767,0.3625830597774956,4638.0609083278205,30.172040811149024,4646.023388795178,,,,1e-06,,0.2507383534184066,0.9330473359554045,60.09572339057922,4638.06090623589,0.0524570785302628,0.0524570783500068
125,val,0.5130952383790698,0.9273169324511572,0.4084760660216922,0.265332342613311,0.3357612128768648,0.4084760631833757,0.5097102707340604,0.2148106162037168,43.867721194312686,0.3513991293453035,0.3513991477943602,4623.308939615886,65.51926213219052,4648.046645655777,,,,1e-06,65.51926213219052,0.2546469746601014,0.93244412115642,7.183785676956177,4623.308980305989,0.0525343373772643,0.0525343380868434
126,train,0.5020497313109777,0.9420577252423892,0.4145231837386726,0.264632669267475,0.2644740513736202,0.4145231852608342,0.5297163649592348,0.1121395618444488,19.940125044956,0.3627338117809706,0.3627338167480243,4528.329751414637,29.70673916416784,4537.01054060708,,,,1e-06,,0.2505715671245769,0.9332173841614876,59.11410331726074,4528.330092932589,0.052386779638548,0.05238677999906
126,val,0.5130952383790698,0.92655439887728,0.4099164732864925,0.2673312624295552,0.3361454414469855,0.4099164761248089,0.5101779543218159,0.2139182250414575,43.66067377726237,0.3542844411872682,0.3542844525405338,4523.516488211496,64.87688346136184,4546.425686553031,,,,1e-06,64.87688346136184,0.2539115477175939,0.9328693719137282,7.266913175582886,4523.516552153088,0.0530993532212007,0.0530993539307798
127,train,0.5019489247952739,0.9392367824912072,0.4138984622493867,0.2650114075150541,0.2676329150475481,0.4138984629704106,0.5240431172793271,0.1113903584980195,19.22277480812483,0.3631680880182533,0.3631680905818939,4634.490457739881,29.091623913857244,4642.685882691662,,,,1e-06,,0.2504775937526456,0.933166975936582,58.95459961891174,4634.490469983829,0.0520967593396543,0.0520967599204791
127,val,0.5130952383790698,0.9230104372614906,0.4083477982452937,0.2678868536438261,0.3415673843451908,0.4083477939878191,0.5053259233633677,0.2106962285581089,44.20416032700312,0.360045374858947,0.360045381954738,4744.639703659785,66.30754616146996,4768.92743844697,,,,1e-06,66.30754616146996,0.2559127736659277,0.9318748542240688,7.233888864517212,4744.639610653832,0.0524340493693238,0.0524340499015081
128,train,0.5007728495264566,0.945411239420214,0.4148474177045206,0.264655754370715,0.2657683579030857,0.4148474173840656,0.5301248415984133,0.110916211820578,19.45874459256408,0.3627822328639287,0.362782240394623,4413.530381479571,29.049948738467307,4421.419776212647,,,,1e-06,,0.2505115437251265,0.9330587678699084,59.48132586479187,4413.530380987352,0.0521357871832386,0.0521357873034092
128,val,0.5130952383790698,0.9320150188037328,0.4099508339450473,0.2639508148034413,0.3289424060356049,0.4099508311067308,0.5159482998507363,0.2084926863511403,43.86917096092587,0.3549885167962029,0.3549885253111521,4588.433771042597,65.38366417657761,4614.721755149148,,,,1e-06,65.38366417657761,0.2533854515779586,0.9326525103478204,7.304542303085327,4588.433756510417,0.0532925334714707,0.0532925340036551
129,train,0.5015120967741935,0.9410761572340484,0.4146764932540796,0.2654945224683772,0.267507625843889,0.4146764926131694,0.5266904780460943,0.1144370122622418,19.160779881221,0.3621179048092134,0.3621179126603629,4533.511474937521,29.123616033984767,4541.985096673933,,,,1e-06,,0.2507299503651998,0.9331681548908192,59.30625224113464,4533.511812025501,0.0524579940103395,0.0524579937499697
129,val,0.5130952383790698,0.926617633728754,0.4085902940659296,0.2664370742582139,0.3399249457177661,0.4085902898084549,0.5080693995668775,0.2094021407621247,43.64027577354794,0.3437902785482861,0.3437902842249189,4644.927507672991,65.66840317135765,4673.812566583807,,,,1e-06,65.66840317135765,0.2554425966171991,0.9324932211921328,7.223283529281616,4644.927536737351,0.0525722840712184,0.052572283539034
130,train,0.5009744623976369,0.9403020859726012,0.414460298595249,0.2652726868788401,0.267943442348511,0.4144602969128598,0.5240946555490135,0.1143987765836138,20.234924624043128,0.361585592230161,0.3615855997608554,4588.862773197953,30.45255365679341,4597.22871019768,,,,1e-06,,0.2510478311488705,0.9330347455957884,59.44371628761292,4588.863115905434,0.0524888839572668,0.0524888843177787
130,val,0.5130952383790698,0.929959121204558,0.4092667599519093,0.2653734676894687,0.3339121334609531,0.4092667599519093,0.5115990007207507,0.211966634506271,43.97955449422201,0.3577388794649215,0.3577388922373454,4624.394833519345,65.65853809175037,4646.597978811553,,,,1e-06,65.65853809175037,0.2547788712240401,0.9323499571709406,7.197922706604004,4624.394871303013,0.0514945928894338,0.0514945928894338
131,train,0.5013104839030132,0.9395295474477994,0.4143549875226072,0.2656784877181053,0.2673023855013232,0.414354988964655,0.5251384983940791,0.1103106354793874,19.68069866139402,0.3613600107610866,0.361360018291781,4347.237989610241,29.073765549608456,4354.799472754893,,,,1e-06,,0.2511051910859282,0.9329466124375662,59.134241580963135,4347.237648502473,0.0525588709059902,0.0525588712264453
131,val,0.5130952383790698,0.942892571290334,0.4093183548677535,0.2594531462306068,0.3216916216271264,0.4093183605443863,0.5207308786255973,0.2088890352419444,43.60181227184477,0.3531601301261357,0.3531601386410849,4560.709812709263,65.2427104768299,4580.43983931108,,,,1e-06,65.2427104768299,0.2549852821088972,0.932379078297388,7.328036069869995,4560.709876650855,0.05180674046278,0.0518067406401747
132,train,0.5016129032898975,0.9388413701647071,0.4143201452830145,0.2658303444904665,0.2698726637228842,0.414320146164266,0.5236457954411224,0.1120818997783366,19.75313959326796,0.3613712688287099,0.3613712749173564,4464.651926307268,29.66102481657459,4472.374378592238,,,,1e-06,,0.2508847569265673,0.933167584801233,59.98033952713013,4464.651927865962,0.0524930623510191,0.0524930618302796
132,val,0.5130952383790698,0.9324108674412682,0.4082002128873552,0.2625206893398648,0.3330249062606266,0.4082002086298806,0.5134157112666539,0.2095701928649629,43.91606212797619,0.3440351287523905,0.3440351486206054,4655.220868791853,65.8156018938337,4687.284598425663,,,,1e-06,65.8156018938337,0.2552501516682761,0.9323404743557884,7.46334433555603,4655.220839727493,0.0521536146601041,0.0521536137731302
133,train,0.5009408602791448,0.9396421178694694,0.4146343489648193,0.2663898503267637,0.2703460009508235,0.4146343490449331,0.5266910053549274,0.1108681945510769,19.680252854542065,0.360815199793026,0.3608152054009899,4542.747313960906,29.6337763058242,4546.991856841527,,,,1e-06,,0.2512765061310542,0.9331098003413087,59.59415054321289,4542.747321426227,0.0527172366417543,0.0527172371024085
133,val,0.5130952383790698,0.9226302731604804,0.4068715033077058,0.2676241887467248,0.3488356073697408,0.4068715075651805,0.501741539154734,0.2135344523759115,44.42258716764904,0.3423466824349903,0.3423466852733067,4702.135797409785,66.02586691720145,4730.665804036458,,,,1e-06,66.02586691720145,0.2569153315964199,0.9324562407675244,7.396821022033691,4702.135806129092,0.0531566164323261,0.0531566173193
134,train,0.5012096775475369,0.9405238181352616,0.4142487190904156,0.265634446615173,0.2701681794658784,0.4142487191705293,0.5234259892535466,0.1107518479868929,19.197820586542928,0.3609769643955333,0.3609769712853175,4442.029795738959,28.89391549428304,4449.9938632335725,,,,1e-06,,0.2508635742850201,0.9332942597327694,59.27426815032959,4442.029796969506,0.052477762163166,0.0524777623033651
134,val,0.5130952383790698,0.9362117023695082,0.4095555969646999,0.262193358370236,0.3254130163363048,0.4095555998030163,0.5171853729656765,0.2081513404846191,43.48436936878023,0.3545387742065248,0.354538775625683,4563.500467936198,65.09428950718471,4588.141634114583,,,,1e-06,65.09428950718471,0.253990276938393,0.932714249406542,7.250590324401855,4563.5003168015255,0.0514208333832877,0.0514208344476563
135,train,0.5020497313109777,0.9396709022662972,0.4141558105105994,0.2647874402583286,0.2673050328608482,0.4141558102702581,0.5245476963138709,0.1068594476548574,19.69201594527049,0.3614351303987606,0.3614351404930955,4489.983368658251,29.540031294668875,4498.197853576455,,,,1e-06,,0.2511265228192011,0.93310478233522,59.43221712112427,4489.983701603387,0.0522201495265127,0.0522201498469678
135,val,0.5130952383790698,0.9289932023911248,0.4093931090264093,0.2657377003204255,0.3344428617329824,0.4093931033497765,0.5113526873645329,0.2087911871217546,43.793162572951545,0.3551167391595386,0.3551167391595386,4623.151838030134,65.55418405078706,4652.010666725852,,,,1e-06,65.55418405078706,0.2554258718377068,0.932376498267764,7.242989540100098,4623.151849655878,0.0524234848008269,0.0524234846234321
136,train,0.5018817205582896,0.9380053599034588,0.4140130923960798,0.2656459265979387,0.2688184666537469,0.4140130931972176,0.5263032618789903,0.109732465938695,19.879689114068142,0.3596288257388658,0.359628834391153,4622.92974000336,29.534208272093085,4631.297233894939,,,,1e-06,,0.251462929832038,0.9331628343751354,59.67351055145264,4622.929397254862,0.0526245562259548,0.052624556686609
136,val,0.5130952383790698,0.93613501673653,0.4108843164784567,0.2632778776543481,0.3239109572910127,0.4108843136401403,0.5192128008320218,0.2045029976538249,43.60381271725609,0.3599752414794195,0.3599752599284762,4535.33200218564,65.0042739141555,4558.863686671401,,,,1e-06,65.0042739141555,0.2536409412111555,0.932703898066566,7.328373670578003,4535.332164946057,0.0521014543871084,0.052101454741898
137,train,0.5020833332692424,0.9362008392169912,0.4135047196540781,0.2662009374108365,0.2722103496392568,0.4135047171705512,0.5215257490354199,0.1084785111128322,19.3585225074522,0.3593421685759739,0.3593421741839378,4380.756130013415,28.98166589326756,4388.307175884825,,,,1e-06,,0.2511777331431706,0.9331887053546084,59.78666830062866,4380.756463984008,0.0524271573190407,0.0524271571788416
137,val,0.5130952383790698,0.929247532572065,0.4098803046203795,0.2647274846122378,0.329217961146718,0.4098803060395377,0.5148144896541323,0.2034330431904111,44.18584796360561,0.3601021497022538,0.3601021667321523,4672.871837797619,65.93806366693406,4698.407012014678,,,,1e-06,65.93806366693406,0.2541782841795966,0.9323935508728028,7.338822841644287,4672.871750604539,0.0527456828526088,0.0527456828526088
138,train,0.5018481182795699,0.9402615282163824,0.4142305734016562,0.2651678710695236,0.269712927520916,0.4142305736419975,0.5239319200076724,0.1079470652846559,19.448255118503365,0.3591709169008398,0.3591709239508516,4523.531105738814,29.33979675333987,4531.895631424104,,,,1e-06,,0.2514855922550283,0.93306468443204,59.51180362701416,4523.531113245154,0.0523543508463008,0.0523543507061017
138,val,0.5130952383790698,0.9330981969833374,0.4092684459118616,0.26312446026575,0.3306192046120053,0.4092684459118616,0.5151221283844539,0.2060819807506743,43.51088451203846,0.3522956797054836,0.3522956853821164,4581.722266787574,65.32351539248512,4607.193397845644,,,,1e-06,65.32351539248512,0.2546701104868026,0.9324947368531,7.228152513504028,4581.722217378162,0.0524998413664954,0.052499840834311
139,train,0.502116935547962,0.9350431692856614,0.4133456250832927,0.2664703071437856,0.2744458016528878,0.4133456213980592,0.5224257546567148,0.1130118935459083,20.373058513928484,0.3587716074400051,0.3587716128877414,4750.303655891008,29.91342443548223,4756.512362146859,,,,1e-06,,0.2519490363937552,0.9329879841496868,59.19278526306152,4750.303320115612,0.0524713266640901,0.0524713266440617
139,val,0.5130952383790698,0.9307102844828652,0.4081558429059528,0.2640228619178136,0.3355454348382495,0.408155844325111,0.5105376073292324,0.2043704245062101,43.630712418329146,0.3526909422306787,0.3526909606797354,4660.04622686477,65.67340832664853,4688.896457741477,,,,1e-06,65.67340832664853,0.256297027071317,0.9320878045899528,7.262923002243042,4660.0461193266365,0.052491483056829,0.0524914842985925
140,train,0.5020833332692424,0.934957109792258,0.4133477507419483,0.2667807190809199,0.2753917309705929,0.4133477506217777,0.5227452481706296,0.1092258121978531,19.55623962802272,0.3578713901581303,0.3578713960865492,4502.112707486716,29.43048548954789,4509.977453489978,,,,1e-06,,0.2515630621903686,0.9331469564668594,59.452648401260376,4502.112365271456,0.0527109101574908,0.0527109101975476
140,val,0.5130952383790698,0.9277719145729428,0.407903227068129,0.2669277148587363,0.3437972210702442,0.4079032199723379,0.505144252663567,0.2120434265761148,44.15793645949591,0.3481106658776601,0.3481106687159765,4690.541341145833,65.99944169180733,4713.169841974432,,,,1e-06,65.99944169180733,0.2567013012511389,0.932519100961231,7.34054708480835,4690.541271391369,0.0529416558288392,0.0529416561836288
141,train,0.5012096775475369,0.9380510340454756,0.4141350100117345,0.2663375639146374,0.2719473914914234,0.4141350088901417,0.5258158631222223,0.1075227881471316,19.508364018573555,0.357708234139668,0.3577082456760509,4531.086123476746,29.406059536882623,4540.303146208175,,,,1e-06,,0.2518044100493513,0.93296798839364,59.46656250953674,4531.085795166672,0.0528021318217118,0.0528021316815127
141,val,0.5130952383790698,0.9272798015957788,0.4102370001020886,0.2665436147224335,0.3311509702886854,0.410237002940405,0.512755573505447,0.2024708251867975,44.2121882665725,0.3641820663497561,0.3641820777030218,4582.606985909598,65.25173468816848,4604.938080018939,,,,1e-06,65.25173468816848,0.2550514531987054,0.9321123560269674,7.2728941440582275,4582.607055664063,0.0528878244970526,0.0528878239648682
142,train,0.5013104839030132,0.9396101399775474,0.4143459068671349,0.2655148257010726,0.2694523233559824,0.4143459035824703,0.5239208804503563,0.1076409986983704,19.25251328560614,0.3584963871586707,0.3584963924461795,4419.246581128848,28.71518406816708,4426.668183791036,,,,1e-06,,0.2514509054762061,0.9331289760528072,59.44494485855103,4419.246574976111,0.0523583726777184,0.0523583723772918
142,val,0.5130952383790698,0.9250637150946116,0.408284197251002,0.2677232062532788,0.3445012172063191,0.4082842029276348,0.5049007357585997,0.2065699927154041,43.89361572265625,0.3540919096696944,0.3540919210229601,4671.919727143787,65.85859662010556,4696.046830610795,,,,1e-06,65.85859662010556,0.2569600180501029,0.9319389462471008,7.161643028259277,4671.919817243303,0.0523020758160523,0.0523020765256314
143,train,0.5012768817845211,0.937216747031417,0.4142308085355707,0.2670102263650586,0.2737761478750936,0.4142308088560258,0.5214115458150064,0.1069493472816482,18.953688580502742,0.3573657221371127,0.357365729347352,4547.715955672726,28.586424463538712,4555.9774804523095,,,,1e-06,,0.2520046935126345,0.9330734242034214,59.65235733985901,4547.71561731318,0.0526105068543905,0.0526105069945896
143,val,0.5130952383790698,0.9191578569866362,0.4068114771729424,0.2688157444908505,0.3520411678722926,0.4068114771729424,0.499441446292968,0.211306475457691,44.146463484991166,0.3333452500048138,0.3333452471664974,4622.259469168527,65.47396668933686,4651.261255622632,,,,1e-06,65.47396668933686,0.2589726824136007,0.9319872657457988,7.269350290298462,4622.259486607143,0.0542314125313645,0.0542314121765749
144,train,0.5019153225165541,0.9324211928472724,0.4131479082649113,0.2673841569051948,0.278462967805324,0.4131479077842286,0.5169739863805233,0.1079086626489316,19.59090208238171,0.3571400559076699,0.3571400643997295,4462.8553672708495,29.7848124606635,4471.4578350028605,,,,1e-06,,0.2520099017889269,0.9330009363030874,59.49325966835022,4462.855369034633,0.0524271303407287,0.0524271299802167
144,val,0.5130952383790698,0.932797202042171,0.4096893937814803,0.2637466092904408,0.3277411446684882,0.409689398038955,0.5150897623527617,0.2036748854886917,43.11486444019136,0.3490961534636361,0.3490961761701674,4461.089890252976,64.38146518525623,4488.818585759943,,,,1e-06,64.38146518525623,0.2544629737025216,0.9329482203438167,7.145730018615723,4461.08984375,0.0522827726034891,0.0522827720713047
145,train,0.5014448925372093,0.9367680527189728,0.4140778514005804,0.2670201757742512,0.2767558583328801,0.4140778475551195,0.5227903863114696,0.1087551527125861,19.53794014838434,0.3565048487276159,0.356504857379903,4555.634603151711,29.62368811843216,4556.085379387955,,,,1e-06,,0.2522168878105379,0.9330045702636884,60.21635842323303,4555.634599870251,0.0525277325062341,0.052527732726547
145,val,0.5130952383790698,0.943892513002668,0.4081097869645981,0.2585190882285436,0.3220481056542623,0.4081097954795474,0.5189351269177028,0.2033703479738462,43.564488093058266,0.3507437195096697,0.3507437109947204,4539.519368489583,64.96833210899716,4567.438648200758,,,,1e-06,64.96833210899716,0.2564281473557154,0.9320935010910034,7.186053991317749,4539.519446963355,0.0518516268403757,0.051851625776007
146,train,0.5011424731503251,0.93475488004505,0.4137949055481341,0.267424423848429,0.2768023401018112,0.413794904907224,0.5218393451343941,0.1081541515886783,19.712360566662205,0.3565231792388423,0.3565231858081715,4411.91408054803,29.21571741821945,4419.778239261101,,,,1e-06,,0.2521045781591887,0.9330111094700392,59.49332571029663,4411.91408218876,0.0525859046567191,0.0525859049170888
146,val,0.5130952383790698,0.9187579892930532,0.4073037732215154,0.2683119525512059,0.3463350562822251,0.4073037760598318,0.5019563479082925,0.2068095576195489,43.74678475516183,0.3450041441690354,0.3450041470073518,4546.059317452567,65.03772417704265,4568.578401692708,,,,1e-06,65.03772417704265,0.2576409528652827,0.9319011285191492,7.414579153060913,4546.059227353051,0.053232836404017,0.0532328362266222
147,train,0.5015456990529132,0.935029998421669,0.4135868510091177,0.2673457958685454,0.2780217679758225,0.413586851249459,0.519643260346305,0.1058470883596968,19.265887644983103,0.3559455966116279,0.3559456083082383,4517.830911041588,29.09444337250084,4525.9223416209625,,,,1e-06,,0.2520061651224731,0.9329082667827606,59.4040732383728,4517.830563329881,0.0524655919401876,0.0524655916998463
147,val,0.5130952383790698,0.930353615965162,0.4091875354448954,0.2639359583457311,0.3306974314507984,0.4091875354448954,0.5135753396011534,0.2035147537078176,43.50241379510789,0.3411693899404435,0.3411694012937091,4503.6681722005205,64.67175501868839,4526.061092862216,,,,1e-06,64.67175501868839,0.2559106626680919,0.9324119062650772,7.361035346984863,4503.6682361421135,0.0523599680690538,0.0523599673594747
148,train,0.5013104839030132,0.933731076537922,0.413484097408351,0.26754225245727,0.2778743518296108,0.4134840966873271,0.5195408027659181,0.1067016572761599,19.116614280208463,0.3565387115363151,0.3565387157022312,4372.360871181693,28.68892773761544,4378.801798009391,,,,1e-06,,0.2517703604153407,0.9331374687533224,60.3868682384491,4372.360871386784,0.0523740292917336,0.0523740290513923
148,val,0.5130952383790698,0.9157947841144743,0.4070846849963778,0.2707899950799488,0.356475932257516,0.4070846878346942,0.4971444784175782,0.2076293609681583,44.060357048397975,0.3344896932442983,0.3344897031784057,4719.631574358259,66.07803989592053,4748.125176077178,,,,1e-06,66.07803989592053,0.2588837089992705,0.932152563617343,7.223697423934936,4719.631722586496,0.0538529232144355,0.0538529226822512
149,train,0.5015120967741935,0.9341948745391702,0.4132068207267151,0.267533386506701,0.2777941267817251,0.4132068208068288,0.5194316118635157,0.1057423709501182,19.1260665078317,0.3561142170301047,0.3561142234392063,4301.526535321307,28.49800361612792,4309.763156199857,,,,1e-06,,0.2522985800620048,0.9328070994346372,59.96435451507568,4301.526527732931,0.052560156892224,0.0525601567520249
149,val,0.5130952383790698,0.91707904565902,0.4088711383796873,0.2706154187520345,0.3455253626619066,0.4088711327030545,0.5027470730599903,0.202260645372527,43.75423140752884,0.3531496936366671,0.3531497120857239,4554.553562709263,65.05559013003395,4579.303157552084,,,,1e-06,65.05559013003395,0.2558515604053225,0.9324011916205996,7.298873662948608,4554.553481329055,0.0536423013323829,0.0536423031063306
150,train,0.5016801075268817,0.930653319563917,0.4130418900680798,0.268584663428927,0.2839548568571767,0.4130418913499001,0.5173776311980139,0.1084323692065413,19.750586812214184,0.3559908216358513,0.355990826602905,4422.464697314847,29.5638681791162,4430.765339450001,,,,1e-06,,0.2522549746978667,0.9329015535693016,59.902358055114746,4422.464367117933,0.0526512896301605,0.052651289610132
150,val,0.5130952383790698,0.9245759617714656,0.4091902616478148,0.2664505207822436,0.3359112838904063,0.4091902644861312,0.5100013131187076,0.204443002740542,44.03942407880511,0.3485836982727051,0.3485837082068125,4610.68211437407,65.29737390790667,4638.151629083807,,,,1e-06,65.29737390790667,0.2551984843753633,0.9324765858196076,7.615370750427246,4610.682041713169,0.0530412069388798,0.0530412074710641
150,val_periodic_epoch_150,0.5130952383790698,0.9245759617714656,0.4091902616478148,0.2664505207822436,0.3359112838904063,0.4091902644861312,0.5100013131187076,0.204443002740542,44.03942407880511,0.3485836982727051,0.3485837082068125,4610.68211437407,65.29737390790667,4638.151629083807,,,,1e-06,,0.2551984843753633,0.9324765858196076,6.925751447677612,4610.682041713169,0.0530412069388798,0.0530412074710641
151,train,0.5016801075268817,0.9315815409345012,0.4132577314652422,0.2689602243643935,0.28340279551283,0.4132577310646734,0.5202308269518037,0.1072040432363107,19.552587483518867,0.3554169457125407,0.35541695292278,4381.167901603125,29.100506562058644,4389.073357599432,,,,1e-06,,0.2528228938419332,0.9329154263901456,60.661195516586304,4381.167887697938,0.0528127029938723,0.052812702753531
151,val,0.5130952383790698,0.9247495673951648,0.4090423896199181,0.2663371499095644,0.3357218794879459,0.4090423811049688,0.5098150869210561,0.20274532692773,43.645046052478605,0.3526815672715505,0.3526815686907087,4533.633155459449,64.91912124270485,4558.384348366477,,,,1e-06,64.91912124270485,0.2561843224934169,0.9321019649505616,7.381950378417969,4533.633190336682,0.0523305863496803,0.0523305854627064
152,train,0.5012096775475369,0.931786645804682,0.4132063813427443,0.2683434584127959,0.2822831616766991,0.4132063822239958,0.5186755158487828,0.1101723873727424,19.50042183681201,0.3546824429624824,0.3546824464874883,4360.024886920888,29.27681693210397,4367.817886465567,,,,1e-06,,0.2527418862427434,0.9327938614353056,60.26965260505676,4360.024879537603,0.0528775378260561,0.052877537866113
152,val,0.5130952383790698,0.9024782890365236,0.4069960841110774,0.276889131182716,0.3675216904708317,0.4069960841110774,0.488738001812072,0.2093985116197949,45.34651311238607,0.3482728203137715,0.3482728274095626,4902.4477132161455,67.21278163364956,4933.210301254735,,,,1e-06,67.21278163364956,0.2574264087847301,0.931984061286563,7.426097393035889,4902.4476318359375,0.0537995257902713,0.0537995268546399
153,train,0.5014448925372093,0.9322324146827062,0.413510587747379,0.2687278827351908,0.2818423574489931,0.4135105875871515,0.5198157873525414,0.1030782867343195,19.420475975159675,0.3545542870477963,0.3545542932966704,4629.957076288039,29.063997304567728,4638.2757282295615,,,,1e-06,,0.2526388451937706,0.9328144753492008,59.30581068992615,4629.95775489397,0.0528689695982843,0.0528689691977154
153,val,0.5130952383790698,0.9239391060102552,0.4075439274311065,0.2658975706213996,0.3419530746482667,0.4075439274311065,0.5063348298981076,0.2058932547058378,43.6406071072533,0.3388803828330267,0.3388803885096595,4536.94239734468,64.92313412257603,4559.136869673295,,,,1e-06,64.92313412257603,0.2577771899246034,0.9321351306779044,7.433597087860107,4536.94239734468,0.0533908756361121,0.0533908768778755
154,train,0.5014448925372093,0.9297794539441344,0.4128910984082888,0.2689046153137761,0.2848348382820365,0.4128910956043069,0.5168193682867993,0.1047128063816857,19.51835766658988,0.3552319035735181,0.3552319117451227,4455.1222824588895,29.27396690717308,4460.666691080729,,,,1e-06,,0.2528570803903764,0.9326779640490008,61.072675704956055,4455.122281638525,0.0525209617310313,0.0525209618311735
154,val,0.5130952383790698,0.9145255656469437,0.4075488164311364,0.2703130961883636,0.3501459502038501,0.4075488135928199,0.4997182126556124,0.2050646724445479,43.654863357543945,0.3486914067041306,0.3486914152190798,4584.756597609747,65.25121007646833,4611.939521188447,,,,1e-06,65.25121007646833,0.2558360596497853,0.9324302162442888,7.305804252624512,4584.756475539434,0.0527368340463865,0.0527368340463865
155,train,0.5018481182795699,0.927644432231944,0.4123561141952391,0.269333794472679,0.2884383997929993,0.4123561133941014,0.5146232715617585,0.1066465762553997,18.83167418100501,0.3550317731275353,0.3550317772934513,4491.27710463411,28.38243616524563,4499.838788026752,,,,1e-06,,0.2526460745001352,0.9329510135676272,59.68346619606018,4491.27676990468,0.0526291865214545,0.0526291860407719
155,val,0.5130952383790698,0.9254401865459624,0.4087150664556594,0.2664597495680764,0.3387490993454343,0.4087150607790266,0.5082579177050364,0.2060672140547207,44.01298077901205,0.3435141302290417,0.3435141373248327,4588.152143205915,65.26421465192523,4611.190539180871,,,,1e-06,65.26421465192523,0.2577489359038217,0.9318404084160214,7.178823947906494,4588.152227492559,0.0523045598751022,0.0523045596977074
156,train,0.5016801075268817,0.9295216917350728,0.4126013118413187,0.2693048877421246,0.2871870271941667,0.4126013104793846,0.5163642976392981,0.1047799765102324,19.271196701193368,0.3532293531843411,0.3532293615161732,4412.499316759007,29.09459700635685,4421.415616759226,,,,1e-06,,0.2531204404689932,0.9329607499543056,59.44871830940247,4412.49965659521,0.0529770078838512,0.0529770075433677
156,val,0.5130952383790698,0.9226142764091492,0.408031709137417,0.2669923993803206,0.3415388663609822,0.4080317119757334,0.5060773094495138,0.2064479759761265,43.91687892732166,0.3442949070816948,0.3442949155966441,4588.31446765718,65.40210097176688,4612.024852035985,,,,1e-06,65.40210097176688,0.2560870725484121,0.9324045692171368,7.256270885467529,4588.314447312128,0.0519661420867556,0.0519661417319661
157,train,0.5015120967741935,0.9278711207130904,0.4124673457555873,0.2689929988275292,0.2871998631826011,0.4124673445538808,0.517590248576736,0.1064722454876348,19.82775229279713,0.3534676950144511,0.3534677038269658,4379.797251055317,29.405871129805043,4386.237728070089,,,,1e-06,,0.2535981753821014,0.932682587254432,60.14612865447998,4379.797234565981,0.0527296021019899,0.0527296017014211
157,val,0.5130952383790698,0.9252277641069322,0.4081204079446338,0.2656513452529907,0.3370965449582963,0.408120409363792,0.5080981737091428,0.2028248256870678,43.38158453078497,0.3405607285953703,0.340560739948636,4493.919041224888,64.58772359575543,4515.973554391572,,,,1e-06,64.58772359575543,0.25701671342055,0.931974342891148,7.339236736297607,4493.919183640253,0.0526144774187178,0.0526144768865335
158,train,0.5022513440219305,0.9269213548270604,0.4118735526678382,0.2691454911424267,0.2877607471359673,0.4118735513860179,0.5124350557083724,0.1044514962341836,19.216382636818835,0.3542163621994756,0.3542163668460743,4300.888586392966,28.50816330858456,4309.143125550755,,,,1e-06,,0.2533975520762064,0.93285079925291,59.68713235855103,4300.888583439652,0.0525979999733227,0.0525979999332658
158,val,0.5130952383790698,0.9205057479086376,0.407958094562803,0.2678261051575343,0.3419862886269887,0.4079580917244866,0.5044244151739847,0.2027515726430075,43.51805950346447,0.3517988537039075,0.3517988551230657,4509.780799502418,64.75218300592331,4527.384556995738,,,,1e-06,64.75218300592331,0.2571886096681867,0.9318825318699792,7.198596477508545,4509.780816941035,0.0521556428145794,0.0521556429919742
159,train,0.501108871031833,0.9238763621417424,0.4119219644976559,0.2708827729026477,0.2952348522601589,0.4119219647379972,0.5107750169512245,0.1055924923669907,19.446606892411427,0.3532998896734688,0.3532998957621154,4395.046977381552,29.21314666604483,4402.91706995081,,,,1e-06,,0.2534655240434472,0.932737071667948,59.75541687011719,4395.04665161461,0.0529094657670426,0.052909465787071
159,val,0.5130952383790698,0.917208228792463,0.4062897477831159,0.2684930421057201,0.3504567004385449,0.4062897520405905,0.4993508451041721,0.2039545121647062,43.74313699631464,0.3428057261875697,0.3428057304450443,4593.470973423549,65.34542828514462,4623.172668087122,,,,1e-06,65.34542828514462,0.2569387533835002,0.932102280003684,7.4721715450286865,4593.470886230469,0.052196901114214,0.0521969009368192
160,train,0.5014784946557014,0.9235737211601708,0.4117880333014714,0.2709965440695003,0.2950247027060037,0.4117880336219264,0.5089816843630165,0.1081384870433999,19.206731534773304,0.3531306110402589,0.3531306168084503,4320.652135295252,28.45120253101472,4328.7430155847205,,,,1e-06,,0.2538407326385539,0.9325722491228452,59.84745597839356,4320.651467682213,0.0527812470631894,0.0527812470631894
160,val,0.5130952383790698,0.8961027009146554,0.4044506407919384,0.2777051961138135,0.379974365234375,0.404450645049413,0.4808791762306577,0.2081055616339047,44.71612158275786,0.3333050338994889,0.3333050310611725,4730.766700381324,66.37163743518647,4758.546787701231,,,,1e-06,66.37163743518647,0.2584364832866759,0.9322204419544764,7.226959943771362,4730.766828264509,0.0535492348883833,0.0535492361301467
161,train,0.5013440860215054,0.9235168153880744,0.4118086627574377,0.2711520646848986,0.2960176506350117,0.4118086622767551,0.5118562759410951,0.1031541581596097,19.21429932502008,0.3531850542752973,0.3531850632480395,4475.32474665488,29.17792796575895,4483.712459227693,,,,1e-06,,0.2539894194692694,0.9325759744131435,60.134645223617554,4475.325072626913,0.0528667436171603,0.0528667432366199
161,val,0.5130952383790698,0.90894254332497,0.4042879555906568,0.2710182453904833,0.3648388996010735,0.4042879626864478,0.4902998946961902,0.2073754735645793,44.123021216619584,0.3354541957378387,0.3354542070911044,4728.787019275484,66.14908627101353,4755.350841915246,,,,1e-06,66.14908627101353,0.2600509098597935,0.9313704995881944,7.332028150558472,4728.786972772507,0.0530701361241794,0.053070136478969
162,train,0.5011424731503251,0.9243147783381964,0.4117485488294273,0.2703442429342577,0.2940578380579589,0.4117485490697686,0.5094977344876976,0.1081041601957172,19.41292052115164,0.3526005768968213,0.3526005845877432,4630.523503703455,28.79346974690755,4639.028622570102,,,,1e-06,,0.2537266657717766,0.9326099676470604,59.24490213394165,4630.523509363974,0.052804673631345,0.0528046733509468
162,val,0.5130952383790698,0.9255894621213278,0.4075130451293218,0.2656620066790354,0.3415354461896987,0.4075130451293218,0.5066271608784085,0.2047549266190756,43.50417019072033,0.341207735595249,0.3412077441101983,4554.654026576451,64.97864396231515,4578.809928385416,,,,1e-06,64.97864396231515,0.2569877122129713,0.9325389464696248,7.374138116836548,4554.65410795666,0.0528084087584699,0.0528084087584699
163,train,0.5012768817845211,0.9243089042363628,0.4117453362672559,0.2704877947927803,0.2950095518301892,0.4117453341041842,0.5106043359765442,0.1050591161374443,18.72901059735205,0.3519266693181889,0.3519266766886557,4343.341150673487,28.091900328154203,4351.59770635226,,,,1e-06,,0.2537503526095421,0.9326813035113836,60.01349306106568,4343.341494652533,0.0527028515934944,0.0527028514532953
163,val,0.5130952383790698,0.9123065216200692,0.4075027448790414,0.2718524407772791,0.3540447453657786,0.4075027434598832,0.4974929591019948,0.2057881117576644,44.27810832432338,0.3414303603626433,0.3414303617818015,4650.842596144903,65.69692657107399,4677.582217684659,,,,1e-06,65.69692657107399,0.2568672696749369,0.932222434452602,7.37773585319519,4650.842651367188,0.0531186447257087,0.0531186450804982
164,train,0.5020161290322581,0.9218981588079084,0.4113653272550593,0.2706543264850493,0.2956255171247708,0.411365327014718,0.5110316271743467,0.1049118500843804,18.91148760498211,0.352513222444442,0.3525132322183219,4302.511743853169,28.088289732574136,4310.013800439288,,,,1e-06,,0.2537219713452042,0.9326447190776948,60.28806710243225,4302.5117362647925,0.0526893063578554,0.0526893064379692
164,val,0.5130952383790698,0.915412357875279,0.4068358639876048,0.2688475939489546,0.3481931743167695,0.4068358611492884,0.5003326237201691,0.2045088275557472,43.55699003310431,0.343267057623182,0.3432670746530805,4547.549810500372,64.995118640718,4569.507037168561,,,,1e-06,64.995118640718,0.2568101897126152,0.932232297602154,7.2778284549713135,4547.5500255766365,0.0519594892504669,0.0519594885408878
165,train,0.501982526913766,0.9215499577663278,0.4111301294898474,0.2712290143614174,0.2999159068029414,0.4111301270063205,0.5088489706958493,0.1076363037510584,18.89927315455611,0.3525181963879575,0.3525182034379692,4437.059545250349,28.42189035620741,4445.290192760121,,,,1e-06,,0.2538312935540753,0.9325992529110242,59.55262351036072,4437.059202255741,0.0527176463435734,0.0527176463435734
165,val,0.5130952383790698,0.920908340385982,0.4076240488461086,0.2666887562899362,0.3408240136646089,0.4076240531035832,0.5058529859497434,0.2042041747342972,43.77206629798526,0.354537322407677,0.3545373238268353,4568.964204334077,65.10305831545875,4594.074957090435,,,,1e-06,65.10305831545875,0.255492423971494,0.9324727995055062,7.174360990524292,4568.964160737537,0.0520099619669573,0.0520099621443521
166,train,0.5014784946557014,0.9223600199786566,0.4111938756960694,0.2710317922856218,0.2992860098840088,0.4111938744943629,0.5083169576221256,0.1042606718237361,18.940724190845284,0.3531766099634991,0.3531766195771514,4509.538113624819,28.324546003854405,4518.285749873408,,,,1e-06,,0.2538614906771209,0.9326513544205696,60.06812524795532,4509.538445093299,0.0526727935679817,0.052672793808323
166,val,0.5130952383790698,0.9092483690806796,0.4064387012095678,0.2713882277409236,0.3550458763326917,0.4064387012095678,0.4958450027874538,0.2042769786147844,44.18300319853283,0.3515641150020417,0.3515641277744656,4614.482831682478,65.37622451782227,4640.966844223485,,,,1e-06,65.37622451782227,0.258097720288095,0.9315546069826398,7.282110214233398,4614.482883998326,0.052910876948209,0.0529108767708142
167,train,0.5024193547746186,0.9187170098866184,0.4102399257081811,0.2712338358484288,0.300962841879296,0.4102399277110253,0.5057349136119248,0.1074098152138533,18.779265911348404,0.3528875324033921,0.352887540094314,4457.97369938512,28.5037958698888,4466.11226486052,,,,1e-06,,0.2538830098766153,0.9326455371995126,60.19996523857117,4457.974038359939,0.052800854888334,0.0528008551286753
167,val,0.5130952383790698,0.9108771369570776,0.4065357673735845,0.2710739764429274,0.3567658109324319,0.4065357631161099,0.4962421031225295,0.2047367546529997,43.75200907389323,0.3410554230213165,0.3410554244404747,4606.243905203683,65.35274196806408,4631.770040246212,,,,1e-06,65.35274196806408,0.2579627831776936,0.931902167342958,7.296551942825317,4606.243931361607,0.0528375499305271,0.0528375495757375
168,train,0.5016465054083896,0.9213191033691488,0.4110527719941831,0.2713527008891105,0.3004868114667554,0.4110527691100874,0.5118512181184625,0.1062055405589842,19.689077823392807,0.3512237450127961,0.3512237507809875,4279.64686153781,29.3083579873526,4287.077176180753,,,,1e-06,,0.2542951489167829,0.932614214317773,60.10215544700623,4279.647211177375,0.0530051926291117,0.0530051927492823
168,val,0.5130952383790698,0.9180137770516532,0.4041693040302822,0.2688046268054417,0.3595568708011082,0.4041693026111239,0.4930256931554703,0.2085519088875679,43.95679873511905,0.3366496236551375,0.3366496208168211,4576.059625534785,65.07387987772624,4603.204940518466,,,,1e-06,65.07387987772624,0.2604092941397712,0.931769623642876,7.472107887268066,4576.059547061012,0.0540118740782851,0.0540118735461008
169,train,0.5021841397849462,0.9167434352059518,0.4098351396700387,0.2714422043933663,0.3040418108144114,0.4098351379075358,0.5044765425946123,0.1040985278424716,18.41202772817304,0.351768194187072,0.3517681996348084,4149.73663051154,27.836893594393167,4157.928250286474,,,,1e-06,,0.2540324351960613,0.9326474980641436,59.72481656074524,4149.736629773212,0.0526067357390157,0.0526067352583331
169,val,0.5130952383790698,0.9079169971602304,0.4055500158241817,0.2714358468850453,0.358160464536576,0.4055500186624981,0.4932155644609814,0.2052395237343652,43.989593233381,0.3491600751876831,0.3491600851217906,4600.271461123512,65.26966440109979,4622.291534978694,,,,1e-06,65.26966440109979,0.2570468471163795,0.9320309644653684,7.200946569442749,4600.27144077846,0.052313787064382,0.0523137877739611
170,train,0.5016465054083896,0.9183426350755716,0.4106620820139044,0.2722143115856314,0.3044956501933836,0.4106620815332218,0.5068293780448937,0.1076923636218873,19.36803553694038,0.3502697018525934,0.3502697095435153,4252.662384279312,28.79512079813147,4261.076698544692,,,,1e-06,,0.2541633451017,0.932659310999737,59.27085471153259,4252.662391539543,0.0528416162737274,0.0528416162336705
170,val,0.5130952383790698,0.9045387847082956,0.4055985112984975,0.2732951832669122,0.3629356040841057,0.4055985070410229,0.4904696125359762,0.2067653224581764,44.027162915184384,0.334463153566633,0.3344631620815822,4537.287216913132,64.99180157979329,4561.354603160511,,,,1e-06,64.99180157979329,0.2577973944800241,0.9319745103518168,7.33252477645874,4537.287184942336,0.0528357585980778,0.0528357587754726
171,train,0.5020497313109777,0.917502618925546,0.4100631344863163,0.2714252204343836,0.3034042518145294,0.410063136328933,0.5046174447703106,0.1052767692874836,18.812523098402124,0.3508953365587419,0.3508953460121667,4496.882372292139,27.90545848108107,4501.946670563052,,,,1e-06,,0.2541707711674834,0.9325299041886485,60.566893339157104,4496.882706919024,0.0524389474021811,0.0524389473220673
171,val,0.5130952383790698,0.9068333222752526,0.4057965690181369,0.2721249241204488,0.3592074350232169,0.4057965746947697,0.4930437590394701,0.2063801622106915,44.40845825558617,0.3425958255926768,0.3425958383651006,4672.867887951079,65.81702695574079,4697.461450935132,,,,1e-06,65.81702695574079,0.2580173036881855,0.9317073708488828,7.210793972015381,4672.867908296131,0.0531556675476687,0.0531556679024582
172,train,0.5017137098056014,0.916172389862358,0.410035747914545,0.2725650410979024,0.3063814543107504,0.4100357481548863,0.5037149059115559,0.1049518551156726,19.33816300669024,0.3500982364339213,0.3500982434839331,4241.4198112897975,28.453016834874308,4248.865281846788,,,,1e-06,,0.2543004901819332,0.9325102580490932,60.01518678665161,4241.419803004111,0.0525796100777644,0.0525796099976506
172,val,0.5130952383790698,0.9128425802503314,0.4063984680743444,0.2690006884790602,0.3491711048852829,0.4063984666551862,0.4993465429260617,0.2036641836166381,43.86137099493118,0.3400489333130064,0.3400489432471139,4532.775684175037,64.90617343357631,4556.100414299242,,,,1e-06,64.90617343357631,0.2573549577168056,0.9319992718242464,7.259787559509277,4532.775599888393,0.0533197834378197,0.0533197837926092
173,train,0.5024193547746186,0.9131189062390276,0.4093033111383838,0.2728136116939206,0.3089242210631729,0.4093033092156533,0.5011486251668263,0.1039186292277869,18.569015800312,0.3495762207174814,0.3495762296902236,4047.8509539532406,27.71384981114377,4055.040964988426,,,,1e-06,,0.254616805462427,0.9324428266094577,60.138665199279785,4047.8509539532406,0.0527474785684257,0.0527474783481128
173,val,0.5130952383790698,0.9055070820308868,0.405119674546378,0.2728737081800188,0.3642219872701736,0.405119674546378,0.489875254886491,0.2063978608875047,43.87147903442383,0.3367220163345337,0.3367220234303247,4651.397989908855,65.47980235871815,4678.005903764205,,,,1e-06,65.47980235871815,0.2583243733360654,0.9321791501272292,7.286256790161133,4651.398114885603,0.0531093181953543,0.05310931766317
174,train,0.5014784946557014,0.9182809036906048,0.4100150560499519,0.2730884272404896,0.309509386298477,0.4100150554891555,0.5062668127037825,0.1073514436601951,19.157016487531763,0.3487214441260984,0.3487214553420261,4331.601503290156,28.78603219985962,4339.946488382358,,,,1e-06,,0.2545308631754691,0.9325307200672804,59.56367087364197,4331.601834081835,0.0529801388902048,0.0529801389302617
174,val,0.5130952383790698,0.9016687784876142,0.4032298581940787,0.2733830830880573,0.3735636529468354,0.4032298596132369,0.4844377487897873,0.2092189277921404,44.29078919546945,0.3322392233780452,0.3322392276355198,4722.111592610677,66.1414594196138,4749.565586529356,,,,1e-06,66.1414594196138,0.259004281390281,0.9320168182963416,7.24830961227417,4722.111735026042,0.0530044475481623,0.0530044473707675
175,train,0.501982526913766,0.9165143423503443,0.4098895256237317,0.2721950558404769,0.307228766221513,0.4098895259441868,0.5046617723600839,0.1070677658082336,18.62639252344768,0.3479936957679769,0.347993704420264,4213.833477348409,27.73483036410424,4221.836473109184,,,,1e-06,,0.2546148924257165,0.9323555666913268,59.87911653518677,4213.833815338791,0.0528123129199269,0.0528123124793011
175,val,0.5130952383790698,0.9091434138161796,0.4055761439459664,0.2712395482120059,0.3580579062302907,0.4055761453651246,0.4935025111550376,0.2039244983877454,43.63820430210659,0.3390702378182184,0.3390702505906423,4600.1965099516365,65.2675272623698,4626.845888080019,,,,1e-06,65.2675272623698,0.2583855539560318,0.9318631603604272,7.3425209522247314,4600.196472167969,0.0522531801391215,0.052253179784332
176,train,0.5018817205582896,0.914923531714306,0.4097622971861593,0.2726322784218737,0.3077970650247348,0.4097622949429738,0.5014540090836505,0.1048881227290758,18.78313393746653,0.3485878648296479,0.3485878689955639,4234.945814399309,28.103660721932687,4243.295702898944,,,,1e-06,,0.2545668820860565,0.9325626937932866,59.468177318573,4234.945491093461,0.0528560131587969,0.0528560130786831
176,val,0.5130952383790698,0.9067067844527108,0.4061600310461862,0.272078037971542,0.355185805332093,0.4061600296270279,0.4943757745481673,0.2028878746288163,43.56809534345354,0.3458411863871983,0.3458411863871983,4540.67949858166,64.92195647103446,4568.806806344697,,,,1e-06,64.92195647103446,0.2571479181448619,0.9321178424926032,7.226765632629394,4540.679489862351,0.0537545076083569,0.0537545072535673
177,train,0.5014112903386034,0.91333416280567,0.409527912735939,0.2737144252625845,0.313843857777375,0.4095279107330948,0.4999813335316797,0.1046917629177852,19.41068412411597,0.347817866071578,0.3478178737624999,4536.634621076686,29.118495920652983,4540.09066811507,,,,1e-06,,0.2556035231838944,0.9323003782380012,59.66242742538452,4536.634290797736,0.0532417344430121,0.0532417345231258
177,val,0.5130952383790698,0.907304945446196,0.4052326792762393,0.2725094627766382,0.3626826206843058,0.4052326835337139,0.4906583392903918,0.2047714158183052,43.73398680914016,0.3342318265211014,0.334231823682785,4578.93132672991,65.04600007193429,4609.438830196496,,,,1e-06,65.04600007193429,0.259878695720718,0.931537736029852,7.292456388473511,4578.931271507627,0.0529194316338925,0.0529194318112872
178,train,0.5020497313109777,0.9156020847699976,0.4096878847928457,0.2722109769300748,0.3091300756380122,0.4096878843121631,0.5025017896006184,0.1055618118574862,19.04378166506368,0.3485410191038603,0.3485410269550097,4408.909483796807,28.842603447616742,4416.8755159012,,,,1e-06,,0.2548997754691749,0.932243566038788,59.37384486198425,4408.909815798524,0.0528706548515186,0.0528706550317746
178,val,0.5130952383790698,0.9009960208620345,0.4040101326647259,0.2729782611131668,0.367202232281367,0.4040101326647259,0.4874170103243419,0.2049394008659181,43.6252391451881,0.3383065291813442,0.338306541953768,4630.353817894345,65.40782447088333,4661.440061257103,,,,1e-06,65.40782447088333,0.2578529460089547,0.9321533129328772,7.3046722412109375,4630.353780110677,0.0532204789065179,0.0532204783743336
179,train,0.5020833332692424,0.9121192278721,0.4089774773806654,0.2735451176281898,0.3131727065129946,0.4089774766596414,0.4999734723680122,0.107028278912748,18.963074484179096,0.3480653915033546,0.3480654007965518,4325.675932074106,28.340804033381964,4333.552636759851,,,,1e-06,,0.2550847672166363,0.932609535032703,61.26802229881287,4325.675934289091,0.053025812851966,0.0530258129120514
179,val,0.5130952383790698,0.9067325279826208,0.4052134652932485,0.2716405306543623,0.3594664675848825,0.4052134610357739,0.4923238058884938,0.2039347553537005,43.44688479105631,0.3353318103722164,0.3353318231446402,4553.536080496652,65.02640497116815,4581.975810842803,,,,1e-06,65.02640497116815,0.2585971894718352,0.9319007879211788,7.253671884536743,4553.535987490699,0.0531263182915392,0.0531263177593549
180,train,0.501982526913766,0.912198915276476,0.4093486391088014,0.2742250173162388,0.3152894029213536,0.4093486386281187,0.4979039137802457,0.1047310300612001,18.674558698490102,0.3476517878232463,0.3476517931107551,4146.231719068302,27.829334669215704,4154.23526716136,,,,1e-06,,0.2553206491534427,0.9324471825553524,60.15582633018494,4146.232387665779,0.0528540165033391,0.0528540164632822
180,val,0.5130952383790698,0.8977857146944318,0.4031019480455489,0.2751244973568689,0.3773028964088076,0.4031019452072325,0.4815228553045363,0.2074537099826903,43.88107009161087,0.3235288971946353,0.3235288986137935,4627.534836542039,65.51760718936012,4658.799690755209,,,,1e-06,65.51760718936012,0.2598977997189476,0.931983212629954,7.342625617980957,4627.534848167783,0.0537672621153649,0.0537672615831806
180,val_periodic_epoch_180,0.5130952383790698,0.8977857146944318,0.4031019480455489,0.2751244973568689,0.3773028964088076,0.4031019452072325,0.4815228553045363,0.2074537099826903,43.88107009161087,0.3235288971946353,0.3235288986137935,4627.534836542039,65.51760718936012,4658.799690755209,,,,1e-06,,0.2598977997189476,0.931983212629954,6.916176080703735,4627.534848167783,0.0537672621153649,0.0537672615831806
181,train,0.5014112903386034,0.9134962542723584,0.4096991625684564,0.2736798457561,0.3123097609608404,0.4096991631292527,0.501236296268881,0.1067977648388634,19.341335040266795,0.3468562215566635,0.3468562289271303,4311.260314100532,28.922886915104364,4312.796160909223,,,,1e-06,,0.2554550767746023,0.9321612209402104,59.764310359954834,4311.260644851192,0.0530871173306818,0.0530871172305396
181,val,0.5130952383790698,0.9016493161519368,0.404287827866418,0.2742847232591538,0.3704524465969631,0.4042878363813673,0.4857592384020487,0.206096599144595,43.564467384701686,0.3274716053690229,0.3274716138839721,4603.203688848586,65.3146614801316,4631.933823094223,,,,1e-06,65.3146614801316,0.2588316833689099,0.9323960230464028,7.2203662395477295,4603.203659784226,0.0532822137077649,0.0532822138851597
182,train,0.5016465054083896,0.9117541598376409,0.4091224325920946,0.2737669943160908,0.3146310434226066,0.4091224313102742,0.497612169272797,0.1032177692539589,18.08242141046832,0.3478788467504645,0.3478788539607038,4364.934703375704,27.507156407961283,4373.672691596959,,,,1e-06,,0.2551571268548248,0.932292374231482,61.05084609985352,4364.934703047557,0.0526767517690376,0.0526767517089523
182,val,0.5130952383790698,0.9113216116314844,0.4052268507934752,0.2705629844041097,0.3581282347440719,0.4052268536317916,0.4936917331956681,0.2053022373999868,43.79707063947405,0.3426405830042703,0.3426405901000613,4656.7692144484745,65.67116038004558,4691.339922170928,,,,1e-06,65.67116038004558,0.2591267923514048,0.9316567863736834,7.400938510894775,4656.769240606399,0.052460105823619,0.0524601067105929
183,train,0.5014448925372093,0.9145902856703728,0.409692436216339,0.2736653859416644,0.3145816665823742,0.4096924361362252,0.5026486725496349,0.1068265656389856,19.374366724362936,0.3464933837293297,0.3464933919009342,4228.304197085801,28.81033900989,4236.208240198206,,,,1e-06,,0.2556122509382104,0.932409724881572,60.06022596359253,4228.303853681011,0.0530575063199766,0.0530575059995215
183,val,0.5130952383790698,0.9004141773496356,0.4045370306287493,0.2745438572906312,0.3693681770846957,0.4045370306287493,0.4862460990746816,0.206208138238816,44.08689053853353,0.3339144473984128,0.3339144587516784,4663.727059500558,65.76338604518345,4693.940297999527,,,,1e-06,65.76338604518345,0.2588476382550739,0.932185519309271,7.269182920455933,4663.727196103051,0.0542733497208073,0.0542733491886229
184,train,0.5015793010912916,0.9108546095830138,0.4092884094965073,0.2743452646399057,0.3162824800738724,0.4092884076538906,0.4993480456772671,0.1022612564065443,18.41479390923695,0.3460726427134647,0.3460726518464345,4141.914657510737,27.493999850365423,4149.743580334596,,,,1e-06,,0.255559403088785,0.932374208845118,60.0737464427948,4141.914656526299,0.0530942249041731,0.053094224763974
184,val,0.5130952383790698,0.8970426065581185,0.4032817965462094,0.275298284632819,0.3769605017843701,0.4032817951270512,0.4818269496872311,0.2066201666990915,44.28754788353329,0.3351812958717346,0.3351813015483674,4734.874331519717,66.3285363515218,4763.759129379735,,,,1e-06,66.3285363515218,0.260698262424696,0.9316841108458382,7.234477758407593,4734.874302455357,0.0535927562131768,0.0535927558583872
185,train,0.5024193547746186,0.911514786142175,0.4087401059686497,0.2736768343596048,0.3155219624600103,0.4087401078913801,0.4980781323887328,0.1037630278577086,18.62404416966182,0.3454009398657788,0.3454009454737427,4221.948895608225,28.08463287866244,4230.119118553701,,,,1e-06,,0.2556816915510803,0.9324734374400108,59.50420260429382,4221.948573779035,0.0530303401211577,0.053030340181243
185,val,0.5130952383790698,0.9077097887084598,0.4052393124217078,0.2718090273085095,0.3601903035527184,0.4052393166791825,0.4920347176847003,0.2047096710829507,43.69145874750046,0.3360361045315152,0.3360361173039391,4574.182227725074,65.22837375459217,4602.702309718276,,,,1e-06,65.22837375459217,0.2592807830799193,0.9319184110278176,7.185885906219482,4574.182297479539,0.053129792923019,0.0531297925682294
186,train,0.5025201612903226,0.909362467867072,0.4085614630772221,0.2746382765071366,0.3198440972996014,0.4085614654005214,0.4977190977222817,0.1053026124474502,18.472072303936045,0.3458617523472796,0.345861761960932,4152.810603070003,28.25096631819202,4159.543959574588,,,,1e-06,,0.2558002727486754,0.9323684111718208,59.520445108413696,4152.810597532539,0.0532810943181155,0.0532810946385706
186,val,0.5130952383790698,0.9050123265811376,0.4045802879901159,0.2722138769569851,0.3641138360613868,0.404580295085907,0.4897631122952416,0.204172174845423,43.57304046267555,0.3358230477287656,0.3358230534053984,4648.667189825149,65.65261622837612,4679.605121034564,,,,1e-06,65.65261622837612,0.2584375802959714,0.93190936815171,7.202677965164185,4648.667250860305,0.0525281189807823,0.0525281191581771
187,train,0.501982526913766,0.9112379882604844,0.4089196763371908,0.2740752430212113,0.3168653909878064,0.4089196749752568,0.4968496243799886,0.1056605352749747,19.03707326868529,0.3448503879449701,0.3448503940336166,4284.117102592222,28.60188191936862,4289.578723350037,,,,1e-06,,0.2557726823674735,0.9323450397419674,59.60367321968079,4284.11677518455,0.0531664934930621,0.0531664936132328
187,val,0.5130952383790698,0.9098391163916816,0.4038393284593309,0.2706373752582641,0.3632152591432844,0.4038393227826981,0.4900292392287935,0.2048968725970813,43.59170641217913,0.3318846850168137,0.3318846949509212,4618.70308140346,65.30730883280437,4649.08066258286,,,,1e-06,65.30730883280437,0.2591605754125686,0.9321180468513852,7.194095849990845,4618.703046526228,0.0536394312623001,0.0536394323266687
188,train,0.5022849463006501,0.9075792037671612,0.4079738769640205,0.2742757253268713,0.3194966490871163,0.4079738762429965,0.4974592582833382,0.1046075831337641,18.564357214076544,0.3453414791053341,0.3453414866360285,4222.506011306598,28.050901653946088,4230.861779610476,,,,1e-06,,0.2562315264536488,0.9321427044048104,59.3569495677948,4222.506003595167,0.0532404601934456,0.0532404602935878
188,val,0.5130952383790698,0.9024777639479864,0.4059487141314007,0.2751882140125547,0.3643722903160822,0.4059487169697171,0.4889434590226128,0.204557736714681,43.91910625639416,0.3463574576945532,0.3463574676286606,4607.946384974888,65.44385692051479,4638.534639855588,,,,1e-06,65.44385692051479,0.2579240344819568,0.932141636099134,7.36048436164856,4607.946353004092,0.0533842582787786,0.053384259520542
189,train,0.5020497313109777,0.9099279276786312,0.4086486208502964,0.2746306227580193,0.3188772256015449,0.4086486190877935,0.4964391628019912,0.106149266884532,18.50430945170823,0.345385546485583,0.3453855541765049,4191.402289482855,27.7456192662639,4198.258640276463,,,,1e-06,,0.2561334124816361,0.932387985529438,60.22721576690674,4191.402287349906,0.0531555052686442,0.0531555054288718
189,val,0.5130952383790698,0.9029560344559806,0.4046102265516917,0.274427313889776,0.37080884263629,0.4046102293900081,0.4863387431417192,0.2076982298777216,44.16207004728771,0.3257063059579758,0.3257063158920833,4671.328790573847,65.89478274754116,4699.286049952651,,,,1e-06,65.89478274754116,0.2601984129065559,0.931777454557873,7.252783298492432,4671.328688848586,0.0533401329247724,0.0533401327473776
190,train,0.5016801075268817,0.9103322613944288,0.4088017344474792,0.2740465936961994,0.317253624399503,0.4088017350883894,0.4988443189731208,0.1020860057324171,18.577750580285183,0.3460747601204021,0.3460747649272283,4308.347344552317,27.608957293213056,4316.587351049559,,,,1e-06,,0.2557095552804649,0.9323755179041175,59.56398153305054,4308.347002070437,0.0532440308641682,0.0532440306638838
190,val,0.5130952383790698,0.9109446321214948,0.4056376346520015,0.2704725258407138,0.3548948083605085,0.4056376360711597,0.4948553357805524,0.2030971422791481,43.18264779590425,0.3350801922026135,0.3350802007175627,4536.061569940476,64.86247752961658,4566.637172999526,,,,1e-06,64.86247752961658,0.2581239796820141,0.932056744893392,7.120136976242065,4536.061630975632,0.0527484926084677,0.0527484924310729
191,train,0.502116935547962,0.912783097195369,0.4094668738543987,0.2746339886579462,0.3167788117162643,0.4094668730933179,0.50088123800934,0.1073276299823035,19.188382605070707,0.3446819698938759,0.344681974380247,4347.956297187395,28.500515168712987,4345.27170623882,,,,1e-06,,0.2565446683476048,0.9323448981008222,59.84373641014099,4347.956290173274,0.0534171914902105,0.0534171914501536
191,val,0.5130952383790698,0.9038758306276232,0.4040417288030897,0.27419328050954,0.3740495783942086,0.4040417302222479,0.4850622287818363,0.2074915092615854,43.98658489045643,0.3275414378870101,0.3275414393061683,4642.050975981213,65.58672923133487,4672.215201822916,,,,1e-06,65.58672923133487,0.2614513181504749,0.9316666069484892,7.246902227401733,4642.050993419829,0.0544621330641564,0.0544621335963408
192,train,0.5014784946557014,0.9099479086937444,0.4086192158922072,0.2750123891458716,0.3225263721680128,0.4086192158922072,0.4999119371416107,0.1036309119394069,18.535930887345344,0.3449955613061946,0.3449955673948411,5490.122393618348,27.9106063688955,5500.464744161997,,,,1e-06,,0.2565573766346901,0.9323265453179678,59.43726944923401,5490.12272947578,0.0533763457650458,0.0533763457850743
192,val,0.5130952383790698,0.9042197494279772,0.4043168567475818,0.2725830702554612,0.3675549853415716,0.4043168524901072,0.4884797441107886,0.2077994474342891,44.475308917817614,0.3287240508056822,0.3287240536439986,4723.778081984747,66.35024179731097,4753.9640625,,,,1e-06,66.35024179731097,0.2606681415012905,0.9316377526237852,7.4129273891448975,4723.778093610491,0.0533831414012681,0.053383140691689
193,train,0.5016129032898975,0.9125805388214768,0.4091563246423198,0.2741364079617684,0.3180684964823466,0.4091563256837988,0.4993882904289871,0.1036628328103532,18.45549460893036,0.3448907276315073,0.3448907338803814,4393.672386825726,27.84989915868288,4399.926473557186,,,,1e-06,,0.2562488218148549,0.932442601649992,61.41145205497742,4393.672383626302,0.0531329250824387,0.0531329250023249
193,val,0.5130952383790698,0.9198388570830937,0.404587610846474,0.2668449623244149,0.3525175508998689,0.4045876023315248,0.4973730522961843,0.2047736055794216,43.44886906941732,0.3475677853538876,0.3475677995454697,4535.766793387277,64.8305269877116,4563.099351917614,,,,1e-06,64.8305269877116,0.2590830091919218,0.9320068189076016,7.16599702835083,4535.7668050130205,0.0535267348445597,0.0535267343123753
194,train,0.501108871031833,0.9105559329512298,0.4090121887944719,0.275007685025533,0.3201990031426953,0.4090121895154958,0.4989903759892269,0.1047634054976765,18.743570314940587,0.3447761115848377,0.3447761181541668,4112.245223178658,27.729955893690867,4119.916609864926,,,,1e-06,,0.2563794187961086,0.9322992588884088,59.2415144443512,4112.245554072882,0.0532569549977779,0.0532569548976357
194,val,0.5130952383790698,0.8997378547986349,0.4046571410837628,0.2745701315857115,0.3687861221177237,0.4046571410837628,0.4867395886353084,0.2049378390823091,43.71637153625488,0.3330678102515992,0.3330678173473903,4589.996890113467,65.36670911879767,4618.497126538826,,,,1e-06,65.36670911879767,0.2589912308113916,0.9321545561154684,7.151248216629028,4589.996965680803,0.0542054460162208,0.0542054456614312
195,train,0.5020497313109777,0.9107590264851048,0.4085680673359543,0.2737745976736468,0.3151183311817466,0.4085680672558405,0.497835019983912,0.1041290204251004,18.19860175348097,0.3452106722260034,0.3452106821601108,4144.508997230119,27.14776873332198,4152.119794872554,,,,1e-06,,0.256130393394219,0.9323605186836694,59.74579930305481,4144.50832797635,0.0529627142854595,0.0529627146459715
195,val,0.5130952383790698,0.9035190514155796,0.4048662256626856,0.2737241486708323,0.3675267384165809,0.4048662242435273,0.4879992852608363,0.2043202342022033,43.324211665562224,0.3330203195412953,0.3330203365711939,4579.611020042783,65.10865347726005,4609.865212180398,,,,1e-06,65.10865347726005,0.2596063237814676,0.932238206976936,7.180108070373535,4579.611066545759,0.0533655855272497,0.0533655857046445
196,train,0.5016801075268817,0.9124829474315848,0.4089472402808486,0.2735124481140926,0.315862048697728,0.4089472410018726,0.4990331391974162,0.1035971402200639,18.359671518366824,0.3454098180737546,0.3454098262453592,4152.392909757553,27.6200436827957,4159.977042643229,,,,1e-06,,0.2560951020768893,0.9323872590577732,59.45629358291626,4152.392567173128,0.0529011010883315,0.052901100928104
196,val,0.5130952383790698,0.905509278887794,0.4052528497718629,0.2732700208822886,0.3633073057447161,0.4052528483527047,0.489434703474953,0.2047157912027268,43.32086590358189,0.3361085128216516,0.3361085199174426,4497.661923363095,64.65093830653599,4522.198514441287,,,,1e-06,64.65093830653599,0.2597833360944475,0.9319456475121636,7.230634927749634,4497.6620367141,0.0530926803393023,0.0530926799845127
197,train,0.502755376279995,0.9091178569742429,0.4083013531341347,0.2749137930491919,0.3206241962409789,0.4083013527335659,0.4996866554182063,0.1034373220416807,18.958516761820803,0.3431471627886577,0.3431471691977593,4143.542375297957,28.040513443690475,4151.127190483941,,,,1e-06,,0.2564032487971808,0.9325217736023728,62.29646706581116,4143.542382353096,0.0536565355035246,0.0536565354634677
197,val,0.5130952383790698,0.901680018220629,0.4046394172168913,0.2744026070549374,0.3678034572374253,0.4046394143785749,0.4864951812085651,0.2065130010956809,43.560403188069664,0.3389649731772287,0.3389649802730197,4543.417686825707,65.05346152895973,4569.274232066761,,,,1e-06,65.05346152895973,0.2589299515599296,0.932056744893392,7.4770121574401855,4543.417782738095,0.0530161252688793,0.0530161254462741
198,train,0.5021505376664541,0.9084817727086364,0.4085040941674222,0.2751228549788075,0.3210972247104491,0.4085040932861707,0.5007083493695464,0.1029215689988866,18.456970599389845,0.3423188463334114,0.3423188529027405,4013.717101353471,27.057161361940445,4021.161638335668,,,,1e-06,,0.2568583895442306,0.932176326551745,65.17187714576721,4013.717102973692,0.0537001611765033,0.0537001616571859
198,val,0.5130952383790698,0.9010226130485536,0.4031925414289747,0.2744069482598986,0.3756973715055556,0.4031925357523419,0.4825999871605918,0.2065795667114712,43.51335988725935,0.3257425129413605,0.3257425214563097,4559.22528657459,64.98002933320545,4586.361832682292,,,,1e-06,64.98002933320545,0.2625113569554828,0.9314915452684674,7.508387565612793,4559.225353422619,0.054334612474555,0.0543346128293446
199,train,0.5023521505376344,0.9126176819685968,0.4085469751428532,0.2743713286935642,0.3199668512228996,0.408546976264446,0.4992008379069708,0.104000671255973,18.79914371428951,0.3430903360087384,0.3430903435394328,4293.490518959619,28.03638136771417,4298.1216480396415,,,,1e-06,,0.2568173100871424,0.9323119107754,64.36185312271118,4293.490523471627,0.0533209951814784,0.0533209953016491
199,val,0.5130952383790698,0.8983155574117389,0.4030639472461882,0.2765243543045861,0.3820241774831499,0.403063952922821,0.4791287197953179,0.2076693170127414,43.70753424508231,0.3261235498246692,0.3261235569204603,4545.290509905134,64.86431466965448,4570.802647076231,,,,1e-06,64.86431466965448,0.2611236096847625,0.9318628651755196,7.685580492019653,4545.29048374721,0.0537761054223492,0.0537761054223492
200,train,0.5023185484191423,0.9101246377473236,0.4086463523487891,0.2744329040569643,0.318922731985328,0.4086463522686753,0.496821413918208,0.1038925149427947,18.48352587607599,0.3431735992111185,0.3431736061009027,4154.5026929711785,27.79386790080737,4161.775194326073,,,,1e-06,,0.2567559067280062,0.9323853001158724,64.71089911460876,4154.502702364358,0.0533677246221291,0.0533677245219868
200,val,0.5130952383790698,0.8969740243185134,0.40356282818885075,0.2766051001492001,0.3805247204644339,0.4035628225122179,0.4804920433532624,0.20520731487444469,43.61901437668573,0.322664893808819,0.32266489948545185,4563.02536156064,65.08069737752278,4587.575068063447,,,,1e-06,65.08069737752278,0.26123731831709546,0.9317579382941836,8.215680837631226,4563.025454566592,0.05442447481410844,0.05442447516889799
