epoch,phase,bucket_acc,bucket_ce,bucket_distance_l1,bucket_entropy,bucket_expectation_l1,bucket_index_l1,bucket_prior_kl,calorie_from_map_l1,calorie_mae,calorie_map,calorie_map_l1,calorie_mse,calorie_rmse,loss,lr,scheduler_metric,segmentation,segmentation_dice,time_sec,total_calories,volume,volume_mae
1,train,0.6285282258064516,0.6035953237805315,0.4333926859081432,0.645800434133058,2.9878829550999466,0.4333926867092809,0.057748516761167,0.8381876381494666,130.02873098722068,0.1596011621977693,0.1596011660832871,35653.20942540323,171.74904160858483,0.6896699277640191,0.0001,,0.6922995060361842,0.6998535221622836,73.36155104637146,0.2609215492122276,0.0741400577288161,0.0741400578089298
1,val,0.5130952383790698,0.6077540133680616,0.3718428115049998,0.5000501346020472,1.732218821843465,0.3718428086666834,0.1335617300300371,0.427320231284414,90.05295599074591,0.2140503788278216,0.21405038805235,14745.029273623511,117.0580789475214,0.4373903391939221,0.0001,117.0580789475214,0.6034798281533378,0.8402287562688192,7.581376791000366,0.1375579601597218,0.0732214984794457,0.0732214984794457
2,train,0.4995967742576394,0.8176119841875569,0.419206153240896,0.3915604247200873,0.8775982037987761,0.4192061515585069,0.3488831980935027,0.4897151532512839,97.1790792813865,0.2302861847384001,0.2302861916281843,23579.266381048383,135.20403792268488,0.5850253992610508,0.0001,,0.5056523752789344,0.8471484978993734,67.26396226882935,0.1687602509333882,0.0517854111930055,0.0517854106322091
2,val,0.5130952383790698,0.8961644002369472,0.4135938797678266,0.3113358645212082,0.5172307803517296,0.413593882606143,0.4415175914764404,0.3745901102111453,76.45272899809338,0.2167742302020391,0.2167742358786719,11055.302408854166,102.06666346958706,0.4665744069850806,0.0001,102.06666346958706,0.4531475859028952,0.8630055047216869,8.1203031539917,0.1066001109069302,0.0505953989923,0.0505953993470895
3,train,0.5002016130314079,0.927215084273328,0.4235216681194562,0.3129915644725163,0.5681411922779135,0.4235216679592286,0.4672668362336774,0.4444384720697197,91.29032231402654,0.2445670152383466,0.2445670194843764,21517.392620127688,125.6994923417286,0.6611217021540761,0.0001,,0.4408458897503473,0.86400132794534,64.5500693321228,0.1510982635300806,0.0512175512129581,0.0512175508524461
3,val,0.5130952383790698,0.880562254360744,0.4124569609051659,0.3159336802505311,0.5521275429498582,0.4124569580668494,0.4332697228306815,0.3629441899912698,90.99773425147649,0.2641772833608445,0.264177293294952,14716.337007068452,118.51500193277997,0.6182714769334504,0.0001,118.51500193277997,0.4465487088475908,0.8683129605792818,7.52368688583374,0.141788544931582,0.0540709648103941,0.0540709658747627
4,train,0.5002016130314079,0.9464680768789784,0.4247019365429878,0.2990950406879507,0.5141613845543195,0.424701937183898,0.4930019425528665,0.4064219554746023,87.95053484106576,0.2456035544314692,0.2456035597990918,20394.12006993448,123.39981148832588,0.7592301045604025,0.0001,,0.4070227956900032,0.8739365704597966,67.42527389526367,0.1444039657031015,0.0510478819450063,0.0510478819249778
4,val,0.5160714288552603,0.7694934606552124,0.3831806239627656,0.3597255604607718,0.8520309811546689,0.3831806211244492,0.3126381664049057,0.4365744434651874,100.15970429920014,0.2268337451276325,0.2268337479659489,17735.349609375,129.26510438464936,0.8276012644623265,0.0001,129.26510438464936,0.4302045064313071,0.8660678977058047,8.186102867126465,0.1676934645289466,0.0659472332114265,0.0659472328566369
5,train,0.4997983871288197,0.9575391560792924,0.4230059827527692,0.289959125060548,0.4893021964898673,0.4230059825124279,0.5011967941718076,0.390056982876793,83.76094094143119,0.2597931795703467,0.2597931854186519,19002.1106390184,117.0591653393161,0.8557672818903168,0.0001,,0.3971103815942682,0.8766363535517006,65.22110748291016,0.1311024217716147,0.0513522235416276,0.0513522236818267
5,val,0.5130952383790698,0.9818209125882104,0.4215903594380333,0.2643240009035383,0.3577086684249696,0.4215903636955079,0.5385728897083373,0.3550304749182292,68.47685859316871,0.2649655242760976,0.2649655228569394,9693.724086216518,95.5320429120745,0.766096128839435,0.0001,95.5320429120745,0.3893456004914783,0.8862874734969366,7.688775777816772,0.0920613750460602,0.059635992383673,0.0596359932706469
6,train,0.5002016130314079,0.9608019186604408,0.4234998170086133,0.2865133980108845,0.462981879390696,0.4234998198927089,0.5124887775189133,0.3657304046935932,81.97432327270508,0.2755216290393183,0.2755216336058032,17981.438394525998,113.95296995101435,0.8332280840536561,0.0001,,0.3789809589744896,0.8826768074625282,64.80860733985901,0.1255712289242975,0.0517634104296404,0.0517634105498111
6,val,0.5130952383790698,0.8475759568668547,0.4039202417646135,0.3218167502255666,0.5862951477368673,0.4039202360879807,0.4013484439679554,0.4030965680167788,71.70119894118537,0.277311962275278,0.2773119778860183,9134.365013485864,92.64026896158856,0.8082382039590316,0.0001,92.64026896158856,0.3901894418966202,0.8866767627852303,8.274881362915039,0.089476550973597,0.0563224334092367,0.056322433941421
7,train,0.5002016130314079,0.9517845013128814,0.4215974228516702,0.2867561936058024,0.4631660077520596,0.4215974226113289,0.5050032524972834,0.3622558828323118,80.95960725763793,0.2514009401202202,0.2514009469298906,17839.61491344821,113.31064634425664,0.8279104199072327,0.0001,,0.3604073196008641,0.8899651698527797,63.71056389808655,0.1255991535902183,0.0522625813641214,0.0522625815844343
7,val,0.5130952383790698,0.7560655219214303,0.3996447055112748,0.3901048742589496,0.8318484737759545,0.3996447083495912,0.3091878557489032,0.4262223257904961,119.7215837751116,0.2444350875559307,0.2444350989091964,21929.20484561012,145.7012151082357,0.9869671417005136,0.0001,145.7012151082357,0.3895747264226277,0.8817184766133627,8.002416372299194,0.2043907234356516,0.0659322763482729,0.0659322772352468
8,train,0.4997983871288197,0.94189010400285,0.419353540065468,0.28550071741945,0.4490853294089276,0.4193535410268332,0.5003825728130596,0.3525356938762049,77.2884126991354,0.2475653793863071,0.2475653851544985,16740.127128354965,109.33061739193496,0.8057644422206814,0.0001,,0.3466510048476598,0.8937214439915072,63.55618357658386,0.1162194072779628,0.0517441641579392,0.0517441643982805
8,val,0.5130952383790698,0.9236019934926716,0.4069384520962125,0.2713629369224821,0.3990569540432521,0.4069384520962125,0.4895421777452741,0.2826027387664431,61.12554096040272,0.2418547776483354,0.2418547826153891,7554.532552083333,84.26036198933919,0.7094592061909762,0.0001,84.26036198933919,0.3565747397286551,0.8943321818397159,7.936518669128418,0.0729890790368829,0.0550006642228081,0.0550006644002028
9,train,0.5,0.9499768177347798,0.4208383105935589,0.2842714971592349,0.4425391769537362,0.4208383083503733,0.5049359917800914,0.3389810742710226,75.89322116810789,0.2493235150011636,0.2493235198881036,16497.56805485551,106.90869842037078,0.7973205556371799,0.0001,,0.3403037156789533,0.8937442402044932,63.51235842704773,0.1121999486099167,0.0529141399248312,0.0529141399448597
9,val,0.5130952383790698,0.8592672972452073,0.4070085897332146,0.3136291361990429,0.4969999832766397,0.4070085783799489,0.431184858083725,0.3570562672047388,63.99994586762928,0.2377049717165175,0.237704975264413,7946.939069475447,86.54742050170898,0.7509848818634496,0.0001,86.54742050170898,0.3503944717702411,0.8951531336421058,7.941149711608887,0.0773337102007298,0.0625606392111097,0.0625606388563201
10,train,0.5,0.953252147442551,0.4210032978525725,0.2833849675552819,0.4500904932457913,0.4210032986537103,0.5157318437091445,0.3413867741342514,78.5846611146004,0.2462006251337707,0.2462006284985491,17500.863824003485,111.9055628007458,0.8101594028649507,0.0001,,0.3333896771874479,0.8954300499090584,64.22642660140991,0.1206805101365492,0.0521310041107798,0.0521310040907513
10,val,0.5130952383790698,0.8614119575137184,0.3932546831312634,0.2891090058145069,0.4975381848357972,0.3932546831312634,0.4334349887711661,0.2801206913732347,69.77039464314778,0.2315124230725424,0.2315124280395962,8797.259777250743,91.4253906976609,0.7301660147580233,0.0001,91.4253906976609,0.3472161065964472,0.9006347372418358,8.421393156051636,0.0850222046886171,0.051866472122215,0.0518664712352412
11,train,0.5007728495264566,0.9470139956602486,0.4185815109040147,0.2805222715902072,0.4218803447901562,0.4185815100227633,0.5054764201644287,0.3137001216972387,70.3096188781082,0.2517428391723222,0.2517428438189209,14949.260036017306,99.46149596347604,0.7650572323638583,0.0001,,0.3231287648280461,0.900798330383916,65.31855797767639,0.0983528963400311,0.0522795360214928,0.0522795360415212
11,val,0.5130952383790698,0.9343557414554414,0.407352199157079,0.2590944994063604,0.3615474729310898,0.4073522005762373,0.5128492067257563,0.2591863998344966,60.29613549368722,0.2810602102960859,0.2810602159727187,7226.426339285715,83.07212302798317,0.688943621967778,0.0001,83.07212302798317,0.3261237939198811,0.9056064231055124,8.04616379737854,0.0707694976812317,0.0545407867147808,0.0545407867147808
12,train,0.5012768817845211,0.9424418121255854,0.4174160374909318,0.2820089622050203,0.427300733103547,0.4174160374108181,0.5029354281723499,0.3135499796399506,71.90293812495406,0.2481578542019731,0.2481578585281167,15089.840665427588,101.57700747828328,0.7681804676248569,0.0001,,0.3196972254463421,0.9007138238158278,63.4185996055603,0.1021987625087301,0.0523378080337919,0.0523378078335075
12,val,0.5130952383790698,1.034881469749269,0.4353162703059968,0.2601059760366167,0.3628946251812435,0.435316264629364,0.5802922447522482,0.3285703048819587,69.54949914841424,0.2460952677897044,0.2460952748854955,9026.42853655134,91.79636546543666,0.7712282599824848,0.0001,91.79636546543666,0.3273944145157224,0.9037330462819054,7.9757399559021,0.0873680666443847,0.06078349213515,0.0607834916029657
13,train,0.5003360215053764,0.9450177596781844,0.4179316478711302,0.2785418884408089,0.4044236443856711,0.4179316485120404,0.5071506203022055,0.3000937627368076,65.98219225483555,0.2570261738954051,0.2570261794232553,13913.621217132895,94.12463119465818,0.7444805834831212,0.0001,,0.3137019986426958,0.9026414643051804,65.31849694252014,0.0894873968866323,0.0523734744037351,0.0523734744237635
13,val,0.5130952383790698,0.9424722592035928,0.4094202291397821,0.264374486037663,0.3681240862324124,0.4094202291397821,0.5076652006024406,0.2550742367193812,57.798499697730655,0.2775410271826244,0.2775410371167319,7225.90547688802,80.53785505748931,0.6884002801143762,0.0001,80.53785505748931,0.3069376420407068,0.9095820500737144,8.197737216949463,0.0694471801675501,0.054771496781281,0.0547714960717019
14,train,0.5010752687531133,0.9448224918175768,0.4172284984460441,0.2786889716341931,0.4108299451970285,0.417228498125589,0.5092745984914482,0.3025182937822675,68.28013518548781,0.2562432232242758,0.2562432274703056,14100.321781937791,97.06816121583344,0.751153023194785,0.0001,,0.3048981218248285,0.9043094237004558,67.23489999771118,0.0934871542918425,0.0524298345610018,0.0524298345409734
14,val,0.5130952383790698,0.891120780081976,0.4035852664992923,0.2784702288252966,0.404925164722261,0.4035852707567669,0.4735259711742401,0.262871299471174,55.27948924473354,0.2484857596102215,0.2484857659964334,6001.616455078125,75.26096216837566,0.6789402676351143,0.0001,75.26096216837566,0.3117993502389817,0.90897388117654,8.029932022094727,0.0591974292127859,0.0551810282326879,0.0551810284100827
15,train,0.5006720430107527,0.9440701935560472,0.4171268918341206,0.2756312993425195,0.3900457625427553,0.4171268927954858,0.5121516040576402,0.287325503364686,63.999001554263536,0.2498977954188982,0.2498978004660657,13216.221127089631,91.82831704744729,0.7301028758588464,0.0001,,0.3025838673435231,0.9035601615905762,66.87682318687439,0.0853772878807078,0.0521635947128137,0.0521635946126714
15,val,0.5130952383790698,0.8896853639965966,0.3954651909215109,0.276445244039808,0.4590093408312116,0.3954651852448781,0.4545037356160936,0.2703250355663754,60.48194921584357,0.2648882567882538,0.2648882596265702,7044.148274739583,81.90837496802921,0.7051123705777255,0.0001,81.90837496802921,0.3074635494323003,0.9079281460671198,8.82571530342102,0.069145048658053,0.0608950400991099,0.0608950402765047
16,train,0.5005376345367842,0.9479962830902428,0.4173593655709297,0.275965264167196,0.3883525749207824,0.4173593671732051,0.5100727011800132,0.2845836222091669,63.819783610682336,0.252358801262353,0.2523588064697481,13130.119859264743,91.22958339157924,0.7264833305018518,0.0001,,0.2944234976524947,0.90796620550976,63.6942777633667,0.0831438661803321,0.0521711209408378,0.0521711212012075
16,val,0.5130952383790698,0.9584151194209144,0.4102340227081662,0.2538780222336451,0.3389385243256886,0.4102340184506916,0.524645610224633,0.2635812262694041,58.031891232445126,0.2208104715460822,0.2208104786418733,6659.2063395182295,79.3158206031436,0.6832074602444966,0.0001,79.3158206031436,0.2914381509735471,0.911834600425902,8.11541485786438,0.0651393411237569,0.0551226806072961,0.0551226797203222
17,train,0.5005040322580645,0.9506487828749484,0.4177921021817833,0.2732070339943773,0.3733718451312793,0.4177921041045138,0.5185111310453184,0.267398981677909,61.79520136310208,0.2535045263107105,0.2535045324794708,13025.705010526925,89.27407799997637,0.7134354223707309,0.0001,,0.2906987353037762,0.9092589719321138,65.77678179740906,0.0802562690730537,0.0512101256078289,0.0512101258882271
17,val,0.5130952383790698,0.9458968525841124,0.412039707104365,0.2657709292003086,0.355306999314399,0.4120397113618396,0.5112207546120598,0.2588241575729279,55.95854250590006,0.221422411146618,0.22142241753283,6183.090529668899,76.09068734305245,0.6791760730020928,0.0001,76.09068734305245,0.288749452148165,0.9148286637805756,8.15593409538269,0.061124826293616,0.0600941472110294,0.0600941470336346
18,train,0.5002688172683921,0.9505333571985204,0.4174933590555704,0.2730525613472025,0.3746230559804106,0.4174933577737501,0.5204760852239786,0.2688993470322701,60.07657742243941,0.2514204476629534,0.2514204528703484,12073.350204631846,85.85984865824382,0.7088604335030322,0.0001,,0.2820012755291436,0.9131489578754672,64.61293339729309,0.0753977685585938,0.0514696266862653,0.0514696268264644
18,val,0.5130952383790698,1.029826907884507,0.4194871300742739,0.2306221333288011,0.2784138463792346,0.4194871357509068,0.5913877629098439,0.2527593154282797,58.81529726300921,0.2646852341436204,0.2646852362723577,6690.557605561756,78.7092868259975,0.6842958182999582,0.0001,78.7092868259975,0.2841528214159466,0.9146260902995156,8.482778310775757,0.0658433637803509,0.050357293692373,0.0503572928053992
19,train,0.5011760752688172,0.9516959363414396,0.4166770411595221,0.2718919860900089,0.3704984641523771,0.4166770397975881,0.5184203063047701,0.2651876409047393,59.58328620336389,0.250703846735339,0.2507038531444406,11844.257513887138,85.00333797290762,0.7043702243153094,0.0001,,0.2800777814080638,0.9126923670691828,67.5909514427185,0.0730439422812352,0.0511103061939119,0.0511103060136559
19,val,0.5130952383790698,0.9099147404943194,0.4029447677589598,0.2700489248548235,0.3875474603403182,0.4029447677589598,0.4839102349111012,0.2922805419989994,56.28180458432152,0.2346708951961426,0.234670898034459,6452.302001953125,78.03630465552921,0.6909131837613655,0.0001,78.03630465552921,0.2855134279955001,0.9134522250720432,8.385707139968872,0.0634121358217228,0.052115925543365,0.0521159253659702
20,train,0.5014448925372093,0.9511167121830808,0.4170713776382067,0.2716651535643044,0.3629538820635888,0.4170713783592306,0.5163745451117715,0.2590184954786172,58.26960364721155,0.2555159013918651,0.255515908041308,11612.316634639616,82.79845278750184,0.6972017387549082,0.0001,,0.2770491567670658,0.9138919679067468,65.70483255386353,0.0703741419229215,0.0517954057663358,0.0517954058865065
20,val,0.5130952383790698,1.022727614357358,0.4213766895589374,0.2352239113478433,0.2871200371356237,0.4213766895589374,0.590030319633938,0.3047873250075749,58.21139798845564,0.2593179096778233,0.2593179103874025,6371.2080078125,77.20097478230794,0.7010013190182772,0.0001,77.20097478230794,0.2777657182443709,0.9170059476579938,8.127997636795044,0.0627489488217092,0.0520289412566593,0.0520289403696854
21,train,0.5012096775475369,0.9474982997422576,0.4160571426794093,0.2684229913578239,0.3345699366382373,0.4160571425992955,0.5204465741752297,0.2259934718410174,51.051335057904645,0.2459913709311075,0.2459913757379337,9971.566356699954,73.38699666915402,0.6586801111096083,5e-05,,0.2711733188680423,0.9163340765942808,64.63596868515015,0.0554633948661547,0.0507534303131603,0.050753430072819
21,val,0.5130952383790698,0.9890944787434168,0.4169606892835526,0.2444201353050413,0.2861015484446571,0.4169606907027108,0.5609743077130545,0.2194688235010419,51.27764293125698,0.2433046414738609,0.2433046471504938,5456.83349609375,70.81052943638393,0.6507876789931095,5e-05,70.81052943638393,0.2709390762306395,0.918907988639105,8.473155736923218,0.053923615210113,0.0539092607796192,0.0539092606022244
22,train,0.5012096775475369,0.9501402312388983,0.4160319844721466,0.2666949436709445,0.3254302708051538,0.4160319830300987,0.5233349380313709,0.20965762023804,49.96960425633256,0.2401728875214053,0.240172893209483,9884.141861454133,70.71037206342143,0.6475521564885021,5e-05,,0.2644263340100165,0.9182868221754668,64.94780802726746,0.0524244515565774,0.0508799487023904,0.050879948682362
22,val,0.5130952383790698,0.9630393641335624,0.4141947910899207,0.2527914011762255,0.3020457866645994,0.4141947868324461,0.5417190768889019,0.2181363009980746,49.34661111377535,0.2353902664922532,0.2353902728784652,5140.681884765625,68.71115257626488,0.6435647036090042,5e-05,68.71115257626488,0.2685531122343881,0.9191130995750428,9.51488995552063,0.0509409043228342,0.055122613374676,0.055122613374676
23,train,0.5012096775475369,0.9564793316587326,0.4171025542322025,0.2640934967866508,0.3117544877753463,0.4171025544725438,0.527695093223805,0.2080171574908559,47.16261088463568,0.2350701447776569,0.2350701478219801,9192.847070837532,67.33896279078658,0.6392513498312696,5e-05,,0.259559252329411,0.9196607073148092,63.21869349479675,0.047626897227019,0.0505805215247536,0.050580521725038
23,val,0.5130952383790698,0.9566795173145476,0.4127177752199627,0.2538290094761621,0.3090143792686008,0.4127177738008045,0.5356346858399255,0.2269390062207267,52.56142371041434,0.233927085286095,0.233927085286095,5610.181338355655,72.44539388020833,0.6503390590349833,5e-05,72.44539388020833,0.2647922507354191,0.920770940326509,7.924152135848999,0.055397593061484,0.0534720724182469,0.0534720724182469
24,train,0.500739247247737,0.952419097705554,0.415876407937337,0.2635953814912868,0.3106169553213222,0.4158764083379058,0.5276207495280492,0.1973560520157378,45.92986311963809,0.2389026591053573,0.2389026650337762,9262.837022678828,66.26518077235067,0.6325843757651872,5e-05,,0.2580235326482403,0.9196348209534922,63.59083962440491,0.0461925989122039,0.0505784943459495,0.0505784939654091
24,val,0.5130952383790698,0.9646506082443964,0.4114334498132978,0.2471940006528581,0.3006261800016676,0.4114334455558232,0.5450099564733959,0.229932760198911,50.25242687406994,0.2344292799631754,0.2344292835110709,5387.70585123698,70.49986684890021,0.6488865628386988,5e-05,70.49986684890021,0.2572974839380809,0.9241926244327,8.20376181602478,0.0532661428941147,0.0539136942298639,0.0539136940524691
25,train,0.5027889785587146,0.9571080211029258,0.4164482045878646,0.2632068968428078,0.3067831297715505,0.4164482048282059,0.5327881472085112,0.1916377670582263,45.41421883080595,0.2329455501930688,0.2329455558811464,8953.074217929636,65.02420243909282,0.6292408686695676,5e-05,,0.2545653638500039,0.9211525067847264,64.13303279876709,0.0445577649234403,0.0507411911522829,0.0507411911522829
25,val,0.5130952383790698,0.9666844265801566,0.4139874336265382,0.2485714689606712,0.3032363199052356,0.4139874336265382,0.5484295615128109,0.2277953610533759,51.89056596301851,0.239163909639631,0.2391639160258429,5566.52730015346,70.89162790207635,0.6514643658291209,5e-05,70.89162790207635,0.2587268785351798,0.922351652667636,8.407505989074707,0.054764893704227,0.0547753416356586,0.0547753409260795
26,train,0.5009744623976369,0.9570951255098464,0.4172514224404929,0.262122254778621,0.2998396668543098,0.4172514215592415,0.5364463347340783,0.1924781541350067,45.39235285277008,0.2309955329664292,0.2309955370522314,8799.228774532196,64.18069666175433,0.6258934461709225,5e-05,,0.2518018871866246,0.9220490833764436,64.60669493675232,0.0437849394611573,0.0507618902671721,0.0507618903272574
26,val,0.5130952383790698,1.0125082277116322,0.4185262464341663,0.2336758041665667,0.2757872016656966,0.4185262492724827,0.5863827850137439,0.244446684207235,55.23262568882534,0.2268808242820558,0.2268808313778468,6327.216273716518,76.54194495791481,0.6708342808665652,5e-05,76.54194495791481,0.2501535734960011,0.9277957876523336,7.623294830322266,0.0625231772483814,0.0550807852830205,0.0550807863473892
27,train,0.5016801075268817,0.9528177830801215,0.4155236772632086,0.2628419102039388,0.3058608915376407,0.4155236767024122,0.5320407343647813,0.2026749518049019,44.981807278048606,0.2329208712263774,0.2329208757127485,8389.376277472384,63.74340209140573,0.6292301859518494,5e-05,,0.252399004274799,0.9218479689731393,64.96515798568726,0.0429187732127805,0.0509750156873656,0.0509750155872234
27,val,0.5130952383790698,0.8593260333651588,0.3961974793956393,0.2870630636101677,0.4412448235920497,0.3961974808147975,0.4480362506139846,0.2719627185946419,59.66470645722889,0.2328207251571473,0.2328207343816757,7991.736316499256,85.60093325660343,0.6955727418263753,5e-05,85.60093325660343,0.2628606522367114,0.920950818629492,7.7382612228393555,0.0753414625568049,0.0557391141496953,0.0557391137949058
28,train,0.5010416667948487,0.9598166586891296,0.415991229235485,0.2606875431793992,0.2948976592511259,0.4159912314786705,0.5385546206787069,0.1829357458458792,43.06504043456047,0.2365774461819279,0.2365774511489816,8278.799743324198,61.34728217381303,0.6180253351376915,5e-05,,0.249709733311207,0.9226065636962972,63.77296996116638,0.0399642470267711,0.0511199270565343,0.0511199270765627
28,val,0.5130952383790698,0.9123142134575616,0.4027989776361556,0.2649369346243994,0.3650912457988375,0.402798973378681,0.4944063247669311,0.2221964934752101,49.43592007954916,0.2258396141585849,0.2258396134490058,5257.437261672247,70.09539867582775,0.6481687115900444,5e-05,70.09539867582775,0.2631727641537076,0.9229652768089658,7.460712671279907,0.051857510226823,0.0558676540496803,0.0558676531627064
29,train,0.5005376345367842,0.9552098230649066,0.4159874384922365,0.2595802811525201,0.278516058800041,0.415987439053033,0.5357466290394465,0.1693422590853065,38.99407217579503,0.2358840876208838,0.2358840920271412,7452.465920889249,55.508345788525,0.5989127448110869,2.5e-05,,0.2471952471201138,0.923673031791564,63.66799736022949,0.033140475446138,0.0507364403656733,0.0507364402855596
29,val,0.5130952383790698,0.940657621338254,0.4087073022410983,0.257662431824775,0.315865010023117,0.4087073064985729,0.522403760325341,0.2170052127469153,48.06693485804966,0.2389244642995652,0.238924469266619,5041.994059244792,67.8988155183338,0.6361051812316432,2.5e-05,67.8988155183338,0.2472954037643614,0.9277385132653372,7.556377410888672,0.0489695377293087,0.0571183947225411,0.0571183943677516
30,train,0.5021505376664541,0.9604298651859324,0.4163370342344366,0.2580116441653621,0.2715669802279882,0.4163370338338678,0.539071488845092,0.1598114197452863,38.19467539941111,0.2345247036346825,0.2345247073199159,7323.598135179089,54.32636996238463,0.5930555476484074,2.5e-05,,0.2425173264677806,0.925615902869932,64.02240991592407,0.0317908553469185,0.0506271268491462,0.050627126749004
30,val,0.5130952383790698,0.9807887219247364,0.4131061165105729,0.2412508271989368,0.2752524848495211,0.4131061136722564,0.5590006333021891,0.2122994519415356,47.28877667018345,0.2327080070972442,0.232708012064298,4653.727608816965,65.69491431826637,0.6322512565237103,2.5e-05,65.69491431826637,0.2445889335303079,0.9281567477044604,7.698385953903198,0.0461300854526815,0.0510329511903581,0.051032950480779
30,val_periodic_epoch_30,0.5130952383790698,0.9807887219247364,0.4131061165105729,0.2412508271989368,0.2752524848495211,0.4131061136722564,0.5590006333021891,0.2122994519415356,47.28877667018345,0.2327080070972442,0.232708012064298,4653.727608816965,65.69491431826637,0.6322512565237103,2.5e-05,,0.2445889335303079,0.9281567477044604,7.632242202758789,0.0461300854526815,0.0510329511903581,0.051032950480779
31,train,0.5015793010111778,0.9623218979886784,0.4163032797395542,0.2557606483979892,0.263690235233435,0.4163032779770513,0.5399085040534696,0.1573089869512665,36.77010452106435,0.2344954395967145,0.2344954444836544,7155.375779018607,52.60786580526701,0.5890816646794277,2.5e-05,,0.2413987439646515,0.925996111926212,65.31798267364502,0.0303728368198398,0.050159204250542,0.0501592045309402
31,val,0.5130952383790698,0.9697600574720472,0.4141460898376646,0.2473116112606866,0.283713684905143,0.4141460869993482,0.5522804380882353,0.1957170317570368,45.5851016271682,0.2423494536252249,0.2423494635593323,4643.358607700893,64.26223555065337,0.6256549260833046,2.5e-05,64.26223555065337,0.2459463540996824,0.9274435752914064,7.592996120452881,0.045781230199195,0.0530308477935336,0.0530308481483232
32,train,0.5016465054083896,0.965523011261417,0.4172837538744813,0.2559527561709445,0.2592116693255081,0.4172837571591459,0.5470078575514978,0.1510369762457827,35.543787279436664,0.2341546314538166,0.2341546369816667,7005.265462403657,50.84398055332963,0.5847588057068462,2.5e-05,,0.242718981078235,0.9253440454442012,63.94816255569458,0.0288242488481124,0.0507021971567664,0.0507021972569086
32,val,0.5130952383790698,0.963401890936352,0.4118633525712149,0.247741441641535,0.2866028604053315,0.4118633468945821,0.5451940028440385,0.2107647472903842,45.35363887605213,0.230837257135482,0.2308372592642193,4579.0715738932295,64.02467509678432,0.628862359307029,2.5e-05,64.02467509678432,0.2482509627228691,0.9264944791793824,7.716065168380737,0.0450882144893209,0.0525631551586446,0.0525631571099871
33,train,0.5022177420636659,0.9610636666897804,0.4163625620065196,0.2559789985578547,0.2581530774152407,0.4163625620065196,0.5441147535238214,0.1459766722494556,34.19510873671501,0.2350358291659303,0.235035833812529,6641.226697450044,48.66628949360181,0.5790729379413104,2.5e-05,,0.2407281889069465,0.9258176065901276,66.02399897575378,0.0267139755199433,0.0504647148272363,0.0504647149273785
33,val,0.5130952383790698,0.956690422126225,0.4094857701233455,0.2470396806796392,0.2908642781632287,0.4094857743808201,0.5407701851356597,0.1979109034651801,45.52726618448893,0.2263612406594412,0.2263612491743905,4571.147527785528,64.0323629833403,0.6227699622963414,2.5e-05,64.0323629833403,0.2451567841427666,0.927696582816896,8.008954286575317,0.0450029439691986,0.0529479659384205,0.05294796629321
34,train,0.5018481182795699,0.966615625286615,0.4168701646949655,0.2537583063847275,0.25660668754129,0.4168701630125763,0.5470128821269158,0.1476075708745948,34.88116592489263,0.2318306446716349,0.2318306516415329,6914.433115641276,50.0296289484988,0.5818697444517604,2.5e-05,,0.2391316516585247,0.926715192615345,64.7860152721405,0.0278296712523085,0.0500584588616445,0.0500584586413316
34,val,0.5130952383790698,0.9360460667383104,0.4094809208597456,0.2572980835324242,0.3156523938689913,0.409480923698062,0.5242041995127996,0.1989556884481793,46.48986008053734,0.2251139538628714,0.2251139574107669,4699.496279761905,65.54421252296085,0.6262196511933298,2.5e-05,65.54421252296085,0.2432483370815004,0.9280468509310767,7.729844808578491,0.046314100069659,0.0511395383094038,0.0511395379546142
35,train,0.5009408602791448,0.9672385019961224,0.4172702992475161,0.2544660606691914,0.2509927277763684,0.4172702996480849,0.5479093187598771,0.1417359706134565,33.46332630547144,0.2324237761798725,0.23242378122704,6618.865809779013,48.19397327464114,0.5759876443882181,2.5e-05,,0.237264216106425,0.9272065217136056,64.41518330574036,0.0259831813164055,0.0498583854366374,0.04985838591732
35,val,0.5130952383790698,1.0078563150905429,0.4180793350651151,0.2323153444698878,0.2602824185575758,0.4180793350651151,0.5886409254301161,0.2011488165174211,46.03967975434803,0.2326889648323967,0.232688966961134,5071.581894647507,67.52077838352749,0.636329980691274,2.5e-05,67.52077838352749,0.2379237207628431,0.929944776353382,8.255347728729248,0.0495468372301686,0.0525216540055615,0.0525216529411928
36,train,0.5022177420636659,0.9676642071816228,0.417118411791581,0.2533672014551778,0.2485196661724839,0.4171184106699882,0.5503155436887536,0.14275490586716,33.718295179387574,0.2328850052529765,0.2328850112615093,6551.144216393912,48.23430290017077,0.5761522240108914,2.5e-05,,0.2346755615485611,0.9283099071953886,66.9328727722168,0.0260950659191416,0.0498803323234922,0.04988033222335
36,val,0.5130952383790698,0.9264367932365054,0.4030627239318121,0.2555206581240609,0.3265524322078341,0.4030627196743375,0.5097150071745827,0.2076090027888616,46.77391370137533,0.2406843581369945,0.2406843638136273,4954.357334681919,67.67171732584636,0.6295728578712001,2.5e-05,67.67171732584636,0.2421182642380396,0.9274548093477883,8.426513910293579,0.0486699669577536,0.0499937035852954,0.0499937032305059
37,train,0.5022177420636659,0.9698247396817772,0.4175520032163589,0.2534165867874699,0.2435532965326822,0.4175520031362451,0.5529182246856151,0.1416826162447211,32.823696997857866,0.2353831792390474,0.2353831859686041,6363.281107256489,46.74751854968327,0.5735493696498549,2.5e-05,,0.2351094612511255,0.9279215230095772,63.5108597278595,0.0247518790407627,0.0504693555775829,0.0504693557578389
37,val,0.5130952383790698,0.964904580797468,0.4099682299863724,0.2441859280779248,0.292441067241487,0.4099682328246888,0.5469890002693448,0.2056635000876017,46.66433216276623,0.236297186641466,0.2362971887702033,4784.14700172061,66.31373877752395,0.6303850603826118,2.5e-05,66.31373877752395,0.239098011737778,0.9297356804211936,8.004868268966675,0.0471420328443249,0.0524682101039659,0.0524682095717816
38,train,0.5017137098056014,0.9646178610542768,0.4168662270230631,0.2553944410656088,0.2525589519771196,0.4168662248599913,0.5468333774516659,0.139449905964636,33.298180841630504,0.232331463005594,0.2323314688538992,6745.244906353694,47.557701613313405,0.5745187615304683,2.5e-05,,0.2345664087803133,0.9281942322049088,64.145343542099,0.0254723179349375,0.0505921303104328,0.0505921303504897
38,val,0.5130952383790698,0.9540537425449916,0.4099967096533094,0.248266034183048,0.2933084084874108,0.4099967025575183,0.5414388875166575,0.2012717557095346,45.20180402483259,0.2258382709253402,0.2258382744732357,4446.045741489956,63.86284019833519,0.6229505636475303,2.5e-05,63.86284019833519,0.2396987910781587,0.9287719300815036,8.200430154800415,0.0439205051710208,0.0516647472977638,0.0516647464107899
39,train,0.5020161290322581,0.9675002551527434,0.4171383815907662,0.2530925969282786,0.2442406347842626,0.4171383805492872,0.5500801175992976,0.1351552344057508,31.658360383843863,0.226579567357417,0.2265795728051534,6369.630156978484,45.51070886017174,0.5694081574979455,2.5e-05,,0.2338672513442654,0.9278169267921036,64.2204065322876,0.0237499484529478,0.0501711256601797,0.0501711261008055
39,val,0.5130952383790698,0.9564248635655358,0.4078503392991565,0.244867823663212,0.2971069919211523,0.4078503421374729,0.5406633842559088,0.2152971345044317,46.43322090875535,0.2335541177363622,0.2335541241225742,4881.532040550595,66.8080081031436,0.6324530713485949,2.5e-05,66.8080081031436,0.2374550728570847,0.9288440488633656,7.868974447250366,0.0481380636227272,0.0516527504438445,0.0516527506212393
40,train,0.5015456990529132,0.9636377863666062,0.4165280910749589,0.2539278564433898,0.2511883681660057,0.4165280925170068,0.5465845772495834,0.1360670652601026,32.97812122939735,0.2275481538106036,0.2275481588577711,6609.985960437405,46.91772025118592,0.5725924013640342,2.5e-05,,0.2318623143658843,0.9290676418171134,64.7112684249878,0.0255626372402153,0.050095451755389,0.0500954516151899
40,val,0.5130952383790698,0.951559222879864,0.4100505823180789,0.2498749700330552,0.2966122889802569,0.4100505837372371,0.5372867385546366,0.1977586487219447,43.825710024152485,0.230921704854284,0.2309217084021795,4458.181286039807,63.36266926356724,0.6215263092156612,2.5e-05,63.36266926356724,0.2354050406387874,0.9311933630988712,8.150272846221924,0.0439659713856166,0.0535702994536785,0.0535702998084681
41,train,0.5016801075268817,0.9693593752961004,0.4176381751093813,0.2530415761534885,0.2419171045303985,0.4176381761909172,0.552672190771949,0.1354106854527227,31.7813905490342,0.2301706529112272,0.2301706585993048,6459.904272428123,45.58309729381274,0.5692849718761765,2.5e-05,,0.2305386474215856,0.9301224020860528,64.45359396934509,0.0238801703477899,0.050371949731182,0.0503719496510682
41,val,0.5130952383790698,1.017121984845116,0.4189967867873964,0.2302140479996091,0.2631281046640305,0.4189967953023456,0.5939537542206901,0.207092220939341,49.5946904137021,0.2267269520532517,0.2267269548915681,5716.701043991816,71.42158817109608,0.6482698187683568,2.5e-05,71.42158817109608,0.2316233260290963,0.9329144216719129,8.193592309951782,0.0552280025467986,0.0547195160317988,0.0547195149674302
42,train,0.5016129032898975,0.9688359149681623,0.4175793826980616,0.252718584752211,0.2433200401644553,0.4175793830986305,0.5515914191642115,0.1307340014365411,31.681844726685554,0.2300963849630407,0.2300963889687292,6210.111934292701,44.90274340106595,0.567054911815759,2.5e-05,,0.2295674059179521,0.9299667298152884,65.48022103309631,0.0232368780410177,0.0502130840053801,0.050213083865181
42,val,0.5130952383790698,1.017375423794701,0.4197044883455549,0.2288284699122111,0.2603076887982232,0.4197044940221877,0.6014226632458823,0.2366097470124562,47.84447533743722,0.2166706465539478,0.2166706508114224,5598.902913411458,70.70498493739537,0.6559063423763621,2.5e-05,70.70498493739537,0.2295700581300826,0.9332509636878968,7.6272361278533936,0.0540935622439498,0.0539995007926509,0.0539995016796248
43,train,0.5016129032898975,0.9668555245284112,0.4169919306552538,0.2524702746060587,0.2401982198158899,0.4169919325779843,0.5495801564025623,0.1283754275570954,30.543600836107807,0.22876247875793,0.2287624816420257,6136.670976864394,43.95701552975562,0.5635395136746493,2.5e-05,,0.229267162180716,0.929948954812942,64.61355447769165,0.022404452670686,0.0498709780194105,0.0498709783398656
43,val,0.5130952383790698,0.9595128638403756,0.4105744716666993,0.2462231282676969,0.2880271077156067,0.4105744702475412,0.5451973988896325,0.1934602115125883,43.004382633027575,0.2237788680053892,0.2237788708437056,4208.940290178572,62.25112088521322,0.6170903675483935,2.5e-05,62.25112088521322,0.232543205221494,0.9321546412649608,7.701106786727905,0.0417013515141748,0.0537215535129819,0.0537215524486133
44,train,0.5025873655273069,0.9693418470441654,0.417261882735196,0.2517009920650913,0.2401346662832844,0.4172618854190073,0.5535848414305077,0.1311614118236047,30.72476658257105,0.2250625213948629,0.2250625257210065,6305.274680024834,44.69715119433659,0.5668213118607749,2.5e-05,,0.2273137236955345,0.93103122166408,65.97120976448059,0.0232156013872133,0.0499027463136821,0.049902745993227
44,val,0.5130952383790698,0.9515818130402338,0.4104775318077632,0.2498208568209693,0.3080024541843505,0.4104775346460796,0.5393295139074326,0.1981765163086709,44.89370618547712,0.2296569411243711,0.2296569489297412,4518.082473028274,64.1505595615932,0.6256166696548462,2.5e-05,64.1505595615932,0.2317145920935131,0.9331274855704534,7.846789598464966,0.0446817999528277,0.0527654146509511,0.0527654146509511
45,train,0.5016465054083896,0.9714997255353516,0.4174715758010905,0.2517209081880508,0.2361261401605862,0.4174715790857551,0.5524253774714726,0.1267882648214537,30.88729747136433,0.2323160546441232,0.2323160591304943,6132.238010201403,44.17836411794027,0.5634918439267862,2.5e-05,,0.2277577942417513,0.930578250077463,66.64263916015625,0.0225951593376756,0.0503453421857087,0.0503453423259078
45,val,0.5130952383790698,0.9564375224567596,0.4105966786543528,0.2473591956354323,0.2919593715951556,0.4105966786543528,0.5446288904973439,0.1877286058096658,42.87848309108189,0.2208769803955441,0.2208769839434396,4219.238409133184,62.22551509312221,0.6151345491409301,2.5e-05,62.22551509312221,0.2278342651469367,0.9345957069169908,8.162351131439209,0.0416133202878492,0.0535349673813297,0.0535349675587245
46,train,0.5023521505376344,0.969511890283195,0.4172163408610128,0.2513841676615899,0.2365169508322592,0.4172163405405578,0.553572575411489,0.1249949353076117,29.830744686947074,0.2316187049752922,0.2316187091412082,6005.220722649687,43.2514141144291,0.5615107584079909,2.5e-05,,0.2252293926092886,0.9315956635500796,64.9891951084137,0.0217663145158439,0.0499587091867641,0.0499587091467072
46,val,0.5130952383790698,0.9925070660454888,0.4126656225749424,0.2326995606223742,0.2675864143030984,0.4126656239941006,0.5731135152635121,0.1989018682922635,45.16791125706264,0.2410213202238083,0.2410213244812829,4543.398821149553,64.81463232494536,0.626643359299862,2.5e-05,64.81463232494536,0.2260703522534597,0.93437245346251,8.462815284729004,0.0449555231524365,0.0494086580971876,0.0494086582745824
47,train,0.5021841397849462,0.9698304916902256,0.4172148981321883,0.2510768237613862,0.2359365984717364,0.4172148974111644,0.5541519579547708,0.1253895644819544,29.65151040784774,0.2346534545543373,0.2346534592009359,5986.3963967600175,43.04058894290719,0.561301129273694,2.5e-05,,0.2243093321079849,0.9317969154286128,65.43667840957642,0.0216908681992521,0.0499838382526431,0.0499838381725293
47,val,0.5130952383790698,0.9835088508469718,0.4144306551842462,0.2401164614018939,0.2794677636453083,0.4144306523459298,0.5652863248473122,0.2093269973993301,45.34835206894648,0.2317908782334554,0.2317908768142972,4650.037086123512,65.45298567272368,0.6322473247845968,2.5e-05,65.45298567272368,0.2269644609519413,0.933572896889278,7.692969083786011,0.0459644489345096,0.0537655791711239,0.0537655800580978
48,train,0.5021841397849462,0.965419199918547,0.4164631091939506,0.2524679923249829,0.2398149013038604,0.4164631099149745,0.5491112946903193,0.1260260012481481,29.47284664646272,0.232505066180101,0.2325050710670409,5935.120646076818,42.62751724899456,0.5608576599997703,2.5e-05,,0.224728563299743,0.9312601102295742,64.6544258594513,0.0211650335338837,0.0499976613628928,0.0499976613428643
48,val,0.5130952383790698,0.994625185217176,0.4152552343550182,0.2356751241854258,0.2694066954510553,0.41525523293586,0.5755901279903594,0.2009491980785415,44.2746635618664,0.2257245310715266,0.2257245367481595,4737.04783703032,65.16384015764508,0.6305758794148763,2.5e-05,65.16384015764508,0.2271857616447267,0.9339799256551832,7.636069059371948,0.0465986726450778,0.0515232034737155,0.0515232027641364
49,train,0.5024529570533384,0.9701810275675148,0.4167937282673133,0.2500211940177025,0.2322757551346415,0.416793725944014,0.5533841503483634,0.1218392600615819,29.500571917462093,0.2299664420306041,0.2299664451550412,6111.748024068853,42.496878762399,0.5589567526020988,2.5e-05,,0.2234609783176452,0.931739737910609,64.27468276023865,0.0213141273406724,0.04985546999641,0.0498554700364669
49,val,0.5130952383790698,0.9983898883774168,0.4163587802932376,0.2324211781933194,0.2650936437504632,0.4163587746166047,0.5851211647192637,0.2043304532056763,44.267391568138486,0.2281154841184616,0.2281154912142526,4621.752938406808,64.62220963977632,0.6303147919250257,2.5e-05,64.62220963977632,0.2229392727216085,0.935510169892084,8.863033771514893,0.0454291391319462,0.0514601218913282,0.0514601213591439
50,train,0.5016801075268817,0.970660590356396,0.4174923392873938,0.2502109585430032,0.2247725031388703,0.4174923404089866,0.5555545924812235,0.1126628007980123,27.52074363667478,0.2274223828027325,0.2274223863277384,5647.573307488554,39.56338478416525,0.5500887418836857,1.25e-05,,0.22128051839849,0.9328917578984331,66.8457522392273,0.0184904218623815,0.0500912543346164,0.050091254274531
50,val,0.5130952383790698,0.9904592179116748,0.4145998344534919,0.2357274535156431,0.2661586389655158,0.4145998387109665,0.573926724138714,0.1935044771858624,43.05949056716192,0.2213946055798303,0.2213946155139378,4292.49919782366,62.31808326357887,0.6207892334822452,1.25e-05,62.31808326357887,0.2234413567043486,0.9353119361968268,8.227237224578857,0.0423407486329476,0.0524794386611098,0.0524794377741359
51,train,0.5015120967741935,0.9754432314826595,0.4184965666343448,0.2510512729165374,0.2264952615143791,0.4184965660334915,0.5599708181395325,0.125812038338633,28.08535423586445,0.2231591067487193,0.2231591116356593,5778.215409637779,40.60204297752791,5788.881838115859,1.25e-05,,0.2227915402061195,0.9323694632258468,67.118567943573,5778.215423583984,0.0511592784996635,0.0511592786398626
51,val,0.5130952383790698,1.0028944583166213,0.4171580516156696,0.2348667163224447,0.2551965018113454,0.4171580487773532,0.5816162498224349,0.210644401255108,44.982253029232936,0.2218742526712872,0.2218742540904454,4561.25959123884,64.56160518101284,4554.081427556818,1.25e-05,64.56160518101284,0.2251190074852534,0.9344096836589632,8.430004119873047,4561.259608677456,0.0541032219216937,0.0541032220990884
52,train,0.5020497313109777,0.9719636193526688,0.4180689053509825,0.2529896787738287,0.2316953076790738,0.4180689047901861,0.5533818816465716,0.1320821367084018,27.497335454469088,0.2219468367195898,0.2219468418468711,5769.358801893009,40.28284548687679,5765.5456220736005,1.25e-05,,0.223645088172728,0.9321808802184238,65.24609017372131,5769.358455534904,0.0514602884449946,0.0514602883047955
52,val,0.5130952383790698,0.9689689306985764,0.4126550569420769,0.2482903053363164,0.2927918710878917,0.4126550470079694,0.5466977712653932,0.1978716548709642,42.82965914408366,0.2222052699043637,0.2222052727426801,4361.748872302827,63.06928870791481,4373.76806640625,1.25e-05,63.06928870791481,0.229629608846846,0.9338465276218596,7.651727676391602,4361.748883928572,0.0538940972515514,0.0538940961871828
53,train,0.5021505376664541,0.9700322167206836,0.4175383243509518,0.2543402395101004,0.2331177493737589,0.4175383245912931,0.5518322716797551,0.1296731868498428,26.404087928033643,0.2216123154246679,0.2216123191099013,5642.842767120689,38.2613430946104,5650.026233197864,1.25e-05,,0.2256503338294644,0.931717594785075,65.32017159461975,5642.842426997359,0.05209800530906,0.0520980051087756
53,val,0.5130952383790698,0.9569358627001444,0.4105013112227122,0.2504138343390964,0.2944383387054716,0.4105013069652375,0.5374791976951417,0.1983156814461662,42.70268640064058,0.2240362628584816,0.2240362685351144,4260.492844354539,62.62712551298596,4235.502790601326,1.25e-05,62.62712551298596,0.2296203630311148,0.933177371819814,7.6441826820373535,4260.492826915923,0.0538859294638747,0.0538859296412695
54,train,0.5025201612903226,0.9684476256370544,0.4174913348209473,0.2545106072098978,0.2332796831765482,0.4174913368237916,0.549154927653651,0.1344870763520399,25.228950905543503,0.2221505554613246,0.2221505608289472,5538.895135612898,37.46820956404491,5549.093322178491,1.25e-05,,0.2255557838787314,0.9318781431003283,64.58417177200317,5538.895462610389,0.0520454935168707,0.0520454935969844
54,val,0.5130952383790698,0.978681587037586,0.4139893551667531,0.2420823183797654,0.2761896401643753,0.4139893580050695,0.560804104521161,0.2037346902347746,42.070860908144994,0.2174972544113795,0.2174972565401168,4266.608816964285,62.57257279895601,4274.530634469697,1.25e-05,62.57257279895601,0.2285617171298889,0.9332593310446966,8.568090438842773,4266.608933221726,0.0547251119500114,0.0547251124821958
55,train,0.503125000064091,0.9662619830780133,0.4167577617911882,0.2547728445741438,0.2348178667967678,0.4167577596281164,0.5479008039479615,0.1383497856397141,24.93242573481734,0.2213678601127799,0.2213678652400611,5389.155633413663,36.39400779560048,5394.650940968934,1.25e-05,,0.2262005850832949,0.9314225831980346,65.05505704879761,5389.15596049319,0.0522114704613403,0.052211470401255
55,val,0.5130952383790698,0.9845079836391268,0.415747636840457,0.2436350023462659,0.2704322040081024,0.4157476439362481,0.5630710075298945,0.2066037239772933,41.0919250306629,0.2187135106041318,0.2187135169903437,3987.546465192522,60.35864875430153,3993.1048487807766,1.25e-05,60.35864875430153,0.2286870124794188,0.933481562705267,7.663772106170654,3987.546450660342,0.0537972909708817,0.0537972906160922
56,train,0.5023857528163541,0.9685917868409104,0.4175089454298378,0.2546421390387319,0.2317983787306534,0.4175089467116581,0.5472431400770782,0.1302601424276188,24.03686199906052,0.2207102012890641,0.2207102056953215,5398.131238383631,35.80322897818781,5407.592940513534,1.25e-05,,0.2265220166694733,0.9312495903302264,65.07243514060974,5398.131243469895,0.0520050532074384,0.0520050534277513
56,val,0.5130952383790698,0.9652083629653568,0.4113627019382658,0.2507508049408595,0.2965750921340215,0.4113627005191076,0.5389874251115889,0.1921053092394556,41.42167590913319,0.2240371100959323,0.2240371171917234,4000.925502232143,60.72453762236096,3997.611112097538,1.25e-05,60.72453762236096,0.2331689454260326,0.932011414141882,8.116284847259521,4000.925531296503,0.0549182432393232,0.0549182427071389
57,train,0.5028225806772068,0.9605247746872646,0.4169471275101425,0.2580529617205743,0.2404765378563634,0.4169471279908252,0.5416290184022278,0.1291933656339683,23.83986618698284,0.2207933520117113,0.2207933578600165,5385.345530930385,35.328472060541955,5392.508781993108,1.25e-05,,0.2285691592642056,0.9306214570358236,66.1408326625824,5385.345509847005,0.0525577369556632,0.0525577370357769
57,val,0.5130952383790698,0.9600072077342442,0.412073620728084,0.2535382367315746,0.3038209847041538,0.412073620728084,0.53635283382166,0.1991023492245447,42.60843722025553,0.2177892157009669,0.2177892213775998,4295.5503830682665,62.89914794195266,4291.460049715909,1.25e-05,62.89914794195266,0.2340902778364363,0.9316248553139824,8.55508041381836,4295.550368536086,0.0555087028159981,0.0555087031707877
58,train,0.5016129032898975,0.9653409708251236,0.4176054705855667,0.2570776208754509,0.2366130456969302,0.4176054711463631,0.5486369946951507,0.1357348402461377,23.785024201998148,0.220330913701365,0.220330917546826,5219.185808571436,34.92676148363339,5226.775460907908,1.25e-05,,0.2295279362669555,0.9305086228796232,66.52905702590942,5219.18548239431,0.0530888556392603,0.0530888555591465
58,val,0.5130952383790698,0.970558972585769,0.4132700363794963,0.248891199628512,0.2859831530423391,0.4132700406369708,0.5482193217391059,0.2077796462745893,42.86921564737956,0.2173478106657664,0.2173478177615574,4194.578334263393,62.02145149594261,4202.251339074337,1.25e-05,62.02145149594261,0.2334691023542767,0.932274872348422,7.924017667770386,4194.57829938616,0.0543029877756323,0.0543029888400009
59,train,0.5025873655273069,0.9633683932404364,0.417060123175703,0.2576690464410731,0.240918162368959,0.4170601230154755,0.5442291872315509,0.1394507122095874,24.05607206077985,0.2186956990470168,0.2186957023316814,5275.5729274544665,35.01220864121632,5284.219627960924,1.25e-05,,0.2298104597195502,0.9303179162163888,64.75987839698792,5275.572932581747,0.0529230500982012,0.052923050178315
59,val,0.5130952383790698,0.978691748210362,0.4143971531164078,0.2472971762929643,0.282083062898545,0.414397147439775,0.5530884975478763,0.2076678790506862,40.96995844159808,0.2228982810463224,0.2228982817559015,4063.524454752604,60.79924701509022,4085.931486742424,1.25e-05,60.79924701509022,0.2333054365146727,0.9324143699237278,8.061405897140503,4063.524434407552,0.0536885344911189,0.0536885348459084
60,train,0.5012768817845211,0.9673917224650742,0.4180765365480736,0.2565079696716801,0.2357064467924897,0.4180765351060257,0.5477589513024976,0.1434074653492819,23.59889111467587,0.2196557328745883,0.2196557394439174,5235.087389833184,34.88372655581402,5242.681604373816,1.25e-05,,0.2296787901751456,0.930406645741514,64.60108184814453,5235.087725813671,0.0523066534510543,0.052306653210713
60,val,0.5130952383790698,0.9679582856950306,0.4140799897057669,0.2494783869811467,0.289950743317604,0.4140799897057669,0.5495097899720782,0.2095166707322711,41.83836382911319,0.2165765733945937,0.2165765804903847,4226.293346586682,62.38046646118164,4233.884707919034,1.25e-05,62.38046646118164,0.2332749494484492,0.9324156102680023,8.321144104003906,4226.293276832217,0.0559049426090149,0.0559049424316201
60,val_periodic_epoch_60,0.5130952383790698,0.9679582856950306,0.4140799897057669,0.2494783869811467,0.289950743317604,0.4140799897057669,0.5495097899720782,0.2095166707322711,41.83836382911319,0.2165765733945937,0.2165765804903847,4226.293346586682,62.38046646118164,4233.884707919034,1.25e-05,,0.2332749494484492,0.9324156102680023,7.329875707626343,4226.293276832217,0.0559049426090149,0.0559049424316201
61,train,0.5008064516449487,0.9637156648020592,0.4176091803337938,0.2588732131226088,0.2439169335749841,0.4176091776900394,0.543158866705433,0.147805368708026,24.00346398609941,0.2191818295627512,0.2191818344496911,5338.151098271852,35.23339186432541,5338.879897937711,1.25e-05,,0.2314056148452143,0.9301501111958616,64.54177260398865,5338.151125179824,0.0533180238618966,0.053318023881925
61,val,0.5130952383790698,0.958907800061362,0.4124710077331179,0.2547029015563783,0.3085866620143254,0.4124710077331179,0.5355881998936335,0.2255880406924656,42.216950461978,0.2180304605336416,0.2180304655006953,4266.906462169829,62.300001416887554,4274.896107066761,1.25e-05,62.300001416887554,0.2358053738162631,0.9319780696006048,7.849591970443726,4266.9064534505205,0.0558621471836453,0.0558621475384348
62,train,0.5020497313109777,0.9583561675202462,0.4167086863389579,0.2593399776566413,0.244073653894086,0.4167086837753173,0.5408898651279429,0.1484638662628268,21.749430538505635,0.2204791500523526,0.2204791551796339,5019.547683756839,32.270449084620324,5028.636433179451,6.25e-06,,0.231450671950976,0.930175616215634,64.56707715988159,5019.547680352323,0.0530346757381834,0.05303467603861
62,val,0.5130952383790698,0.9820220271746316,0.4147462816465468,0.2452595680952072,0.2817414793230238,0.4147462844848633,0.5571320447183791,0.2165883573747816,41.68002664475214,0.2232075525181634,0.2232075560660589,4176.614112490699,61.8385972522554,4188.044282670455,6.25e-06,61.8385972522554,0.2347668388060161,0.9315093670572552,8.137118339538574,4176.614095052083,0.0536215394025757,0.0536215392251809
63,train,0.5018481182795699,0.9547324281546378,0.4162601309437905,0.2605827339394118,0.2479074013329321,0.4162601332670899,0.5362177013309413,0.1446319427140938,20.90600020398376,0.2204944692471976,0.2204944728523172,4909.598510988297,31.39966780139554,4915.464949708676,6.25e-06,,0.232178969088421,0.9297394980025548,65.22159028053284,4909.598179888982,0.053312165061793,0.0533121649616508
63,val,0.5130952383790698,0.9474676109495616,0.4116323718002864,0.2589472908349264,0.3164955640123004,0.4116323746386028,0.5272657757713681,0.2093116435266676,41.90633564903622,0.2192821786517188,0.2192821836187726,4138.0840076264885,61.83952912830171,4142.055934836648,6.25e-06,61.83952912830171,0.2375313958951405,0.9309899806976318,8.003343105316162,4138.08395531064,0.0544038249977997,0.0544038248204049
64,train,0.5017137098056014,0.9590154926302612,0.4167246603036439,0.2602069375495757,0.24699628801756,0.4167246587013685,0.540553502658362,0.1468079636494318,21.28578126045965,0.2193162736873473,0.219316277612922,4872.256144369802,31.523423435867475,4880.244140460595,6.25e-06,,0.232463155382423,0.9297422926913026,67.0061526298523,4872.256472269694,0.0532423699454915,0.0532423698253208
64,val,0.5130952383790698,0.9549700078510104,0.4123764321917579,0.2548560329845973,0.3059979059866496,0.412376426515125,0.5361307164033254,0.2127165318954558,41.68751471383231,0.2198534473067238,0.2198534529833566,4087.2718186151415,61.67331822713216,4097.784194483902,6.25e-06,61.67331822713216,0.2367253828616369,0.9315894671848842,7.724560260772705,4087.271751767113,0.0548496356322651,0.0548496358096599
65,train,0.501377688300225,0.9568042317705768,0.4165646715830731,0.2605981265985838,0.2489224274953206,0.4165646709421629,0.5403872630208411,0.1500474554035932,21.425012983301635,0.2193971781000014,0.2193971831471689,4895.700883188555,31.74251411294424,4903.741618578361,6.25e-06,,0.232535335886222,0.9298577074722576,69.52595520019531,4895.700894509592,0.0532105739518839,0.0532105738317133
65,val,0.5130952383790698,0.9416743829136804,0.4104329446951548,0.259702667593956,0.3170890439124334,0.4104329489526294,0.5234972905545008,0.2031028994492122,42.11570794241769,0.220526818718229,0.2205268243948618,4065.310785202753,61.538719177246094,4078.7235292376895,6.25e-06,61.538719177246094,0.2370342399392809,0.9312358214741662,7.73806095123291,4065.310712541853,0.0557070457864375,0.0557070452542532
66,train,0.501747311763866,0.9568447754267724,0.4164467748775277,0.2594820770525163,0.2445291846349675,0.4164467751979828,0.539366646078966,0.147580828998358,21.109210665507984,0.2201037135335707,0.2201037195421034,4830.920219093241,31.296597624337803,4840.124590735644,6.25e-06,,0.2327355763284109,0.92972725597761,66.16818261146545,4830.920560775265,0.0527500274280707,0.0527500277485257
66,val,0.5130952383790698,0.9519497070993695,0.4124695403235299,0.2561477912323815,0.3089596160820552,0.4124695360660553,0.5341006559985024,0.2060407442705971,41.96244012741816,0.2189457785515558,0.2189457757132394,4096.766299293155,61.44416300455729,4105.650674715909,6.25e-06,61.44416300455729,0.2385216490143821,0.9308545901661828,7.7990946769714355,4096.766293480283,0.0549187356872218,0.0549187365741956
67,train,0.5016465054083896,0.9542453236156896,0.4164169854534569,0.2610177114926358,0.2493944105201511,0.4164169877767563,0.5386596290014123,0.1456925899831838,21.207156488972327,0.219095766544342,0.2190957731136711,4964.9655996343145,31.05815498803252,4974.455929596255,6.25e-06,,0.2336823431554661,0.9296488960584004,66.26559543609619,4964.965606935562,0.0531485321060303,0.0531485316654046
67,val,0.5130952383790698,0.9177895954677036,0.4079028353804633,0.2680398715393884,0.3398489377328327,0.407902839637938,0.5044922573225838,0.1941796938578287,42.304042543683735,0.2143241230930601,0.2143241273505347,4065.6315104166665,61.53585470290411,4072.246925307765,6.25e-06,61.53585470290411,0.2409444529385793,0.9298214174452282,7.736007690429687,4065.631545293899,0.0566653348505497,0.0566653344957601
68,train,0.5012768817845211,0.95363657737291,0.4163050370350961,0.2609316523196877,0.2483919977500874,0.4163050391180541,0.5354594288654225,0.1459232088058225,19.76240128855552,0.2199164688266733,0.2199164733130444,4823.859522337554,29.910504812835367,4833.1756422254775,6.25e-06,,0.233982849105071,0.9292007466798188,66.05594253540039,4823.858856447281,0.0527957204368806,0.0527957204769375
68,val,0.5130952383790698,0.946064903622582,0.4101251136688959,0.2585221230983734,0.3168193023829233,0.4101251122497377,0.5243412561359859,0.2045180151859919,42.2414733341762,0.22327093567167,0.2232709413483029,4139.32291376023,61.60476393926712,4153.997844164299,6.25e-06,61.60476393926712,0.2409772042717252,0.9301487292562212,8.212957620620728,4139.322910853794,0.0546650737524032,0.054665073929798
69,train,0.5012096775475369,0.9537994573193213,0.416044114818496,0.2603185796128806,0.2498221351735053,0.4160441169014541,0.536050901658112,0.1481073850225056,20.49433583085255,0.2201363581322854,0.2201363633396805,4894.062236744871,30.66482417814193,4903.143373308278,6.25e-06,,0.2339454137830324,0.9292677951756344,67.61968421936035,4894.062566531602,0.0527758839269799,0.0527758842073781
69,val,0.5130952383790698,0.9514301476024446,0.4116028561478569,0.2554309616486231,0.3065974073750632,0.4116028604053315,0.5331573883692423,0.2069828258383841,41.37495031810942,0.220623356955392,0.2206233590841293,4029.1637515113466,61.06062071663992,4045.741903409091,6.25e-06,61.06062071663992,0.239343619062787,0.9302801319531032,8.06440258026123,4029.163719540551,0.0533156292069526,0.0533156277877943
70,train,0.5004032258224743,0.956222626630978,0.4169251628780878,0.2609025071705541,0.2465918798760701,0.4169251609553573,0.5403629045492859,0.1477394047123129,19.4698990596238,0.2193764207023446,0.2193764262301947,4611.634549458821,29.102831384187105,4620.356555278534,3.125e-06,,0.2347441290815671,0.9292123811219328,67.51220345497131,4611.634552576209,0.0533716193129939,0.0533716196935343
70,val,0.5130952383790698,0.9514391961551848,0.4102368908269064,0.2558733615137282,0.3129921335549581,0.4102368965035393,0.5285429968720391,0.2067733034491539,41.88013258434477,0.2234683065187363,0.2234683136145273,4147.773114885603,61.87251136416481,4169.010842803031,3.125e-06,61.87251136416481,0.2402014590445019,0.9304364011401222,7.722692251205444,4147.772998628162,0.0548173627328305,0.0548173634424096
71,train,0.5016801075268817,0.953548562783067,0.416244023830019,0.2607301236480795,0.2471451566264193,0.4162440254322944,0.5341217962484206,0.1446565174928275,19.1258431044958,0.2193910118232491,0.2193910169505304,4788.779142072124,28.563534762269708,4797.598806711319,3.125e-06,,0.2348322015936656,0.9290313041338356,65.75574398040771,4788.779148881154,0.0530373693834389,0.0530373693033251
71,val,0.5130952383790698,0.9525763676280068,0.4107797699315207,0.2540567794016429,0.3073932748465311,0.4107797756081536,0.5331322919754755,0.2094141436474663,41.42905298868815,0.2187950313091278,0.2187950362761815,4068.1734328497023,61.3737979162307,4086.011020359848,3.125e-06,61.3737979162307,0.2385228609754925,0.9309995827220736,7.614855766296387,4068.173461914064,0.0548155190689223,0.0548155181819484
72,train,0.5015456990529132,0.9540012842544944,0.4163634253125037,0.2615431903671192,0.2497038163485065,0.4163634259534138,0.5366398843145499,0.1473439811899136,19.316044176778487,0.2188057936327432,0.2188057973980903,4845.966127949377,28.795979012725173,4855.272053234987,3.125e-06,,0.2347592818801121,0.929414915141239,68.1596429347992,4845.966140706052,0.0533305677555261,0.0533305678756967
72,val,0.5130952383790698,0.9442242383956908,0.4122642094180697,0.2597944928067071,0.3138322737954911,0.4122642136755444,0.528174571338154,0.2086437752559071,41.32264682224819,0.2163195028191521,0.216319509205364,4011.010001046317,60.982782545543856,4022.932901278409,3.125e-06,60.982782545543856,0.2391150380883898,0.930719880830674,7.594451904296875,4011.009986514137,0.0564895160496234,0.0564895158722287
73,train,0.5017137098056014,0.9534481988158278,0.4164834635392312,0.2619118648831562,0.2499277125443181,0.4164834636994587,0.5369911220185059,0.151673460519442,19.3003895385291,0.2185110941689501,0.218511096972932,4683.427093587896,29.14919910636,4691.712126226457,3.125e-06,,0.2350088919522941,0.929335795743491,67.7314100265503,4683.427087886359,0.0533398622947354,0.0533398623748492
73,val,0.5130952383790698,0.9505164878708976,0.4120029920623416,0.2571180448645637,0.3090402796154931,0.4120029934814998,0.5312137546993437,0.213491559383415,41.52068855648949,0.2176898206983293,0.2176898270845413,4035.562755766369,61.19289216541109,4050.828700580019,3.125e-06,61.19289216541109,0.2392760621649878,0.9308951866059076,7.581192016601562,4035.5627092633927,0.0546495742386295,0.0546495742386295
74,train,0.5022849463006501,0.9536844988663992,0.4159619973231387,0.2612813605416205,0.2493891804929702,0.4159619947594981,0.5362505648004753,0.1494125491508873,19.82083684141918,0.2184713482055612,0.2184713535731838,4777.158424951697,29.2480662304868,4785.422598297428,3.125e-06,,0.2352468699056615,0.9292991593960792,64.4324083328247,4777.158761055239,0.0534807803529885,0.0534807802328178
74,val,0.5130952383790698,0.948573248726981,0.412856087798164,0.2585263500610987,0.3105479954254059,0.4128560892173222,0.5314581039406004,0.2175332187187104,41.22525905427479,0.2120234285082136,0.2120234277986344,4075.0765845889136,61.261962890625,4092.486832682292,3.125e-06,61.261962890625,0.2386594471477326,0.9311752120653788,7.904107093811035,4075.0765758696057,0.0577833709262666,0.0577833707488718
75,train,0.5016801075268817,0.9514249018443528,0.416171313814258,0.2623165248222248,0.2522452889430907,0.4161713143750544,0.5354301522896495,0.150465977127834,19.60006637470697,0.2179795948247755,0.217979599551488,4642.838031727781,29.29969129767469,4651.112779857494,3.125e-06,,0.2355369422384487,0.929193740570417,64.54652523994446,4642.838038372737,0.0536556569558958,0.0536556570159812
75,val,0.5130952383790698,0.955431980746133,0.4109584902014051,0.2540818616038277,0.3071631406034742,0.4109584859439305,0.5335290800957453,0.2130933027891885,41.56628245399112,0.2231512332246417,0.2231512346437999,4096.113888695127,61.61798250107538,4115.397713955966,3.125e-06,61.61798250107538,0.2404641643876121,0.9302578284626916,7.669614791870117,4096.113818940662,0.0535208389517806,0.0535208370004381
76,train,0.5015456990529132,0.9489065157149428,0.4155403579114586,0.26265078670876,0.2552014472343588,0.415540355668273,0.5299353635599536,0.1484358788778384,19.13531487987888,0.2182042977662496,0.2182043013713693,4677.493342491888,28.78805487130278,4686.578228410406,3.125e-06,,0.2354959420939927,0.928971802675596,65.99911403656006,4677.493342327815,0.0532393778964716,0.0532393780566992
76,val,0.5130952383790698,0.9482966093789964,0.410693408477874,0.2581395074015572,0.3161122451225917,0.4106934127353486,0.5262125964675631,0.2091055122159776,41.79979887462797,0.219666967789332,0.2196669720468066,4086.018851143973,61.703455788748606,4096.762153764204,3.125e-06,61.703455788748606,0.2427366567509515,0.929225932984125,7.742642164230347,4086.019002278646,0.0546159678626628,0.0546159685722419
77,train,0.5012768817845211,0.9514607577234186,0.4163015858941181,0.2630183220069895,0.2533485673127635,0.4163015863748007,0.532182501769194,0.1470616286400184,18.52898920223277,0.2174169248951378,0.2174169270582096,4618.479530416509,27.94323857625325,4625.746146277225,3.125e-06,,0.2360403926302028,0.9289487382417084,66.60571074485779,4618.479864182011,0.0534972671659723,0.0534972671860007
77,val,0.5130952383790698,0.9600012330781846,0.4135479231675465,0.254043548589661,0.3014007700341088,0.4135479217483884,0.5402824644531522,0.2141054755165463,41.63784481230236,0.215604034208116,0.2156040370464325,4128.9621814546135,61.74970517839704,4151.570050603693,3.125e-06,61.74970517839704,0.2387175630955469,0.9309971900213332,7.725554943084717,4128.962152390253,0.0553147198543662,0.05531472074134
78,train,0.5011424731503251,0.94929462991735,0.4160216527600442,0.2627949410228319,0.2554361999675791,0.4160216517185652,0.5316773462359623,0.1506554672634729,18.84952986112205,0.2176770041546513,0.2176770070387471,4617.1501941886,28.51670326725129,4625.371140399766,1.5625e-06,,0.2360347995674738,0.9287899091679562,67.72216415405273,4617.149860300044,0.0533066096725643,0.0533066095724221
78,val,0.5130952383790698,0.9548114651725406,0.4121920253549303,0.2548058579365412,0.3047695152816318,0.4121920267740885,0.5357965599922907,0.2127149151194663,41.147882370721724,0.2184906850258509,0.2184906907024837,4017.2779134114585,60.98275220961798,4036.469485381155,1.5625e-06,60.98275220961798,0.2384435775734129,0.9310242533683776,7.733167171478271,4017.27786109561,0.0564546608144328,0.0564546611692224
79,train,0.5013440860215054,0.9524256804937956,0.4164984489801109,0.2627952513034626,0.2535065478214653,0.4164984493806798,0.5354532068294864,0.1484127762096543,18.743584761055565,0.2175672296234356,0.217567234350148,4566.216542889995,27.757521988243184,4575.203559788149,1.5625e-06,,0.2365002321299686,0.9286307862368964,67.17635941505432,4566.216533783943,0.0536419584025298,0.0536419583624729
79,val,0.5130952383790698,0.9630616619473412,0.4136119995798383,0.2525502102715628,0.2984794229269027,0.4136119995798383,0.5433345529295149,0.2177325096868333,41.362774621872674,0.2205811426753089,0.2205811511902582,4022.2062058221727,61.02899415152414,4033.708891157671,1.5625e-06,61.02899415152414,0.2399237780343918,0.9306906575248356,8.100901365280151,4022.20615641276,0.0541197960930211,0.0541197962704158
80,train,0.5015120967741935,0.950624063130348,0.4162487014326998,0.2637632010124063,0.2565236617961237,0.4162487046372506,0.5355424269713381,0.1488759647453985,18.579791494595103,0.2174853168187603,0.2174853209846763,4699.928171629546,27.389675109617173,4708.669129671553,1.5625e-06,,0.2369374034385527,0.928694583075021,64.18725538253784,4699.927829045121,0.0539195665949454,0.0539195664547463
80,val,0.5130952383790698,0.957485122340066,0.4130618075529734,0.255060178892953,0.3039503608431135,0.4130618103912898,0.537648870121865,0.2152393215468951,40.84943371727353,0.219669222831726,0.2196692235413052,3997.65515718006,60.90116137549991,4014.261903705019,1.5625e-06,60.90116137549991,0.2414675248520714,0.9300724608557565,7.594753265380859,3997.655133928572,0.0540578540946756,0.0540578526755174
81,train,0.5022513440219305,0.9487525163799204,0.4158385865470415,0.2632280360626918,0.2548664357232791,0.4158385867873828,0.5299393700095274,0.1515247885097739,18.39042602046844,0.2180215421543326,0.2180215465605899,4646.33190183742,27.64257126982494,4655.547328376128,1.5625e-06,,0.2364780080094132,0.928837368244766,64.47963094711304,4646.3319012631655,0.0535568405263206,0.0535568406264628
81,val,0.5130952383790698,0.943792993114108,0.4119999224231356,0.2603966302814938,0.315987921896435,0.411999925261452,0.5264522688729423,0.2109840292306173,41.44060307457333,0.2158121047984986,0.2158121090559732,4053.8794526599695,61.41512080601284,4067.585299775095,1.5625e-06,61.41512080601284,0.2402136155537196,0.930201402732304,7.69078803062439,4053.8795572916665,0.0565794413643223,0.0565794411869276
82,train,0.5020833332692424,0.947097683465609,0.4154718528671931,0.2638234069110244,0.2570962801735888,0.4154718519058278,0.5306105651361968,0.1484418778570108,18.41032608093754,0.2175542165835698,0.2175542229926714,4621.065620422363,27.790215138466127,4629.990262221006,1.5625e-06,,0.2364297792796165,0.9287746599925462,66.19802641868591,4621.065948076146,0.0536334051960898,0.0536334053563174
82,val,0.5130952383790698,0.938912014166514,0.4101884166399638,0.2630855526242937,0.3276741689159756,0.4101884223165966,0.5170694341262182,0.2078010517926443,41.201510747273765,0.2189256740467889,0.2189256854000545,3990.2433093843006,61.07514099847703,4008.024110736269,1.5625e-06,61.07514099847703,0.2429909209410349,0.9297547794523692,7.771875619888306,3990.2432977585568,0.0561270488514786,0.0561270483192943
83,train,0.5014448925372093,0.9468246059071632,0.4158736932421884,0.2650809928935061,0.2607969887634759,0.4158736918001405,0.5301578495531313,0.1467144909685337,18.40033736280216,0.21696159548016,0.2169616008477826,4562.135335368494,27.3172715556237,4568.38797282723,1.5625e-06,,0.2371421009302139,0.928709279465419,63.78871011734009,4562.135331758889,0.0542440591680426,0.0542440592882133
83,val,0.5130952383790698,0.942185810634068,0.4118507958593823,0.2613960156838099,0.3208425754592532,0.411850787344433,0.5242713966539928,0.2175576062429519,41.05036399478004,0.2149941310996101,0.2149941325187683,4107.786914643787,61.54909787859236,4114.136405066288,1.5625e-06,61.54909787859236,0.2402301828066508,0.9307416649091812,7.491962671279907,4107.786824544271,0.0570540458318733,0.0570540456544785
84,train,0.501377688300225,0.946995886263027,0.4156361148562482,0.2641973054857664,0.2568841244104088,0.415636113894883,0.5297021514946415,0.1467667940242957,17.538921412601265,0.2177321563164393,0.2177321610431517,4530.849991870183,26.591225039574407,4540.050249838268,1.5625e-06,,0.2365947291254997,0.9288962063609912,66.41374135017395,4530.850325430593,0.0536873885981177,0.0536873885380324
84,val,0.5130952383790698,0.961655767191024,0.4127429865655445,0.2533013827743984,0.3021946847438812,0.4127429879847027,0.5393774913890022,0.221741334313438,41.13442293802897,0.2183504317487989,0.2183504331679571,4089.326427641369,61.56361407325382,4095.751157078599,1.5625e-06,61.56361407325382,0.2397450357675552,0.9307261393183752,7.905580282211304,4089.326410202753,0.0554481840559414,0.0554481840559414
85,train,0.5015120967741935,0.9499270826257684,0.4162075366544467,0.263699939093923,0.2552004813026356,0.4162075353726264,0.531226926713541,0.1518151150034961,17.89163653568555,0.2174473577930081,0.2174473641219959,4585.0830183952085,27.17054944910029,4592.4602954183765,1.5625e-06,,0.2363913645667414,0.929069689845526,64.80281376838684,4585.0833548268965,0.0535475582845749,0.0535475587252006
85,val,0.5130952383790698,0.929617688769386,0.4094180237679254,0.2657982650257292,0.335601589509419,0.4094180152529761,0.5110984558150882,0.207825862226032,42.137115750994,0.2145544765960602,0.2145544787247975,4153.700608026414,62.11062431335449,4177.167585523201,1.5625e-06,62.11062431335449,0.241310369400751,0.9306524736540658,7.605792760848999,4153.700608026414,0.0575426981917449,0.0575427001430874
86,train,0.5018481182795699,0.9461237607143258,0.4154633471081334,0.2642552146828302,0.2588347526647711,0.4154633469479058,0.5283793597532216,0.1482156875833708,18.40886056551369,0.2172604745594404,0.2172604793662666,4592.189629093294,27.38106140526392,4601.2824876881605,1e-06,,0.2364594674398822,0.929027598391297,64.3647689819336,4592.189297747868,0.053646251719485,0.0536462517995988
86,val,0.5130952383790698,0.9498263881320044,0.4131576674325125,0.2583069375583103,0.3108040718805222,0.4131576645941961,0.5327163608301253,0.2125924399920872,41.35971587044852,0.2151586732694081,0.2151586746885663,4093.35098702567,61.51692472185408,4114.382998934659,1e-06,61.51692472185408,0.2392949887684413,0.9308933331852868,7.842344522476196,4093.3510625930057,0.0570492717836584,0.0570492721384479
87,train,0.5018817205582896,0.9494832395225444,0.4160757652854406,0.2636865412676206,0.2552556913866791,0.4160757660865783,0.5337575090027624,0.1536806103603173,18.107655540589363,0.2177576087014649,0.2177576140690875,4518.511087438112,27.183039198639573,4527.538661918255,1e-06,,0.2364879113531881,0.9291424168053494,63.555919885635376,4518.511090186335,0.0537774407615264,0.0537774408416402
87,val,0.5130952383790698,0.9403974413871764,0.4105264672211238,0.2609727872269494,0.3215310353608358,0.4105264658019656,0.5218660114776521,0.2129782988202004,41.408006395612446,0.2164282919395537,0.2164282954874493,4056.924793061756,61.47286224365234,4073.318997099905,1e-06,61.47286224365234,0.2421115927752994,0.9298705572173708,8.108076333999634,4056.924816313244,0.0557194126858597,0.0557194128632545
88,train,0.5015456990529132,0.9465027837663568,0.4152895765759611,0.2638488386266975,0.257662892581955,0.4152895745731169,0.5283647277342376,0.1509496908915299,17.92295955329813,0.2173739577974042,0.2173739623638891,4560.709015918034,26.865667050884618,4568.67682267006,1e-06,,0.2364684414639268,0.9290025811041556,65.18970322608948,4560.708674810266,0.0536545764013964,0.0536545766617662
88,val,0.5130952383790698,0.9436833773340496,0.4119071236678532,0.2600726265282858,0.3178844622203282,0.411907122248695,0.526603707245418,0.2174647045986993,41.62407729739235,0.2166046642121814,0.2166046620834441,4095.691580636161,61.827464330764045,4111.10644827178,1e-06,61.827464330764045,0.2403557896614074,0.9305216584886824,7.980490922927856,4095.69152250744,0.0556824375830945,0.055682437228305
89,train,0.502116935547962,0.9486351271149932,0.4155593258879518,0.2629597041235175,0.2558938961035462,0.4155593262084068,0.5305779299107931,0.1535032510917673,18.34765609105428,0.2178091951595839,0.2178092008476616,4721.925596093619,27.670176244551136,4729.161156486743,1e-06,,0.2366225841224834,0.9288391676000368,63.49208569526672,4721.925594945108,0.0533329258041997,0.0533329258041997
89,val,0.5130952383790698,0.9449880009605772,0.4123672559147789,0.260068342089653,0.3154477902821132,0.4123672559147789,0.5278330558822268,0.218593432080178,41.357999983288,0.2154973057054338,0.2154973078341711,4039.997122628348,61.24293754214332,4057.452971117424,1e-06,61.24293754214332,0.2405032785165877,0.9306363463401794,7.958871126174927,4039.99715750558,0.0557282822472708,0.0557282818924813
90,train,0.5012096775475369,0.9476255880248162,0.4157580736503806,0.2640630775882351,0.2577056191781515,0.4157580750123147,0.5310079705330634,0.1539778995417779,18.34224393290858,0.2175969717002684,0.2175969743440228,4540.463769276937,27.36478106693555,4546.576815107454,1e-06,,0.2368057370185852,0.9288448777890974,63.80481815338135,4540.464445708901,0.0538050038840181,0.0538050037838759
90,val,0.5130952383790698,0.9477850198745728,0.4112069961570558,0.2592210592258544,0.317107522771472,0.4112069918995812,0.5260498694011143,0.2135475859755561,41.11615108308338,0.2175551851590474,0.217555189416522,4042.798467726935,61.14883767990839,4055.141974431818,1e-06,61.14883767990839,0.2423451393842697,0.9298557894570488,8.03783106803894,4042.7984328497023,0.0561962496666681,0.0561962498440628
90,val_periodic_epoch_90,0.5130952383790698,0.9477850198745728,0.4112069961570558,0.2592210592258544,0.317107522771472,0.4112069918995812,0.5260498694011143,0.2135475859755561,41.11615108308338,0.2175551851590474,0.217555189416522,4042.798467726935,61.14883767990839,4055.141974431818,1e-06,,0.2423451393842697,0.9298557894570488,7.442377805709839,4042.7984328497023,0.0561962496666681,0.0561962498440628
91,train,0.5011424731503251,0.9496440243336464,0.4161704473437801,0.2637509789357903,0.255829325286291,0.4161704474238939,0.5324710105615919,0.1533581204712391,18.262307141416816,0.2177761907699287,0.2177761950960723,4566.019858985819,27.162350305946923,4574.14559848156,1e-06,,0.2371593785061631,0.9286121857422656,64.08181476593018,4566.0201946791785,0.0535516559436757,0.0535516556833059
91,val,0.5130952383790698,0.9587972504752024,0.4129964468025026,0.2541855005990891,0.3023301668110348,0.4129964510599772,0.5389736791451772,0.2204575418006806,40.89783723013742,0.2189854220265434,0.2189854248648598,4025.1642543247767,61.14303479875837,4038.8281782670456,1e-06,61.14303479875837,0.2406719149578185,0.9303802223432632,8.006570816040039,4025.164306640625,0.0549794715784844,0.0549794714010897
92,train,0.5013440860215054,0.948492213602989,0.4160778698741749,0.2640604987259834,0.2565955274528073,0.416077869473606,0.5293687180646004,0.1512772911178168,18.38019743273335,0.2172694252703779,0.217269429756749,4611.405593297814,27.38849442492249,4620.107032709089,1e-06,,0.2369888331140241,0.928824673416794,64.74915838241577,4611.405593133742,0.0539856162723354,0.0539856164525913
92,val,0.5130952383790698,0.9377305933407376,0.4100336077667418,0.26247115504174,0.326034046354748,0.4100336035092671,0.5180204468114036,0.2093654502005804,41.70169457935152,0.2189087264594577,0.2189087321360906,4039.084304082962,61.44841112409319,4064.083407315341,1e-06,61.44841112409319,0.2432967261189506,0.929637386685326,7.792595148086548,4039.0843563988096,0.0547368952206202,0.0547368950432255
93,train,0.501377688300225,0.9483526615045405,0.4155604425937899,0.2639226116320138,0.2601874982637743,0.4155604440358377,0.5277415147071244,0.1522383366621309,18.1786125885543,0.2173589023370896,0.2173589058620955,4625.1510584021125,27.529711187526743,4634.5255494037465,1e-06,,0.236986953004073,0.9288887150825992,64.65855193138123,4625.150717089253,0.0535774251386042,0.053577425398974
93,val,0.5130952383790698,0.9511239585422334,0.4130089396522158,0.256974920630455,0.307264643056052,0.4130089396522158,0.5346037901583172,0.2212295461268652,41.25456092471168,0.2146051895050775,0.2146051987296059,4050.802734375,61.22937638419016,4069.202876420455,1e-06,61.22937638419016,0.2406208500975654,0.9303165078163148,7.660799980163574,4050.802728562128,0.0558630187241804,0.0558630192563647
94,train,0.5011760752688172,0.9495554790701918,0.4162008796007402,0.2636096960594577,0.2573337217252101,0.4162008777581235,0.5342865957207578,0.1532846575863258,18.964515506580312,0.2174646265564426,0.2174646311229275,4707.159529409101,27.988328228714646,4716.342617767025,1e-06,,0.2368922709457336,0.9288682639598846,65.4199104309082,4707.159862231183,0.0536430170659416,0.0536430167855434
94,val,0.5130952383790698,0.9326670510428292,0.4110958576202392,0.2651237838325046,0.3283663349492209,0.4110958547819228,0.5165351437670844,0.2078589151302973,41.4656241280692,0.2132597700470969,0.2132597700470969,4035.972563244048,61.22036398024786,4056.492168264678,1e-06,61.22036398024786,0.2420580231008075,0.9302523874101184,7.804847002029419,4035.972481863839,0.056733410628069,0.0567334115150428
95,train,0.5017137098056014,0.948956599318853,0.4158205033470226,0.2632911226121328,0.2572583716402771,0.4158205041481602,0.5304461438008534,0.1519837535276848,17.833090992384058,0.2176624579775718,0.2176624623037153,4548.915781944029,27.082865438153668,4557.896495071565,1e-06,,0.2375665790932153,0.9286428414365296,68.46004128456116,4548.91578378985,0.0535053865964053,0.0535053865964053
95,val,0.5130952383790698,0.9441955770765031,0.411761048294249,0.2600107803231194,0.3146663904190063,0.4117610454559326,0.5264811196497509,0.2108247478802999,41.10500608171736,0.2150466967196691,0.2150467038154602,3991.247116815476,60.850586845761256,4007.4677911931817,1e-06,60.850586845761256,0.2412299088069371,0.9301848667008537,8.180934429168701,3991.247151692709,0.0564900948887779,0.0564900945339884
96,train,0.5016465054083896,0.9450518560986364,0.4154697582125664,0.2652059016368722,0.2633585195227336,0.4154697602955244,0.5288938545892315,0.1481186248041609,17.76130325050764,0.2172957470500341,0.2172957511358363,4596.111123566987,26.951318525498912,4604.023776954112,1e-06,,0.237515997341884,0.928599258263906,66.06158208847046,4596.111455240557,0.0538454113868615,0.0538454109462358
96,val,0.5130952383790698,0.9325028515997388,0.4088757804461888,0.2646419725247791,0.3344676558460508,0.4088757747695559,0.5115117295866921,0.2094240979779334,41.78626950581869,0.2186102114972614,0.2186102200122106,4076.067830403646,61.53014718918573,4100.087844756155,1e-06,61.53014718918573,0.2435767444826307,0.9299975917452856,7.704178333282471,4076.0679059709823,0.0558241029225644,0.0558241023903801
97,train,0.5009744623976369,0.9479976097742716,0.4162109188975826,0.2648227706711779,0.2588853818434541,0.4162109197788341,0.5288240338365237,0.1528201217372571,17.93457148152013,0.2177021988136794,0.2177022035403918,4436.072261974376,26.798106203797044,4444.413336263843,1e-06,,0.2377150882315892,0.9285400759789252,65.70544648170471,4436.072598118936,0.0537832226924678,0.0537832227124962
97,val,0.5130952383790698,0.9489409866787138,0.4127755207674844,0.2587312616053082,0.3108049687885102,0.4127755165100097,0.5311826673291978,0.2179720902017184,41.05533672514416,0.2143504165467761,0.2143504179659344,4029.963181268601,61.13287353515625,4050.292703894413,1e-06,61.13287353515625,0.2401265431018102,0.931041541553679,7.784909963607788,4029.9632393973216,0.0572920759164151,0.0572920764485994
98,train,0.5011760752688172,0.9466100222961876,0.4158042094880534,0.2645531819872959,0.2595893857620096,0.4158042087670295,0.5291185671043012,0.1509859439746667,17.775696595509846,0.2175783008657476,0.2175783067140528,4444.357253454064,26.82964858188424,4453.046864046552,1e-06,,0.2372883273068294,0.9288669930350396,64.65281200408936,4444.357255833123,0.0537155144998142,0.0537155147201271
98,val,0.5130952383790698,0.939567140170506,0.4120052612963177,0.2625994561683564,0.3200011239165351,0.4120052641346341,0.5229713249774206,0.2093288834605898,41.28305262611026,0.2148452656609671,0.2148452713375999,3995.856166294642,61.06248692103794,4009.805522017045,1e-06,61.06248692103794,0.2419678873959042,0.9297974478630792,7.64291524887085,3995.856230236235,0.0571182222948187,0.0571182217626344
99,train,0.5020161290322581,0.949150211388065,0.4158462566393678,0.2641881471199374,0.2576651347260321,0.415846257600733,0.5272484707335631,0.1499164474186717,17.52495562132969,0.2178687594270193,0.2178687639133904,4536.476412168113,26.22101524824737,4544.625688279277,1e-06,,0.2374745768404776,0.928674320700348,64.56386709213257,4536.47573901761,0.0534978486116855,0.053497848591657
99,val,0.5130952383790698,0.9597601095835367,0.4133967076029096,0.2542892424833207,0.3020898742335183,0.4133967047645932,0.5396867777620044,0.2217669799214317,41.16476104373024,0.2158016782431375,0.2158016789527166,4163.756208147322,61.9464054107666,4178.956569602273,1e-06,61.9464054107666,0.2410672463121868,0.9302855928738912,7.752629280090332,4163.7563244047615,0.0555745471446287,0.0555745482089973
100,train,0.501008064516129,0.9463194017448732,0.415736632161243,0.2650100499071101,0.2618007224093201,0.4157366328822669,0.5281316395648705,0.1498413097754281,18.158510592675977,0.2179784773979135,0.2179784797212129,4613.597100903911,27.31715251040715,4621.917954323509,1e-06,,0.2377707770755214,0.9286337232076992,63.87934732437134,4613.597098524852,0.0540031801548696,0.0540031802349834
100,val,0.5130952383790698,0.9445652053469704,0.4123285795961107,0.2604552528687885,0.3176027770553316,0.4123285866919018,0.5268448875063941,0.2183813261134284,41.60355840410505,0.218008034995624,0.2180080392530986,4101.515037899926,61.71701976231167,4125.5122972893,1e-06,61.71701976231167,0.2410187274217605,0.930521235579536,7.649048328399658,4101.51496233259,0.0558662235382057,0.0558662231834161
101,train,0.5012432795859152,0.9501374014603194,0.4165647737281296,0.2640330071250598,0.2567144939175216,0.4165647730872195,0.5301342483169289,0.1513974120820402,17.81705202082152,0.2183548485239347,0.2183548542120123,4493.210800293953,26.8142772079796,4498.51671175459,1e-06,,0.2377296177450046,0.9286913467991736,65.89452981948853,4493.211138120261,0.0534622669420255,0.0534622668218548
101,val,0.5130952383790698,0.9518455323718844,0.4126736223697662,0.2568168363400868,0.3070823883726483,0.4126736223697662,0.533928571712403,0.214845074784188,41.10704748971121,0.2164212898129508,0.2164212891033717,4065.874936058408,61.35664313180106,4083.696296460701,1e-06,61.35664313180106,0.240998523575919,0.930429376306988,7.588121175765991,4065.87508719308,0.0563270767175016,0.0563270761853172
102,train,0.5012096775475369,0.9458449495735988,0.4156441598810175,0.2655310094036082,0.2636397370407658,0.4156441585991972,0.5289063323088872,0.1498008458524622,18.09011787240223,0.2173731779699684,0.2173731819756569,4679.869477630943,27.043549670968005,4688.30797427399,1e-06,,0.2375598903945697,0.9287112425732356,63.71400833129883,4679.86947537494,0.0540439140812684,0.0540439137207564
102,val,0.5130952383790698,0.9388225901694524,0.4106035629908244,0.2621658345063527,0.3248973141113917,0.4106035658291408,0.5196856373832339,0.2107997898544584,41.38841837928409,0.2171807835499445,0.2171807913553147,4072.762166341146,61.538453238351,4092.2879764441286,1e-06,61.538453238351,0.2424415044841312,0.9301673599651882,7.57400918006897,4072.76220703125,0.0555876167047591,0.0555876174143382
103,train,0.501747311763866,0.9454347268548065,0.4151853185988242,0.2644766099670881,0.2615438796659952,0.415185318999393,0.5264552048137111,0.1503815029257087,17.652791710310083,0.2177495400431335,0.2177495431675706,4528.395324173794,26.75769759762672,4536.747930312237,1e-06,,0.2374578631052407,0.9286829034487406,64.87484431266785,4528.395326880998,0.0533837891954888,0.0533837889551475
103,val,0.5130952383790698,0.9475552496455965,0.4135311586516244,0.260562050200644,0.3141865928967793,0.4135311586516244,0.5299155187039148,0.2153630136024384,41.09336762201218,0.2158808885585694,0.2158808977830977,4023.905500139509,61.15739549909319,4037.6273600260415,1e-06,61.15739549909319,0.2422996283996673,0.9301649360429672,7.922522068023682,4023.9054071335568,0.0561733011688504,0.0561733006366661
104,train,0.5009744623976369,0.9456595265737144,0.4157995868434188,0.2649319315309165,0.2609202812916489,0.415799587484329,0.5284415457037187,0.1476065034186968,17.52607225089945,0.2172402424677725,0.2172402459126647,4585.322178338163,26.783566259568737,4594.313914535985,1e-06,,0.2375958110055615,0.9285539584134216,64.34834861755371,4585.322177353725,0.0536797022226677,0.0536797020624401
104,val,0.5130952383790698,0.940711572056725,0.4094782741296859,0.2618979981967381,0.3263590477761768,0.4094782741296859,0.5172682496763411,0.2064899255832036,41.54657400222052,0.2205543865760167,0.2205543943813868,4123.933262416294,61.84859430222284,4149.461517518939,1e-06,61.84859430222284,0.2438611962965556,0.9300330650238764,7.557058334350586,4123.933256603423,0.056181007197925,0.0561810079075041
105,train,0.5019153225165541,0.9458020407986896,0.4152276495131113,0.2651450661241367,0.2640268667250551,0.4152276520767519,0.5301347705785946,0.1477567084253795,17.75750374537642,0.2172677049072839,0.2172677093936551,4484.428147920999,26.82305901024932,4491.9011426110055,1e-06,,0.2379983910309371,0.9286152678792194,63.558406591415405,4484.428488618584,0.0539043299373119,0.0539043300975394
105,val,0.5130952383790698,0.9425430808748516,0.4122853066240038,0.2624424270221165,0.3194954473347891,0.412285308043162,0.5235657592614492,0.2115116431599571,40.97383244832357,0.2148961417731784,0.2148961481593904,4054.216750372024,61.10865910847982,4068.895040246212,1e-06,61.10865910847982,0.2423891169684273,0.9300588511285328,7.615280389785767,4054.216756184896,0.0578547384412515,0.0578547387960411
106,train,0.5007728495264566,0.946958831241054,0.4160889031425599,0.2649487374771025,0.2625669663952243,0.4160889012198294,0.5316776615637605,0.1475298476195143,18.067966002289968,0.2174625754837066,0.2174625796496227,4469.116724732102,27.187206775911392,4477.607073543048,1e-06,,0.2382592377803659,0.92859201405638,67.02855062484741,4469.116730310584,0.0538388926696072,0.0538388926495787
106,val,0.5130952383790698,0.9425308392161414,0.4114496083486648,0.2601789626337233,0.318062397695723,0.4114496111869812,0.5251368092639106,0.2141708039811679,41.34179469517299,0.2174082866736821,0.2174082923503149,4079.8932524181546,61.57164419265021,4098.972928503787,1e-06,61.57164419265021,0.2419388748350597,0.93018505970637,7.708818674087524,4079.893240792411,0.0547095531863825,0.0547095531863825
107,train,0.5017137098056014,0.943041697304736,0.415190611635485,0.2654071003198623,0.2658640813603196,0.4151906117155988,0.5270247008371097,0.1485731678223738,18.088596708031112,0.2176078065268455,0.2176078125353782,6925.731438462452,27.32013715210781,4547.46507297092,1e-06,,0.2384536600401324,0.92852129731127,64.39867854118347,6925.730772449124,0.0537612157002572,0.0537612157002572
107,val,0.5130952383790698,0.9411452951885404,0.4100896829650515,0.259798587787719,0.319239188517843,0.4100896872225262,0.5224646237634477,0.2114401229080699,41.04100508916946,0.2174025518553597,0.2174025589511508,4017.900390625,61.06973066784087,4039.6948478929926,1e-06,61.06973066784087,0.2428028264216014,0.9298352230162849,7.719722032546997,4017.900123232887,0.0552793654302756,0.0552793645433017
108,train,0.5017137098056014,0.9441960925056088,0.41532828867115,0.2651596308876109,0.2621808101733525,0.4153282887512637,0.5277944173543684,0.1462602832464761,17.497194605488932,0.2176058806719318,0.2176058837162551,4525.505386885777,26.321943657372582,4534.5113751960525,1e-06,,0.2382396539693237,0.928430914237935,64.7903687953949,4525.505724178847,0.0539602276178136,0.0539602279983541
108,val,0.5130952383790698,0.9410734119869414,0.4114005381152743,0.261980522956167,0.3222152853295916,0.411400542372749,0.5222264847585133,0.2098227881249927,41.27512468610491,0.2168887924580347,0.2168887967155093,4077.4028901599695,61.45174135480608,4095.480455433239,1e-06,61.45174135480608,0.2429475372745877,0.930032403696151,7.695759534835815,4077.4029366629466,0.0558075214780512,0.0558075227198146
109,train,0.5013440860215054,0.9451098031895137,0.4154896503815087,0.2650117157127267,0.2621170789484054,0.4154896492999728,0.5312503531414975,0.145961932517508,17.99955944348407,0.2178047485249017,0.217804752931159,4461.25594001688,26.68043055585636,4470.235297041871,1e-06,,0.2381361774218979,0.9284555184584792,64.37452626228333,4461.255938950405,0.0537681470635116,0.0537681474841089
109,val,0.5130952383790698,0.923004116330828,0.4094480957303728,0.2683312162047341,0.3387347821678434,0.4094480985686892,0.5074989639577412,0.2004042789340019,42.16066215151832,0.2135345148188727,0.2135345190763473,4098.148367745535,61.851168677920384,4116.547446141099,1e-06,61.851168677920384,0.2450427164634069,0.9292561837605068,7.668029308319092,4098.1484781901045,0.0570518399278322,0.0570518399278322
110,train,0.501377688300225,0.9442889982013292,0.4152238266041843,0.2649181962654154,0.2617990871270497,0.415223825642819,0.5259158038283869,0.1453709348395306,17.653251142912012,0.2178291173711899,0.2178291216973335,4465.26965596599,26.38383040120525,4474.076377863515,1e-06,,0.2380762475953307,0.9285517642574924,65.29629254341125,4465.269656458208,0.0537220054175905,0.0537220056579318
110,val,0.5130952383790698,0.9484538038571676,0.4119997294176192,0.2590241879224777,0.3149768071515219,0.41199972090267,0.528406981201399,0.212258480489254,41.01622299920945,0.2176393965880076,0.2176394043933777,4077.7484247116818,61.43361436753046,4094.0667332504736,1e-06,61.43361436753046,0.2421842572234925,0.9300767353602818,8.018180847167969,4077.748285202753,0.0558135594640459,0.0558135594640459
111,train,0.5012096775475369,0.9427103536423816,0.4151997010233582,0.266130326015334,0.265770532431141,0.4151997017443821,0.5256569774881485,0.1426564718005798,17.19892595916666,0.2174134763178005,0.2174134822462194,4427.68318775136,26.04724932742376,4436.363241176413,1e-06,,0.238820686055127,0.928196350412984,66.89712619781494,4427.683530992077,0.0538903037386555,0.0538903035984564
111,val,0.5130952383790698,0.944466939994267,0.4108607570330302,0.2606147201288314,0.3197981445562272,0.4108607612905048,0.5228385002840132,0.2112930048079717,41.12679781232561,0.2185273731038683,0.2185273731038683,4052.7377115885415,61.23277355375744,4072.538868667141,1e-06,61.23277355375744,0.2436348788795017,0.9300743284679596,7.720922470092773,4052.737752278646,0.0553534818547112,0.0553534838060537
112,train,0.5009408602791448,0.9467117188758748,0.4160181529900079,0.2651071470751557,0.2616547793149948,0.4160181532303492,0.5293323229397496,0.1449279854454661,18.03151953604913,0.2173547410676556,0.2173547460347093,4476.313370161159,26.83879470312468,4484.779001584037,1e-06,,0.238396306271835,0.9285362279543312,65.36980938911438,4476.313036354639,0.0537996972680732,0.0537996966271631
112,val,0.5130952383790698,0.9275071138427372,0.4109757372311183,0.2679397747630164,0.336230483793077,0.4109757400694347,0.5119773965506327,0.2023932692550477,41.92032741364979,0.214029991200992,0.2140299968776248,4101.946626209077,61.70931007748558,4121.344386245265,1e-06,61.70931007748558,0.2444583709750856,0.9294352673348928,7.642409563064575,4101.9467366536455,0.0558205635419913,0.0558205621228331
113,train,0.501747311763866,0.9423028616815484,0.4152318833656208,0.2658245364824931,0.2652388062047702,0.41523188504801,0.5271689359859754,0.1458466918237747,18.16759838852831,0.2173833705244525,0.21738337557162,4476.946334182575,26.84358185081072,4484.647985469934,1e-06,,0.238390176446848,0.9285779771625354,64.51758003234863,4476.946335823305,0.0541069578098994,0.0541069575295012
113,val,0.5130952383790698,0.9423140968595232,0.4123605447156088,0.2609538755246571,0.3185761868953705,0.412360539038976,0.5264628650177092,0.2109451719692775,41.15140524364653,0.2154885913644518,0.2154885934931891,4107.567600795201,61.55520520891462,4127.852888257576,1e-06,61.55520520891462,0.2418519953886667,0.9306280612945556,7.68002724647522,4107.567551385789,0.0560541596441041,0.0560541596441041
114,train,0.5007728495264566,0.9458927138838716,0.4158630640276016,0.2651611907027101,0.2628836811229746,0.4158630616241885,0.530647170719921,0.1435048615820305,17.827695636339087,0.2177212387323379,0.2177212431385952,4566.76651107624,26.78263158695672,4575.891348297428,1e-06,,0.2386840605126914,0.928482178718813,65.67411303520203,4566.766511896605,0.0538872495213503,0.053887249461265
114,val,0.5130952383790698,0.9359279416856312,0.4103442430496216,0.2632106258755639,0.328083608122099,0.4103442416304633,0.5176403430246171,0.2095027136660757,40.99413880847749,0.2137971023718516,0.2137971080484844,4101.876685732887,61.49333635965983,4126.080949633049,1e-06,61.49333635965983,0.2429902837389991,0.9301133837018696,7.510382890701294,4101.876650855655,0.0563657700660682,0.0563657693564891
115,train,0.5006720430107527,0.9445456540392292,0.4152681104918962,0.266117490908151,0.2677879367945014,0.4152681101714411,0.5262309616451623,0.1418684370895867,18.345193901369647,0.2177747378265986,0.2177747444760414,4500.452037975352,27.321541929757725,4509.326942675041,1e-06,,0.2386601790785789,0.9285407156072636,65.86455249786377,4500.452367680047,0.0540476180012187,0.054047617921105
115,val,0.5130952383790698,0.9336860321816944,0.410881241162618,0.2653982440630595,0.3324046220098223,0.4108812454200926,0.5153971293142864,0.2093045243195125,41.56056358700707,0.2181501601423536,0.2181501693668819,4116.349958147322,61.7531244187128,4136.509783380682,1e-06,61.7531244187128,0.2438870888380777,0.9299366275469462,7.601012945175171,4116.349963960193,0.0553384588233062,0.0553384598876748
116,train,0.5013104839030132,0.9445799303952084,0.4156501287574409,0.2658690622737331,0.2649955319300774,0.415650129077896,0.5268531589097875,0.1415256480936722,17.411578588588263,0.217906496858084,0.2179065018251378,4500.176774876092,26.190538852445545,4508.184397523412,1e-06,,0.2385383305209939,0.9285813685386411,64.4577693939209,4500.176444351032,0.0539730855774494,0.0539730855974779
116,val,0.5130952383790698,0.9481560162135532,0.412090961422239,0.259595818462826,0.3172977169354756,0.4120909600030808,0.5277374060381026,0.2109932275045485,40.81572995867048,0.219810746255375,0.2198107490936915,4082.345040457589,61.42456072852725,4099.625535629735,1e-06,61.42456072852725,0.2437674687022254,0.929950495560964,7.607851982116699,4082.344982328869,0.0549720048549629,0.0549720037905942
117,train,0.5011760752688172,0.9415342724451454,0.4148767302914332,0.2657276637131168,0.2656031272584392,0.4148767287692716,0.525664945884097,0.1355891557790899,17.48926470356603,0.2180627037280349,0.2180627076536096,4532.061293530208,26.21285379573863,4540.859534636732,1e-06,,0.2385024497265457,0.928337198431774,66.06302952766418,4532.060625527494,0.0538010388732917,0.0538010387130642
117,val,0.5130952383790698,0.9375660845211574,0.4103934097857702,0.260954914348466,0.3219813747065408,0.4103934041091374,0.5216612368822098,0.2040077894926071,41.392793382917134,0.2157489409049352,0.2157489480007262,4115.971732003348,61.83609299432664,4140.066675544507,1e-06,61.83609299432664,0.2420960473162787,0.9301768087205432,7.522860765457153,4115.971755254836,0.0567158237099647,0.0567158235325699
118,train,0.5012096775475369,0.9423813113281804,0.41504571346506,0.265626444291043,0.265212330206107,0.4150457132247186,0.5259345848794266,0.1363066467306306,17.644318237099597,0.2185825581351916,0.2185825619005388,4451.846446293656,26.470004394490232,4460.021770479863,1e-06,,0.2388462703875316,0.928274820889196,65.58553171157837,4451.846107770038,0.0536766019199163,0.0536766019399448
118,val,0.5130952383790698,0.9453592016583398,0.4125265365555173,0.2600171856936954,0.3165077964464823,0.4125265408129919,0.5284227416628883,0.2052394066538129,40.94122205461775,0.2180650106498173,0.2180650198743456,4075.114362444197,61.48222060430618,4088.823743785512,1e-06,61.48222060430618,0.2443644794679823,0.929580012957255,7.7231245040893555,4075.114298502604,0.0551118433830283,0.0551118424960545
119,train,0.5009408602791448,0.9439017194253142,0.4154673446250218,0.2653906335753779,0.2647685286819294,0.4154673456665008,0.5261767172525006,0.1377742836472167,17.50044196395464,0.218678630568007,0.2186786340930128,4381.557850950508,26.29534593705208,4390.367942239781,1e-06,,0.2390965854608884,0.9283021339165268,63.8891179561615,4381.557521820068,0.0539332360069277,0.0539332361871837
119,val,0.5130952383790698,0.9416386343183972,0.4112190859658377,0.2617285067126864,0.321946613845371,0.4112190859658377,0.5222031566358748,0.2074510164204098,40.84239587329683,0.2178778336161659,0.2178778314874285,4065.644507998512,61.42719850086031,4084.83047022964,1e-06,61.42719850086031,0.2435990337814603,0.9302517289207096,7.623085975646973,4065.644566127232,0.055590803601912,0.0555908032471225
120,train,0.5015120967741935,0.9416094332612972,0.4150487893531399,0.2665700871617563,0.2670977574683005,0.4150487899940501,0.527248483992392,0.1331931736760883,17.338114443645683,0.218339852267696,0.2183398561131569,4356.847656988329,26.141450753775977,4365.558942903975,1e-06,,0.2393344755294502,0.92824960331763,64.07020378112793,4356.847656660182,0.0539080325754419,0.053908032715641
120,val,0.5130952383790698,0.945260836964562,0.4117992917696635,0.259614891239575,0.3161478468350002,0.4117992903505053,0.5273277674402509,0.2048013536703019,40.861378442673455,0.2185394664605458,0.2185394650413876,4040.4898216610864,61.22106116158621,4057.431963186553,1e-06,61.22106116158621,0.2429326935893013,0.9301517208417256,7.609319686889648,4040.489810035342,0.0560385623858088,0.0560385618536245
120,val_periodic_epoch_120,0.5130952383790698,0.945260836964562,0.4117992917696635,0.259614891239575,0.3161478468350002,0.4117992903505053,0.5273277674402509,0.2048013536703019,40.861378442673455,0.2185394664605458,0.2185394650413876,4040.4898216610864,61.22106116158621,4057.431963186553,1e-06,,0.2429326935893013,0.9301517208417256,7.396071434020996,4040.489810035342,0.0560385623858088,0.0560385618536245
121,train,0.5017137098056014,0.9424516359965006,0.4151071163435136,0.2659889977144938,0.2653968990329773,0.4151071156224897,0.5275451397543313,0.132601654497526,17.701031805366597,0.2182719242829148,0.2182719288493997,4392.709971274099,26.45758338641095,4401.528514011781,1e-06,,0.2390278520122651,0.9283860777654956,64.37873387336731,4392.7103130791775,0.0541107084762345,0.0541107084962629
121,val,0.5130952383790698,0.938354662486485,0.4103536634218125,0.2632200334753309,0.3295355339845021,0.4103536563260214,0.5174443679196494,0.2034547293470019,41.24578257969448,0.2198549608389536,0.2198549658060073,4135.218674432664,61.87999979654948,4156.356710168087,1e-06,61.87999979654948,0.2449333681946709,0.9297717213630676,7.450339078903198,4135.218581426711,0.0559911598407086,0.055991160372893
122,train,0.5015120967741935,0.944158871007222,0.4153242086370786,0.2652144196533387,0.2646365448512057,0.4153242071149169,0.5296820708179987,0.1314159661371221,18.005779517594203,0.2189043169060061,0.2189043218730598,4524.689549681961,27.035271444628314,4533.449445217146,1e-06,,0.2391060460158573,0.9283902686770245,64.67101621627808,4524.689884144773,0.0539490487827088,0.0539490488628226
122,val,0.5130952383790698,0.9368070903278533,0.409962222689674,0.2626619417042959,0.3274887622821898,0.4099622255279904,0.5175839882521402,0.2015055673463004,41.152899787539525,0.2204344081027167,0.2204344144889286,4080.0766252790177,61.58594640096029,4101.60430279356,1e-06,61.58594640096029,0.2449536231302079,0.9295540026256016,7.961294174194336,4080.076590401786,0.0552845662903218,0.0552845668225061
123,train,0.5012096775475369,0.9426223505889216,0.4152299194566665,0.26593112400783,0.2675575958464735,0.4152299177742773,0.5249518236966544,0.129605813612861,18.11986276154877,0.2186385071085345,0.2186385123960433,4600.164450819774,27.33986008551813,4608.799955055931,1e-06,,0.2388899708467145,0.928544549531834,64.3833441734314,4600.164101631411,0.0537581841150919,0.0537581835542955
123,val,0.5130952383790698,0.9319952187084016,0.4102370554492587,0.2650252821899596,0.3306202476932889,0.4102370554492587,0.514513897044318,0.200602521498998,41.063276654198056,0.216800481790588,0.2168004810810089,4010.5230160667775,61.06998761494955,4032.538522431345,1e-06,61.06998761494955,0.2443127227681023,0.9296772224562508,7.525454998016357,4010.523027692522,0.0558950778629098,0.0558950782176994
124,train,0.5006720430107527,0.9418995591901964,0.4152074513095681,0.2666762554517356,0.2703253237470504,0.4152074513095681,0.527271423969538,0.1287584345667592,17.849054226311303,0.2186728767169419,0.2186728824050196,4525.164858254053,26.76918674284412,4532.42014558837,1e-06,,0.2393692243163303,0.9282915649875518,63.99632430076599,4525.165204653176,0.0540359263378445,0.0540359262777592
124,val,0.5130952383790698,0.9410542107763744,0.4114080241748264,0.2611879933448064,0.3195707805099941,0.4114080227556683,0.5234922844739187,0.2001983267920357,41.16624850318546,0.2184474489518574,0.2184474524997529,4041.222144717262,61.36696261451358,4062.6496537642047,1e-06,61.36696261451358,0.2431248199372064,0.9300195404461452,7.680328845977783,4041.2222028459823,0.0558245788727487,0.0558245795823278
125,train,0.5005376344166135,0.9449420302144944,0.4159250508553238,0.2660993180608236,0.26717172010291,0.4159250510155514,0.530142689223892,0.1279132323519837,18.947897423980056,0.2183411337675586,0.2183411388948399,4646.849951918407,27.745647122783044,4613.713195430872,1e-06,,0.2397557845519435,0.9282414890745636,63.97228693962097,4646.84961126184,0.0543144484080614,0.0543144483079192
125,val,0.5130952383790698,0.9381366457257952,0.4105735378605978,0.2629962669951575,0.3268865190801166,0.410573532183965,0.518132087730226,0.2050340104670751,41.16975030444917,0.2192472652310416,0.2192472701980954,4077.5153081984745,61.44213031587147,4098.161337002841,1e-06,61.44213031587147,0.2449470744246528,0.929617927187965,7.625644683837891,4077.5153198242174,0.0550052665528797,0.0550052660206953
126,train,0.5013440860215054,0.9456830133673966,0.4154558935633269,0.2652765055817942,0.2638664971436223,0.4154558945246922,0.5284395696975852,0.1267155773777474,17.03536763755224,0.2193137759002306,0.2193137803064879,4489.112681932347,25.88400192158197,4497.702229571101,1e-06,,0.2390986516751269,0.9283301955269228,64.99688005447388,4489.112680127544,0.0535508164915666,0.0535508160309125
126,val,0.5130952383790698,0.9523963559241522,0.4130526199227288,0.2578487183366503,0.3112800866365433,0.4130526213418869,0.5329610378969283,0.2006837725639343,41.00674747285389,0.2209173632519585,0.2209173746052242,4081.801281156994,61.49646995181129,4095.8404296875,1e-06,61.49646995181129,0.2442492431118375,0.929697939327785,7.568745136260986,4081.801281156994,0.0546035314244883,0.0546035317792778
127,train,0.5011760752688172,0.939616939393423,0.414787972245806,0.266789158906347,0.269653447693394,0.4147879726463748,0.5210830645375354,0.1240703193771262,17.72535793242916,0.2196593055481552,0.2196593115566879,4544.649046785088,27.27711099193942,4552.679791773529,1e-06,,0.239082678351351,0.928218525263571,64.55606031417847,4544.649049369238,0.0535804489927907,0.0535804487925062
127,val,0.5130952383790698,0.9436102651414418,0.4124314103807722,0.2607238122395107,0.317190211443674,0.4124314103807722,0.5271179974079132,0.2018503025174141,41.16249665759859,0.2162469625473022,0.2162469689335142,4137.790190197173,61.78917948404948,4156.876491477273,1e-06,61.78917948404948,0.24212318445955,0.9304721185139248,7.563040971755981,4137.790056501116,0.0576859426995118,0.0576859426995118
128,train,0.5010752687531133,0.93945389088764,0.4143689962164048,0.2661029891140999,0.269217473845328,0.4143689969374287,0.5232947972272673,0.120058787846437,17.440830904950378,0.2198494180075584,0.2198494221734744,4385.372081161827,26.27022852948917,4393.624143514408,1e-06,,0.2396747885692504,0.928256449519947,63.54823660850525,4385.372419418827,0.0541092033988686,0.0541092033588117
128,val,0.5130952383790698,0.9278033546039036,0.4088968961011796,0.265904738789513,0.3365200346424466,0.4088968932628631,0.5097524509543464,0.1964838327396483,41.21494983491444,0.2164953414882932,0.2164953450361887,4086.8736514136895,61.39435522896903,4111.396326053504,1e-06,61.39435522896903,0.2440332578761237,0.9300206615811304,7.6013524532318115,4086.8736107235854,0.0566128726516451,0.0566128728290398
129,train,0.5015793010111778,0.9402749896530184,0.4148170827056772,0.2671465186342116,0.2700776509059372,0.4148170822249946,0.5247000311250969,0.1169637223325109,17.40984259882281,0.2198073034004498,0.2198073091686412,4418.290787973711,26.03645690794914,4427.208840053571,1e-06,,0.2394992991961458,0.9282818773100452,64.72605586051941,4418.291117063132,0.0542738021862122,0.0542738023464397
129,val,0.5130952383790698,0.9303383571760996,0.4096233589308602,0.2648918621596836,0.3333265128589812,0.4096233560925438,0.5132338383368084,0.1973928968821253,41.39954621451242,0.2221104829084305,0.2221104857467469,4111.922316778274,61.69146946498326,4135.766466915246,1e-06,61.69146946498326,0.2456288096450624,0.929472540106092,7.722711801528931,4111.922398158482,0.054043720520678,0.0540437206980728
130,train,0.5014112902584896,0.9424467488963116,0.414656968086317,0.2663873353151865,0.2691009515716183,0.4146569704897301,0.5249577928534759,0.1191919748420997,17.431547446917463,0.220215319946248,0.2202153243525053,4455.468648356776,26.48433022345266,4463.450140565815,1e-06,,0.2390781656228086,0.9285548018511904,63.46332669258118,4455.468639742943,0.054019754131635,0.0540197542518056
130,val,0.5130952383790698,0.9401444991429648,0.4108108239514487,0.2614025452307292,0.3219472517569859,0.4108108196939741,0.5215919436443419,0.1990108340978622,41.2454465230306,0.220446507136027,0.220446514231818,4101.039678664434,61.555487678164525,4124.922910748106,1e-06,61.555487678164525,0.2426376654988243,0.9303274268195744,7.566449403762817,4101.039818173364,0.0559100350808529,0.0559100345486686
131,train,0.5006048387737685,0.941597776547555,0.4153812658242,0.2668216037013197,0.2690086079541073,0.415381264061697,0.5286273696730214,0.1180201041642376,17.568994101657662,0.2201277179423199,0.2201277218678946,4759.045463849139,26.119894120001025,4768.466528443616,1e-06,,0.2397565582907328,0.9283357900316996,63.792930126190186,4759.04546807402,0.0541380207625127,0.0541380208025696
131,val,0.5130952383790698,0.9393041360945928,0.4100296965667179,0.2615999551046462,0.3254421977769761,0.4100296923092433,0.5193615094536826,0.196803759251322,41.10832214355469,0.222338488414174,0.2223384948003859,4133.578319731213,61.67501113528297,4154.970559599906,1e-06,61.67501113528297,0.2449291795492172,0.9298612759226844,7.43019437789917,4133.578357514881,0.0547189639792555,0.054718963624466
132,train,0.5013440860215054,0.9401406511183708,0.4148757415272856,0.2670964971985868,0.2706097891574265,0.4148757405659204,0.5213710158582656,0.1145178526639938,17.301535360274777,0.2208995449767317,0.2208995495432166,4424.756695614066,26.37920022779896,4431.9551283094615,1e-06,,0.239460261278255,0.9282955578578416,65.11708188056946,4424.75736970799,0.0535301938052139,0.053530194265868
132,val,0.5130952383790698,0.9346188477107455,0.410104330096926,0.2630222546202795,0.3277964783566339,0.4101043329352424,0.5173254240126837,0.1963654731710752,41.10560862223307,0.2197575476907548,0.219757556205704,4092.592087518601,61.528474898565385,4111.200890743371,1e-06,61.528474898565385,0.2436619876396088,0.9299362301826476,8.15391230583191,4092.592011951265,0.0567489049973942,0.0567489041104203
133,train,0.5018817205582896,0.9406563706936376,0.4149033572244388,0.2667145278024417,0.2700016194133348,0.4149033586664866,0.5245700952026152,0.1139290301549819,17.53224513094912,0.2208686752184744,0.220868681627576,4450.758482533117,26.437725185066142,4459.146372025101,1e-06,,0.2394312144287171,0.92831967466621,65.02978706359863,4450.758814575852,0.0539664149044021,0.0539664149044021
133,val,0.5130952383790698,0.9382790724436442,0.4108439144634065,0.2631357865674155,0.3258078282787686,0.4108439158825647,0.5188471355608532,0.1963878387496584,41.19342940194266,0.2236772718883696,0.2236772775650024,4038.119849795387,61.27333359491257,4056.04980024858,1e-06,61.27333359491257,0.2462392903509594,0.9291361513591948,7.492352485656738,4038.119910830543,0.0554085313564255,0.0554085320660046
134,train,0.5008400537634409,0.9441324395518148,0.4154137125419032,0.2659419612378202,0.2671132099724585,0.4154137128623583,0.5282417469688,0.1131607781174362,17.67207290792978,0.2215388290664201,0.2215388349948391,4494.3150329794935,26.36532385631274,4501.498858806983,1e-06,,0.2398702229863853,0.9282838481087838,65.26016235351562,4494.315371236494,0.0539565940377532,0.0539565941979808
134,val,0.5130952383790698,0.9421438631557284,0.4114687627270108,0.261212618578048,0.3198837744338171,0.4114687598886944,0.5237586327961513,0.1937629928191503,40.77117838178362,0.219875713899022,0.2198757217043922,4072.5345284598216,61.315184820266,4091.410301254735,1e-06,61.315184820266,0.2438021139020011,0.929774352482387,7.565852403640747,4072.534447079613,0.0565709393648874,0.0565709386553083
135,train,0.5011760752688172,0.940367387667779,0.4147765904024083,0.2666780533649588,0.2728133769605749,0.4147765886399053,0.52226873527291,0.1115704160383952,18.07066358802139,0.2221128573661209,0.2221128624132884,4430.057457175306,26.77190633999404,4438.514503453316,1e-06,,0.2396768253016215,0.9283274623655504,65.55711722373962,4430.057446059361,0.0538424103050142,0.0538424102449288
135,val,0.5130952383790698,0.9471937616666158,0.4127094206355867,0.2596465001503626,0.3166845511822473,0.4127094220547449,0.5292011761949176,0.1965528385979788,41.120206742059615,0.2230768295980635,0.2230768324363799,4133.748209635417,61.74054536365328,4148.836032196969,1e-06,61.74054536365328,0.2442756217150461,0.9295832571529208,8.233688831329346,4133.748122442336,0.0549855663308075,0.0549855670403866
136,train,0.5015456990529132,0.9405734745725508,0.4151109924880407,0.2675975255107367,0.2706413607123077,0.4151109918471306,0.5212111390165745,0.1140419335695364,17.352021786474413,0.2222179518912428,0.2222179553361349,4537.870166327364,26.00853363160164,4545.672508203783,1e-06,,0.2389969462028113,0.928640737008023,65.51654982566833,4537.870164891725,0.0539420863953969,0.0539420861149987
136,val,0.5130952383790698,0.9496865073839824,0.4122108660993122,0.2583493895473934,0.3141066871938251,0.4122108689376286,0.5299067979767209,0.1962246100107828,41.1428040095738,0.222037544562703,0.2220375459818613,4170.701334635417,62.11601893107096,4192.134833688447,1e-06,62.11601893107096,0.2442272617703392,0.930049050421942,7.847744464874268,4170.701317196801,0.0548536891028994,0.054853689457689
137,train,0.5011424731503251,0.937754703946011,0.4146290822855888,0.2677697649886531,0.2726213311155637,0.4146290828463851,0.5195635608848064,0.1096480030326112,16.843089360062795,0.2229230709133609,0.2229230735571153,4400.348236863331,25.612373203359624,4409.078818406641,1e-06,,0.2400259212140114,0.9282468425971204,65.47052788734436,4400.348572105489,0.0540859940591999,0.0540859943596265
137,val,0.5130952383790698,0.9319808426357452,0.4098840313298361,0.2646189161709377,0.3310331758998689,0.4098840284915197,0.5143908659617106,0.1941628360322543,41.43062255496071,0.2222784147376106,0.2222784154471896,4098.79607282366,61.670227232433504,4117.92294921875,1e-06,61.670227232433504,0.2442166273083005,0.9302733483768644,7.569554805755615,4098.796107700893,0.0567722510369051,0.0567722508595103
138,train,0.5008400537634409,0.938780118220596,0.4146453251120864,0.267304676114231,0.2730598694855167,0.414645325272314,0.5214481144662826,0.1099888623682081,17.504148570440147,0.2228966208715592,0.2228966239158825,4467.465600700789,26.295001070986512,4476.211989154238,1e-06,,0.240101502547341,0.9282263962812322,63.50664258003235,4467.465265089466,0.053976006545527,0.0539760066656976
138,val,0.5130952383790698,0.9345983720961072,0.4108299187251499,0.2646552863575163,0.330312784229006,0.4108299130485171,0.5165097848290489,0.1943696077380861,41.32459876650856,0.2225496428353446,0.2225496506407147,4128.560959588914,61.81966127668108,4149.449650804924,1e-06,61.81966127668108,0.2444742513554436,0.9299815155210948,7.551528453826904,4128.560965401785,0.0565532084022249,0.0565532096439883
139,train,0.501377688300225,0.938244462173472,0.4145135204157522,0.2679351760495093,0.2739806194459238,0.4145135198549557,0.5247543503840765,0.1082201568830397,17.409037143953384,0.2234482200395676,0.2234482257276453,4367.747433241978,25.976969493332728,4375.938293354278,1e-06,,0.240322439340494,0.9282469669336914,64.76504945755005,4367.747766187114,0.0539482226094571,0.0539482223891442
139,val,0.5130952383790698,0.9395385498092288,0.4114500454493931,0.2624653010141282,0.3238733992690131,0.4114500411919185,0.5215795678751809,0.1958140496696744,40.84836314973377,0.2222539087136586,0.2222539165190288,4123.444388253348,61.74207887195406,4140.483811257102,1e-06,61.74207887195406,0.2440995928787049,0.9301846736953372,7.822969675064087,4123.44436500186,0.056206909318765,0.0562069089639754
140,train,0.5009744623976369,0.938331677868802,0.4146357092966315,0.2674877956028907,0.2726287221716296,0.4146357077744699,0.5220610859893984,0.1073120591901643,17.06600615542422,0.2238306543359192,0.2238306597836556,4323.695329891738,25.55400528959049,4330.886130757444,1e-06,,0.2401823353382849,0.9281967519431986,65.7605402469635,4323.695671040525,0.0540816343479579,0.054081634127645
140,val,0.5130952383790698,0.9351629075549898,0.4091921264217013,0.2628818516220365,0.3314724656797591,0.4091921207450685,0.5152913736445563,0.1960065598998751,41.31221589587984,0.2273280847640264,0.2273280876023428,4139.019066220239,61.94491159348261,4166.55565814394,1e-06,61.94491159348261,0.2455381871688933,0.9297065507797968,7.687581539154053,4139.01901390439,0.0551754850007238,0.0551754858876977
141,train,0.5014112902584896,0.9375752409299216,0.4143446899389708,0.2676175607628719,0.2734393941298608,0.4143446880162403,0.5190031945465072,0.1075414476054971,17.023145650022773,0.2241502952992275,0.2241503001861675,4420.558220278832,25.846250313584523,4429.151006545763,1e-06,,0.2400559685243073,0.928308626336436,65.00625228881836,4420.557886923513,0.0537625835827922,0.0537625837830766
141,val,0.5130952383790698,0.9427449646450224,0.4123214100088392,0.2613023966550827,0.316845233241717,0.4123214100088392,0.5260783902236393,0.1934713323911031,40.650626954578215,0.2212572906698499,0.2212572949273245,4009.322849818639,60.94731730506534,4026.714235617898,1e-06,60.94731730506534,0.2425960025617054,0.9303282357397532,7.6605823040008545,4009.322922479538,0.0575824896139757,0.0575824899687653
142,train,0.5014112902584896,0.9380059200589376,0.4143524516814498,0.2675624985688476,0.2740330464577162,0.41435245232236,0.5211434548580518,0.1064397052571337,16.821190482826644,0.224225252866745,0.2242252574332298,4448.072127229424,25.520683591083813,4454.479890745015,1e-06,,0.2405000633449964,0.9282062021634911,64.30544567108154,4448.0721273114605,0.0541472805924313,0.0541472807726872
142,val,0.5130952383790698,0.9088510700634548,0.4081039669967833,0.2747580671594256,0.3581735945883251,0.408103965577625,0.4943784709487642,0.2014256843498774,42.408068339029946,0.2172817304020836,0.2172817346595582,4138.7226969401045,62.26475379580543,4160.308432469224,1e-06,62.26475379580543,0.2498088088773545,0.9278888475327264,7.731642961502075,4138.722638811384,0.057678372377441,0.0576783718452567
143,train,0.5020833332692424,0.937873782329662,0.4142398430054547,0.2675477351232241,0.273779501757955,0.4142398431656822,0.5235449043653344,0.1068229556524305,17.210185494474185,0.2244469384833048,0.2244469433702448,4536.061158128964,25.957994327750257,4538.987787831111,1e-06,,0.2404608562268236,0.9281570741566278,66.73991560935974,4536.061153124738,0.0541580663092674,0.0541580662291537
143,val,0.5130952383790698,0.932139257589976,0.4108927576314835,0.2661260245811371,0.3317623578366779,0.4108927547931671,0.5145919947397142,0.1944357146109853,41.2101313273112,0.2241455195915131,0.2241455231394086,4069.6136067708335,61.44077246529715,4083.6108753551134,1e-06,61.44077246529715,0.245975795955885,0.9295657731237864,7.549427509307861,4069.6136532738096,0.0562141095953328,0.0562141101275171
144,train,0.5008064516449487,0.9351888925478022,0.4143360668132382,0.2690580166796202,0.2791437950506005,0.4143360650507353,0.5212748741070109,0.1039942287869991,17.01964654717394,0.2249528421990333,0.2249528458842667,4559.629177011469,25.52695565582604,4568.425208793666,1e-06,,0.2401313478107093,0.9283450595153276,65.10407757759094,4559.6295098745695,0.054179709725162,0.0541797093846785
144,val,0.5130952383790698,0.9337255727677118,0.4096855762458983,0.2641075239295051,0.3316203880877721,0.4096855762458983,0.5144263420786176,0.1935018822550773,41.00644620259603,0.2274278650681177,0.2274278671968551,4121.225260416667,61.76101957048689,4144.140283203125,1e-06,61.76101957048689,0.2460573578164691,0.9296247902370636,7.591378927230835,4121.225184849331,0.0551266334950923,0.0551266320759341
145,train,0.5015120967741935,0.937867758575306,0.4142554267760246,0.2684875081783981,0.2772232636168439,0.4142554277373898,0.5185772566705622,0.1079314132170972,17.50779382131433,0.2251999290079198,0.225199933494291,4337.625273263583,26.134080097239504,4344.4109515565815,1e-06,,0.2403462326494596,0.9282088206019452,65.04456806182861,4337.6252699821225,0.0542464000723695,0.0542463999521988
145,val,0.5130952383790698,0.9320807797568184,0.40994831210091,0.2648896482728776,0.3319027885085061,0.40994831210091,0.5140994354372933,0.1928511868630136,40.78693480718704,0.2243508185659136,0.2243508199850718,4074.252394903274,61.32389068603516,4095.674394827178,1e-06,61.32389068603516,0.2450824287675675,0.9297941128412882,7.823363304138184,4074.2523425874256,0.056567403354815,0.0565674030000255
146,train,0.5020833332692424,0.9346156538494172,0.4138688470727654,0.2689417660717041,0.2775310633643981,0.4138688471528791,0.516888229036203,0.1029552173630524,16.465004331322127,0.2261631649828726,0.2261631687482198,4384.631194371049,25.01509975617932,4392.053537860704,1e-06,,0.2401664164918725,0.9281835014461188,64.79773902893066,4384.631196093816,0.0540338865811786,0.0540338863408373
146,val,0.5130952383790698,0.9422959628559294,0.4111299543153672,0.2619993360269637,0.3225465494961965,0.4111299585728418,0.5214502172810691,0.1927298793480509,40.98068328130813,0.229809868193808,0.2298098781279155,4113.192783900669,61.64090129307338,4130.67870797822,1e-06,61.64090129307338,0.2447157573132287,0.9299093059131076,8.248117208480835,4113.192836216518,0.0565223300031253,0.0565223298257305
147,train,0.5015120967741935,0.9422529075414904,0.4143487789457844,0.2682942578228571,0.278320421454727,0.4143487798270359,0.5228080434664604,0.1043724965864932,17.595975714345133,0.2262520379116458,0.2262520431991546,4491.727839685255,26.35041270717498,4499.358771553425,1e-06,,0.2406112062194014,0.9281247524164056,64.3007185459137,4491.72817619898,0.0539758424725263,0.0539758423122987
147,val,0.5130952383790698,0.9437806634675888,0.4096450010935465,0.2598148385683695,0.3214329779148102,0.4096449996743883,0.5212837273166293,0.1910097105872063,40.63961483183361,0.2333309522696904,0.2333309551080068,4081.8029436383927,61.30424472263881,4097.671198804451,1e-06,61.30424472263881,0.2454055171637308,0.9295257869220916,8.010008811950684,4081.802981422061,0.0560692841453211,0.0560692843227159
148,train,0.5017137098056014,0.9346073821026792,0.4140624876624794,0.2695083252044134,0.2804860534366741,0.4140624877425932,0.5188960761472743,0.1040534756837352,17.53433125506165,0.2261372927215791,0.2261372990505669,4519.764869648923,26.140045391616,4528.616695622402,1e-06,,0.2405293680006457,0.928152129534752,65.73146176338196,4519.764533545382,0.0543159903577899,0.0543159902977046
148,val,0.5130952383790698,0.937386379355476,0.412526459920974,0.2645772766499292,0.3254473549979074,0.4125264613401322,0.5210077684550058,0.1943580376959982,40.83008284795852,0.2254550080923807,0.2254550151881717,4058.697364443824,61.17053931100028,4071.1655140269886,1e-06,61.17053931100028,0.2464740120229266,0.9289493645940508,8.680362701416016,4058.69723656064,0.0551946620856012,0.0551946624403908
149,train,0.501377688300225,0.9352867949393489,0.4140114045591764,0.2687410003235263,0.2774736233135705,0.4140114043188351,0.5188262072461908,0.1047939245579063,16.61913268284131,0.2264829516731282,0.226482956960637,4427.39764494537,25.041179464709373,4435.70994474366,1e-06,,0.2410174864594654,0.9279272899191868,64.17057180404663,4427.39798603263,0.0539700124933514,0.053970012473323
149,val,0.5130952383790698,0.9095296263694764,0.4068264152322496,0.2739301543860208,0.3609752867903028,0.4068264152322496,0.4923485311723891,0.1938858479261398,41.74498476300921,0.2241094602005822,0.2241094573622658,4080.562377929688,61.67557380312965,4103.405859375,1e-06,61.67557380312965,0.2481165790841693,0.9286330086844308,8.0268394947052,4080.562563941592,0.0569686345046474,0.0569686357464109
150,train,0.501008064516129,0.932272655989534,0.4134987297077332,0.2696115623718949,0.2835490983980958,0.4134987292270506,0.5168254739975416,0.1066974421302157,17.164245708014377,0.2263711059606203,0.2263711108475603,4387.54971022247,26.032689448325865,4396.078739461674,1e-06,,0.2410757709094273,0.9278137475572606,63.80737781524658,4387.549381707304,0.0540840137870081,0.0540840134264961
150,val,0.5130952383790698,0.93319837252299,0.4111779176053546,0.2659095249005726,0.3309125304222107,0.4111779190245129,0.5155926141000929,0.1922357529401779,40.75038183303106,0.227051603652182,0.227051602942603,4062.119175502232,61.21061252412342,4082.1358442826704,1e-06,61.21061252412342,0.2454902756781805,0.929671483380454,8.14409351348877,4062.119216192336,0.0557584427297115,0.055758443084501
150,val_periodic_epoch_150,0.5130952383790698,0.93319837252299,0.4111779176053546,0.2659095249005726,0.3309125304222107,0.4111779190245129,0.5155926141000929,0.1922357529401779,40.75038183303106,0.227051603652182,0.227051602942603,4062.119175502232,61.21061252412342,4082.1358442826704,1e-06,,0.2454902756781805,0.929671483380454,7.343023061752319,4062.119216192336,0.0557584427297115,0.055758443084501
151,train,0.5006384408922606,0.931903116485124,0.4136950005126256,0.2699979169554607,0.283375572773718,0.4136949989103501,0.519244424397907,0.1027529154133091,17.328593502762498,0.226834099379278,0.2268341057883796,4362.192601234682,25.839579669378136,4370.20917820786,1e-06,,0.2417061312064047,0.9278398194620686,64.56353116035461,4362.192595902309,0.0545553103770299,0.0545553105973428
151,val,0.5130952383790698,0.929077406724294,0.4080294569333394,0.2661656538645426,0.3407855942135765,0.4080294569333394,0.5070507512206123,0.1935194510789144,41.39644604637509,0.2312751504636946,0.231275160397802,4144.122889927456,61.89948690505255,4164.368764796402,1e-06,61.89948690505255,0.2480844216687338,0.9292960166931152,7.586401462554932,4144.122907366072,0.055868975108578,0.0558689756407624
152,train,0.5016465054083896,0.9324784331744717,0.4136781664865632,0.269798510898185,0.2835765263085724,0.413678164123207,0.516505324231681,0.1035230475808343,17.082151115581553,0.2270697359276074,0.2270697396929546,4447.915193619267,25.689452463580714,4454.864790236348,1e-06,,0.2406558276664826,0.9281400208191204,64.53954648971558,4447.915527466805,0.0540652278890853,0.054065228149455
152,val,0.5130952383790698,0.923672758397602,0.4082419730368115,0.2677342068581354,0.3432372453666868,0.4082419687793368,0.5053387092692512,0.1928855943537893,41.10247384934198,0.2268232447760445,0.2268232440664654,4105.380818684896,61.69619660150437,4128.976524029356,1e-06,61.69619660150437,0.2463083955503645,0.9295093644232976,7.695645332336426,4105.380725678943,0.0563023670443466,0.0563023668669519
153,train,0.5018481182795699,0.929859756301808,0.4130675264343779,0.2705082270086452,0.2863184168774594,0.4130675250724439,0.5145200328320585,0.1015422608382919,16.681669091665615,0.2277008819804396,0.2277008866270383,4243.99203794746,24.98971026430848,4252.155067582564,1e-06,,0.2408522600608487,0.928170040089597,64.88612675666809,4243.991708981093,0.0541890696772644,0.0541890695170369
153,val,0.5130952383790698,0.9281957944234211,0.4093704237824395,0.265435516834259,0.3343015114466349,0.4093704266207559,0.5119505943286986,0.1927688962646893,41.128380548386346,0.224018231743858,0.2240182381300699,4079.6043061755954,61.59034729003906,4101.376969401042,1e-06,61.59034729003906,0.2449643739632197,0.9299078612100512,7.750878095626831,4079.604230608259,0.056611714263757,0.0566117146185466
154,train,0.5017137098056014,0.9284450996627088,0.4126032691008301,0.2704820527985532,0.288574336757583,0.4126032684599199,0.5104642085811143,0.1035554529197754,17.20174870183391,0.2275439958258341,0.2275440017542531,4362.274065284319,25.911121450444703,4369.762597039733,1e-06,,0.24102853799379,0.9281856055541704,66.26212859153748,4362.274409345401,0.0541368024323576,0.054136802452386
154,val,0.5130952383790698,0.9158852242288136,0.4075159913017636,0.2713163672458558,0.3515989922341846,0.4075159913017636,0.4980021942229498,0.1976121866277286,41.62749753679548,0.2240825018712452,0.2240825054191407,4106.5869547526045,61.82603218441918,4128.857106711648,1e-06,61.82603218441918,0.2480984074728829,0.9288880853425888,7.940338611602783,4106.587007068452,0.0575250671023414,0.0575250674571309
155,train,0.5011424731503251,0.9306352684895196,0.4133762784542576,0.2703892676740564,0.2852872911319938,0.4133762792553953,0.5149648679840949,0.1006365030082643,16.871591062955957,0.2277555740488472,0.2277555783749908,4346.007798102594,25.49698847083636,4354.202014016302,1e-06,,0.2407222380561213,0.928181424256294,64.26600766181946,4346.007801260999,0.0539627671642329,0.0539627666635218
155,val,0.5130952383790698,0.9253148635228476,0.4077527735914503,0.2667379634720938,0.3413519256171726,0.4077527750106084,0.5057108359677451,0.1904487695012773,41.10149964832125,0.227984280813308,0.227984287909099,4087.2156691778273,61.50178854806082,4108.724789891098,1e-06,61.50178854806082,0.2464382882629122,0.9293875722658068,7.916706323623657,4087.21573311942,0.0560365042516163,0.0560365060255641
156,train,0.5015456990529132,0.928075873082684,0.4125255605065694,0.2709477756933499,0.2912608469205518,0.4125255601060006,0.5107366461907664,0.100997580175278,16.802660367822135,0.2277092191801276,0.2277092258295705,4376.213110646894,25.569876445237025,4383.916739580045,1e-06,,0.2402741747998422,0.9282679657141368,64.72673845291138,4376.213102361207,0.053746638038466,0.0537466381386082
156,val,0.5130952383790698,0.923362067767552,0.4082547355265844,0.2678311545224416,0.3418209027676355,0.4082547383649008,0.5054639052777063,0.1946534173829215,40.97460210890997,0.2282265289908363,0.2282265360866274,4080.077369326637,61.42658724103655,4103.849795809659,1e-06,61.42658724103655,0.2459980100393295,0.929660025097075,7.737941026687622,4080.077450706845,0.0563659985505399,0.0563659983731451
157,train,0.5013104839030132,0.92993599689135,0.4128148210465267,0.2701835976813429,0.2902413969559054,0.4128148228891434,0.5133799524396978,0.1015916615524279,17.556705713272095,0.2276132667577395,0.2276132698020627,4572.295502611386,26.5154928545798,4577.7548349297,1e-06,,0.2411933491627375,0.9281590039371164,63.70551133155823,4572.295180289976,0.0540925438605969,0.054092543680341
157,val,0.5130952383790698,0.92925778173265,0.4068543740681239,0.2654479451122738,0.3406827513660703,0.4068543769064404,0.5055602129016604,0.1903115436434745,41.27496782938639,0.2348262234812691,0.2348262277387437,4089.983479817709,61.60325386410668,4112.801442649148,1e-06,61.60325386410668,0.2491754392782847,0.928469907669794,7.834861755371094,4089.983439127604,0.056470514940364,0.056470514940364
158,train,0.501747311763866,0.9266607277495886,0.4123097084542756,0.2714417962137089,0.2930316250490886,0.4123097087747307,0.5139726332278662,0.1038666450448574,17.62909809748332,0.2267002443312316,0.2267002492982854,4413.385881075295,26.45902248095441,4421.785452136929,1e-06,,0.2412874520786347,0.9281982734639156,63.61428642272949,4413.385539352253,0.0543493903492407,0.054349390048814
158,val,0.5130952383790698,0.9285373347146172,0.4071529606978099,0.2656360878830864,0.3410271250066303,0.4071529592786516,0.5061234328008833,0.1911938353663399,40.94477435520717,0.2355413096291678,0.2355413145962215,4054.172374906994,61.30892889840262,4075.476398259944,1e-06,61.30892889840262,0.249104619026184,0.9285408286821276,7.618233680725098,4054.1722877139136,0.0553309000318958,0.055330899854501
159,train,0.5019153225165541,0.924597363798849,0.4119146024828316,0.2713642132378394,0.2930887935142363,0.4119146027231729,0.5084266978245909,0.1022583538646339,16.922758507472214,0.2268389452208754,0.2268389497072466,4317.376213524931,25.34775455280017,4320.494115039556,1e-06,,0.241295464016417,0.9279195409949108,64.62441110610962,4317.376208602741,0.0540261488928589,0.0540261488327736
159,val,0.5130952383790698,0.9149805506070456,0.4067285770461673,0.2707705554508027,0.3534038152013506,0.4067285784653255,0.4971136365618024,0.192447746793429,41.19648306710379,0.2257237994954699,0.2257238023337863,4100.688430059524,61.65028835478283,4124.457512133049,1e-06,61.65028835478283,0.2477583118847438,0.929172260420663,7.561997652053833,4100.688470749628,0.0566172663654599,0.0566172658332756
160,train,0.5012432795859152,0.9259483827057704,0.4123395135806453,0.2716979821042348,0.2936242443098816,0.4123395122187112,0.510521823680529,0.1012657881784503,16.939876182104953,0.2269449709083444,0.2269449747538053,4392.052115327569,25.484835209385043,4399.480322224524,1e-06,,0.2412005501088275,0.9280760884284972,64.04415559768677,4392.051775245256,0.0541256774136776,0.0541256775739052
160,val,0.5130952383790698,0.928856455144428,0.4087663307076409,0.2654676132258914,0.3353277927353268,0.4087663349651155,0.5102998585928054,0.190003912008944,40.75040971665155,0.2257713143314634,0.2257713207176753,4091.484473818824,61.47946493966239,4114.094276751894,1e-06,61.47946493966239,0.2449959736494791,0.930253920100984,7.588306903839111,4091.48446219308,0.0565661280637695,0.0565661278863747
161,train,0.5007728495264566,0.9286862382645248,0.4123406668183624,0.2710083535602016,0.2941149305752528,0.4123406681802965,0.5121827917073363,0.1017113947660051,16.75718464389924,0.2264991622137767,0.2264991682223094,4470.910111581125,25.238057654391053,4477.55683445786,1e-06,,0.2411285136495867,0.928082476700506,63.58379888534546,4470.910445100518,0.0540524878368903,0.0540524879971178
161,val,0.5130952383790698,0.9279834003675552,0.4065896684215182,0.2638735061600095,0.3374743383555185,0.4065896684215182,0.5074487250475657,0.1919341278927666,41.09669994172596,0.2334095218351909,0.2334095268022446,4053.8736339750735,61.42891021001907,4077.728148674242,1e-06,61.42891021001907,0.2467045251812253,0.9292632625216528,7.73415470123291,4053.8736397879466,0.0553916470990294,0.0553916462120555
162,train,0.5008400537634409,0.9258275193873272,0.4122020052645796,0.271330827025957,0.2936464992742384,0.4122020075878789,0.5097527256415736,0.1003729657780739,16.73820705567637,0.2260196990063113,0.2260197049347303,4343.744879568777,25.32871824182489,4350.755634140888,1e-06,,0.2409434477968882,0.9280764640018504,64.41208863258362,4343.744875713061,0.0538849264022804,0.0538849262220244
162,val,0.5130952383790698,0.936281851359776,0.4086969807034447,0.2620287062156768,0.3285432954629262,0.4086969835417611,0.5154843415532794,0.1900248091135706,40.99686368306478,0.2330715705951055,0.2330715727238428,4109.387631370908,61.65302658081055,4128.184050958806,1e-06,61.65302658081055,0.2469031711419423,0.9291115658623832,7.7939417362213135,4109.38772437686,0.0542340619223458,0.0542340606805824
163,train,0.5018481182795699,0.9247867235893844,0.4118674642616702,0.2715763756504623,0.2945161182233082,0.4118674640213289,0.5060969591941885,0.0995679127993763,16.66024107317771,0.2260738062441989,0.2260738130538694,4348.55535158547,24.99506731443508,4356.88695273865,1e-06,,0.2413214356988988,0.9279293183998396,63.88432598114014,4348.55569056029,0.0540906185063944,0.0540906185264228
163,val,0.5130952383790698,0.9238276964142208,0.4092186419736771,0.2670760367597852,0.3388013044993083,0.4092186405545189,0.5091242747647422,0.1930973529815673,41.30618822006952,0.2229843444767452,0.222984350153378,4178.243257068452,62.13823500133696,4200.31230320786,1e-06,62.13823500133696,0.2458873738845189,0.9292523179735456,7.783344268798828,4178.243169875372,0.0560538657009601,0.0560538641044071
164,train,0.5022513440219305,0.9214830645309982,0.411106307900721,0.2725394387398996,0.300518852488328,0.4111063052569666,0.5058912361661593,0.0997333739113102,16.86787623231129,0.2254598432330675,0.2254598488410314,4266.858495814826,25.18009628531753,4275.123826193248,1e-06,,0.2415076571927275,0.927938271914759,63.98696303367615,4266.858493661368,0.0544864845972868,0.0544864846373437
164,val,0.5130952383790698,0.9143427184649876,0.408526504323596,0.2724266797304153,0.3504161267053513,0.4085265071619124,0.499021691935403,0.1930171797672907,41.19718914940243,0.2202064522675105,0.2202064565249852,4081.104416620164,61.50608880179269,4100.230524976326,1e-06,61.50608880179269,0.24705442573343,0.9290911356608073,7.591735601425171,4081.10440499442,0.0583882276855763,0.0583882275081816
165,train,0.5011760752688172,0.9211170926529874,0.4113142737938511,0.2731261697988356,0.301222139148302,0.4113142728324859,0.5073278182616798,0.099809299273196,16.80728413981776,0.2253796738642518,0.2253796777097128,4415.284764853857,25.42385863232356,4424.14571914416,1e-06,,0.2420661885251281,0.927892146892445,64.66664934158325,4415.284426658384,0.0543370137732195,0.0543370143941012
165,val,0.5130952383790698,0.9238556084178744,0.4083000932421003,0.2676060859646116,0.3406914862848463,0.4083000861463092,0.5060154774359295,0.1906308514021691,40.92299034481957,0.2256752891199929,0.2256752976349421,4085.3968505859375,61.418135870070685,4105.840793678977,1e-06,61.418135870070685,0.2458231825204122,0.929777224858602,7.691997051239014,4085.396798270089,0.0559733494051865,0.055973349759976
166,train,0.5016801075268817,0.9229865370578664,0.411366186154786,0.2722584743813802,0.2997553544819996,0.4113661863951273,0.5086387873737401,0.1030090051873396,17.1619980360872,0.2251178521302438,0.2251178550143395,4330.541872045045,25.881992950234363,4339.212878346042,1e-06,,0.241457347427645,0.9280142774505,66.0434410572052,4330.541873152538,0.0542453156123238,0.054245315712466
166,val,0.5130952383790698,0.925665557384491,0.407832023643312,0.2666115476971581,0.3411136979148501,0.4078320208049956,0.5059743502310344,0.1897518354512396,40.89371345156715,0.2246302713950475,0.2246302770716803,4120.712966192336,61.66160774230957,4149.207186612216,1e-06,61.66160774230957,0.2464373076245898,0.929564444791703,7.701794147491455,4120.71305047898,0.0561348478354158,0.0561348476580211
167,train,0.5018145161610778,0.9224733043742436,0.4115503447190408,0.2726186931293498,0.298905965060957,0.4115503473627951,0.5055787350221347,0.1000177543610334,17.205777609220114,0.22449309370851,0.2244930988357913,4333.71198953608,25.715362651373752,4340.87575691814,1e-06,,0.2414651990577739,0.927937537752172,64.45615983009338,4333.711993966052,0.0541971895883801,0.0541971896084085
167,val,0.5130952383790698,0.9208611704054332,0.4057247539361318,0.2678885055439813,0.3503718858673459,0.4057247567744482,0.4990118720701763,0.1889883325923056,41.08754185267857,0.2292426916814985,0.2292426987772896,4123.306565057664,61.78258532569522,4146.944550485322,1e-06,61.78258532569522,0.2485326216334388,0.9289605816205344,7.658523797988892,4123.306530180432,0.0563459444258894,0.0563459440710998
168,train,0.5019489247952739,0.9210598069813944,0.4112294050314093,0.2732652330430605,0.3041057651562075,0.4112294042302716,0.5029926723049533,0.099109045360037,16.430965979894,0.2249850779771804,0.2249850798999109,4345.651485935335,24.95664898554484,4354.260221097285,1e-06,,0.2416742915908495,0.9278310681543044,65.06391620635986,4345.651488355411,0.0541322440189379,0.0541322443794499
168,val,0.5130952383790698,0.9213744827679226,0.4068366360096704,0.26771075739747,0.3461602181196213,0.4068366345905122,0.5020405025709243,0.1894515547014418,41.09888067699614,0.231368308975583,0.2313683118138994,4099.074323381697,61.66157622564407,4123.534925426136,1e-06,61.66157622564407,0.2464063018560409,0.9294927035059248,8.054295063018799,4099.074335007441,0.0556497822205225,0.0556497820431277
169,train,0.5012432795859152,0.9217398293236252,0.4114544115239574,0.2727270867395144,0.3015307766455476,0.4114544118444125,0.5065824173150524,0.0990598822633425,16.825248015824183,0.2256086647350301,0.2256086691412874,4307.673440666609,25.51804386672153,4314.141719029488,1e-06,,0.2419393560098063,0.9278806008959328,66.46226406097412,4307.6734343908165,0.0541289947846884,0.0541289950650866
169,val,0.5130952383790698,0.9195207187107632,0.4055604324454352,0.2687907055729911,0.3529296027762549,0.4055604352837517,0.4974354384910492,0.1891253555104846,41.08973094395229,0.2331543742191223,0.233154378476597,4114.219680059524,61.61963217599051,4135.789830433238,1e-06,61.61963217599051,0.2495303806804475,0.9283109364055452,8.221396207809448,4114.219656808035,0.0564056622485319,0.0564056622485319
170,train,0.5023857528163541,0.9188116546920552,0.410511271687605,0.2732089630538417,0.3069002315081576,0.4105112720881739,0.5021181304448394,0.0985455926988394,16.670181110341062,0.2249379520134259,0.224937956499797,4269.37763127973,25.30012375308621,4277.002504455361,1e-06,,0.2418322244318582,0.9277696965202208,68.0924642086029,4269.377636612103,0.0541838661076561,0.0541838660475707
170,val,0.5130952383790698,0.8981889230864388,0.4048710763454437,0.2778405362651461,0.3771177388372875,0.4048710720879691,0.4816620442129317,0.1958715521863528,41.86084175109863,0.221156018830481,0.221156018830481,4180.588931129092,62.30989310854957,4205.430476148201,1e-06,62.30989310854957,0.2503262367986497,0.9285201742535546,8.443532943725586,4180.588995070684,0.0560882536783104,0.0560882529687313
171,train,0.5019489247952739,0.9183344911503536,0.4109215691525449,0.2744252004770822,0.3086399953531962,0.4109215693928862,0.5028763076951427,0.0991527184603675,16.679525113874867,0.2241518065653821,0.2241518124938011,4274.456523997809,25.398112243221654,4282.874017405911,1e-06,,0.2417526463026641,0.9279470277088944,65.44914150238037,4274.456184920445,0.054231183743605,0.0542311838838041
171,val,0.5130952383790698,0.90840197460992,0.4066308594885326,0.2727694192102977,0.3575734013602847,0.4066308665843237,0.4938693848394212,0.1933354440899122,41.71784464518229,0.2185811712628319,0.2185811726819901,4151.262143089658,62.14632561093285,4172.740789240057,1e-06,62.14632561093285,0.2483755052089691,0.9285998514720372,7.675777912139893,4151.262137276785,0.0564550328112783,0.0564550328112783
172,train,0.5018481182795699,0.9198192008720932,0.4108847416536782,0.273460353975014,0.3052040655766764,0.4108847418139058,0.5041012672246784,0.1001939215767447,16.483748930756764,0.2243573033521252,0.2243573083191789,4373.439277895035,25.052793046479582,4382.285082745793,1e-06,,0.2417051232149524,0.9279205001169636,65.74061489105225,4373.438948313396,0.0542458542772839,0.0542458545176252
172,val,0.5130952383790698,0.9278593574251448,0.4084983070691426,0.2655550276949292,0.3382433440004076,0.4084983155840919,0.5093539477813811,0.1928259819036438,41.04481034051804,0.2307323196104594,0.2307323231583549,4152.527151925223,62.01358686174665,4177.328506747159,1e-06,62.01358686174665,0.2478632380565007,0.928697060971033,7.812575101852417,4152.52702985491,0.0535940070237432,0.0535940068463484
173,train,0.5014784946557014,0.9194820404693644,0.4107378152429417,0.273713097376849,0.3077413261096964,0.4107378145219177,0.5031256815919312,0.0978078571979397,16.970404468556886,0.2241551377760466,0.2241551427431004,4366.5439857975125,25.430798535705893,4374.387830411866,1e-06,,0.2417483270488759,0.928027993248355,64.8882782459259,4366.543986125659,0.0543303613460833,0.0543303614862824
173,val,0.5130952383790698,0.9234373455955868,0.4075901323840731,0.2667782874334426,0.3404643202111834,0.4075901281265985,0.5055242003429503,0.1898620100248427,40.698237918672106,0.2256103633415131,0.2256103668894086,4083.046822684152,61.44071506318592,4104.617888849431,1e-06,61.44071506318592,0.2462591663712547,0.9295320170266288,8.52084994316101,4083.046950567336,0.056370529922701,0.0563705320514383
174,train,0.5024865591718305,0.9167022089804372,0.409942946166441,0.2736556502760097,0.3083714766688244,0.4099429482093421,0.5007482554403043,0.100369334301,17.23315691691573,0.2243370231921954,0.2243370280791354,4386.337234456052,25.93447173539028,4393.187766972294,1e-06,,0.2417721527238046,0.9278380390136473,66.8807361125946,4386.337565063149,0.0543925380033831,0.0543925379633262
174,val,0.5130952383790698,0.9131988741102672,0.4073389385427747,0.271447092294693,0.3521598676840464,0.4073389442194076,0.497694520013673,0.1899247598789987,41.21856925601051,0.2208991093294961,0.2208991128773916,4137.740786597842,61.75380125499907,4162.534485973011,1e-06,61.75380125499907,0.2464880155665534,0.9294865727424622,7.535150527954102,4137.7407459077385,0.0567357776065667,0.0567357777839615
175,train,0.5026209678060265,0.9154695088184008,0.4099910440303946,0.2747365398913301,0.3107248463778085,0.4099910422678917,0.5041178311872226,0.0982680549664843,16.627777507228235,0.2235435633569635,0.2235435672024245,4292.804436981037,24.92532334532789,4300.787373346913,1e-06,,0.2431422701926641,0.9275115526491596,64.84751892089844,4292.804103318081,0.0548640904567575,0.0548640906970988
175,val,0.5130952383790698,0.9163624190148854,0.4070151618548802,0.269682561357816,0.3483039623215085,0.407015167531513,0.4995833912066051,0.1868028101466951,40.51773861476353,0.2213084591286523,0.2213084626765478,4022.1697300502233,61.0158573332287,4046.387900982481,1e-06,61.0158573332287,0.2473755975564321,0.9291364068076724,7.972514390945435,4022.169817243304,0.0556079275196506,0.0556079275196506
176,train,0.501982526913766,0.916158968883176,0.4102160245660812,0.2744947584566249,0.3110891928275426,0.4102160244058537,0.503229446709156,0.0984536941734052,16.752279502089305,0.2237864171144782,0.2237864216008494,4321.370032197686,25.464938215030138,4326.369222703927,1e-06,,0.2423081675203897,0.9276479242309448,66.94345903396606,4321.369363190025,0.0546393475385122,0.0546393471179149
176,val,0.5130952383790698,0.9219697713851928,0.4053269426027934,0.2672815713144484,0.3488153020540873,0.405326946860268,0.4991048418340228,0.1877673626655624,40.944429215930754,0.2322820836589449,0.2322820857876823,4063.6939406622014,61.341974530901226,4090.5002500591854,1e-06,61.341974530901226,0.2492874619506654,0.928652876899356,8.054919481277466,4063.693899972098,0.0563803882825942,0.0563803881051994
177,train,0.5021841397849462,0.9171952340872056,0.410302640169218,0.2743943069250353,0.310828838938026,0.4103026403294456,0.5029820987293797,0.0974334047165929,16.62230581878334,0.2240718676838823,0.2240718713691157,4347.302392816031,24.99134862551125,4355.465996780139,1e-06,,0.242354950677323,0.9277569110034616,63.81228160858154,4347.302727935135,0.0544777901702991,0.0544777897296733
177,val,0.5130952383790698,0.8962149733588809,0.4028791572366442,0.2770550144570214,0.3799027232896714,0.402879162913277,0.4783833523591359,0.1987734656958353,41.982056299845375,0.2233318544569469,0.2233318537473678,4150.269682384673,62.32326416742234,4177.123288056345,1e-06,62.32326416742234,0.2519599099953969,0.9276192557244074,7.811603784561157,4150.269723074777,0.0567892743718056,0.056789274017016
178,train,0.5014448925372093,0.9163857866679468,0.4102455238180776,0.2743240872057535,0.3122287685031532,0.41024552365785,0.4991035029612561,0.1007424107282072,17.05584704747764,0.223553796529129,0.223553800695045,4286.478014546056,25.91228142605033,4293.988169660472,1e-06,,0.2419988867896859,0.9278461644726416,67.20922780036926,4286.478010608304,0.0542955810144063,0.0542955808341503
178,val,0.5130952383790698,0.9102585656302316,0.405102218900408,0.2720301129988262,0.3602773305915651,0.405102218900408,0.4910927223307745,0.1900787161929266,41.500911258515856,0.2278165199926921,0.2278165306363787,4117.627865745908,61.90985961187454,4143.274199514678,1e-06,61.90985961187454,0.2482531453881944,0.9289041416985648,7.739092826843262,4117.627848307292,0.0558791582783063,0.0558791593426749
179,train,0.5015456989327426,0.927318690925516,0.4111996204942785,0.2721736626599425,0.3069401288064577,0.4111996195329133,0.5075856536546702,0.0989122824362849,17.215237294473955,0.2239217156524299,0.2239217203791423,4378.144625427903,25.54578164828721,4347.959981652462,1e-06,,0.2418422268763665,0.9280050448192064,65.79021120071411,4378.143951333979,0.0540176995138647,0.0540176993736656
179,val,0.5130952383790698,0.9369809031486512,0.4071550596328008,0.2615109227952503,0.3315010666847229,0.4071550567944844,0.5124717227050236,0.1893176351274763,41.66723551068987,0.2361557249511991,0.236155731337411,4216.42091296968,62.4515756879534,4236.950513435133,1e-06,62.4515756879534,0.2490770923239844,0.9287013496671404,7.759125471115112,4216.420959472656,0.0550578923097678,0.0550578933741365
180,train,0.5023521505376344,0.9153427276560056,0.4096298528614864,0.2742177453092349,0.3126394344113206,0.4096298521404625,0.4982277049172309,0.0983966126316978,15.897679277645643,0.2240859238050317,0.2240859294129956,4200.609187505578,24.24550047228413,4208.483995965515,1e-06,,0.2425283241656518,0.9276387745975166,65.19239640235901,4200.608853822114,0.0541978157976622,0.05419781569752
180,val,0.5130952383790698,0.9110554172879174,0.4065028372265044,0.2707456946372986,0.3519325781436193,0.4065028414839789,0.4968576289358593,0.1905851126426742,40.94897070385161,0.2201446436700366,0.2201446465083531,4075.443888346354,61.41923450288319,4104.170839251894,1e-06,61.41923450288319,0.2468028905845823,0.9293569383167084,7.556084871292114,4075.443899972098,0.0566110375026861,0.0566110369705018
180,val_periodic_epoch_180,0.5130952383790698,0.9110554172879174,0.4065028372265044,0.2707456946372986,0.3519325781436193,0.4065028414839789,0.4968576289358593,0.1905851126426742,40.94897070385161,0.2201446436700366,0.2201446465083531,4075.443888346354,61.41923450288319,4104.170839251894,1e-06,,0.2468028905845823,0.9293569383167084,7.689473390579224,4075.443899972098,0.0566110375026861,0.0566110369705018
181,train,0.5018481182795699,0.9168396489594572,0.4100680416149477,0.2739398658115377,0.3101598089260439,0.4100680416950615,0.5012440728724644,0.0965947394048975,16.162793274848692,0.2241326357408236,0.2241326388652606,4206.414111291208,24.44737923273476,4213.918403353194,1e-06,,0.2422122060451456,0.9278493199938088,63.50285840034485,4206.414448850898,0.0540573722332395,0.0540573720529835
181,val,0.5130952383790698,0.9279759299187432,0.409266608101981,0.2659550266606467,0.3333297158990587,0.4092666151977721,0.5108514279127121,0.1901552460732914,41.067807061331614,0.2214720029206503,0.2214720064685458,4174.863292875744,62.07530012584868,4193.606239642519,1e-06,62.07530012584868,0.2456700063887096,0.9297158632959638,8.108675241470337,4174.8634033203125,0.0572634231121767,0.0572634231121767
182,train,0.502755376279995,0.916722765532873,0.4098948056419049,0.2742468407077174,0.3114032109257995,0.4098948059223031,0.5003043078086389,0.097662775446811,16.809704011486424,0.2234172545453553,0.2234172591118402,4349.837945917601,25.198697746440928,4358.532615266023,1e-06,,0.2424112657705942,0.9278629874029468,65.51556491851807,4349.83761473625,0.0543978361072399,0.0543978362874959
182,val,0.5130952383790698,0.9071851883615766,0.4067596793174743,0.2738185574611028,0.3575168450673421,0.4067596807366326,0.4929449707269668,0.1896639288890929,41.05616769336519,0.2187437024854478,0.2187437046141851,4032.123930431548,61.13676071166992,4052.423299893466,1e-06,61.13676071166992,0.2478215417691639,0.9287835444722856,7.532597780227661,4032.123959495908,0.0570758189119043,0.0570758197988782
183,train,0.5014112903386034,0.914724230926524,0.4100020623175047,0.2749267106735578,0.3152192802999609,0.410002061516367,0.5011102132178763,0.0976813705537908,16.440874168949744,0.223174795027702,0.2231747984725942,4247.073231563773,24.68940313400761,4255.302451167765,1e-06,,0.2426607932454796,0.9277565966370284,65.16623091697693,4247.073237142256,0.0544244721531868,0.0544244718727886
183,val,0.5130952383790698,0.8823561781928653,0.4018754206952594,0.2823248604933421,0.3967446755795252,0.4018754192761012,0.4683408978439513,0.1954725100880577,42.159823826381135,0.2138423288152331,0.2138423373301824,4168.017008463542,62.38600086030506,4191.729385653409,1e-06,62.38600086030506,0.251339913833709,0.9280821766172136,7.721357107162476,4168.017054966518,0.0584461882355667,0.0584461878807771
184,train,0.5010416666746781,0.9153766660921036,0.4101658073324029,0.2749167720797241,0.3152035573317158,0.410165805890355,0.4992422944595737,0.0979392442611917,16.83615554532697,0.2219533027820689,0.2219533066275299,4289.448473489413,25.49255847930908,4297.827975268637,1e-06,,0.2426392580232312,0.9277496982005334,64.69437265396118,4289.448471930719,0.0545529032386438,0.0545529033988714
184,val,0.5130952383790698,0.9094157871745882,0.4051874052910578,0.2719110364005679,0.3607757417928605,0.4051874081293742,0.491634597380956,0.1896731470312391,40.96422903878348,0.2226498765604836,0.222649885785012,4172.627133324033,62.03445888700939,4195.161252663353,1e-06,62.03445888700939,0.2490730292740322,0.9287639515740532,7.840187311172485,4172.627162388393,0.055886430754548,0.0558864305771532
185,train,0.5025201612903226,0.9133912214348392,0.4090446756091169,0.2741451591093053,0.3139535951358015,0.4090446749682067,0.4989826959227362,0.09914491233486,16.880193259126397,0.2219870217064375,0.2219870266734913,4291.213187104912,25.527917374846755,4299.278571522517,1e-06,,0.2426016974833703,0.92774913900642,67.06969165802002,4291.213188068841,0.0544333577516578,0.0544333578317716
185,val,0.5130952383790698,0.9058995729400998,0.4055659685816083,0.2746924169006802,0.3656981445494152,0.4055659742582412,0.4884469459454219,0.1882119004925092,40.60936010451544,0.2167247540894009,0.2167247569277173,4105.775931222098,61.55048833574568,4127.583425071023,1e-06,61.55048833574568,0.2476480972199213,0.9295454309100196,7.566593647003174,4105.775881812686,0.0584021120199135,0.0584021127294926
186,train,0.5026881720430108,0.9136409091372644,0.4093493628565983,0.2746546729117311,0.3153348252657921,0.4093493604531852,0.4993843815980419,0.0961436611670319,16.65204527301173,0.2217258198126669,0.2217258253405171,4286.0761684089575,25.09425408096724,4294.366473511976,1e-06,,0.242975845051709,0.9277276915888631,64.00092458724976,4286.076167998775,0.0544393242246681,0.0544393240644406
186,val,0.5130952383790698,0.919097520056225,0.4056072887920198,0.2682913293441136,0.3516106208165486,0.4056072887920198,0.4982189479328337,0.1893299576782044,40.79035341171991,0.2297387612717492,0.2297387648196447,4121.660940987723,61.68354761032831,4142.539541903409,1e-06,61.68354761032831,0.2491664531685057,0.9286448444638934,7.743866443634033,4121.660940987723,0.0553777554915064,0.055377755846296
187,train,0.5023185484191423,0.9130912870168686,0.409324267138076,0.2752222838581249,0.3173692049358481,0.4093242686602377,0.4989482552534149,0.0976717008818541,16.857168766760058,0.2214500802338764,0.2214500853611577,4227.916846367621,25.242107278557235,4235.514884193498,1e-06,,0.2429083948654513,0.9277442023959211,64.44972634315491,4227.917184891239,0.0545587804248576,0.0545587804649145
187,val,0.5130952383790698,0.914960639817374,0.4072980823970976,0.2711149283817836,0.3510060707728068,0.4072980838162558,0.4980335902600061,0.189353346824646,40.7786686306908,0.2196134825547536,0.2196134875218073,4144.454258510044,61.762352716355096,4164.457486979167,1e-06,61.762352716355096,0.2483148255518504,0.9286367155256724,7.75470232963562,4144.454316638765,0.05583414559563,0.0558341464826038
188,train,0.5025537635690422,0.9154033354854072,0.4094158184304032,0.2739294830669639,0.3125401317913045,0.4094158193917684,0.4996327559954376,0.0974535175188574,16.548682671721263,0.2219432347243832,0.2219432388902992,4267.465053619877,24.90435634120818,4275.297322241787,1e-06,,0.2427334861569507,0.9276532694216696,67.70623207092285,4267.46572326332,0.0540146601376354,0.0540146599774078
188,val,0.5130952383790698,0.9081333222843352,0.4059610522928692,0.2731233955848784,0.3596460797957012,0.4059610565503438,0.4918812421106157,0.1911985306512741,41.24976793924967,0.2200976815961656,0.2200976894015357,4089.211896623884,61.6214839390346,4111.310814689868,1e-06,61.6214839390346,0.2490915826388768,0.9284656388419016,8.482996702194214,4089.2119140625,0.0563401599370297,0.0563401594048454
189,train,0.502755376279995,0.9135972224576498,0.4088116634276605,0.2738997804862196,0.3153363211501029,0.408811664308912,0.4959125370588353,0.0979106224752882,16.595515938215357,0.2227980839789554,0.2227980864624823,4267.7233311642885,25.4286847114563,4276.0148592451205,1e-06,,0.2424322047861673,0.9277823096321476,65.27087187767029,4267.723331000216,0.0540452630369253,0.0540452634374941
189,val,0.5130952383790698,0.9060497198786054,0.406914268221174,0.2746720406271162,0.358426075606119,0.4069142696403321,0.4917603802113306,0.1909993503774915,40.987962904430574,0.2161589172624406,0.2161589208103361,4040.366449265253,61.24188504900251,4052.339766808712,1e-06,61.24188504900251,0.2504866676671164,0.9277600475719996,7.587321519851685,4040.366350446429,0.0570681116410664,0.0570681119958559
190,train,0.5024529570533384,0.915097735421632,0.409549121574689,0.2744223491478992,0.3153963007273213,0.4095491246190122,0.4994769875080355,0.0997867408178506,16.32638990750877,0.2220957070108383,0.2220957111767543,4437.857999863163,24.33199232880787,4446.3928872875895,1e-06,,0.2431183192197994,0.9276635438524268,65.71360945701599,4437.858002857495,0.0543224234935096,0.0543224237538794
190,val,0.5130952383790698,0.9222492036365328,0.4069129228591919,0.2666921047937302,0.3411825029622941,0.4069129086676098,0.5039759285393215,0.1874419220146678,40.463893708728605,0.2228466520706812,0.2228466534898394,4118.579944428943,61.56259972708566,4133.199168442235,1e-06,61.56259972708566,0.2478398113023667,0.9286102652549744,8.376362562179565,4118.580040341332,0.0554777156739007,0.0554777146095321
191,train,0.5024865591718305,0.9129951524157678,0.4091799807163976,0.2753408617710554,0.3187323251078205,0.4091799783930984,0.4986315655612176,0.0961067494886216,16.619800203589982,0.2220417531908199,0.2220417554340054,4151.956466756841,25.18026976944298,4159.899479762633,1e-06,,0.2430995980738311,0.9275148667955913,65.64752197265625,4151.95713461599,0.0545849403947271,0.0545849400943004
191,val,0.5130952383790698,0.913363150187901,0.4057234965619586,0.2708057555414381,0.3570156381243751,0.4057234979811169,0.4946552309251967,0.1888790283174742,41.06786591666086,0.2230603269168309,0.2230603354317801,4194.318394252232,62.29154277983166,4217.993508818656,1e-06,62.29154277983166,0.2483428241241546,0.9294302974428448,7.587368249893188,4194.318347749256,0.0559725580470902,0.0559725587566693
192,train,0.5023185484191423,0.9150899307381722,0.4095851631574733,0.2745501892541044,0.3146963223654737,0.4095851633978146,0.5003962476727783,0.0985509245906786,16.420010710275303,0.2219414870424937,0.22194149249023,4153.756842705511,24.65963775880876,4161.983575326425,1e-06,,0.2432988249967175,0.9275335038221012,64.71478819847107,4153.756506581461,0.0545606433103481,0.0545606430700068
192,val,0.5130952383790698,0.9134791096051534,0.404824055376507,0.2701432719117119,0.356161281466484,0.4048240539573488,0.493702029188474,0.1920912847632453,41.1630483354841,0.2288241620574678,0.2288241670245216,4105.178623744419,61.81326039632162,4127.865451882102,1e-06,61.81326039632162,0.2502407303878239,0.9280546279180616,7.715660572052002,4105.178687686012,0.0555340108417329,0.0555340104869433
193,train,0.5023857528163541,0.9103279447042814,0.4086992795909605,0.2760008659253838,0.3222212524664017,0.4086992791102778,0.4978768451800269,0.0922307652491395,16.399501580064015,0.2223613891069607,0.2223613931927629,4194.750670812463,24.585147442356234,4201.469362242214,1e-06,,0.2434690955986258,0.9273798279864812,65.40370106697083,4194.75067626789,0.0548192198157951,0.0548192199559942
193,val,0.5130952383790698,0.9098672724905468,0.4053735023453122,0.2738275904031026,0.3641471919559297,0.4053735051836286,0.4891943236192067,0.1886377331046831,41.42415727887835,0.2277466087114243,0.2277466122593198,4140.896815708706,61.87181981404623,4166.528415009469,1e-06,61.87181981404623,0.2504775744108927,0.9284177081925528,7.828101873397827,4140.896856398809,0.056788509445531,0.0567885096229258
194,train,0.5022513440219305,0.9136306287780884,0.4091623639387469,0.2750703498560895,0.3166612637459591,0.4091623655410223,0.4973550015880215,0.0962991590902049,16.479837976476198,0.2224778931948446,0.2224778960789403,4339.289300077705,24.80938664559395,4348.217064800327,1e-06,,0.2434726853364257,0.9275760535270936,64.82194137573242,4339.28896616864,0.0546447956954599,0.0546447952948911
194,val,0.5130952383790698,0.9229271553811572,0.4084451581750597,0.2675000627835591,0.3377384798867361,0.4084451610133761,0.5067708705152784,0.1876447019832474,40.45875376746768,0.2201941112677256,0.2201941162347793,4083.952802385603,61.35499754406157,4099.278892933238,1e-06,61.35499754406157,0.2473575685705457,0.9288167783192226,7.521958589553833,4083.952805292039,0.0566840842366218,0.0566840829948584
195,train,0.5017137096854307,0.9152350741368468,0.4099613456956802,0.2750310015774542,0.3164251260058854,0.4099613457757939,0.5017313000655943,0.0991220012186996,16.579035348789667,0.2223155001799265,0.2223155037049324,4193.8918590750745,25.20155923597274,4201.32767432627,1e-06,,0.2438772368014499,0.9273845274602214,64.38186120986938,4193.89186551494,0.0547357519627899,0.0547357517024201
195,val,0.5130952383790698,0.9165341485114324,0.4056449404784611,0.2683230539162953,0.3490130887145087,0.4056449447359357,0.4985222979670479,0.1881265363522938,40.970067160470144,0.2215131648949214,0.2215131734098707,4162.0133376348585,61.95530682518368,4192.868224727747,1e-06,61.95530682518368,0.2474298846153985,0.9292058320272536,7.470906257629394,4162.013276599702,0.0565213169015589,0.0565213169015589
196,train,0.5025537635690422,0.9148625614502096,0.4094352025178171,0.2744439541492411,0.3140006715892464,0.4094352029984997,0.498885235158346,0.0979265496735611,16.723410114165276,0.2218103677995743,0.2218103730870831,4238.95136597336,25.132137303711264,4246.747284880873,1e-06,,0.2437717007693424,0.9274355987066863,59.85944271087647,4238.951697687949,0.0546199523953981,0.0546199527959669
196,val,0.5130952383790698,0.9029579701877776,0.4056006244250706,0.2747648372536614,0.3637571029719852,0.4056006187484378,0.4884647521234694,0.1911742282765252,41.42202340988886,0.2167140323491323,0.2167140394449234,4125.598720005581,61.86250886462984,4147.52812795928,1e-06,61.86250886462984,0.2495398301453817,0.9279476574489048,7.731013774871826,4125.5987548828125,0.0569860355130263,0.0569860364000002
197,train,0.502755376279995,0.9107448854433592,0.4085444038914096,0.2753317264779921,0.319800838427518,0.4085444054135712,0.4944667853415012,0.0979908194833545,16.304931417588264,0.221910276960942,0.2219102815274269,4322.506000764908,24.492639972317605,4331.292519740866,1e-06,,0.2433316299831995,0.9276029743174072,60.52319288253784,4322.506002446657,0.0546387470257218,0.0546387467853805
197,val,0.5130952383790698,0.9142073421251208,0.4063249045894259,0.2706185707024165,0.3517196242298399,0.4063249017511095,0.4966931435323897,0.188976876437664,40.63028780619303,0.2222518807365781,0.2222518842844736,4140.290998186384,61.73113178071522,4157.984616181345,1e-06,61.73113178071522,0.249180453873816,0.9284568570909046,7.26086163520813,4140.2910388764885,0.0565849006885574,0.056584901752926
198,train,0.5014448925372093,0.9123655173086352,0.4091629039055557,0.2753590069791322,0.3195931955531079,0.4091629035049869,0.4957245482151867,0.0965871153980173,16.248128944827663,0.2216201623280843,0.2216201673752518,4236.260845471454,24.69340064961424,4244.351936458498,1e-06,,0.2431398006055944,0.9275359735693984,59.9761655330658,4236.260505019977,0.0542969349170884,0.0542969350172306
198,val,0.5130952383790698,0.9079064953894842,0.4049267910775684,0.2728885057426634,0.362207341052237,0.4049267939158848,0.4894586042279288,0.1886101464430491,40.98694982982817,0.2195598972695214,0.2195598965599423,4127.184776669457,61.5998338063558,4153.091827947444,1e-06,61.5998338063558,0.2486203625088646,0.928925891717275,7.343303918838501,4127.184776669457,0.0572602805637178,0.0572602800315334
199,train,0.5019153225966679,0.9146646312488024,0.4097136944051712,0.2748901606887899,0.3148742802841689,0.4097136931233509,0.501285680279296,0.0999998644354843,16.72001567707267,0.2211756618112646,0.2211756676595698,4341.81050749748,25.18165599658925,4348.926608451047,1e-06,,0.243742124608127,0.9273382092034944,60.41614294052124,4341.8105088921,0.0545654652379853,0.0545654650777578
199,val,0.5130952383790698,0.9053584365617662,0.4021459023157755,0.2737365258591516,0.3746634253433772,0.4021458994774591,0.4818550965615681,0.1877325911607061,40.79659234909784,0.2257250604175386,0.2257250689324878,4092.478033156622,61.50327301025391,4120.415906131629,1e-06,61.50327301025391,0.2519908228090831,0.9281273115248908,7.358818531036377,4092.4779052734375,0.0586400007208188,0.0586400007208188
200,train,0.5025537635690422,0.90997728913702,0.4084384639657313,0.2758180368491398,0.3230807045775075,0.408438463004366,0.494407797853152,0.0983780641709604,16.518811459182412,0.2206169745774679,0.2206169813070246,4271.136133911789,24.944204120225805,4279.1154568142365,1e-06,,0.2440054147474227,0.9272204583050102,60.059494733810425,4271.136134034844,0.0547011781644116,0.0547011781243547
200,val,0.5130952383790698,0.9119973182678223,0.4051157676038288,0.2712478800898507,0.35824297297568547,0.4051157704421452,0.4926176716883977,0.18632762737217404,40.770787738618395,0.22136061319283076,0.22136061603114718,4104.889846075149,61.60590598696754,4129.151087535512,1e-06,61.60590598696754,0.24932709478196644,0.9285402241207305,7.180236339569092,4104.8898518880205,0.05662134431657337,0.05662134449396815
